retrieved_at_utc,program,subject_code,subject,grade,scale_code,scale,jurisdiction_code,jurisdiction,ses_variable_code,ses_variable,ses_level_code,ses_level,statistic_code,statistic_family,statistic,unit,percentile,achievement_level,baseline_year,followup_year,baseline_estimate,followup_estimate,change_followup_minus_baseline,official_significance,api_significance_focal_vs_target,is_comparison_displayable,baseline_error_flag,baseline_error_labels,followup_error_flag,followup_error_labels,data_keys,source_url
2026-09-19T02:11:11.189Z,NDE,MAT,Mathematics,8,MRPCM,Composite mathematics scale (0-500),CA,California,TOTAL,All students,1,All students,MN:MN,location,Average scale score,scale score,,,2019,2022,275.608909198641,269.80832014388,-5.800589054761019,follow-up lower,HIGHER,1,0,,0,,SUBJ=MAT|COHORT=2|DEPVAR=MRPCM|SAMPLES=R3|YEAR=2019|JURISDICTIONS=CA|TOTAL=1|STAT=MN:MN || SUBJ=MAT|COHORT=2|DEPVAR=MRPCM|SAMPLES=R3|YEAR=2022|JURISDICTIONS=CA|TOTAL=1|STAT=MN:MN,https://www.nationsreportcard.gov/DataService/GetAdhocData.aspx?type=sigacrossyear&subject=mathematics&grade=8&subscale=MRPCM&variable=TOTAL&jurisdiction=CA&stattype=MN%3AMN&Year=2019%2C2022%2C2024&ShowDetails=true&QCData=true&RevealDataKeys=true
2026-09-19T02:11:11.189Z,NDE,MAT,Mathematics,8,MRPCM,Composite mathematics scale (0-500),CA,California,TOTAL,All students,1,All students,PC:P1,percentile,10th percentile scale score,scale score,10.0,,2019,2022,223.201501464844,218.207998657227,-4.993502807617006,no statistically significant difference,EQUAL,1,0,,0,,SUBJ=MAT|COHORT=2|DEPVAR=MRPCM|SAMPLES=R3|YEAR=2019|JURISDICTIONS=CA|TOTAL=1|STAT=PC:P1 || SUBJ=MAT|COHORT=2|DEPVAR=MRPCM|SAMPLES=R3|YEAR=2022|JURISDICTIONS=CA|TOTAL=1|STAT=PC:P1,https://www.nationsreportcard.gov/DataService/GetAdhocData.aspx?type=sigacrossyear&subject=mathematics&grade=8&subscale=MRPCM&variable=TOTAL&jurisdiction=CA&stattype=PC%3AP1&Year=2019%2C2022%2C2024&ShowDetails=true&QCData=true&RevealDataKeys=true
2026-09-19T02:11:11.189Z,NDE,MAT,Mathematics,8,MRPCM,Composite mathematics scale (0-500),CA,California,TOTAL,All students,1,All students,PC:P2,percentile,25th percentile scale score,scale score,25.0,,2019,2022,245.934999084473,240.744499206543,-5.1904998779299945,follow-up lower,HIGHER,1,0,,0,,SUBJ=MAT|COHORT=2|DEPVAR=MRPCM|SAMPLES=R3|YEAR=2019|JURISDICTIONS=CA|TOTAL=1|STAT=PC:P2 || SUBJ=MAT|COHORT=2|DEPVAR=MRPCM|SAMPLES=R3|YEAR=2022|JURISDICTIONS=CA|TOTAL=1|STAT=PC:P2,https://www.nationsreportcard.gov/DataService/GetAdhocData.aspx?type=sigacrossyear&subject=mathematics&grade=8&subscale=MRPCM&variable=TOTAL&jurisdiction=CA&stattype=PC%3AP2&Year=2019%2C2022%2C2024&ShowDetails=true&QCData=true&RevealDataKeys=true
2026-09-19T02:11:11.189Z,NDE,MAT,Mathematics,8,MRPCM,Composite mathematics scale (0-500),CA,California,TOTAL,All students,1,All students,PC:P5,percentile,50th percentile scale score,scale score,50.0,,2019,2022,273.600997924805,268.09049987793,-5.510498046875,follow-up lower,HIGHER,1,0,,0,,SUBJ=MAT|COHORT=2|DEPVAR=MRPCM|SAMPLES=R3|YEAR=2019|JURISDICTIONS=CA|TOTAL=1|STAT=PC:P5 || SUBJ=MAT|COHORT=2|DEPVAR=MRPCM|SAMPLES=R3|YEAR=2022|JURISDICTIONS=CA|TOTAL=1|STAT=PC:P5,https://www.nationsreportcard.gov/DataService/GetAdhocData.aspx?type=sigacrossyear&subject=mathematics&grade=8&subscale=MRPCM&variable=TOTAL&jurisdiction=CA&stattype=PC%3AP5&Year=2019%2C2022%2C2024&ShowDetails=true&QCData=true&RevealDataKeys=true
2026-09-19T02:11:11.189Z,NDE,MAT,Mathematics,8,MRPCM,Composite mathematics scale (0-500),CA,California,TOTAL,All students,1,All students,PC:P7,percentile,75th percentile scale score,scale score,75.0,,2019,2022,304.011500549317,296.102500915527,-7.9089996337900175,follow-up lower,HIGHER,1,0,,0,,SUBJ=MAT|COHORT=2|DEPVAR=MRPCM|SAMPLES=R3|YEAR=2019|JURISDICTIONS=CA|TOTAL=1|STAT=PC:P7 || SUBJ=MAT|COHORT=2|DEPVAR=MRPCM|SAMPLES=R3|YEAR=2022|JURISDICTIONS=CA|TOTAL=1|STAT=PC:P7,https://www.nationsreportcard.gov/DataService/GetAdhocData.aspx?type=sigacrossyear&subject=mathematics&grade=8&subscale=MRPCM&variable=TOTAL&jurisdiction=CA&stattype=PC%3AP7&Year=2019%2C2022%2C2024&ShowDetails=true&QCData=true&RevealDataKeys=true
2026-09-19T02:11:11.189Z,NDE,MAT,Mathematics,8,MRPCM,Composite mathematics scale (0-500),CA,California,TOTAL,All students,1,All students,PC:P9,percentile,90th percentile scale score,scale score,90.0,,2019,2022,331.918504333496,325.328001403809,-6.590502929686977,no statistically significant difference,EQUAL,1,0,,0,,SUBJ=MAT|COHORT=2|DEPVAR=MRPCM|SAMPLES=R3|YEAR=2019|JURISDICTIONS=CA|TOTAL=1|STAT=PC:P9 || SUBJ=MAT|COHORT=2|DEPVAR=MRPCM|SAMPLES=R3|YEAR=2022|JURISDICTIONS=CA|TOTAL=1|STAT=PC:P9,https://www.nationsreportcard.gov/DataService/GetAdhocData.aspx?type=sigacrossyear&subject=mathematics&grade=8&subscale=MRPCM&variable=TOTAL&jurisdiction=CA&stattype=PC%3AP9&Year=2019%2C2022%2C2024&ShowDetails=true&QCData=true&RevealDataKeys=true
2026-09-19T02:11:11.189Z,NDE,MAT,Mathematics,8,MRPCM,Composite mathematics scale (0-500),CA,California,TOTAL,All students,1,All students,ALD:BA,achievement level,Percent at NAEP Basic,percent,,at NAEP Basic,2019,2022,32.4519686843517,32.5942445676779,0.1422758833261994,no statistically significant difference,EQUAL,1,0,,0,,SUBJ=MAT|COHORT=2|DEPVAR=MRPCM|SAMPLES=R3|YEAR=2019|JURISDICTIONS=CA|TOTAL=1|STAT=ALD:BA || SUBJ=MAT|COHORT=2|DEPVAR=MRPCM|SAMPLES=R3|YEAR=2022|JURISDICTIONS=CA|TOTAL=1|STAT=ALD:BA,https://www.nationsreportcard.gov/DataService/GetAdhocData.aspx?type=sigacrossyear&subject=mathematics&grade=8&subscale=MRPCM&variable=TOTAL&jurisdiction=CA&stattype=ALD%3ABA&Year=2019%2C2022%2C2024&ShowDetails=true&QCData=true&RevealDataKeys=true
2026-09-19T02:11:11.189Z,NDE,MAT,Mathematics,8,MRPCM,Composite mathematics scale (0-500),CA,California,TOTAL,All students,1,All students,ALD:PR,achievement level,Percent at NAEP Proficient,percent,,at NAEP Proficient,2019,2022,18.9550906727995,15.3284058416494,-3.6266848311501008,follow-up lower,HIGHER,1,0,,0,,SUBJ=MAT|COHORT=2|DEPVAR=MRPCM|SAMPLES=R3|YEAR=2019|JURISDICTIONS=CA|TOTAL=1|STAT=ALD:PR || SUBJ=MAT|COHORT=2|DEPVAR=MRPCM|SAMPLES=R3|YEAR=2022|JURISDICTIONS=CA|TOTAL=1|STAT=ALD:PR,https://www.nationsreportcard.gov/DataService/GetAdhocData.aspx?type=sigacrossyear&subject=mathematics&grade=8&subscale=MRPCM&variable=TOTAL&jurisdiction=CA&stattype=ALD%3APR&Year=2019%2C2022%2C2024&ShowDetails=true&QCData=true&RevealDataKeys=true
2026-09-19T02:11:11.189Z,NDE,MAT,Mathematics,8,MRPCM,Composite mathematics scale (0-500),CA,California,TOTAL,All students,1,All students,ALD:AD,achievement level,Percent at NAEP Advanced,percent,,at NAEP Advanced,2019,2022,9.55167819493889,7.6449080181665,-1.9067701767723904,no statistically significant difference,EQUAL,1,0,,0,,SUBJ=MAT|COHORT=2|DEPVAR=MRPCM|SAMPLES=R3|YEAR=2019|JURISDICTIONS=CA|TOTAL=1|STAT=ALD:AD || SUBJ=MAT|COHORT=2|DEPVAR=MRPCM|SAMPLES=R3|YEAR=2022|JURISDICTIONS=CA|TOTAL=1|STAT=ALD:AD,https://www.nationsreportcard.gov/DataService/GetAdhocData.aspx?type=sigacrossyear&subject=mathematics&grade=8&subscale=MRPCM&variable=TOTAL&jurisdiction=CA&stattype=ALD%3AAD&Year=2019%2C2022%2C2024&ShowDetails=true&QCData=true&RevealDataKeys=true
2026-09-19T02:11:11.189Z,NDE,MAT,Mathematics,8,MRPCM,Composite mathematics scale (0-500),CA,California,TOTAL,All students,1,All students,ALC:BB,achievement level,Percent below NAEP Basic,percent,,below NAEP Basic,2019,2022,39.0412624479099,44.4324415725062,5.391179124596299,follow-up higher,LOWER,1,0,,0,,SUBJ=MAT|COHORT=2|DEPVAR=MRPCM|SAMPLES=R3|YEAR=2019|JURISDICTIONS=CA|TOTAL=1|STAT=ALC:BB || SUBJ=MAT|COHORT=2|DEPVAR=MRPCM|SAMPLES=R3|YEAR=2022|JURISDICTIONS=CA|TOTAL=1|STAT=ALC:BB,https://www.nationsreportcard.gov/DataService/GetAdhocData.aspx?type=sigacrossyear&subject=mathematics&grade=8&subscale=MRPCM&variable=TOTAL&jurisdiction=CA&stattype=ALC%3ABB&Year=2019%2C2022%2C2024&ShowDetails=true&QCData=true&RevealDataKeys=true
2026-09-19T02:11:11.189Z,NDE,MAT,Mathematics,8,MRPCM,Composite mathematics scale (0-500),CA,California,TOTAL,All students,1,All students,ALC:AB,achievement level,Percent at or above NAEP Basic,percent,,at or above NAEP Basic,2019,2022,60.9587375520902,55.5675584274938,-5.391179124596398,follow-up lower,HIGHER,1,0,,0,,SUBJ=MAT|COHORT=2|DEPVAR=MRPCM|SAMPLES=R3|YEAR=2019|JURISDICTIONS=CA|TOTAL=1|STAT=ALC:AB || SUBJ=MAT|COHORT=2|DEPVAR=MRPCM|SAMPLES=R3|YEAR=2022|JURISDICTIONS=CA|TOTAL=1|STAT=ALC:AB,https://www.nationsreportcard.gov/DataService/GetAdhocData.aspx?type=sigacrossyear&subject=mathematics&grade=8&subscale=MRPCM&variable=TOTAL&jurisdiction=CA&stattype=ALC%3AAB&Year=2019%2C2022%2C2024&ShowDetails=true&QCData=true&RevealDataKeys=true
2026-09-19T02:11:11.189Z,NDE,MAT,Mathematics,8,MRPCM,Composite mathematics scale (0-500),CA,California,TOTAL,All students,1,All students,ALC:AP,achievement level,Percent at or above NAEP Proficient,percent,,at or above NAEP Proficient,2019,2022,28.5067688677384,22.9733138598159,-5.533455007922502,follow-up lower,HIGHER,1,0,,0,,SUBJ=MAT|COHORT=2|DEPVAR=MRPCM|SAMPLES=R3|YEAR=2019|JURISDICTIONS=CA|TOTAL=1|STAT=ALC:AP || SUBJ=MAT|COHORT=2|DEPVAR=MRPCM|SAMPLES=R3|YEAR=2022|JURISDICTIONS=CA|TOTAL=1|STAT=ALC:AP,https://www.nationsreportcard.gov/DataService/GetAdhocData.aspx?type=sigacrossyear&subject=mathematics&grade=8&subscale=MRPCM&variable=TOTAL&jurisdiction=CA&stattype=ALC%3AAP&Year=2019%2C2022%2C2024&ShowDetails=true&QCData=true&RevealDataKeys=true
2026-09-19T02:11:11.189Z,NDE,MAT,Mathematics,8,MRPCM,Composite mathematics scale (0-500),CA,California,TOTAL,All students,1,All students,ALC:AD,achievement level,Percent at NAEP Advanced (cumulative code),percent,,at NAEP Advanced (cumulative code),2019,2022,9.55167819493889,7.6449080181665,-1.9067701767723904,no statistically significant difference,EQUAL,1,0,,0,,SUBJ=MAT|COHORT=2|DEPVAR=MRPCM|SAMPLES=R3|YEAR=2019|JURISDICTIONS=CA|TOTAL=1|STAT=ALC:AD || SUBJ=MAT|COHORT=2|DEPVAR=MRPCM|SAMPLES=R3|YEAR=2022|JURISDICTIONS=CA|TOTAL=1|STAT=ALC:AD,https://www.nationsreportcard.gov/DataService/GetAdhocData.aspx?type=sigacrossyear&subject=mathematics&grade=8&subscale=MRPCM&variable=TOTAL&jurisdiction=CA&stattype=ALC%3AAD&Year=2019%2C2022%2C2024&ShowDetails=true&QCData=true&RevealDataKeys=true
2026-09-19T02:11:11.189Z,NDE,MAT,Mathematics,8,MRPCM,Composite mathematics scale (0-500),CA,California,ECONDIS,Economically disadvantaged status,1,Economically disadvantaged,MN:MN,location,Average scale score,scale score,,,2019,2022,262.269687625354,255.740508918023,-6.529178707330971,follow-up lower,HIGHER,1,0,,0,,SUBJ=MAT|COHORT=2|DEPVAR=MRPCM|SAMPLES=R3|YEAR=2019|JURISDICTIONS=CA|ECONDIS=1|STAT=MN:MN || SUBJ=MAT|COHORT=2|DEPVAR=MRPCM|SAMPLES=R3|YEAR=2022|JURISDICTIONS=CA|ECONDIS=1|STAT=MN:MN,https://www.nationsreportcard.gov/DataService/GetAdhocData.aspx?type=sigacrossyear&subject=mathematics&grade=8&subscale=MRPCM&variable=ECONDIS&jurisdiction=CA&stattype=MN%3AMN&Year=2019%2C2022%2C2024&ShowDetails=true&QCData=true&RevealDataKeys=true
2026-09-19T02:11:11.189Z,NDE,MAT,Mathematics,8,MRPCM,Composite mathematics scale (0-500),CA,California,ECONDIS,Economically disadvantaged status,1,Economically disadvantaged,PC:P1,percentile,10th percentile scale score,scale score,10.0,,2019,2022,215.963999176025,211.185499572754,-4.778499603271001,no statistically significant difference,EQUAL,1,0,,0,,SUBJ=MAT|COHORT=2|DEPVAR=MRPCM|SAMPLES=R3|YEAR=2019|JURISDICTIONS=CA|ECONDIS=1|STAT=PC:P1 || SUBJ=MAT|COHORT=2|DEPVAR=MRPCM|SAMPLES=R3|YEAR=2022|JURISDICTIONS=CA|ECONDIS=1|STAT=PC:P1,https://www.nationsreportcard.gov/DataService/GetAdhocData.aspx?type=sigacrossyear&subject=mathematics&grade=8&subscale=MRPCM&variable=ECONDIS&jurisdiction=CA&stattype=PC%3AP1&Year=2019%2C2022%2C2024&ShowDetails=true&QCData=true&RevealDataKeys=true
2026-09-19T02:11:11.189Z,NDE,MAT,Mathematics,8,MRPCM,Composite mathematics scale (0-500),CA,California,ECONDIS,Economically disadvantaged status,1,Economically disadvantaged,PC:P2,percentile,25th percentile scale score,scale score,25.0,,2019,2022,237.169499206543,231.068001556396,-6.101497650146996,follow-up lower,HIGHER,1,0,,0,,SUBJ=MAT|COHORT=2|DEPVAR=MRPCM|SAMPLES=R3|YEAR=2019|JURISDICTIONS=CA|ECONDIS=1|STAT=PC:P2 || SUBJ=MAT|COHORT=2|DEPVAR=MRPCM|SAMPLES=R3|YEAR=2022|JURISDICTIONS=CA|ECONDIS=1|STAT=PC:P2,https://www.nationsreportcard.gov/DataService/GetAdhocData.aspx?type=sigacrossyear&subject=mathematics&grade=8&subscale=MRPCM&variable=ECONDIS&jurisdiction=CA&stattype=PC%3AP2&Year=2019%2C2022%2C2024&ShowDetails=true&QCData=true&RevealDataKeys=true
2026-09-19T02:11:11.189Z,NDE,MAT,Mathematics,8,MRPCM,Composite mathematics scale (0-500),CA,California,ECONDIS,Economically disadvantaged status,1,Economically disadvantaged,PC:P5,percentile,50th percentile scale score,scale score,50.0,,2019,2022,261.223501586914,254.402499389649,-6.821002197264988,follow-up lower,HIGHER,1,0,,0,,SUBJ=MAT|COHORT=2|DEPVAR=MRPCM|SAMPLES=R3|YEAR=2019|JURISDICTIONS=CA|ECONDIS=1|STAT=PC:P5 || SUBJ=MAT|COHORT=2|DEPVAR=MRPCM|SAMPLES=R3|YEAR=2022|JURISDICTIONS=CA|ECONDIS=1|STAT=PC:P5,https://www.nationsreportcard.gov/DataService/GetAdhocData.aspx?type=sigacrossyear&subject=mathematics&grade=8&subscale=MRPCM&variable=ECONDIS&jurisdiction=CA&stattype=PC%3AP5&Year=2019%2C2022%2C2024&ShowDetails=true&QCData=true&RevealDataKeys=true
2026-09-19T02:11:11.189Z,NDE,MAT,Mathematics,8,MRPCM,Composite mathematics scale (0-500),CA,California,ECONDIS,Economically disadvantaged status,1,Economically disadvantaged,PC:P7,percentile,75th percentile scale score,scale score,75.0,,2019,2022,286.753996276856,279.485499572754,-7.268496704102006,follow-up lower,HIGHER,1,0,,0,,SUBJ=MAT|COHORT=2|DEPVAR=MRPCM|SAMPLES=R3|YEAR=2019|JURISDICTIONS=CA|ECONDIS=1|STAT=PC:P7 || SUBJ=MAT|COHORT=2|DEPVAR=MRPCM|SAMPLES=R3|YEAR=2022|JURISDICTIONS=CA|ECONDIS=1|STAT=PC:P7,https://www.nationsreportcard.gov/DataService/GetAdhocData.aspx?type=sigacrossyear&subject=mathematics&grade=8&subscale=MRPCM&variable=ECONDIS&jurisdiction=CA&stattype=PC%3AP7&Year=2019%2C2022%2C2024&ShowDetails=true&QCData=true&RevealDataKeys=true
2026-09-19T02:11:11.189Z,NDE,MAT,Mathematics,8,MRPCM,Composite mathematics scale (0-500),CA,California,ECONDIS,Economically disadvantaged status,1,Economically disadvantaged,PC:P9,percentile,90th percentile scale score,scale score,90.0,,2019,2022,310.265000915527,301.55950012207,-8.70550079345702,follow-up lower,HIGHER,1,0,,0,,SUBJ=MAT|COHORT=2|DEPVAR=MRPCM|SAMPLES=R3|YEAR=2019|JURISDICTIONS=CA|ECONDIS=1|STAT=PC:P9 || SUBJ=MAT|COHORT=2|DEPVAR=MRPCM|SAMPLES=R3|YEAR=2022|JURISDICTIONS=CA|ECONDIS=1|STAT=PC:P9,https://www.nationsreportcard.gov/DataService/GetAdhocData.aspx?type=sigacrossyear&subject=mathematics&grade=8&subscale=MRPCM&variable=ECONDIS&jurisdiction=CA&stattype=PC%3AP9&Year=2019%2C2022%2C2024&ShowDetails=true&QCData=true&RevealDataKeys=true
2026-09-19T02:11:11.189Z,NDE,MAT,Mathematics,8,MRPCM,Composite mathematics scale (0-500),CA,California,ECONDIS,Economically disadvantaged status,1,Economically disadvantaged,ALD:BA,achievement level,Percent at NAEP Basic,percent,,at NAEP Basic,2019,2022,33.2101164217405,30.4955119742673,-2.714604447473203,no statistically significant difference,EQUAL,1,0,,0,,SUBJ=MAT|COHORT=2|DEPVAR=MRPCM|SAMPLES=R3|YEAR=2019|JURISDICTIONS=CA|ECONDIS=1|STAT=ALD:BA || SUBJ=MAT|COHORT=2|DEPVAR=MRPCM|SAMPLES=R3|YEAR=2022|JURISDICTIONS=CA|ECONDIS=1|STAT=ALD:BA,https://www.nationsreportcard.gov/DataService/GetAdhocData.aspx?type=sigacrossyear&subject=mathematics&grade=8&subscale=MRPCM&variable=ECONDIS&jurisdiction=CA&stattype=ALD%3ABA&Year=2019%2C2022%2C2024&ShowDetails=true&QCData=true&RevealDataKeys=true
2026-09-19T02:11:11.189Z,NDE,MAT,Mathematics,8,MRPCM,Composite mathematics scale (0-500),CA,California,ECONDIS,Economically disadvantaged status,1,Economically disadvantaged,ALD:PR,achievement level,Percent at NAEP Proficient,percent,,at NAEP Proficient,2019,2022,12.5763965674404,9.33914752403507,-3.2372490434053294,no statistically significant difference,EQUAL,1,0,,0,,SUBJ=MAT|COHORT=2|DEPVAR=MRPCM|SAMPLES=R3|YEAR=2019|JURISDICTIONS=CA|ECONDIS=1|STAT=ALD:PR || SUBJ=MAT|COHORT=2|DEPVAR=MRPCM|SAMPLES=R3|YEAR=2022|JURISDICTIONS=CA|ECONDIS=1|STAT=ALD:PR,https://www.nationsreportcard.gov/DataService/GetAdhocData.aspx?type=sigacrossyear&subject=mathematics&grade=8&subscale=MRPCM&variable=ECONDIS&jurisdiction=CA&stattype=ALD%3APR&Year=2019%2C2022%2C2024&ShowDetails=true&QCData=true&RevealDataKeys=true
2026-09-19T02:11:11.189Z,NDE,MAT,Mathematics,8,MRPCM,Composite mathematics scale (0-500),CA,California,ECONDIS,Economically disadvantaged status,1,Economically disadvantaged,ALD:AD,achievement level,Percent at NAEP Advanced,percent,,at NAEP Advanced,2019,2022,3.3275979020075,1.94162599848013,-1.38597190352737,no statistically significant difference,EQUAL,1,0,,0,,SUBJ=MAT|COHORT=2|DEPVAR=MRPCM|SAMPLES=R3|YEAR=2019|JURISDICTIONS=CA|ECONDIS=1|STAT=ALD:AD || SUBJ=MAT|COHORT=2|DEPVAR=MRPCM|SAMPLES=R3|YEAR=2022|JURISDICTIONS=CA|ECONDIS=1|STAT=ALD:AD,https://www.nationsreportcard.gov/DataService/GetAdhocData.aspx?type=sigacrossyear&subject=mathematics&grade=8&subscale=MRPCM&variable=ECONDIS&jurisdiction=CA&stattype=ALD%3AAD&Year=2019%2C2022%2C2024&ShowDetails=true&QCData=true&RevealDataKeys=true
2026-09-19T02:11:11.189Z,NDE,MAT,Mathematics,8,MRPCM,Composite mathematics scale (0-500),CA,California,ECONDIS,Economically disadvantaged status,1,Economically disadvantaged,ALC:BB,achievement level,Percent below NAEP Basic,percent,,below NAEP Basic,2019,2022,50.8858891088116,58.2237145032175,7.337825394405904,follow-up higher,LOWER,1,0,,0,,SUBJ=MAT|COHORT=2|DEPVAR=MRPCM|SAMPLES=R3|YEAR=2019|JURISDICTIONS=CA|ECONDIS=1|STAT=ALC:BB || SUBJ=MAT|COHORT=2|DEPVAR=MRPCM|SAMPLES=R3|YEAR=2022|JURISDICTIONS=CA|ECONDIS=1|STAT=ALC:BB,https://www.nationsreportcard.gov/DataService/GetAdhocData.aspx?type=sigacrossyear&subject=mathematics&grade=8&subscale=MRPCM&variable=ECONDIS&jurisdiction=CA&stattype=ALC%3ABB&Year=2019%2C2022%2C2024&ShowDetails=true&QCData=true&RevealDataKeys=true
2026-09-19T02:11:11.189Z,NDE,MAT,Mathematics,8,MRPCM,Composite mathematics scale (0-500),CA,California,ECONDIS,Economically disadvantaged status,1,Economically disadvantaged,ALC:AB,achievement level,Percent at or above NAEP Basic,percent,,at or above NAEP Basic,2019,2022,49.1141108911884,41.7762854967825,-7.337825394405904,follow-up lower,HIGHER,1,0,,0,,SUBJ=MAT|COHORT=2|DEPVAR=MRPCM|SAMPLES=R3|YEAR=2019|JURISDICTIONS=CA|ECONDIS=1|STAT=ALC:AB || SUBJ=MAT|COHORT=2|DEPVAR=MRPCM|SAMPLES=R3|YEAR=2022|JURISDICTIONS=CA|ECONDIS=1|STAT=ALC:AB,https://www.nationsreportcard.gov/DataService/GetAdhocData.aspx?type=sigacrossyear&subject=mathematics&grade=8&subscale=MRPCM&variable=ECONDIS&jurisdiction=CA&stattype=ALC%3AAB&Year=2019%2C2022%2C2024&ShowDetails=true&QCData=true&RevealDataKeys=true
2026-09-19T02:11:11.189Z,NDE,MAT,Mathematics,8,MRPCM,Composite mathematics scale (0-500),CA,California,ECONDIS,Economically disadvantaged status,1,Economically disadvantaged,ALC:AP,achievement level,Percent at or above NAEP Proficient,percent,,at or above NAEP Proficient,2019,2022,15.9039944694479,11.2807735225152,-4.623220946932699,follow-up lower,HIGHER,1,0,,0,,SUBJ=MAT|COHORT=2|DEPVAR=MRPCM|SAMPLES=R3|YEAR=2019|JURISDICTIONS=CA|ECONDIS=1|STAT=ALC:AP || SUBJ=MAT|COHORT=2|DEPVAR=MRPCM|SAMPLES=R3|YEAR=2022|JURISDICTIONS=CA|ECONDIS=1|STAT=ALC:AP,https://www.nationsreportcard.gov/DataService/GetAdhocData.aspx?type=sigacrossyear&subject=mathematics&grade=8&subscale=MRPCM&variable=ECONDIS&jurisdiction=CA&stattype=ALC%3AAP&Year=2019%2C2022%2C2024&ShowDetails=true&QCData=true&RevealDataKeys=true
2026-09-19T02:11:11.189Z,NDE,MAT,Mathematics,8,MRPCM,Composite mathematics scale (0-500),CA,California,ECONDIS,Economically disadvantaged status,1,Economically disadvantaged,ALC:AD,achievement level,Percent at NAEP Advanced (cumulative code),percent,,at NAEP Advanced (cumulative code),2019,2022,3.3275979020075,1.94162599848013,-1.38597190352737,no statistically significant difference,EQUAL,1,0,,0,,SUBJ=MAT|COHORT=2|DEPVAR=MRPCM|SAMPLES=R3|YEAR=2019|JURISDICTIONS=CA|ECONDIS=1|STAT=ALC:AD || SUBJ=MAT|COHORT=2|DEPVAR=MRPCM|SAMPLES=R3|YEAR=2022|JURISDICTIONS=CA|ECONDIS=1|STAT=ALC:AD,https://www.nationsreportcard.gov/DataService/GetAdhocData.aspx?type=sigacrossyear&subject=mathematics&grade=8&subscale=MRPCM&variable=ECONDIS&jurisdiction=CA&stattype=ALC%3AAD&Year=2019%2C2022%2C2024&ShowDetails=true&QCData=true&RevealDataKeys=true
2026-09-19T02:11:11.189Z,NDE,MAT,Mathematics,8,MRPCM,Composite mathematics scale (0-500),CA,California,ECONDIS,Economically disadvantaged status,2,Not economically disadvantaged,MN:MN,location,Average scale score,scale score,,,2019,2022,298.092719281967,291.532638129118,-6.560081152848966,no statistically significant difference,EQUAL,1,0,,0,,SUBJ=MAT|COHORT=2|DEPVAR=MRPCM|SAMPLES=R3|YEAR=2019|JURISDICTIONS=CA|ECONDIS=2|STAT=MN:MN || SUBJ=MAT|COHORT=2|DEPVAR=MRPCM|SAMPLES=R3|YEAR=2022|JURISDICTIONS=CA|ECONDIS=2|STAT=MN:MN,https://www.nationsreportcard.gov/DataService/GetAdhocData.aspx?type=sigacrossyear&subject=mathematics&grade=8&subscale=MRPCM&variable=ECONDIS&jurisdiction=CA&stattype=MN%3AMN&Year=2019%2C2022%2C2024&ShowDetails=true&QCData=true&RevealDataKeys=true
2026-09-19T02:11:11.189Z,NDE,MAT,Mathematics,8,MRPCM,Composite mathematics scale (0-500),CA,California,ECONDIS,Economically disadvantaged status,2,Not economically disadvantaged,PC:P1,percentile,10th percentile scale score,scale score,10.0,,2019,2022,245.080500030518,240.655499267578,-4.425000762940016,no statistically significant difference,EQUAL,1,0,,0,,SUBJ=MAT|COHORT=2|DEPVAR=MRPCM|SAMPLES=R3|YEAR=2019|JURISDICTIONS=CA|ECONDIS=2|STAT=PC:P1 || SUBJ=MAT|COHORT=2|DEPVAR=MRPCM|SAMPLES=R3|YEAR=2022|JURISDICTIONS=CA|ECONDIS=2|STAT=PC:P1,https://www.nationsreportcard.gov/DataService/GetAdhocData.aspx?type=sigacrossyear&subject=mathematics&grade=8&subscale=MRPCM&variable=ECONDIS&jurisdiction=CA&stattype=PC%3AP1&Year=2019%2C2022%2C2024&ShowDetails=true&QCData=true&RevealDataKeys=true
2026-09-19T02:11:11.189Z,NDE,MAT,Mathematics,8,MRPCM,Composite mathematics scale (0-500),CA,California,ECONDIS,Economically disadvantaged status,2,Not economically disadvantaged,PC:P2,percentile,25th percentile scale score,scale score,25.0,,2019,2022,270.297999572754,264.600999450684,-5.697000122069994,no statistically significant difference,EQUAL,1,0,,0,,SUBJ=MAT|COHORT=2|DEPVAR=MRPCM|SAMPLES=R3|YEAR=2019|JURISDICTIONS=CA|ECONDIS=2|STAT=PC:P2 || SUBJ=MAT|COHORT=2|DEPVAR=MRPCM|SAMPLES=R3|YEAR=2022|JURISDICTIONS=CA|ECONDIS=2|STAT=PC:P2,https://www.nationsreportcard.gov/DataService/GetAdhocData.aspx?type=sigacrossyear&subject=mathematics&grade=8&subscale=MRPCM&variable=ECONDIS&jurisdiction=CA&stattype=PC%3AP2&Year=2019%2C2022%2C2024&ShowDetails=true&QCData=true&RevealDataKeys=true
2026-09-19T02:11:11.189Z,NDE,MAT,Mathematics,8,MRPCM,Composite mathematics scale (0-500),CA,California,ECONDIS,Economically disadvantaged status,2,Not economically disadvantaged,PC:P5,percentile,50th percentile scale score,scale score,50.0,,2019,2022,298.793997192383,289.560997009278,-9.233000183104991,follow-up lower,HIGHER,1,0,,0,,SUBJ=MAT|COHORT=2|DEPVAR=MRPCM|SAMPLES=R3|YEAR=2019|JURISDICTIONS=CA|ECONDIS=2|STAT=PC:P5 || SUBJ=MAT|COHORT=2|DEPVAR=MRPCM|SAMPLES=R3|YEAR=2022|JURISDICTIONS=CA|ECONDIS=2|STAT=PC:P5,https://www.nationsreportcard.gov/DataService/GetAdhocData.aspx?type=sigacrossyear&subject=mathematics&grade=8&subscale=MRPCM&variable=ECONDIS&jurisdiction=CA&stattype=PC%3AP5&Year=2019%2C2022%2C2024&ShowDetails=true&QCData=true&RevealDataKeys=true
2026-09-19T02:11:11.189Z,NDE,MAT,Mathematics,8,MRPCM,Composite mathematics scale (0-500),CA,California,ECONDIS,Economically disadvantaged status,2,Not economically disadvantaged,PC:P7,percentile,75th percentile scale score,scale score,75.0,,2019,2022,326.514500427246,319.517994689942,-6.996505737304005,no statistically significant difference,EQUAL,1,0,,0,,SUBJ=MAT|COHORT=2|DEPVAR=MRPCM|SAMPLES=R3|YEAR=2019|JURISDICTIONS=CA|ECONDIS=2|STAT=PC:P7 || SUBJ=MAT|COHORT=2|DEPVAR=MRPCM|SAMPLES=R3|YEAR=2022|JURISDICTIONS=CA|ECONDIS=2|STAT=PC:P7,https://www.nationsreportcard.gov/DataService/GetAdhocData.aspx?type=sigacrossyear&subject=mathematics&grade=8&subscale=MRPCM&variable=ECONDIS&jurisdiction=CA&stattype=PC%3AP7&Year=2019%2C2022%2C2024&ShowDetails=true&QCData=true&RevealDataKeys=true
2026-09-19T02:11:11.189Z,NDE,MAT,Mathematics,8,MRPCM,Composite mathematics scale (0-500),CA,California,ECONDIS,Economically disadvantaged status,2,Not economically disadvantaged,PC:P9,percentile,90th percentile scale score,scale score,90.0,,2019,2022,348.700003051758,345.800001525879,-2.90000152587902,no statistically significant difference,EQUAL,1,0,,0,,SUBJ=MAT|COHORT=2|DEPVAR=MRPCM|SAMPLES=R3|YEAR=2019|JURISDICTIONS=CA|ECONDIS=2|STAT=PC:P9 || SUBJ=MAT|COHORT=2|DEPVAR=MRPCM|SAMPLES=R3|YEAR=2022|JURISDICTIONS=CA|ECONDIS=2|STAT=PC:P9,https://www.nationsreportcard.gov/DataService/GetAdhocData.aspx?type=sigacrossyear&subject=mathematics&grade=8&subscale=MRPCM&variable=ECONDIS&jurisdiction=CA&stattype=PC%3AP9&Year=2019%2C2022%2C2024&ShowDetails=true&QCData=true&RevealDataKeys=true
2026-09-19T02:11:11.189Z,NDE,MAT,Mathematics,8,MRPCM,Composite mathematics scale (0-500),CA,California,ECONDIS,Economically disadvantaged status,2,Not economically disadvantaged,ALD:BA,achievement level,Percent at NAEP Basic,percent,,at NAEP Basic,2019,2022,31.2852969616018,35.9253609256918,4.640063964089997,no statistically significant difference,EQUAL,1,0,,0,,SUBJ=MAT|COHORT=2|DEPVAR=MRPCM|SAMPLES=R3|YEAR=2019|JURISDICTIONS=CA|ECONDIS=2|STAT=ALD:BA || SUBJ=MAT|COHORT=2|DEPVAR=MRPCM|SAMPLES=R3|YEAR=2022|JURISDICTIONS=CA|ECONDIS=2|STAT=ALD:BA,https://www.nationsreportcard.gov/DataService/GetAdhocData.aspx?type=sigacrossyear&subject=mathematics&grade=8&subscale=MRPCM&variable=ECONDIS&jurisdiction=CA&stattype=ALD%3ABA&Year=2019%2C2022%2C2024&ShowDetails=true&QCData=true&RevealDataKeys=true
2026-09-19T02:11:11.189Z,NDE,MAT,Mathematics,8,MRPCM,Composite mathematics scale (0-500),CA,California,ECONDIS,Economically disadvantaged status,2,Not economically disadvantaged,ALD:PR,achievement level,Percent at NAEP Proficient,percent,,at NAEP Proficient,2019,2022,29.697898473981,24.525369391819,-5.172529082161997,no statistically significant difference,EQUAL,1,0,,0,,SUBJ=MAT|COHORT=2|DEPVAR=MRPCM|SAMPLES=R3|YEAR=2019|JURISDICTIONS=CA|ECONDIS=2|STAT=ALD:PR || SUBJ=MAT|COHORT=2|DEPVAR=MRPCM|SAMPLES=R3|YEAR=2022|JURISDICTIONS=CA|ECONDIS=2|STAT=ALD:PR,https://www.nationsreportcard.gov/DataService/GetAdhocData.aspx?type=sigacrossyear&subject=mathematics&grade=8&subscale=MRPCM&variable=ECONDIS&jurisdiction=CA&stattype=ALD%3APR&Year=2019%2C2022%2C2024&ShowDetails=true&QCData=true&RevealDataKeys=true
2026-09-19T02:11:11.189Z,NDE,MAT,Mathematics,8,MRPCM,Composite mathematics scale (0-500),CA,California,ECONDIS,Economically disadvantaged status,2,Not economically disadvantaged,ALD:AD,achievement level,Percent at NAEP Advanced,percent,,at NAEP Advanced,2019,2022,19.9970810359613,16.4669239451558,-3.5301570908055027,no statistically significant difference,EQUAL,1,0,,0,,SUBJ=MAT|COHORT=2|DEPVAR=MRPCM|SAMPLES=R3|YEAR=2019|JURISDICTIONS=CA|ECONDIS=2|STAT=ALD:AD || SUBJ=MAT|COHORT=2|DEPVAR=MRPCM|SAMPLES=R3|YEAR=2022|JURISDICTIONS=CA|ECONDIS=2|STAT=ALD:AD,https://www.nationsreportcard.gov/DataService/GetAdhocData.aspx?type=sigacrossyear&subject=mathematics&grade=8&subscale=MRPCM&variable=ECONDIS&jurisdiction=CA&stattype=ALD%3AAD&Year=2019%2C2022%2C2024&ShowDetails=true&QCData=true&RevealDataKeys=true
2026-09-19T02:11:11.189Z,NDE,MAT,Mathematics,8,MRPCM,Composite mathematics scale (0-500),CA,California,ECONDIS,Economically disadvantaged status,2,Not economically disadvantaged,ALC:BB,achievement level,Percent below NAEP Basic,percent,,below NAEP Basic,2019,2022,19.0197235284559,23.0823457373334,4.062622208877503,no statistically significant difference,EQUAL,1,0,,0,,SUBJ=MAT|COHORT=2|DEPVAR=MRPCM|SAMPLES=R3|YEAR=2019|JURISDICTIONS=CA|ECONDIS=2|STAT=ALC:BB || SUBJ=MAT|COHORT=2|DEPVAR=MRPCM|SAMPLES=R3|YEAR=2022|JURISDICTIONS=CA|ECONDIS=2|STAT=ALC:BB,https://www.nationsreportcard.gov/DataService/GetAdhocData.aspx?type=sigacrossyear&subject=mathematics&grade=8&subscale=MRPCM&variable=ECONDIS&jurisdiction=CA&stattype=ALC%3ABB&Year=2019%2C2022%2C2024&ShowDetails=true&QCData=true&RevealDataKeys=true
2026-09-19T02:11:11.189Z,NDE,MAT,Mathematics,8,MRPCM,Composite mathematics scale (0-500),CA,California,ECONDIS,Economically disadvantaged status,2,Not economically disadvantaged,ALC:AB,achievement level,Percent at or above NAEP Basic,percent,,at or above NAEP Basic,2019,2022,80.9802764715441,76.9176542626666,-4.0626222088775,no statistically significant difference,EQUAL,1,0,,0,,SUBJ=MAT|COHORT=2|DEPVAR=MRPCM|SAMPLES=R3|YEAR=2019|JURISDICTIONS=CA|ECONDIS=2|STAT=ALC:AB || SUBJ=MAT|COHORT=2|DEPVAR=MRPCM|SAMPLES=R3|YEAR=2022|JURISDICTIONS=CA|ECONDIS=2|STAT=ALC:AB,https://www.nationsreportcard.gov/DataService/GetAdhocData.aspx?type=sigacrossyear&subject=mathematics&grade=8&subscale=MRPCM&variable=ECONDIS&jurisdiction=CA&stattype=ALC%3AAB&Year=2019%2C2022%2C2024&ShowDetails=true&QCData=true&RevealDataKeys=true
2026-09-19T02:11:11.189Z,NDE,MAT,Mathematics,8,MRPCM,Composite mathematics scale (0-500),CA,California,ECONDIS,Economically disadvantaged status,2,Not economically disadvantaged,ALC:AP,achievement level,Percent at or above NAEP Proficient,percent,,at or above NAEP Proficient,2019,2022,49.6949795099423,40.9922933369749,-8.702686172967397,follow-up lower,HIGHER,1,0,,0,,SUBJ=MAT|COHORT=2|DEPVAR=MRPCM|SAMPLES=R3|YEAR=2019|JURISDICTIONS=CA|ECONDIS=2|STAT=ALC:AP || SUBJ=MAT|COHORT=2|DEPVAR=MRPCM|SAMPLES=R3|YEAR=2022|JURISDICTIONS=CA|ECONDIS=2|STAT=ALC:AP,https://www.nationsreportcard.gov/DataService/GetAdhocData.aspx?type=sigacrossyear&subject=mathematics&grade=8&subscale=MRPCM&variable=ECONDIS&jurisdiction=CA&stattype=ALC%3AAP&Year=2019%2C2022%2C2024&ShowDetails=true&QCData=true&RevealDataKeys=true
2026-09-19T02:11:11.189Z,NDE,MAT,Mathematics,8,MRPCM,Composite mathematics scale (0-500),CA,California,ECONDIS,Economically disadvantaged status,2,Not economically disadvantaged,ALC:AD,achievement level,Percent at NAEP Advanced (cumulative code),percent,,at NAEP Advanced (cumulative code),2019,2022,19.9970810359613,16.4669239451558,-3.5301570908055027,no statistically significant difference,EQUAL,1,0,,0,,SUBJ=MAT|COHORT=2|DEPVAR=MRPCM|SAMPLES=R3|YEAR=2019|JURISDICTIONS=CA|ECONDIS=2|STAT=ALC:AD || SUBJ=MAT|COHORT=2|DEPVAR=MRPCM|SAMPLES=R3|YEAR=2022|JURISDICTIONS=CA|ECONDIS=2|STAT=ALC:AD,https://www.nationsreportcard.gov/DataService/GetAdhocData.aspx?type=sigacrossyear&subject=mathematics&grade=8&subscale=MRPCM&variable=ECONDIS&jurisdiction=CA&stattype=ALC%3AAD&Year=2019%2C2022%2C2024&ShowDetails=true&QCData=true&RevealDataKeys=true
2026-09-19T02:11:11.189Z,NDE,MAT,Mathematics,8,MRPCM,Composite mathematics scale (0-500),CA,California,ECONDIS,Economically disadvantaged status,3,Information not available,MN:MN,location,Average scale score,scale score,,,2019,2022,,263.807207917865,,,,0,257,reporting standard not met; standard error not applicable,0,,SUBJ=MAT|COHORT=2|DEPVAR=MRPCM|SAMPLES=R3|YEAR=2019|JURISDICTIONS=CA|ECONDIS=3|STAT=MN:MN || SUBJ=MAT|COHORT=2|DEPVAR=MRPCM|SAMPLES=R3|YEAR=2022|JURISDICTIONS=CA|ECONDIS=3|STAT=MN:MN,https://www.nationsreportcard.gov/DataService/GetAdhocData.aspx?type=sigacrossyear&subject=mathematics&grade=8&subscale=MRPCM&variable=ECONDIS&jurisdiction=CA&stattype=MN%3AMN&Year=2019%2C2022%2C2024&ShowDetails=true&QCData=true&RevealDataKeys=true
2026-09-19T02:11:11.189Z,NDE,MAT,Mathematics,8,MRPCM,Composite mathematics scale (0-500),CA,California,ECONDIS,Economically disadvantaged status,3,Information not available,PC:P1,percentile,10th percentile scale score,scale score,10.0,,2019,2022,,216.338999176025,,,,0,257,reporting standard not met; standard error not applicable,0,,SUBJ=MAT|COHORT=2|DEPVAR=MRPCM|SAMPLES=R3|YEAR=2019|JURISDICTIONS=CA|ECONDIS=3|STAT=PC:P1 || SUBJ=MAT|COHORT=2|DEPVAR=MRPCM|SAMPLES=R3|YEAR=2022|JURISDICTIONS=CA|ECONDIS=3|STAT=PC:P1,https://www.nationsreportcard.gov/DataService/GetAdhocData.aspx?type=sigacrossyear&subject=mathematics&grade=8&subscale=MRPCM&variable=ECONDIS&jurisdiction=CA&stattype=PC%3AP1&Year=2019%2C2022%2C2024&ShowDetails=true&QCData=true&RevealDataKeys=true
2026-09-19T02:11:11.189Z,NDE,MAT,Mathematics,8,MRPCM,Composite mathematics scale (0-500),CA,California,ECONDIS,Economically disadvantaged status,3,Information not available,PC:P2,percentile,25th percentile scale score,scale score,25.0,,2019,2022,,237.405502319336,,,,0,257,reporting standard not met; standard error not applicable,0,,SUBJ=MAT|COHORT=2|DEPVAR=MRPCM|SAMPLES=R3|YEAR=2019|JURISDICTIONS=CA|ECONDIS=3|STAT=PC:P2 || SUBJ=MAT|COHORT=2|DEPVAR=MRPCM|SAMPLES=R3|YEAR=2022|JURISDICTIONS=CA|ECONDIS=3|STAT=PC:P2,https://www.nationsreportcard.gov/DataService/GetAdhocData.aspx?type=sigacrossyear&subject=mathematics&grade=8&subscale=MRPCM&variable=ECONDIS&jurisdiction=CA&stattype=PC%3AP2&Year=2019%2C2022%2C2024&ShowDetails=true&QCData=true&RevealDataKeys=true
2026-09-19T02:11:11.189Z,NDE,MAT,Mathematics,8,MRPCM,Composite mathematics scale (0-500),CA,California,ECONDIS,Economically disadvantaged status,3,Information not available,PC:P5,percentile,50th percentile scale score,scale score,50.0,,2019,2022,,260.801502990723,,,,0,257,reporting standard not met; standard error not applicable,0,,SUBJ=MAT|COHORT=2|DEPVAR=MRPCM|SAMPLES=R3|YEAR=2019|JURISDICTIONS=CA|ECONDIS=3|STAT=PC:P5 || SUBJ=MAT|COHORT=2|DEPVAR=MRPCM|SAMPLES=R3|YEAR=2022|JURISDICTIONS=CA|ECONDIS=3|STAT=PC:P5,https://www.nationsreportcard.gov/DataService/GetAdhocData.aspx?type=sigacrossyear&subject=mathematics&grade=8&subscale=MRPCM&variable=ECONDIS&jurisdiction=CA&stattype=PC%3AP5&Year=2019%2C2022%2C2024&ShowDetails=true&QCData=true&RevealDataKeys=true
2026-09-19T02:11:11.189Z,NDE,MAT,Mathematics,8,MRPCM,Composite mathematics scale (0-500),CA,California,ECONDIS,Economically disadvantaged status,3,Information not available,PC:P7,percentile,75th percentile scale score,scale score,75.0,,2019,2022,,288.261500549317,,,,0,257,reporting standard not met; standard error not applicable,0,,SUBJ=MAT|COHORT=2|DEPVAR=MRPCM|SAMPLES=R3|YEAR=2019|JURISDICTIONS=CA|ECONDIS=3|STAT=PC:P7 || SUBJ=MAT|COHORT=2|DEPVAR=MRPCM|SAMPLES=R3|YEAR=2022|JURISDICTIONS=CA|ECONDIS=3|STAT=PC:P7,https://www.nationsreportcard.gov/DataService/GetAdhocData.aspx?type=sigacrossyear&subject=mathematics&grade=8&subscale=MRPCM&variable=ECONDIS&jurisdiction=CA&stattype=PC%3AP7&Year=2019%2C2022%2C2024&ShowDetails=true&QCData=true&RevealDataKeys=true
2026-09-19T02:11:11.189Z,NDE,MAT,Mathematics,8,MRPCM,Composite mathematics scale (0-500),CA,California,ECONDIS,Economically disadvantaged status,3,Information not available,PC:P9,percentile,90th percentile scale score,scale score,90.0,,2019,2022,,317.458502197266,,,,0,257,reporting standard not met; standard error not applicable,0,,SUBJ=MAT|COHORT=2|DEPVAR=MRPCM|SAMPLES=R3|YEAR=2019|JURISDICTIONS=CA|ECONDIS=3|STAT=PC:P9 || SUBJ=MAT|COHORT=2|DEPVAR=MRPCM|SAMPLES=R3|YEAR=2022|JURISDICTIONS=CA|ECONDIS=3|STAT=PC:P9,https://www.nationsreportcard.gov/DataService/GetAdhocData.aspx?type=sigacrossyear&subject=mathematics&grade=8&subscale=MRPCM&variable=ECONDIS&jurisdiction=CA&stattype=PC%3AP9&Year=2019%2C2022%2C2024&ShowDetails=true&QCData=true&RevealDataKeys=true
2026-09-19T02:11:11.189Z,NDE,MAT,Mathematics,8,MRPCM,Composite mathematics scale (0-500),CA,California,ECONDIS,Economically disadvantaged status,3,Information not available,ALD:BA,achievement level,Percent at NAEP Basic,percent,,at NAEP Basic,2019,2022,,29.9779709013685,,,,0,259,reporting standard not met; extreme percentage; standard error not applicable,0,,SUBJ=MAT|COHORT=2|DEPVAR=MRPCM|SAMPLES=R3|YEAR=2019|JURISDICTIONS=CA|ECONDIS=3|STAT=ALD:BA || SUBJ=MAT|COHORT=2|DEPVAR=MRPCM|SAMPLES=R3|YEAR=2022|JURISDICTIONS=CA|ECONDIS=3|STAT=ALD:BA,https://www.nationsreportcard.gov/DataService/GetAdhocData.aspx?type=sigacrossyear&subject=mathematics&grade=8&subscale=MRPCM&variable=ECONDIS&jurisdiction=CA&stattype=ALD%3ABA&Year=2019%2C2022%2C2024&ShowDetails=true&QCData=true&RevealDataKeys=true
2026-09-19T02:11:11.189Z,NDE,MAT,Mathematics,8,MRPCM,Composite mathematics scale (0-500),CA,California,ECONDIS,Economically disadvantaged status,3,Information not available,ALD:PR,achievement level,Percent at NAEP Proficient,percent,,at NAEP Proficient,2019,2022,,13.7661902971221,,,,0,259,reporting standard not met; extreme percentage; standard error not applicable,0,,SUBJ=MAT|COHORT=2|DEPVAR=MRPCM|SAMPLES=R3|YEAR=2019|JURISDICTIONS=CA|ECONDIS=3|STAT=ALD:PR || SUBJ=MAT|COHORT=2|DEPVAR=MRPCM|SAMPLES=R3|YEAR=2022|JURISDICTIONS=CA|ECONDIS=3|STAT=ALD:PR,https://www.nationsreportcard.gov/DataService/GetAdhocData.aspx?type=sigacrossyear&subject=mathematics&grade=8&subscale=MRPCM&variable=ECONDIS&jurisdiction=CA&stattype=ALD%3APR&Year=2019%2C2022%2C2024&ShowDetails=true&QCData=true&RevealDataKeys=true
2026-09-19T02:11:11.189Z,NDE,MAT,Mathematics,8,MRPCM,Composite mathematics scale (0-500),CA,California,ECONDIS,Economically disadvantaged status,3,Information not available,ALD:AD,achievement level,Percent at NAEP Advanced,percent,,at NAEP Advanced,2019,2022,,4.9316426754992,,,,0,259,reporting standard not met; extreme percentage; standard error not applicable,0,,SUBJ=MAT|COHORT=2|DEPVAR=MRPCM|SAMPLES=R3|YEAR=2019|JURISDICTIONS=CA|ECONDIS=3|STAT=ALD:AD || SUBJ=MAT|COHORT=2|DEPVAR=MRPCM|SAMPLES=R3|YEAR=2022|JURISDICTIONS=CA|ECONDIS=3|STAT=ALD:AD,https://www.nationsreportcard.gov/DataService/GetAdhocData.aspx?type=sigacrossyear&subject=mathematics&grade=8&subscale=MRPCM&variable=ECONDIS&jurisdiction=CA&stattype=ALD%3AAD&Year=2019%2C2022%2C2024&ShowDetails=true&QCData=true&RevealDataKeys=true
2026-09-19T02:11:11.189Z,NDE,MAT,Mathematics,8,MRPCM,Composite mathematics scale (0-500),CA,California,ECONDIS,Economically disadvantaged status,3,Information not available,ALC:BB,achievement level,Percent below NAEP Basic,percent,,below NAEP Basic,2019,2022,,51.3241961260103,,,,0,259,reporting standard not met; extreme percentage; standard error not applicable,0,,SUBJ=MAT|COHORT=2|DEPVAR=MRPCM|SAMPLES=R3|YEAR=2019|JURISDICTIONS=CA|ECONDIS=3|STAT=ALC:BB || SUBJ=MAT|COHORT=2|DEPVAR=MRPCM|SAMPLES=R3|YEAR=2022|JURISDICTIONS=CA|ECONDIS=3|STAT=ALC:BB,https://www.nationsreportcard.gov/DataService/GetAdhocData.aspx?type=sigacrossyear&subject=mathematics&grade=8&subscale=MRPCM&variable=ECONDIS&jurisdiction=CA&stattype=ALC%3ABB&Year=2019%2C2022%2C2024&ShowDetails=true&QCData=true&RevealDataKeys=true
2026-09-19T02:11:11.189Z,NDE,MAT,Mathematics,8,MRPCM,Composite mathematics scale (0-500),CA,California,ECONDIS,Economically disadvantaged status,3,Information not available,ALC:AB,achievement level,Percent at or above NAEP Basic,percent,,at or above NAEP Basic,2019,2022,,48.6758038739898,,,,0,259,reporting standard not met; extreme percentage; standard error not applicable,0,,SUBJ=MAT|COHORT=2|DEPVAR=MRPCM|SAMPLES=R3|YEAR=2019|JURISDICTIONS=CA|ECONDIS=3|STAT=ALC:AB || SUBJ=MAT|COHORT=2|DEPVAR=MRPCM|SAMPLES=R3|YEAR=2022|JURISDICTIONS=CA|ECONDIS=3|STAT=ALC:AB,https://www.nationsreportcard.gov/DataService/GetAdhocData.aspx?type=sigacrossyear&subject=mathematics&grade=8&subscale=MRPCM&variable=ECONDIS&jurisdiction=CA&stattype=ALC%3AAB&Year=2019%2C2022%2C2024&ShowDetails=true&QCData=true&RevealDataKeys=true
2026-09-19T02:11:11.189Z,NDE,MAT,Mathematics,8,MRPCM,Composite mathematics scale (0-500),CA,California,ECONDIS,Economically disadvantaged status,3,Information not available,ALC:AP,achievement level,Percent at or above NAEP Proficient,percent,,at or above NAEP Proficient,2019,2022,,18.6978329726213,,,,0,259,reporting standard not met; extreme percentage; standard error not applicable,0,,SUBJ=MAT|COHORT=2|DEPVAR=MRPCM|SAMPLES=R3|YEAR=2019|JURISDICTIONS=CA|ECONDIS=3|STAT=ALC:AP || SUBJ=MAT|COHORT=2|DEPVAR=MRPCM|SAMPLES=R3|YEAR=2022|JURISDICTIONS=CA|ECONDIS=3|STAT=ALC:AP,https://www.nationsreportcard.gov/DataService/GetAdhocData.aspx?type=sigacrossyear&subject=mathematics&grade=8&subscale=MRPCM&variable=ECONDIS&jurisdiction=CA&stattype=ALC%3AAP&Year=2019%2C2022%2C2024&ShowDetails=true&QCData=true&RevealDataKeys=true
2026-09-19T02:11:11.189Z,NDE,MAT,Mathematics,8,MRPCM,Composite mathematics scale (0-500),CA,California,ECONDIS,Economically disadvantaged status,3,Information not available,ALC:AD,achievement level,Percent at NAEP Advanced (cumulative code),percent,,at NAEP Advanced (cumulative code),2019,2022,,4.9316426754992,,,,0,259,reporting standard not met; extreme percentage; standard error not applicable,0,,SUBJ=MAT|COHORT=2|DEPVAR=MRPCM|SAMPLES=R3|YEAR=2019|JURISDICTIONS=CA|ECONDIS=3|STAT=ALC:AD || SUBJ=MAT|COHORT=2|DEPVAR=MRPCM|SAMPLES=R3|YEAR=2022|JURISDICTIONS=CA|ECONDIS=3|STAT=ALC:AD,https://www.nationsreportcard.gov/DataService/GetAdhocData.aspx?type=sigacrossyear&subject=mathematics&grade=8&subscale=MRPCM&variable=ECONDIS&jurisdiction=CA&stattype=ALC%3AAD&Year=2019%2C2022%2C2024&ShowDetails=true&QCData=true&RevealDataKeys=true
2026-09-19T02:11:11.189Z,NDE,MAT,Mathematics,8,MRPCM,Composite mathematics scale (0-500),CA,California,PARED,"Parental education level, from 2 questions",1,Did not finish high school,MN:MN,location,Average scale score,scale score,,,2019,2022,263.457462491257,251.399819908104,-12.057642583152983,follow-up lower,HIGHER,1,0,,0,,SUBJ=MAT|COHORT=2|DEPVAR=MRPCM|SAMPLES=R3|YEAR=2019|JURISDICTIONS=CA|PARED=1|STAT=MN:MN || SUBJ=MAT|COHORT=2|DEPVAR=MRPCM|SAMPLES=R3|YEAR=2022|JURISDICTIONS=CA|PARED=1|STAT=MN:MN,https://www.nationsreportcard.gov/DataService/GetAdhocData.aspx?type=sigacrossyear&subject=mathematics&grade=8&subscale=MRPCM&variable=PARED&jurisdiction=CA&stattype=MN%3AMN&Year=2019%2C2022%2C2024&ShowDetails=true&QCData=true&RevealDataKeys=true
2026-09-19T02:11:11.189Z,NDE,MAT,Mathematics,8,MRPCM,Composite mathematics scale (0-500),CA,California,PARED,"Parental education level, from 2 questions",1,Did not finish high school,PC:P1,percentile,10th percentile scale score,scale score,10.0,,2019,2022,222.190001678467,210.818998718262,-11.371002960205004,no statistically significant difference,EQUAL,1,0,,0,,SUBJ=MAT|COHORT=2|DEPVAR=MRPCM|SAMPLES=R3|YEAR=2019|JURISDICTIONS=CA|PARED=1|STAT=PC:P1 || SUBJ=MAT|COHORT=2|DEPVAR=MRPCM|SAMPLES=R3|YEAR=2022|JURISDICTIONS=CA|PARED=1|STAT=PC:P1,https://www.nationsreportcard.gov/DataService/GetAdhocData.aspx?type=sigacrossyear&subject=mathematics&grade=8&subscale=MRPCM&variable=PARED&jurisdiction=CA&stattype=PC%3AP1&Year=2019%2C2022%2C2024&ShowDetails=true&QCData=true&RevealDataKeys=true
2026-09-19T02:11:11.189Z,NDE,MAT,Mathematics,8,MRPCM,Composite mathematics scale (0-500),CA,California,PARED,"Parental education level, from 2 questions",1,Did not finish high school,PC:P2,percentile,25th percentile scale score,scale score,25.0,,2019,2022,241.986499786377,229.751999664307,-12.234500122070015,no statistically significant difference,EQUAL,1,0,,0,,SUBJ=MAT|COHORT=2|DEPVAR=MRPCM|SAMPLES=R3|YEAR=2019|JURISDICTIONS=CA|PARED=1|STAT=PC:P2 || SUBJ=MAT|COHORT=2|DEPVAR=MRPCM|SAMPLES=R3|YEAR=2022|JURISDICTIONS=CA|PARED=1|STAT=PC:P2,https://www.nationsreportcard.gov/DataService/GetAdhocData.aspx?type=sigacrossyear&subject=mathematics&grade=8&subscale=MRPCM&variable=PARED&jurisdiction=CA&stattype=PC%3AP2&Year=2019%2C2022%2C2024&ShowDetails=true&QCData=true&RevealDataKeys=true
2026-09-19T02:11:11.189Z,NDE,MAT,Mathematics,8,MRPCM,Composite mathematics scale (0-500),CA,California,PARED,"Parental education level, from 2 questions",1,Did not finish high school,PC:P5,percentile,50th percentile scale score,scale score,50.0,,2019,2022,262.88699798584,249.820500183106,-13.066497802734034,no statistically significant difference,EQUAL,1,0,,0,,SUBJ=MAT|COHORT=2|DEPVAR=MRPCM|SAMPLES=R3|YEAR=2019|JURISDICTIONS=CA|PARED=1|STAT=PC:P5 || SUBJ=MAT|COHORT=2|DEPVAR=MRPCM|SAMPLES=R3|YEAR=2022|JURISDICTIONS=CA|PARED=1|STAT=PC:P5,https://www.nationsreportcard.gov/DataService/GetAdhocData.aspx?type=sigacrossyear&subject=mathematics&grade=8&subscale=MRPCM&variable=PARED&jurisdiction=CA&stattype=PC%3AP5&Year=2019%2C2022%2C2024&ShowDetails=true&QCData=true&RevealDataKeys=true
2026-09-19T02:11:11.189Z,NDE,MAT,Mathematics,8,MRPCM,Composite mathematics scale (0-500),CA,California,PARED,"Parental education level, from 2 questions",1,Did not finish high school,PC:P7,percentile,75th percentile scale score,scale score,75.0,,2019,2022,285.573501586914,273.599499511719,-11.974002075195015,no statistically significant difference,EQUAL,1,0,,0,,SUBJ=MAT|COHORT=2|DEPVAR=MRPCM|SAMPLES=R3|YEAR=2019|JURISDICTIONS=CA|PARED=1|STAT=PC:P7 || SUBJ=MAT|COHORT=2|DEPVAR=MRPCM|SAMPLES=R3|YEAR=2022|JURISDICTIONS=CA|PARED=1|STAT=PC:P7,https://www.nationsreportcard.gov/DataService/GetAdhocData.aspx?type=sigacrossyear&subject=mathematics&grade=8&subscale=MRPCM&variable=PARED&jurisdiction=CA&stattype=PC%3AP7&Year=2019%2C2022%2C2024&ShowDetails=true&QCData=true&RevealDataKeys=true
2026-09-19T02:11:11.189Z,NDE,MAT,Mathematics,8,MRPCM,Composite mathematics scale (0-500),CA,California,PARED,"Parental education level, from 2 questions",1,Did not finish high school,PC:P9,percentile,90th percentile scale score,scale score,90.0,,2019,2022,306.235496520996,293.367500305176,-12.867996215819971,no statistically significant difference,EQUAL,1,0,,0,,SUBJ=MAT|COHORT=2|DEPVAR=MRPCM|SAMPLES=R3|YEAR=2019|JURISDICTIONS=CA|PARED=1|STAT=PC:P9 || SUBJ=MAT|COHORT=2|DEPVAR=MRPCM|SAMPLES=R3|YEAR=2022|JURISDICTIONS=CA|PARED=1|STAT=PC:P9,https://www.nationsreportcard.gov/DataService/GetAdhocData.aspx?type=sigacrossyear&subject=mathematics&grade=8&subscale=MRPCM&variable=PARED&jurisdiction=CA&stattype=PC%3AP9&Year=2019%2C2022%2C2024&ShowDetails=true&QCData=true&RevealDataKeys=true
2026-09-19T02:11:11.189Z,NDE,MAT,Mathematics,8,MRPCM,Composite mathematics scale (0-500),CA,California,PARED,"Parental education level, from 2 questions",1,Did not finish high school,ALD:BA,achievement level,Percent at NAEP Basic,percent,,at NAEP Basic,2019,2022,36.4768955411942,28.386292426021,-8.090603115173202,no statistically significant difference,EQUAL,1,0,,0,,SUBJ=MAT|COHORT=2|DEPVAR=MRPCM|SAMPLES=R3|YEAR=2019|JURISDICTIONS=CA|PARED=1|STAT=ALD:BA || SUBJ=MAT|COHORT=2|DEPVAR=MRPCM|SAMPLES=R3|YEAR=2022|JURISDICTIONS=CA|PARED=1|STAT=ALD:BA,https://www.nationsreportcard.gov/DataService/GetAdhocData.aspx?type=sigacrossyear&subject=mathematics&grade=8&subscale=MRPCM&variable=PARED&jurisdiction=CA&stattype=ALD%3ABA&Year=2019%2C2022%2C2024&ShowDetails=true&QCData=true&RevealDataKeys=true
2026-09-19T02:11:11.189Z,NDE,MAT,Mathematics,8,MRPCM,Composite mathematics scale (0-500),CA,California,PARED,"Parental education level, from 2 questions",1,Did not finish high school,ALD:PR,achievement level,Percent at NAEP Proficient,percent,,at NAEP Proficient,2019,2022,13.1981768767837,6.64105040498176,-6.55712647180194,no statistically significant difference,EQUAL,1,0,,0,,SUBJ=MAT|COHORT=2|DEPVAR=MRPCM|SAMPLES=R3|YEAR=2019|JURISDICTIONS=CA|PARED=1|STAT=ALD:PR || SUBJ=MAT|COHORT=2|DEPVAR=MRPCM|SAMPLES=R3|YEAR=2022|JURISDICTIONS=CA|PARED=1|STAT=ALD:PR,https://www.nationsreportcard.gov/DataService/GetAdhocData.aspx?type=sigacrossyear&subject=mathematics&grade=8&subscale=MRPCM&variable=PARED&jurisdiction=CA&stattype=ALD%3APR&Year=2019%2C2022%2C2024&ShowDetails=true&QCData=true&RevealDataKeys=true
2026-09-19T02:11:11.189Z,NDE,MAT,Mathematics,8,MRPCM,Composite mathematics scale (0-500),CA,California,PARED,"Parental education level, from 2 questions",1,Did not finish high school,ALD:AD,achievement level,Percent at NAEP Advanced,percent,,at NAEP Advanced,2019,2022,1.44696130278033,0.660804149099134,-0.7861571536811961,,,0,0,,258,extreme percentage; standard error not applicable,SUBJ=MAT|COHORT=2|DEPVAR=MRPCM|SAMPLES=R3|YEAR=2019|JURISDICTIONS=CA|PARED=1|STAT=ALD:AD || SUBJ=MAT|COHORT=2|DEPVAR=MRPCM|SAMPLES=R3|YEAR=2022|JURISDICTIONS=CA|PARED=1|STAT=ALD:AD,https://www.nationsreportcard.gov/DataService/GetAdhocData.aspx?type=sigacrossyear&subject=mathematics&grade=8&subscale=MRPCM&variable=PARED&jurisdiction=CA&stattype=ALD%3AAD&Year=2019%2C2022%2C2024&ShowDetails=true&QCData=true&RevealDataKeys=true
2026-09-19T02:11:11.189Z,NDE,MAT,Mathematics,8,MRPCM,Composite mathematics scale (0-500),CA,California,PARED,"Parental education level, from 2 questions",1,Did not finish high school,ALC:BB,achievement level,Percent below NAEP Basic,percent,,below NAEP Basic,2019,2022,48.8779662792418,64.3118530198981,15.433886740656298,follow-up higher,LOWER,1,0,,0,,SUBJ=MAT|COHORT=2|DEPVAR=MRPCM|SAMPLES=R3|YEAR=2019|JURISDICTIONS=CA|PARED=1|STAT=ALC:BB || SUBJ=MAT|COHORT=2|DEPVAR=MRPCM|SAMPLES=R3|YEAR=2022|JURISDICTIONS=CA|PARED=1|STAT=ALC:BB,https://www.nationsreportcard.gov/DataService/GetAdhocData.aspx?type=sigacrossyear&subject=mathematics&grade=8&subscale=MRPCM&variable=PARED&jurisdiction=CA&stattype=ALC%3ABB&Year=2019%2C2022%2C2024&ShowDetails=true&QCData=true&RevealDataKeys=true
2026-09-19T02:11:11.189Z,NDE,MAT,Mathematics,8,MRPCM,Composite mathematics scale (0-500),CA,California,PARED,"Parental education level, from 2 questions",1,Did not finish high school,ALC:AB,achievement level,Percent at or above NAEP Basic,percent,,at or above NAEP Basic,2019,2022,51.1220337207582,35.6881469801019,-15.433886740656304,follow-up lower,HIGHER,1,0,,0,,SUBJ=MAT|COHORT=2|DEPVAR=MRPCM|SAMPLES=R3|YEAR=2019|JURISDICTIONS=CA|PARED=1|STAT=ALC:AB || SUBJ=MAT|COHORT=2|DEPVAR=MRPCM|SAMPLES=R3|YEAR=2022|JURISDICTIONS=CA|PARED=1|STAT=ALC:AB,https://www.nationsreportcard.gov/DataService/GetAdhocData.aspx?type=sigacrossyear&subject=mathematics&grade=8&subscale=MRPCM&variable=PARED&jurisdiction=CA&stattype=ALC%3AAB&Year=2019%2C2022%2C2024&ShowDetails=true&QCData=true&RevealDataKeys=true
2026-09-19T02:11:11.189Z,NDE,MAT,Mathematics,8,MRPCM,Composite mathematics scale (0-500),CA,California,PARED,"Parental education level, from 2 questions",1,Did not finish high school,ALC:AP,achievement level,Percent at or above NAEP Proficient,percent,,at or above NAEP Proficient,2019,2022,14.645138179564,7.30185455408089,-7.34328362548311,no statistically significant difference,EQUAL,1,0,,0,,SUBJ=MAT|COHORT=2|DEPVAR=MRPCM|SAMPLES=R3|YEAR=2019|JURISDICTIONS=CA|PARED=1|STAT=ALC:AP || SUBJ=MAT|COHORT=2|DEPVAR=MRPCM|SAMPLES=R3|YEAR=2022|JURISDICTIONS=CA|PARED=1|STAT=ALC:AP,https://www.nationsreportcard.gov/DataService/GetAdhocData.aspx?type=sigacrossyear&subject=mathematics&grade=8&subscale=MRPCM&variable=PARED&jurisdiction=CA&stattype=ALC%3AAP&Year=2019%2C2022%2C2024&ShowDetails=true&QCData=true&RevealDataKeys=true
2026-09-19T02:11:11.189Z,NDE,MAT,Mathematics,8,MRPCM,Composite mathematics scale (0-500),CA,California,PARED,"Parental education level, from 2 questions",1,Did not finish high school,ALC:AD,achievement level,Percent at NAEP Advanced (cumulative code),percent,,at NAEP Advanced (cumulative code),2019,2022,1.44696130278033,0.660804149099134,-0.7861571536811961,,,0,0,,258,extreme percentage; standard error not applicable,SUBJ=MAT|COHORT=2|DEPVAR=MRPCM|SAMPLES=R3|YEAR=2019|JURISDICTIONS=CA|PARED=1|STAT=ALC:AD || SUBJ=MAT|COHORT=2|DEPVAR=MRPCM|SAMPLES=R3|YEAR=2022|JURISDICTIONS=CA|PARED=1|STAT=ALC:AD,https://www.nationsreportcard.gov/DataService/GetAdhocData.aspx?type=sigacrossyear&subject=mathematics&grade=8&subscale=MRPCM&variable=PARED&jurisdiction=CA&stattype=ALC%3AAD&Year=2019%2C2022%2C2024&ShowDetails=true&QCData=true&RevealDataKeys=true
2026-09-19T02:11:11.189Z,NDE,MAT,Mathematics,8,MRPCM,Composite mathematics scale (0-500),CA,California,PARED,"Parental education level, from 2 questions",2,Graduated high school,MN:MN,location,Average scale score,scale score,,,2019,2022,263.011741897518,253.758165004302,-9.253576893216009,follow-up lower,HIGHER,1,0,,0,,SUBJ=MAT|COHORT=2|DEPVAR=MRPCM|SAMPLES=R3|YEAR=2019|JURISDICTIONS=CA|PARED=2|STAT=MN:MN || SUBJ=MAT|COHORT=2|DEPVAR=MRPCM|SAMPLES=R3|YEAR=2022|JURISDICTIONS=CA|PARED=2|STAT=MN:MN,https://www.nationsreportcard.gov/DataService/GetAdhocData.aspx?type=sigacrossyear&subject=mathematics&grade=8&subscale=MRPCM&variable=PARED&jurisdiction=CA&stattype=MN%3AMN&Year=2019%2C2022%2C2024&ShowDetails=true&QCData=true&RevealDataKeys=true
2026-09-19T02:11:11.189Z,NDE,MAT,Mathematics,8,MRPCM,Composite mathematics scale (0-500),CA,California,PARED,"Parental education level, from 2 questions",2,Graduated high school,PC:P1,percentile,10th percentile scale score,scale score,10.0,,2019,2022,215.146500396729,211.216999816895,-3.929500579834013,no statistically significant difference,EQUAL,1,0,,0,,SUBJ=MAT|COHORT=2|DEPVAR=MRPCM|SAMPLES=R3|YEAR=2019|JURISDICTIONS=CA|PARED=2|STAT=PC:P1 || SUBJ=MAT|COHORT=2|DEPVAR=MRPCM|SAMPLES=R3|YEAR=2022|JURISDICTIONS=CA|PARED=2|STAT=PC:P1,https://www.nationsreportcard.gov/DataService/GetAdhocData.aspx?type=sigacrossyear&subject=mathematics&grade=8&subscale=MRPCM&variable=PARED&jurisdiction=CA&stattype=PC%3AP1&Year=2019%2C2022%2C2024&ShowDetails=true&QCData=true&RevealDataKeys=true
2026-09-19T02:11:11.189Z,NDE,MAT,Mathematics,8,MRPCM,Composite mathematics scale (0-500),CA,California,PARED,"Parental education level, from 2 questions",2,Graduated high school,PC:P2,percentile,25th percentile scale score,scale score,25.0,,2019,2022,238.268499755859,231.005500793457,-7.262998962402008,no statistically significant difference,EQUAL,1,0,,0,,SUBJ=MAT|COHORT=2|DEPVAR=MRPCM|SAMPLES=R3|YEAR=2019|JURISDICTIONS=CA|PARED=2|STAT=PC:P2 || SUBJ=MAT|COHORT=2|DEPVAR=MRPCM|SAMPLES=R3|YEAR=2022|JURISDICTIONS=CA|PARED=2|STAT=PC:P2,https://www.nationsreportcard.gov/DataService/GetAdhocData.aspx?type=sigacrossyear&subject=mathematics&grade=8&subscale=MRPCM&variable=PARED&jurisdiction=CA&stattype=PC%3AP2&Year=2019%2C2022%2C2024&ShowDetails=true&QCData=true&RevealDataKeys=true
2026-09-19T02:11:11.189Z,NDE,MAT,Mathematics,8,MRPCM,Composite mathematics scale (0-500),CA,California,PARED,"Parental education level, from 2 questions",2,Graduated high school,PC:P5,percentile,50th percentile scale score,scale score,50.0,,2019,2022,263.0375,253.766500091553,-9.27099990844701,no statistically significant difference,EQUAL,1,0,,0,,SUBJ=MAT|COHORT=2|DEPVAR=MRPCM|SAMPLES=R3|YEAR=2019|JURISDICTIONS=CA|PARED=2|STAT=PC:P5 || SUBJ=MAT|COHORT=2|DEPVAR=MRPCM|SAMPLES=R3|YEAR=2022|JURISDICTIONS=CA|PARED=2|STAT=PC:P5,https://www.nationsreportcard.gov/DataService/GetAdhocData.aspx?type=sigacrossyear&subject=mathematics&grade=8&subscale=MRPCM&variable=PARED&jurisdiction=CA&stattype=PC%3AP5&Year=2019%2C2022%2C2024&ShowDetails=true&QCData=true&RevealDataKeys=true
2026-09-19T02:11:11.189Z,NDE,MAT,Mathematics,8,MRPCM,Composite mathematics scale (0-500),CA,California,PARED,"Parental education level, from 2 questions",2,Graduated high school,PC:P7,percentile,75th percentile scale score,scale score,75.0,,2019,2022,288.727000427246,276.434997558594,-12.292002868652048,no statistically significant difference,EQUAL,1,0,,0,,SUBJ=MAT|COHORT=2|DEPVAR=MRPCM|SAMPLES=R3|YEAR=2019|JURISDICTIONS=CA|PARED=2|STAT=PC:P7 || SUBJ=MAT|COHORT=2|DEPVAR=MRPCM|SAMPLES=R3|YEAR=2022|JURISDICTIONS=CA|PARED=2|STAT=PC:P7,https://www.nationsreportcard.gov/DataService/GetAdhocData.aspx?type=sigacrossyear&subject=mathematics&grade=8&subscale=MRPCM&variable=PARED&jurisdiction=CA&stattype=PC%3AP7&Year=2019%2C2022%2C2024&ShowDetails=true&QCData=true&RevealDataKeys=true
2026-09-19T02:11:11.189Z,NDE,MAT,Mathematics,8,MRPCM,Composite mathematics scale (0-500),CA,California,PARED,"Parental education level, from 2 questions",2,Graduated high school,PC:P9,percentile,90th percentile scale score,scale score,90.0,,2019,2022,309.167500305176,296.841499328613,-12.326000976563025,no statistically significant difference,EQUAL,1,0,,0,,SUBJ=MAT|COHORT=2|DEPVAR=MRPCM|SAMPLES=R3|YEAR=2019|JURISDICTIONS=CA|PARED=2|STAT=PC:P9 || SUBJ=MAT|COHORT=2|DEPVAR=MRPCM|SAMPLES=R3|YEAR=2022|JURISDICTIONS=CA|PARED=2|STAT=PC:P9,https://www.nationsreportcard.gov/DataService/GetAdhocData.aspx?type=sigacrossyear&subject=mathematics&grade=8&subscale=MRPCM&variable=PARED&jurisdiction=CA&stattype=PC%3AP9&Year=2019%2C2022%2C2024&ShowDetails=true&QCData=true&RevealDataKeys=true
2026-09-19T02:11:11.189Z,NDE,MAT,Mathematics,8,MRPCM,Composite mathematics scale (0-500),CA,California,PARED,"Parental education level, from 2 questions",2,Graduated high school,ALD:BA,achievement level,Percent at NAEP Basic,percent,,at NAEP Basic,2019,2022,34.5993438708404,32.2926727948492,-2.306671075991197,no statistically significant difference,EQUAL,1,0,,0,,SUBJ=MAT|COHORT=2|DEPVAR=MRPCM|SAMPLES=R3|YEAR=2019|JURISDICTIONS=CA|PARED=2|STAT=ALD:BA || SUBJ=MAT|COHORT=2|DEPVAR=MRPCM|SAMPLES=R3|YEAR=2022|JURISDICTIONS=CA|PARED=2|STAT=ALD:BA,https://www.nationsreportcard.gov/DataService/GetAdhocData.aspx?type=sigacrossyear&subject=mathematics&grade=8&subscale=MRPCM&variable=PARED&jurisdiction=CA&stattype=ALD%3ABA&Year=2019%2C2022%2C2024&ShowDetails=true&QCData=true&RevealDataKeys=true
2026-09-19T02:11:11.189Z,NDE,MAT,Mathematics,8,MRPCM,Composite mathematics scale (0-500),CA,California,PARED,"Parental education level, from 2 questions",2,Graduated high school,ALD:PR,achievement level,Percent at NAEP Proficient,percent,,at NAEP Proficient,2019,2022,13.514120885345,8.39106926978815,-5.123051615556848,no statistically significant difference,EQUAL,1,0,,0,,SUBJ=MAT|COHORT=2|DEPVAR=MRPCM|SAMPLES=R3|YEAR=2019|JURISDICTIONS=CA|PARED=2|STAT=ALD:PR || SUBJ=MAT|COHORT=2|DEPVAR=MRPCM|SAMPLES=R3|YEAR=2022|JURISDICTIONS=CA|PARED=2|STAT=ALD:PR,https://www.nationsreportcard.gov/DataService/GetAdhocData.aspx?type=sigacrossyear&subject=mathematics&grade=8&subscale=MRPCM&variable=PARED&jurisdiction=CA&stattype=ALD%3APR&Year=2019%2C2022%2C2024&ShowDetails=true&QCData=true&RevealDataKeys=true
2026-09-19T02:11:11.189Z,NDE,MAT,Mathematics,8,MRPCM,Composite mathematics scale (0-500),CA,California,PARED,"Parental education level, from 2 questions",2,Graduated high school,ALD:AD,achievement level,Percent at NAEP Advanced,percent,,at NAEP Advanced,2019,2022,2.89898720926212,0.500046807666491,-2.3989404015956293,,,0,0,,258,extreme percentage; standard error not applicable,SUBJ=MAT|COHORT=2|DEPVAR=MRPCM|SAMPLES=R3|YEAR=2019|JURISDICTIONS=CA|PARED=2|STAT=ALD:AD || SUBJ=MAT|COHORT=2|DEPVAR=MRPCM|SAMPLES=R3|YEAR=2022|JURISDICTIONS=CA|PARED=2|STAT=ALD:AD,https://www.nationsreportcard.gov/DataService/GetAdhocData.aspx?type=sigacrossyear&subject=mathematics&grade=8&subscale=MRPCM&variable=PARED&jurisdiction=CA&stattype=ALD%3AAD&Year=2019%2C2022%2C2024&ShowDetails=true&QCData=true&RevealDataKeys=true
2026-09-19T02:11:11.189Z,NDE,MAT,Mathematics,8,MRPCM,Composite mathematics scale (0-500),CA,California,PARED,"Parental education level, from 2 questions",2,Graduated high school,ALC:BB,achievement level,Percent below NAEP Basic,percent,,below NAEP Basic,2019,2022,48.9875480345525,58.8162111276961,9.828663093143597,no statistically significant difference,EQUAL,1,0,,0,,SUBJ=MAT|COHORT=2|DEPVAR=MRPCM|SAMPLES=R3|YEAR=2019|JURISDICTIONS=CA|PARED=2|STAT=ALC:BB || SUBJ=MAT|COHORT=2|DEPVAR=MRPCM|SAMPLES=R3|YEAR=2022|JURISDICTIONS=CA|PARED=2|STAT=ALC:BB,https://www.nationsreportcard.gov/DataService/GetAdhocData.aspx?type=sigacrossyear&subject=mathematics&grade=8&subscale=MRPCM&variable=PARED&jurisdiction=CA&stattype=ALC%3ABB&Year=2019%2C2022%2C2024&ShowDetails=true&QCData=true&RevealDataKeys=true
2026-09-19T02:11:11.189Z,NDE,MAT,Mathematics,8,MRPCM,Composite mathematics scale (0-500),CA,California,PARED,"Parental education level, from 2 questions",2,Graduated high school,ALC:AB,achievement level,Percent at or above NAEP Basic,percent,,at or above NAEP Basic,2019,2022,51.0124519654475,41.1837888723039,-9.828663093143597,no statistically significant difference,EQUAL,1,0,,0,,SUBJ=MAT|COHORT=2|DEPVAR=MRPCM|SAMPLES=R3|YEAR=2019|JURISDICTIONS=CA|PARED=2|STAT=ALC:AB || SUBJ=MAT|COHORT=2|DEPVAR=MRPCM|SAMPLES=R3|YEAR=2022|JURISDICTIONS=CA|PARED=2|STAT=ALC:AB,https://www.nationsreportcard.gov/DataService/GetAdhocData.aspx?type=sigacrossyear&subject=mathematics&grade=8&subscale=MRPCM&variable=PARED&jurisdiction=CA&stattype=ALC%3AAB&Year=2019%2C2022%2C2024&ShowDetails=true&QCData=true&RevealDataKeys=true
2026-09-19T02:11:11.189Z,NDE,MAT,Mathematics,8,MRPCM,Composite mathematics scale (0-500),CA,California,PARED,"Parental education level, from 2 questions",2,Graduated high school,ALC:AP,achievement level,Percent at or above NAEP Proficient,percent,,at or above NAEP Proficient,2019,2022,16.4131080946071,8.89111607745464,-7.52199201715246,no statistically significant difference,EQUAL,1,0,,0,,SUBJ=MAT|COHORT=2|DEPVAR=MRPCM|SAMPLES=R3|YEAR=2019|JURISDICTIONS=CA|PARED=2|STAT=ALC:AP || SUBJ=MAT|COHORT=2|DEPVAR=MRPCM|SAMPLES=R3|YEAR=2022|JURISDICTIONS=CA|PARED=2|STAT=ALC:AP,https://www.nationsreportcard.gov/DataService/GetAdhocData.aspx?type=sigacrossyear&subject=mathematics&grade=8&subscale=MRPCM&variable=PARED&jurisdiction=CA&stattype=ALC%3AAP&Year=2019%2C2022%2C2024&ShowDetails=true&QCData=true&RevealDataKeys=true
2026-09-19T02:11:11.189Z,NDE,MAT,Mathematics,8,MRPCM,Composite mathematics scale (0-500),CA,California,PARED,"Parental education level, from 2 questions",2,Graduated high school,ALC:AD,achievement level,Percent at NAEP Advanced (cumulative code),percent,,at NAEP Advanced (cumulative code),2019,2022,2.89898720926212,0.500046807666491,-2.3989404015956293,,,0,0,,258,extreme percentage; standard error not applicable,SUBJ=MAT|COHORT=2|DEPVAR=MRPCM|SAMPLES=R3|YEAR=2019|JURISDICTIONS=CA|PARED=2|STAT=ALC:AD || SUBJ=MAT|COHORT=2|DEPVAR=MRPCM|SAMPLES=R3|YEAR=2022|JURISDICTIONS=CA|PARED=2|STAT=ALC:AD,https://www.nationsreportcard.gov/DataService/GetAdhocData.aspx?type=sigacrossyear&subject=mathematics&grade=8&subscale=MRPCM&variable=PARED&jurisdiction=CA&stattype=ALC%3AAD&Year=2019%2C2022%2C2024&ShowDetails=true&QCData=true&RevealDataKeys=true
2026-09-19T02:11:11.189Z,NDE,MAT,Mathematics,8,MRPCM,Composite mathematics scale (0-500),CA,California,PARED,"Parental education level, from 2 questions",3,Some education after high school,MN:MN,location,Average scale score,scale score,,,2019,2022,273.85494095948,269.611802906193,-4.243138053286998,no statistically significant difference,EQUAL,1,0,,0,,SUBJ=MAT|COHORT=2|DEPVAR=MRPCM|SAMPLES=R3|YEAR=2019|JURISDICTIONS=CA|PARED=3|STAT=MN:MN || SUBJ=MAT|COHORT=2|DEPVAR=MRPCM|SAMPLES=R3|YEAR=2022|JURISDICTIONS=CA|PARED=3|STAT=MN:MN,https://www.nationsreportcard.gov/DataService/GetAdhocData.aspx?type=sigacrossyear&subject=mathematics&grade=8&subscale=MRPCM&variable=PARED&jurisdiction=CA&stattype=MN%3AMN&Year=2019%2C2022%2C2024&ShowDetails=true&QCData=true&RevealDataKeys=true
2026-09-19T02:11:11.189Z,NDE,MAT,Mathematics,8,MRPCM,Composite mathematics scale (0-500),CA,California,PARED,"Parental education level, from 2 questions",3,Some education after high school,PC:P1,percentile,10th percentile scale score,scale score,10.0,,2019,2022,228.868500518799,227.477500152588,-1.391000366211017,no statistically significant difference,EQUAL,1,0,,0,,SUBJ=MAT|COHORT=2|DEPVAR=MRPCM|SAMPLES=R3|YEAR=2019|JURISDICTIONS=CA|PARED=3|STAT=PC:P1 || SUBJ=MAT|COHORT=2|DEPVAR=MRPCM|SAMPLES=R3|YEAR=2022|JURISDICTIONS=CA|PARED=3|STAT=PC:P1,https://www.nationsreportcard.gov/DataService/GetAdhocData.aspx?type=sigacrossyear&subject=mathematics&grade=8&subscale=MRPCM&variable=PARED&jurisdiction=CA&stattype=PC%3AP1&Year=2019%2C2022%2C2024&ShowDetails=true&QCData=true&RevealDataKeys=true
2026-09-19T02:11:11.189Z,NDE,MAT,Mathematics,8,MRPCM,Composite mathematics scale (0-500),CA,California,PARED,"Parental education level, from 2 questions",3,Some education after high school,PC:P2,percentile,25th percentile scale score,scale score,25.0,,2019,2022,250.36549987793,249.352498626709,-1.0130012512209987,no statistically significant difference,EQUAL,1,0,,0,,SUBJ=MAT|COHORT=2|DEPVAR=MRPCM|SAMPLES=R3|YEAR=2019|JURISDICTIONS=CA|PARED=3|STAT=PC:P2 || SUBJ=MAT|COHORT=2|DEPVAR=MRPCM|SAMPLES=R3|YEAR=2022|JURISDICTIONS=CA|PARED=3|STAT=PC:P2,https://www.nationsreportcard.gov/DataService/GetAdhocData.aspx?type=sigacrossyear&subject=mathematics&grade=8&subscale=MRPCM&variable=PARED&jurisdiction=CA&stattype=PC%3AP2&Year=2019%2C2022%2C2024&ShowDetails=true&QCData=true&RevealDataKeys=true
2026-09-19T02:11:11.189Z,NDE,MAT,Mathematics,8,MRPCM,Composite mathematics scale (0-500),CA,California,PARED,"Parental education level, from 2 questions",3,Some education after high school,PC:P5,percentile,50th percentile scale score,scale score,50.0,,2019,2022,274.170999145508,270.467498779297,-3.703500366211017,no statistically significant difference,EQUAL,1,0,,0,,SUBJ=MAT|COHORT=2|DEPVAR=MRPCM|SAMPLES=R3|YEAR=2019|JURISDICTIONS=CA|PARED=3|STAT=PC:P5 || SUBJ=MAT|COHORT=2|DEPVAR=MRPCM|SAMPLES=R3|YEAR=2022|JURISDICTIONS=CA|PARED=3|STAT=PC:P5,https://www.nationsreportcard.gov/DataService/GetAdhocData.aspx?type=sigacrossyear&subject=mathematics&grade=8&subscale=MRPCM&variable=PARED&jurisdiction=CA&stattype=PC%3AP5&Year=2019%2C2022%2C2024&ShowDetails=true&QCData=true&RevealDataKeys=true
2026-09-19T02:11:11.189Z,NDE,MAT,Mathematics,8,MRPCM,Composite mathematics scale (0-500),CA,California,PARED,"Parental education level, from 2 questions",3,Some education after high school,PC:P7,percentile,75th percentile scale score,scale score,75.0,,2019,2022,296.54649810791,291.90249786377,-4.644000244139988,no statistically significant difference,EQUAL,1,0,,0,,SUBJ=MAT|COHORT=2|DEPVAR=MRPCM|SAMPLES=R3|YEAR=2019|JURISDICTIONS=CA|PARED=3|STAT=PC:P7 || SUBJ=MAT|COHORT=2|DEPVAR=MRPCM|SAMPLES=R3|YEAR=2022|JURISDICTIONS=CA|PARED=3|STAT=PC:P7,https://www.nationsreportcard.gov/DataService/GetAdhocData.aspx?type=sigacrossyear&subject=mathematics&grade=8&subscale=MRPCM&variable=PARED&jurisdiction=CA&stattype=PC%3AP7&Year=2019%2C2022%2C2024&ShowDetails=true&QCData=true&RevealDataKeys=true
2026-09-19T02:11:11.189Z,NDE,MAT,Mathematics,8,MRPCM,Composite mathematics scale (0-500),CA,California,PARED,"Parental education level, from 2 questions",3,Some education after high school,PC:P9,percentile,90th percentile scale score,scale score,90.0,,2019,2022,318.557499694824,310.464999389648,-8.092500305175975,no statistically significant difference,EQUAL,1,0,,0,,SUBJ=MAT|COHORT=2|DEPVAR=MRPCM|SAMPLES=R3|YEAR=2019|JURISDICTIONS=CA|PARED=3|STAT=PC:P9 || SUBJ=MAT|COHORT=2|DEPVAR=MRPCM|SAMPLES=R3|YEAR=2022|JURISDICTIONS=CA|PARED=3|STAT=PC:P9,https://www.nationsreportcard.gov/DataService/GetAdhocData.aspx?type=sigacrossyear&subject=mathematics&grade=8&subscale=MRPCM&variable=PARED&jurisdiction=CA&stattype=PC%3AP9&Year=2019%2C2022%2C2024&ShowDetails=true&QCData=true&RevealDataKeys=true
2026-09-19T02:11:11.189Z,NDE,MAT,Mathematics,8,MRPCM,Composite mathematics scale (0-500),CA,California,PARED,"Parental education level, from 2 questions",3,Some education after high school,ALD:BA,achievement level,Percent at NAEP Basic,percent,,at NAEP Basic,2019,2022,41.8418935126651,42.5164398101906,0.6745462975254952,no statistically significant difference,EQUAL,1,0,,0,,SUBJ=MAT|COHORT=2|DEPVAR=MRPCM|SAMPLES=R3|YEAR=2019|JURISDICTIONS=CA|PARED=3|STAT=ALD:BA || SUBJ=MAT|COHORT=2|DEPVAR=MRPCM|SAMPLES=R3|YEAR=2022|JURISDICTIONS=CA|PARED=3|STAT=ALD:BA,https://www.nationsreportcard.gov/DataService/GetAdhocData.aspx?type=sigacrossyear&subject=mathematics&grade=8&subscale=MRPCM&variable=PARED&jurisdiction=CA&stattype=ALD%3ABA&Year=2019%2C2022%2C2024&ShowDetails=true&QCData=true&RevealDataKeys=true
2026-09-19T02:11:11.189Z,NDE,MAT,Mathematics,8,MRPCM,Composite mathematics scale (0-500),CA,California,PARED,"Parental education level, from 2 questions",3,Some education after high school,ALD:PR,achievement level,Percent at NAEP Proficient,percent,,at NAEP Proficient,2019,2022,17.6059892429867,16.3791560953978,-1.2268331475888985,no statistically significant difference,EQUAL,1,0,,0,,SUBJ=MAT|COHORT=2|DEPVAR=MRPCM|SAMPLES=R3|YEAR=2019|JURISDICTIONS=CA|PARED=3|STAT=ALD:PR || SUBJ=MAT|COHORT=2|DEPVAR=MRPCM|SAMPLES=R3|YEAR=2022|JURISDICTIONS=CA|PARED=3|STAT=ALD:PR,https://www.nationsreportcard.gov/DataService/GetAdhocData.aspx?type=sigacrossyear&subject=mathematics&grade=8&subscale=MRPCM&variable=PARED&jurisdiction=CA&stattype=ALD%3APR&Year=2019%2C2022%2C2024&ShowDetails=true&QCData=true&RevealDataKeys=true
2026-09-19T02:11:11.189Z,NDE,MAT,Mathematics,8,MRPCM,Composite mathematics scale (0-500),CA,California,PARED,"Parental education level, from 2 questions",3,Some education after high school,ALD:AD,achievement level,Percent at NAEP Advanced,percent,,at NAEP Advanced,2019,2022,4.5879581606881,1.98022995956636,-2.6077282011217395,no statistically significant difference,EQUAL,1,0,,0,,SUBJ=MAT|COHORT=2|DEPVAR=MRPCM|SAMPLES=R3|YEAR=2019|JURISDICTIONS=CA|PARED=3|STAT=ALD:AD || SUBJ=MAT|COHORT=2|DEPVAR=MRPCM|SAMPLES=R3|YEAR=2022|JURISDICTIONS=CA|PARED=3|STAT=ALD:AD,https://www.nationsreportcard.gov/DataService/GetAdhocData.aspx?type=sigacrossyear&subject=mathematics&grade=8&subscale=MRPCM&variable=PARED&jurisdiction=CA&stattype=ALD%3AAD&Year=2019%2C2022%2C2024&ShowDetails=true&QCData=true&RevealDataKeys=true
2026-09-19T02:11:11.189Z,NDE,MAT,Mathematics,8,MRPCM,Composite mathematics scale (0-500),CA,California,PARED,"Parental education level, from 2 questions",3,Some education after high school,ALC:BB,achievement level,Percent below NAEP Basic,percent,,below NAEP Basic,2019,2022,35.96415908366,39.1241741348452,3.160015051185198,no statistically significant difference,EQUAL,1,0,,0,,SUBJ=MAT|COHORT=2|DEPVAR=MRPCM|SAMPLES=R3|YEAR=2019|JURISDICTIONS=CA|PARED=3|STAT=ALC:BB || SUBJ=MAT|COHORT=2|DEPVAR=MRPCM|SAMPLES=R3|YEAR=2022|JURISDICTIONS=CA|PARED=3|STAT=ALC:BB,https://www.nationsreportcard.gov/DataService/GetAdhocData.aspx?type=sigacrossyear&subject=mathematics&grade=8&subscale=MRPCM&variable=PARED&jurisdiction=CA&stattype=ALC%3ABB&Year=2019%2C2022%2C2024&ShowDetails=true&QCData=true&RevealDataKeys=true
2026-09-19T02:11:11.189Z,NDE,MAT,Mathematics,8,MRPCM,Composite mathematics scale (0-500),CA,California,PARED,"Parental education level, from 2 questions",3,Some education after high school,ALC:AB,achievement level,Percent at or above NAEP Basic,percent,,at or above NAEP Basic,2019,2022,64.03584091634,60.8758258651548,-3.160015051185205,no statistically significant difference,EQUAL,1,0,,0,,SUBJ=MAT|COHORT=2|DEPVAR=MRPCM|SAMPLES=R3|YEAR=2019|JURISDICTIONS=CA|PARED=3|STAT=ALC:AB || SUBJ=MAT|COHORT=2|DEPVAR=MRPCM|SAMPLES=R3|YEAR=2022|JURISDICTIONS=CA|PARED=3|STAT=ALC:AB,https://www.nationsreportcard.gov/DataService/GetAdhocData.aspx?type=sigacrossyear&subject=mathematics&grade=8&subscale=MRPCM&variable=PARED&jurisdiction=CA&stattype=ALC%3AAB&Year=2019%2C2022%2C2024&ShowDetails=true&QCData=true&RevealDataKeys=true
2026-09-19T02:11:11.189Z,NDE,MAT,Mathematics,8,MRPCM,Composite mathematics scale (0-500),CA,California,PARED,"Parental education level, from 2 questions",3,Some education after high school,ALC:AP,achievement level,Percent at or above NAEP Proficient,percent,,at or above NAEP Proficient,2019,2022,22.1939474036748,18.3593860549642,-3.8345613487106007,no statistically significant difference,EQUAL,1,0,,0,,SUBJ=MAT|COHORT=2|DEPVAR=MRPCM|SAMPLES=R3|YEAR=2019|JURISDICTIONS=CA|PARED=3|STAT=ALC:AP || SUBJ=MAT|COHORT=2|DEPVAR=MRPCM|SAMPLES=R3|YEAR=2022|JURISDICTIONS=CA|PARED=3|STAT=ALC:AP,https://www.nationsreportcard.gov/DataService/GetAdhocData.aspx?type=sigacrossyear&subject=mathematics&grade=8&subscale=MRPCM&variable=PARED&jurisdiction=CA&stattype=ALC%3AAP&Year=2019%2C2022%2C2024&ShowDetails=true&QCData=true&RevealDataKeys=true
2026-09-19T02:11:11.189Z,NDE,MAT,Mathematics,8,MRPCM,Composite mathematics scale (0-500),CA,California,PARED,"Parental education level, from 2 questions",3,Some education after high school,ALC:AD,achievement level,Percent at NAEP Advanced (cumulative code),percent,,at NAEP Advanced (cumulative code),2019,2022,4.5879581606881,1.98022995956636,-2.6077282011217395,no statistically significant difference,EQUAL,1,0,,0,,SUBJ=MAT|COHORT=2|DEPVAR=MRPCM|SAMPLES=R3|YEAR=2019|JURISDICTIONS=CA|PARED=3|STAT=ALC:AD || SUBJ=MAT|COHORT=2|DEPVAR=MRPCM|SAMPLES=R3|YEAR=2022|JURISDICTIONS=CA|PARED=3|STAT=ALC:AD,https://www.nationsreportcard.gov/DataService/GetAdhocData.aspx?type=sigacrossyear&subject=mathematics&grade=8&subscale=MRPCM&variable=PARED&jurisdiction=CA&stattype=ALC%3AAD&Year=2019%2C2022%2C2024&ShowDetails=true&QCData=true&RevealDataKeys=true
2026-09-19T02:11:11.189Z,NDE,MAT,Mathematics,8,MRPCM,Composite mathematics scale (0-500),CA,California,PARED,"Parental education level, from 2 questions",4,Graduated college,MN:MN,location,Average scale score,scale score,,,2019,2022,293.02428152706,288.905671334257,-4.118610192802976,no statistically significant difference,EQUAL,1,0,,0,,SUBJ=MAT|COHORT=2|DEPVAR=MRPCM|SAMPLES=R3|YEAR=2019|JURISDICTIONS=CA|PARED=4|STAT=MN:MN || SUBJ=MAT|COHORT=2|DEPVAR=MRPCM|SAMPLES=R3|YEAR=2022|JURISDICTIONS=CA|PARED=4|STAT=MN:MN,https://www.nationsreportcard.gov/DataService/GetAdhocData.aspx?type=sigacrossyear&subject=mathematics&grade=8&subscale=MRPCM&variable=PARED&jurisdiction=CA&stattype=MN%3AMN&Year=2019%2C2022%2C2024&ShowDetails=true&QCData=true&RevealDataKeys=true
2026-09-19T02:11:11.189Z,NDE,MAT,Mathematics,8,MRPCM,Composite mathematics scale (0-500),CA,California,PARED,"Parental education level, from 2 questions",4,Graduated college,PC:P1,percentile,10th percentile scale score,scale score,10.0,,2019,2022,234.876000213623,233.38450088501,-1.4914993286130027,no statistically significant difference,EQUAL,1,0,,0,,SUBJ=MAT|COHORT=2|DEPVAR=MRPCM|SAMPLES=R3|YEAR=2019|JURISDICTIONS=CA|PARED=4|STAT=PC:P1 || SUBJ=MAT|COHORT=2|DEPVAR=MRPCM|SAMPLES=R3|YEAR=2022|JURISDICTIONS=CA|PARED=4|STAT=PC:P1,https://www.nationsreportcard.gov/DataService/GetAdhocData.aspx?type=sigacrossyear&subject=mathematics&grade=8&subscale=MRPCM&variable=PARED&jurisdiction=CA&stattype=PC%3AP1&Year=2019%2C2022%2C2024&ShowDetails=true&QCData=true&RevealDataKeys=true
2026-09-19T02:11:11.189Z,NDE,MAT,Mathematics,8,MRPCM,Composite mathematics scale (0-500),CA,California,PARED,"Parental education level, from 2 questions",4,Graduated college,PC:P2,percentile,25th percentile scale score,scale score,25.0,,2019,2022,262.57449798584,258.950997924805,-3.623500061035031,no statistically significant difference,EQUAL,1,0,,0,,SUBJ=MAT|COHORT=2|DEPVAR=MRPCM|SAMPLES=R3|YEAR=2019|JURISDICTIONS=CA|PARED=4|STAT=PC:P2 || SUBJ=MAT|COHORT=2|DEPVAR=MRPCM|SAMPLES=R3|YEAR=2022|JURISDICTIONS=CA|PARED=4|STAT=PC:P2,https://www.nationsreportcard.gov/DataService/GetAdhocData.aspx?type=sigacrossyear&subject=mathematics&grade=8&subscale=MRPCM&variable=PARED&jurisdiction=CA&stattype=PC%3AP2&Year=2019%2C2022%2C2024&ShowDetails=true&QCData=true&RevealDataKeys=true
2026-09-19T02:11:11.189Z,NDE,MAT,Mathematics,8,MRPCM,Composite mathematics scale (0-500),CA,California,PARED,"Parental education level, from 2 questions",4,Graduated college,PC:P5,percentile,50th percentile scale score,scale score,50.0,,2019,2022,294.238000488281,287.558000183105,-6.680000305176009,no statistically significant difference,EQUAL,1,0,,0,,SUBJ=MAT|COHORT=2|DEPVAR=MRPCM|SAMPLES=R3|YEAR=2019|JURISDICTIONS=CA|PARED=4|STAT=PC:P5 || SUBJ=MAT|COHORT=2|DEPVAR=MRPCM|SAMPLES=R3|YEAR=2022|JURISDICTIONS=CA|PARED=4|STAT=PC:P5,https://www.nationsreportcard.gov/DataService/GetAdhocData.aspx?type=sigacrossyear&subject=mathematics&grade=8&subscale=MRPCM&variable=PARED&jurisdiction=CA&stattype=PC%3AP5&Year=2019%2C2022%2C2024&ShowDetails=true&QCData=true&RevealDataKeys=true
2026-09-19T02:11:11.189Z,NDE,MAT,Mathematics,8,MRPCM,Composite mathematics scale (0-500),CA,California,PARED,"Parental education level, from 2 questions",4,Graduated college,PC:P7,percentile,75th percentile scale score,scale score,75.0,,2019,2022,324.908499145508,319.164999389649,-5.743499755859034,no statistically significant difference,EQUAL,1,0,,0,,SUBJ=MAT|COHORT=2|DEPVAR=MRPCM|SAMPLES=R3|YEAR=2019|JURISDICTIONS=CA|PARED=4|STAT=PC:P7 || SUBJ=MAT|COHORT=2|DEPVAR=MRPCM|SAMPLES=R3|YEAR=2022|JURISDICTIONS=CA|PARED=4|STAT=PC:P7,https://www.nationsreportcard.gov/DataService/GetAdhocData.aspx?type=sigacrossyear&subject=mathematics&grade=8&subscale=MRPCM&variable=PARED&jurisdiction=CA&stattype=PC%3AP7&Year=2019%2C2022%2C2024&ShowDetails=true&QCData=true&RevealDataKeys=true
2026-09-19T02:11:11.189Z,NDE,MAT,Mathematics,8,MRPCM,Composite mathematics scale (0-500),CA,California,PARED,"Parental education level, from 2 questions",4,Graduated college,PC:P9,percentile,90th percentile scale score,scale score,90.0,,2019,2022,348.17900390625,346.177502441406,-2.0015014648440115,no statistically significant difference,EQUAL,1,0,,0,,SUBJ=MAT|COHORT=2|DEPVAR=MRPCM|SAMPLES=R3|YEAR=2019|JURISDICTIONS=CA|PARED=4|STAT=PC:P9 || SUBJ=MAT|COHORT=2|DEPVAR=MRPCM|SAMPLES=R3|YEAR=2022|JURISDICTIONS=CA|PARED=4|STAT=PC:P9,https://www.nationsreportcard.gov/DataService/GetAdhocData.aspx?type=sigacrossyear&subject=mathematics&grade=8&subscale=MRPCM&variable=PARED&jurisdiction=CA&stattype=PC%3AP9&Year=2019%2C2022%2C2024&ShowDetails=true&QCData=true&RevealDataKeys=true
2026-09-19T02:11:11.189Z,NDE,MAT,Mathematics,8,MRPCM,Composite mathematics scale (0-500),CA,California,PARED,"Parental education level, from 2 questions",4,Graduated college,ALD:BA,achievement level,Percent at NAEP Basic,percent,,at NAEP Basic,2019,2022,29.4343698541682,33.3724564243651,3.938086570196898,no statistically significant difference,EQUAL,1,0,,0,,SUBJ=MAT|COHORT=2|DEPVAR=MRPCM|SAMPLES=R3|YEAR=2019|JURISDICTIONS=CA|PARED=4|STAT=ALD:BA || SUBJ=MAT|COHORT=2|DEPVAR=MRPCM|SAMPLES=R3|YEAR=2022|JURISDICTIONS=CA|PARED=4|STAT=ALD:BA,https://www.nationsreportcard.gov/DataService/GetAdhocData.aspx?type=sigacrossyear&subject=mathematics&grade=8&subscale=MRPCM&variable=PARED&jurisdiction=CA&stattype=ALD%3ABA&Year=2019%2C2022%2C2024&ShowDetails=true&QCData=true&RevealDataKeys=true
2026-09-19T02:11:11.189Z,NDE,MAT,Mathematics,8,MRPCM,Composite mathematics scale (0-500),CA,California,PARED,"Parental education level, from 2 questions",4,Graduated college,ALD:PR,achievement level,Percent at NAEP Proficient,percent,,at NAEP Proficient,2019,2022,26.6733457887755,22.948238234177,-3.725107554598498,no statistically significant difference,EQUAL,1,0,,0,,SUBJ=MAT|COHORT=2|DEPVAR=MRPCM|SAMPLES=R3|YEAR=2019|JURISDICTIONS=CA|PARED=4|STAT=ALD:PR || SUBJ=MAT|COHORT=2|DEPVAR=MRPCM|SAMPLES=R3|YEAR=2022|JURISDICTIONS=CA|PARED=4|STAT=ALD:PR,https://www.nationsreportcard.gov/DataService/GetAdhocData.aspx?type=sigacrossyear&subject=mathematics&grade=8&subscale=MRPCM&variable=PARED&jurisdiction=CA&stattype=ALD%3APR&Year=2019%2C2022%2C2024&ShowDetails=true&QCData=true&RevealDataKeys=true
2026-09-19T02:11:11.189Z,NDE,MAT,Mathematics,8,MRPCM,Composite mathematics scale (0-500),CA,California,PARED,"Parental education level, from 2 questions",4,Graduated college,ALD:AD,achievement level,Percent at NAEP Advanced,percent,,at NAEP Advanced,2019,2022,19.254912483641,16.4985593930475,-2.7563530905935,no statistically significant difference,EQUAL,1,0,,0,,SUBJ=MAT|COHORT=2|DEPVAR=MRPCM|SAMPLES=R3|YEAR=2019|JURISDICTIONS=CA|PARED=4|STAT=ALD:AD || SUBJ=MAT|COHORT=2|DEPVAR=MRPCM|SAMPLES=R3|YEAR=2022|JURISDICTIONS=CA|PARED=4|STAT=ALD:AD,https://www.nationsreportcard.gov/DataService/GetAdhocData.aspx?type=sigacrossyear&subject=mathematics&grade=8&subscale=MRPCM&variable=PARED&jurisdiction=CA&stattype=ALD%3AAD&Year=2019%2C2022%2C2024&ShowDetails=true&QCData=true&RevealDataKeys=true
2026-09-19T02:11:11.189Z,NDE,MAT,Mathematics,8,MRPCM,Composite mathematics scale (0-500),CA,California,PARED,"Parental education level, from 2 questions",4,Graduated college,ALC:BB,achievement level,Percent below NAEP Basic,percent,,below NAEP Basic,2019,2022,24.6373718734152,27.1807459484103,2.5433740749951,no statistically significant difference,EQUAL,1,0,,0,,SUBJ=MAT|COHORT=2|DEPVAR=MRPCM|SAMPLES=R3|YEAR=2019|JURISDICTIONS=CA|PARED=4|STAT=ALC:BB || SUBJ=MAT|COHORT=2|DEPVAR=MRPCM|SAMPLES=R3|YEAR=2022|JURISDICTIONS=CA|PARED=4|STAT=ALC:BB,https://www.nationsreportcard.gov/DataService/GetAdhocData.aspx?type=sigacrossyear&subject=mathematics&grade=8&subscale=MRPCM&variable=PARED&jurisdiction=CA&stattype=ALC%3ABB&Year=2019%2C2022%2C2024&ShowDetails=true&QCData=true&RevealDataKeys=true
2026-09-19T02:11:11.189Z,NDE,MAT,Mathematics,8,MRPCM,Composite mathematics scale (0-500),CA,California,PARED,"Parental education level, from 2 questions",4,Graduated college,ALC:AB,achievement level,Percent at or above NAEP Basic,percent,,at or above NAEP Basic,2019,2022,75.3626281265848,72.8192540515897,-2.5433740749951,no statistically significant difference,EQUAL,1,0,,0,,SUBJ=MAT|COHORT=2|DEPVAR=MRPCM|SAMPLES=R3|YEAR=2019|JURISDICTIONS=CA|PARED=4|STAT=ALC:AB || SUBJ=MAT|COHORT=2|DEPVAR=MRPCM|SAMPLES=R3|YEAR=2022|JURISDICTIONS=CA|PARED=4|STAT=ALC:AB,https://www.nationsreportcard.gov/DataService/GetAdhocData.aspx?type=sigacrossyear&subject=mathematics&grade=8&subscale=MRPCM&variable=PARED&jurisdiction=CA&stattype=ALC%3AAB&Year=2019%2C2022%2C2024&ShowDetails=true&QCData=true&RevealDataKeys=true
2026-09-19T02:11:11.189Z,NDE,MAT,Mathematics,8,MRPCM,Composite mathematics scale (0-500),CA,California,PARED,"Parental education level, from 2 questions",4,Graduated college,ALC:AP,achievement level,Percent at or above NAEP Proficient,percent,,at or above NAEP Proficient,2019,2022,45.9282582724166,39.4467976272245,-6.481460645192101,no statistically significant difference,EQUAL,1,0,,0,,SUBJ=MAT|COHORT=2|DEPVAR=MRPCM|SAMPLES=R3|YEAR=2019|JURISDICTIONS=CA|PARED=4|STAT=ALC:AP || SUBJ=MAT|COHORT=2|DEPVAR=MRPCM|SAMPLES=R3|YEAR=2022|JURISDICTIONS=CA|PARED=4|STAT=ALC:AP,https://www.nationsreportcard.gov/DataService/GetAdhocData.aspx?type=sigacrossyear&subject=mathematics&grade=8&subscale=MRPCM&variable=PARED&jurisdiction=CA&stattype=ALC%3AAP&Year=2019%2C2022%2C2024&ShowDetails=true&QCData=true&RevealDataKeys=true
2026-09-19T02:11:11.189Z,NDE,MAT,Mathematics,8,MRPCM,Composite mathematics scale (0-500),CA,California,PARED,"Parental education level, from 2 questions",4,Graduated college,ALC:AD,achievement level,Percent at NAEP Advanced (cumulative code),percent,,at NAEP Advanced (cumulative code),2019,2022,19.254912483641,16.4985593930475,-2.7563530905935,no statistically significant difference,EQUAL,1,0,,0,,SUBJ=MAT|COHORT=2|DEPVAR=MRPCM|SAMPLES=R3|YEAR=2019|JURISDICTIONS=CA|PARED=4|STAT=ALC:AD || SUBJ=MAT|COHORT=2|DEPVAR=MRPCM|SAMPLES=R3|YEAR=2022|JURISDICTIONS=CA|PARED=4|STAT=ALC:AD,https://www.nationsreportcard.gov/DataService/GetAdhocData.aspx?type=sigacrossyear&subject=mathematics&grade=8&subscale=MRPCM&variable=PARED&jurisdiction=CA&stattype=ALC%3AAD&Year=2019%2C2022%2C2024&ShowDetails=true&QCData=true&RevealDataKeys=true
2026-09-19T02:11:11.189Z,NDE,MAT,Mathematics,8,MRPCM,Composite mathematics scale (0-500),CA,California,PARED,"Parental education level, from 2 questions",5,Unknown,MN:MN,location,Average scale score,scale score,,,2019,2022,257.514997466699,253.165617071406,-4.349380395293025,no statistically significant difference,EQUAL,1,0,,0,,SUBJ=MAT|COHORT=2|DEPVAR=MRPCM|SAMPLES=R3|YEAR=2019|JURISDICTIONS=CA|PARED=5|STAT=MN:MN || SUBJ=MAT|COHORT=2|DEPVAR=MRPCM|SAMPLES=R3|YEAR=2022|JURISDICTIONS=CA|PARED=5|STAT=MN:MN,https://www.nationsreportcard.gov/DataService/GetAdhocData.aspx?type=sigacrossyear&subject=mathematics&grade=8&subscale=MRPCM&variable=PARED&jurisdiction=CA&stattype=MN%3AMN&Year=2019%2C2022%2C2024&ShowDetails=true&QCData=true&RevealDataKeys=true
2026-09-19T02:11:11.189Z,NDE,MAT,Mathematics,8,MRPCM,Composite mathematics scale (0-500),CA,California,PARED,"Parental education level, from 2 questions",5,Unknown,PC:P1,percentile,10th percentile scale score,scale score,10.0,,2019,2022,213.340999603272,208.486000823975,-4.854998779297006,no statistically significant difference,EQUAL,1,0,,0,,SUBJ=MAT|COHORT=2|DEPVAR=MRPCM|SAMPLES=R3|YEAR=2019|JURISDICTIONS=CA|PARED=5|STAT=PC:P1 || SUBJ=MAT|COHORT=2|DEPVAR=MRPCM|SAMPLES=R3|YEAR=2022|JURISDICTIONS=CA|PARED=5|STAT=PC:P1,https://www.nationsreportcard.gov/DataService/GetAdhocData.aspx?type=sigacrossyear&subject=mathematics&grade=8&subscale=MRPCM&variable=PARED&jurisdiction=CA&stattype=PC%3AP1&Year=2019%2C2022%2C2024&ShowDetails=true&QCData=true&RevealDataKeys=true
2026-09-19T02:11:11.189Z,NDE,MAT,Mathematics,8,MRPCM,Composite mathematics scale (0-500),CA,California,PARED,"Parental education level, from 2 questions",5,Unknown,PC:P2,percentile,25th percentile scale score,scale score,25.0,,2019,2022,233.021999359131,227.851500701904,-5.170498657227,no statistically significant difference,EQUAL,1,0,,0,,SUBJ=MAT|COHORT=2|DEPVAR=MRPCM|SAMPLES=R3|YEAR=2019|JURISDICTIONS=CA|PARED=5|STAT=PC:P2 || SUBJ=MAT|COHORT=2|DEPVAR=MRPCM|SAMPLES=R3|YEAR=2022|JURISDICTIONS=CA|PARED=5|STAT=PC:P2,https://www.nationsreportcard.gov/DataService/GetAdhocData.aspx?type=sigacrossyear&subject=mathematics&grade=8&subscale=MRPCM&variable=PARED&jurisdiction=CA&stattype=PC%3AP2&Year=2019%2C2022%2C2024&ShowDetails=true&QCData=true&RevealDataKeys=true
2026-09-19T02:11:11.189Z,NDE,MAT,Mathematics,8,MRPCM,Composite mathematics scale (0-500),CA,California,PARED,"Parental education level, from 2 questions",5,Unknown,PC:P5,percentile,50th percentile scale score,scale score,50.0,,2019,2022,254.995997619629,251.890000152588,-3.1059974670410213,no statistically significant difference,EQUAL,1,0,,0,,SUBJ=MAT|COHORT=2|DEPVAR=MRPCM|SAMPLES=R3|YEAR=2019|JURISDICTIONS=CA|PARED=5|STAT=PC:P5 || SUBJ=MAT|COHORT=2|DEPVAR=MRPCM|SAMPLES=R3|YEAR=2022|JURISDICTIONS=CA|PARED=5|STAT=PC:P5,https://www.nationsreportcard.gov/DataService/GetAdhocData.aspx?type=sigacrossyear&subject=mathematics&grade=8&subscale=MRPCM&variable=PARED&jurisdiction=CA&stattype=PC%3AP5&Year=2019%2C2022%2C2024&ShowDetails=true&QCData=true&RevealDataKeys=true
2026-09-19T02:11:11.189Z,NDE,MAT,Mathematics,8,MRPCM,Composite mathematics scale (0-500),CA,California,PARED,"Parental education level, from 2 questions",5,Unknown,PC:P7,percentile,75th percentile scale score,scale score,75.0,,2019,2022,281.109997558594,277.847996520996,-3.2620010375979973,no statistically significant difference,EQUAL,1,0,,0,,SUBJ=MAT|COHORT=2|DEPVAR=MRPCM|SAMPLES=R3|YEAR=2019|JURISDICTIONS=CA|PARED=5|STAT=PC:P7 || SUBJ=MAT|COHORT=2|DEPVAR=MRPCM|SAMPLES=R3|YEAR=2022|JURISDICTIONS=CA|PARED=5|STAT=PC:P7,https://www.nationsreportcard.gov/DataService/GetAdhocData.aspx?type=sigacrossyear&subject=mathematics&grade=8&subscale=MRPCM&variable=PARED&jurisdiction=CA&stattype=PC%3AP7&Year=2019%2C2022%2C2024&ShowDetails=true&QCData=true&RevealDataKeys=true
2026-09-19T02:11:11.189Z,NDE,MAT,Mathematics,8,MRPCM,Composite mathematics scale (0-500),CA,California,PARED,"Parental education level, from 2 questions",5,Unknown,PC:P9,percentile,90th percentile scale score,scale score,90.0,,2019,2022,307.300498962402,299.931497192383,-7.369001770018997,no statistically significant difference,EQUAL,1,0,,0,,SUBJ=MAT|COHORT=2|DEPVAR=MRPCM|SAMPLES=R3|YEAR=2019|JURISDICTIONS=CA|PARED=5|STAT=PC:P9 || SUBJ=MAT|COHORT=2|DEPVAR=MRPCM|SAMPLES=R3|YEAR=2022|JURISDICTIONS=CA|PARED=5|STAT=PC:P9,https://www.nationsreportcard.gov/DataService/GetAdhocData.aspx?type=sigacrossyear&subject=mathematics&grade=8&subscale=MRPCM&variable=PARED&jurisdiction=CA&stattype=PC%3AP9&Year=2019%2C2022%2C2024&ShowDetails=true&QCData=true&RevealDataKeys=true
2026-09-19T02:11:11.189Z,NDE,MAT,Mathematics,8,MRPCM,Composite mathematics scale (0-500),CA,California,PARED,"Parental education level, from 2 questions",5,Unknown,ALD:BA,achievement level,Percent at NAEP Basic,percent,,at NAEP Basic,2019,2022,28.7170952522596,28.1723196379252,-0.5447756143344016,no statistically significant difference,EQUAL,1,0,,0,,SUBJ=MAT|COHORT=2|DEPVAR=MRPCM|SAMPLES=R3|YEAR=2019|JURISDICTIONS=CA|PARED=5|STAT=ALD:BA || SUBJ=MAT|COHORT=2|DEPVAR=MRPCM|SAMPLES=R3|YEAR=2022|JURISDICTIONS=CA|PARED=5|STAT=ALD:BA,https://www.nationsreportcard.gov/DataService/GetAdhocData.aspx?type=sigacrossyear&subject=mathematics&grade=8&subscale=MRPCM&variable=PARED&jurisdiction=CA&stattype=ALD%3ABA&Year=2019%2C2022%2C2024&ShowDetails=true&QCData=true&RevealDataKeys=true
2026-09-19T02:11:11.189Z,NDE,MAT,Mathematics,8,MRPCM,Composite mathematics scale (0-500),CA,California,PARED,"Parental education level, from 2 questions",5,Unknown,ALD:PR,achievement level,Percent at NAEP Proficient,percent,,at NAEP Proficient,2019,2022,11.4373795115396,8.59782637375566,-2.83955313778394,no statistically significant difference,EQUAL,1,0,,0,,SUBJ=MAT|COHORT=2|DEPVAR=MRPCM|SAMPLES=R3|YEAR=2019|JURISDICTIONS=CA|PARED=5|STAT=ALD:PR || SUBJ=MAT|COHORT=2|DEPVAR=MRPCM|SAMPLES=R3|YEAR=2022|JURISDICTIONS=CA|PARED=5|STAT=ALD:PR,https://www.nationsreportcard.gov/DataService/GetAdhocData.aspx?type=sigacrossyear&subject=mathematics&grade=8&subscale=MRPCM&variable=PARED&jurisdiction=CA&stattype=ALD%3APR&Year=2019%2C2022%2C2024&ShowDetails=true&QCData=true&RevealDataKeys=true
2026-09-19T02:11:11.189Z,NDE,MAT,Mathematics,8,MRPCM,Composite mathematics scale (0-500),CA,California,PARED,"Parental education level, from 2 questions",5,Unknown,ALD:AD,achievement level,Percent at NAEP Advanced,percent,,at NAEP Advanced,2019,2022,2.45080320479281,2.09603068175702,-0.3547725230357899,no statistically significant difference,EQUAL,1,0,,0,,SUBJ=MAT|COHORT=2|DEPVAR=MRPCM|SAMPLES=R3|YEAR=2019|JURISDICTIONS=CA|PARED=5|STAT=ALD:AD || SUBJ=MAT|COHORT=2|DEPVAR=MRPCM|SAMPLES=R3|YEAR=2022|JURISDICTIONS=CA|PARED=5|STAT=ALD:AD,https://www.nationsreportcard.gov/DataService/GetAdhocData.aspx?type=sigacrossyear&subject=mathematics&grade=8&subscale=MRPCM&variable=PARED&jurisdiction=CA&stattype=ALD%3AAD&Year=2019%2C2022%2C2024&ShowDetails=true&QCData=true&RevealDataKeys=true
2026-09-19T02:11:11.189Z,NDE,MAT,Mathematics,8,MRPCM,Composite mathematics scale (0-500),CA,California,PARED,"Parental education level, from 2 questions",5,Unknown,ALC:BB,achievement level,Percent below NAEP Basic,percent,,below NAEP Basic,2019,2022,57.394722031408,61.1338233065621,3.7391012751540975,no statistically significant difference,EQUAL,1,0,,0,,SUBJ=MAT|COHORT=2|DEPVAR=MRPCM|SAMPLES=R3|YEAR=2019|JURISDICTIONS=CA|PARED=5|STAT=ALC:BB || SUBJ=MAT|COHORT=2|DEPVAR=MRPCM|SAMPLES=R3|YEAR=2022|JURISDICTIONS=CA|PARED=5|STAT=ALC:BB,https://www.nationsreportcard.gov/DataService/GetAdhocData.aspx?type=sigacrossyear&subject=mathematics&grade=8&subscale=MRPCM&variable=PARED&jurisdiction=CA&stattype=ALC%3ABB&Year=2019%2C2022%2C2024&ShowDetails=true&QCData=true&RevealDataKeys=true
2026-09-19T02:11:11.189Z,NDE,MAT,Mathematics,8,MRPCM,Composite mathematics scale (0-500),CA,California,PARED,"Parental education level, from 2 questions",5,Unknown,ALC:AB,achievement level,Percent at or above NAEP Basic,percent,,at or above NAEP Basic,2019,2022,42.605277968592,38.8661766934379,-3.7391012751540975,no statistically significant difference,EQUAL,1,0,,0,,SUBJ=MAT|COHORT=2|DEPVAR=MRPCM|SAMPLES=R3|YEAR=2019|JURISDICTIONS=CA|PARED=5|STAT=ALC:AB || SUBJ=MAT|COHORT=2|DEPVAR=MRPCM|SAMPLES=R3|YEAR=2022|JURISDICTIONS=CA|PARED=5|STAT=ALC:AB,https://www.nationsreportcard.gov/DataService/GetAdhocData.aspx?type=sigacrossyear&subject=mathematics&grade=8&subscale=MRPCM&variable=PARED&jurisdiction=CA&stattype=ALC%3AAB&Year=2019%2C2022%2C2024&ShowDetails=true&QCData=true&RevealDataKeys=true
2026-09-19T02:11:11.189Z,NDE,MAT,Mathematics,8,MRPCM,Composite mathematics scale (0-500),CA,California,PARED,"Parental education level, from 2 questions",5,Unknown,ALC:AP,achievement level,Percent at or above NAEP Proficient,percent,,at or above NAEP Proficient,2019,2022,13.8881827163324,10.6938570555127,-3.1943256608197004,no statistically significant difference,EQUAL,1,0,,0,,SUBJ=MAT|COHORT=2|DEPVAR=MRPCM|SAMPLES=R3|YEAR=2019|JURISDICTIONS=CA|PARED=5|STAT=ALC:AP || SUBJ=MAT|COHORT=2|DEPVAR=MRPCM|SAMPLES=R3|YEAR=2022|JURISDICTIONS=CA|PARED=5|STAT=ALC:AP,https://www.nationsreportcard.gov/DataService/GetAdhocData.aspx?type=sigacrossyear&subject=mathematics&grade=8&subscale=MRPCM&variable=PARED&jurisdiction=CA&stattype=ALC%3AAP&Year=2019%2C2022%2C2024&ShowDetails=true&QCData=true&RevealDataKeys=true
2026-09-19T02:11:11.189Z,NDE,MAT,Mathematics,8,MRPCM,Composite mathematics scale (0-500),CA,California,PARED,"Parental education level, from 2 questions",5,Unknown,ALC:AD,achievement level,Percent at NAEP Advanced (cumulative code),percent,,at NAEP Advanced (cumulative code),2019,2022,2.45080320479281,2.09603068175702,-0.3547725230357899,no statistically significant difference,EQUAL,1,0,,0,,SUBJ=MAT|COHORT=2|DEPVAR=MRPCM|SAMPLES=R3|YEAR=2019|JURISDICTIONS=CA|PARED=5|STAT=ALC:AD || SUBJ=MAT|COHORT=2|DEPVAR=MRPCM|SAMPLES=R3|YEAR=2022|JURISDICTIONS=CA|PARED=5|STAT=ALC:AD,https://www.nationsreportcard.gov/DataService/GetAdhocData.aspx?type=sigacrossyear&subject=mathematics&grade=8&subscale=MRPCM&variable=PARED&jurisdiction=CA&stattype=ALC%3AAD&Year=2019%2C2022%2C2024&ShowDetails=true&QCData=true&RevealDataKeys=true
2026-09-19T02:11:11.189Z,NDE,MAT,Mathematics,8,MRPCM,Composite mathematics scale (0-500),CA,California,C051651,Percent eligible for National School Lunch Program,1,0%,MN:MN,location,Average scale score,scale score,,,2019,2022,,,,,,0,268435713,reporting standard not met; standard error not applicable; skipped-variable note,268435713,reporting standard not met; standard error not applicable; skipped-variable note,SUBJ=MAT|COHORT=2|DEPVAR=MRPCM|SAMPLES=R3|YEAR=2019|JURISDICTIONS=CA|C051651=1|STAT=MN:MN || SUBJ=MAT|COHORT=2|DEPVAR=MRPCM|SAMPLES=R3|YEAR=2022|JURISDICTIONS=CA|C051651=1|STAT=MN:MN,https://www.nationsreportcard.gov/DataService/GetAdhocData.aspx?type=sigacrossyear&subject=mathematics&grade=8&subscale=MRPCM&variable=C051651&jurisdiction=CA&stattype=MN%3AMN&Year=2019%2C2022%2C2024&ShowDetails=true&QCData=true&RevealDataKeys=true
2026-09-19T02:11:11.189Z,NDE,MAT,Mathematics,8,MRPCM,Composite mathematics scale (0-500),CA,California,C051651,Percent eligible for National School Lunch Program,1,0%,PC:P1,percentile,10th percentile scale score,scale score,10.0,,2019,2022,,,,,,0,268435713,reporting standard not met; standard error not applicable; skipped-variable note,268435713,reporting standard not met; standard error not applicable; skipped-variable note,SUBJ=MAT|COHORT=2|DEPVAR=MRPCM|SAMPLES=R3|YEAR=2019|JURISDICTIONS=CA|C051651=1|STAT=PC:P1 || SUBJ=MAT|COHORT=2|DEPVAR=MRPCM|SAMPLES=R3|YEAR=2022|JURISDICTIONS=CA|C051651=1|STAT=PC:P1,https://www.nationsreportcard.gov/DataService/GetAdhocData.aspx?type=sigacrossyear&subject=mathematics&grade=8&subscale=MRPCM&variable=C051651&jurisdiction=CA&stattype=PC%3AP1&Year=2019%2C2022%2C2024&ShowDetails=true&QCData=true&RevealDataKeys=true
2026-09-19T02:11:11.189Z,NDE,MAT,Mathematics,8,MRPCM,Composite mathematics scale (0-500),CA,California,C051651,Percent eligible for National School Lunch Program,1,0%,PC:P2,percentile,25th percentile scale score,scale score,25.0,,2019,2022,,,,,,0,268435713,reporting standard not met; standard error not applicable; skipped-variable note,268435713,reporting standard not met; standard error not applicable; skipped-variable note,SUBJ=MAT|COHORT=2|DEPVAR=MRPCM|SAMPLES=R3|YEAR=2019|JURISDICTIONS=CA|C051651=1|STAT=PC:P2 || SUBJ=MAT|COHORT=2|DEPVAR=MRPCM|SAMPLES=R3|YEAR=2022|JURISDICTIONS=CA|C051651=1|STAT=PC:P2,https://www.nationsreportcard.gov/DataService/GetAdhocData.aspx?type=sigacrossyear&subject=mathematics&grade=8&subscale=MRPCM&variable=C051651&jurisdiction=CA&stattype=PC%3AP2&Year=2019%2C2022%2C2024&ShowDetails=true&QCData=true&RevealDataKeys=true
2026-09-19T02:11:11.189Z,NDE,MAT,Mathematics,8,MRPCM,Composite mathematics scale (0-500),CA,California,C051651,Percent eligible for National School Lunch Program,1,0%,PC:P5,percentile,50th percentile scale score,scale score,50.0,,2019,2022,,,,,,0,268435713,reporting standard not met; standard error not applicable; skipped-variable note,268435713,reporting standard not met; standard error not applicable; skipped-variable note,SUBJ=MAT|COHORT=2|DEPVAR=MRPCM|SAMPLES=R3|YEAR=2019|JURISDICTIONS=CA|C051651=1|STAT=PC:P5 || SUBJ=MAT|COHORT=2|DEPVAR=MRPCM|SAMPLES=R3|YEAR=2022|JURISDICTIONS=CA|C051651=1|STAT=PC:P5,https://www.nationsreportcard.gov/DataService/GetAdhocData.aspx?type=sigacrossyear&subject=mathematics&grade=8&subscale=MRPCM&variable=C051651&jurisdiction=CA&stattype=PC%3AP5&Year=2019%2C2022%2C2024&ShowDetails=true&QCData=true&RevealDataKeys=true
2026-09-19T02:11:11.189Z,NDE,MAT,Mathematics,8,MRPCM,Composite mathematics scale (0-500),CA,California,C051651,Percent eligible for National School Lunch Program,1,0%,PC:P7,percentile,75th percentile scale score,scale score,75.0,,2019,2022,,,,,,0,268435713,reporting standard not met; standard error not applicable; skipped-variable note,268435713,reporting standard not met; standard error not applicable; skipped-variable note,SUBJ=MAT|COHORT=2|DEPVAR=MRPCM|SAMPLES=R3|YEAR=2019|JURISDICTIONS=CA|C051651=1|STAT=PC:P7 || SUBJ=MAT|COHORT=2|DEPVAR=MRPCM|SAMPLES=R3|YEAR=2022|JURISDICTIONS=CA|C051651=1|STAT=PC:P7,https://www.nationsreportcard.gov/DataService/GetAdhocData.aspx?type=sigacrossyear&subject=mathematics&grade=8&subscale=MRPCM&variable=C051651&jurisdiction=CA&stattype=PC%3AP7&Year=2019%2C2022%2C2024&ShowDetails=true&QCData=true&RevealDataKeys=true
2026-09-19T02:11:11.189Z,NDE,MAT,Mathematics,8,MRPCM,Composite mathematics scale (0-500),CA,California,C051651,Percent eligible for National School Lunch Program,1,0%,PC:P9,percentile,90th percentile scale score,scale score,90.0,,2019,2022,,,,,,0,268435713,reporting standard not met; standard error not applicable; skipped-variable note,268435713,reporting standard not met; standard error not applicable; skipped-variable note,SUBJ=MAT|COHORT=2|DEPVAR=MRPCM|SAMPLES=R3|YEAR=2019|JURISDICTIONS=CA|C051651=1|STAT=PC:P9 || SUBJ=MAT|COHORT=2|DEPVAR=MRPCM|SAMPLES=R3|YEAR=2022|JURISDICTIONS=CA|C051651=1|STAT=PC:P9,https://www.nationsreportcard.gov/DataService/GetAdhocData.aspx?type=sigacrossyear&subject=mathematics&grade=8&subscale=MRPCM&variable=C051651&jurisdiction=CA&stattype=PC%3AP9&Year=2019%2C2022%2C2024&ShowDetails=true&QCData=true&RevealDataKeys=true
2026-09-19T02:11:11.189Z,NDE,MAT,Mathematics,8,MRPCM,Composite mathematics scale (0-500),CA,California,C051651,Percent eligible for National School Lunch Program,1,0%,ALD:BA,achievement level,Percent at NAEP Basic,percent,,at NAEP Basic,2019,2022,,,,,,0,268435715,reporting standard not met; extreme percentage; standard error not applicable; skipped-variable note,268435715,reporting standard not met; extreme percentage; standard error not applicable; skipped-variable note,SUBJ=MAT|COHORT=2|DEPVAR=MRPCM|SAMPLES=R3|YEAR=2019|JURISDICTIONS=CA|C051651=1|STAT=ALD:BA || SUBJ=MAT|COHORT=2|DEPVAR=MRPCM|SAMPLES=R3|YEAR=2022|JURISDICTIONS=CA|C051651=1|STAT=ALD:BA,https://www.nationsreportcard.gov/DataService/GetAdhocData.aspx?type=sigacrossyear&subject=mathematics&grade=8&subscale=MRPCM&variable=C051651&jurisdiction=CA&stattype=ALD%3ABA&Year=2019%2C2022%2C2024&ShowDetails=true&QCData=true&RevealDataKeys=true
2026-09-19T02:11:11.189Z,NDE,MAT,Mathematics,8,MRPCM,Composite mathematics scale (0-500),CA,California,C051651,Percent eligible for National School Lunch Program,1,0%,ALD:PR,achievement level,Percent at NAEP Proficient,percent,,at NAEP Proficient,2019,2022,,,,,,0,268435715,reporting standard not met; extreme percentage; standard error not applicable; skipped-variable note,268435715,reporting standard not met; extreme percentage; standard error not applicable; skipped-variable note,SUBJ=MAT|COHORT=2|DEPVAR=MRPCM|SAMPLES=R3|YEAR=2019|JURISDICTIONS=CA|C051651=1|STAT=ALD:PR || SUBJ=MAT|COHORT=2|DEPVAR=MRPCM|SAMPLES=R3|YEAR=2022|JURISDICTIONS=CA|C051651=1|STAT=ALD:PR,https://www.nationsreportcard.gov/DataService/GetAdhocData.aspx?type=sigacrossyear&subject=mathematics&grade=8&subscale=MRPCM&variable=C051651&jurisdiction=CA&stattype=ALD%3APR&Year=2019%2C2022%2C2024&ShowDetails=true&QCData=true&RevealDataKeys=true
2026-09-19T02:11:11.189Z,NDE,MAT,Mathematics,8,MRPCM,Composite mathematics scale (0-500),CA,California,C051651,Percent eligible for National School Lunch Program,1,0%,ALD:AD,achievement level,Percent at NAEP Advanced,percent,,at NAEP Advanced,2019,2022,,,,,,0,268435715,reporting standard not met; extreme percentage; standard error not applicable; skipped-variable note,268435715,reporting standard not met; extreme percentage; standard error not applicable; skipped-variable note,SUBJ=MAT|COHORT=2|DEPVAR=MRPCM|SAMPLES=R3|YEAR=2019|JURISDICTIONS=CA|C051651=1|STAT=ALD:AD || SUBJ=MAT|COHORT=2|DEPVAR=MRPCM|SAMPLES=R3|YEAR=2022|JURISDICTIONS=CA|C051651=1|STAT=ALD:AD,https://www.nationsreportcard.gov/DataService/GetAdhocData.aspx?type=sigacrossyear&subject=mathematics&grade=8&subscale=MRPCM&variable=C051651&jurisdiction=CA&stattype=ALD%3AAD&Year=2019%2C2022%2C2024&ShowDetails=true&QCData=true&RevealDataKeys=true
2026-09-19T02:11:11.189Z,NDE,MAT,Mathematics,8,MRPCM,Composite mathematics scale (0-500),CA,California,C051651,Percent eligible for National School Lunch Program,1,0%,ALC:BB,achievement level,Percent below NAEP Basic,percent,,below NAEP Basic,2019,2022,,,,,,0,268435715,reporting standard not met; extreme percentage; standard error not applicable; skipped-variable note,268435715,reporting standard not met; extreme percentage; standard error not applicable; skipped-variable note,SUBJ=MAT|COHORT=2|DEPVAR=MRPCM|SAMPLES=R3|YEAR=2019|JURISDICTIONS=CA|C051651=1|STAT=ALC:BB || SUBJ=MAT|COHORT=2|DEPVAR=MRPCM|SAMPLES=R3|YEAR=2022|JURISDICTIONS=CA|C051651=1|STAT=ALC:BB,https://www.nationsreportcard.gov/DataService/GetAdhocData.aspx?type=sigacrossyear&subject=mathematics&grade=8&subscale=MRPCM&variable=C051651&jurisdiction=CA&stattype=ALC%3ABB&Year=2019%2C2022%2C2024&ShowDetails=true&QCData=true&RevealDataKeys=true
2026-09-19T02:11:11.189Z,NDE,MAT,Mathematics,8,MRPCM,Composite mathematics scale (0-500),CA,California,C051651,Percent eligible for National School Lunch Program,1,0%,ALC:AB,achievement level,Percent at or above NAEP Basic,percent,,at or above NAEP Basic,2019,2022,,,,,,0,268435715,reporting standard not met; extreme percentage; standard error not applicable; skipped-variable note,268435715,reporting standard not met; extreme percentage; standard error not applicable; skipped-variable note,SUBJ=MAT|COHORT=2|DEPVAR=MRPCM|SAMPLES=R3|YEAR=2019|JURISDICTIONS=CA|C051651=1|STAT=ALC:AB || SUBJ=MAT|COHORT=2|DEPVAR=MRPCM|SAMPLES=R3|YEAR=2022|JURISDICTIONS=CA|C051651=1|STAT=ALC:AB,https://www.nationsreportcard.gov/DataService/GetAdhocData.aspx?type=sigacrossyear&subject=mathematics&grade=8&subscale=MRPCM&variable=C051651&jurisdiction=CA&stattype=ALC%3AAB&Year=2019%2C2022%2C2024&ShowDetails=true&QCData=true&RevealDataKeys=true
2026-09-19T02:11:11.189Z,NDE,MAT,Mathematics,8,MRPCM,Composite mathematics scale (0-500),CA,California,C051651,Percent eligible for National School Lunch Program,1,0%,ALC:AP,achievement level,Percent at or above NAEP Proficient,percent,,at or above NAEP Proficient,2019,2022,,,,,,0,268435715,reporting standard not met; extreme percentage; standard error not applicable; skipped-variable note,268435715,reporting standard not met; extreme percentage; standard error not applicable; skipped-variable note,SUBJ=MAT|COHORT=2|DEPVAR=MRPCM|SAMPLES=R3|YEAR=2019|JURISDICTIONS=CA|C051651=1|STAT=ALC:AP || SUBJ=MAT|COHORT=2|DEPVAR=MRPCM|SAMPLES=R3|YEAR=2022|JURISDICTIONS=CA|C051651=1|STAT=ALC:AP,https://www.nationsreportcard.gov/DataService/GetAdhocData.aspx?type=sigacrossyear&subject=mathematics&grade=8&subscale=MRPCM&variable=C051651&jurisdiction=CA&stattype=ALC%3AAP&Year=2019%2C2022%2C2024&ShowDetails=true&QCData=true&RevealDataKeys=true
2026-09-19T02:11:11.189Z,NDE,MAT,Mathematics,8,MRPCM,Composite mathematics scale (0-500),CA,California,C051651,Percent eligible for National School Lunch Program,1,0%,ALC:AD,achievement level,Percent at NAEP Advanced (cumulative code),percent,,at NAEP Advanced (cumulative code),2019,2022,,,,,,0,268435715,reporting standard not met; extreme percentage; standard error not applicable; skipped-variable note,268435715,reporting standard not met; extreme percentage; standard error not applicable; skipped-variable note,SUBJ=MAT|COHORT=2|DEPVAR=MRPCM|SAMPLES=R3|YEAR=2019|JURISDICTIONS=CA|C051651=1|STAT=ALC:AD || SUBJ=MAT|COHORT=2|DEPVAR=MRPCM|SAMPLES=R3|YEAR=2022|JURISDICTIONS=CA|C051651=1|STAT=ALC:AD,https://www.nationsreportcard.gov/DataService/GetAdhocData.aspx?type=sigacrossyear&subject=mathematics&grade=8&subscale=MRPCM&variable=C051651&jurisdiction=CA&stattype=ALC%3AAD&Year=2019%2C2022%2C2024&ShowDetails=true&QCData=true&RevealDataKeys=true
2026-09-19T02:11:11.189Z,NDE,MAT,Mathematics,8,MRPCM,Composite mathematics scale (0-500),CA,California,C051651,Percent eligible for National School Lunch Program,2,1-5%,MN:MN,location,Average scale score,scale score,,,2019,2022,328.420877786116,,,,,0,268437504,response rate below 85%; skipped-variable note,268435713,reporting standard not met; standard error not applicable; skipped-variable note,SUBJ=MAT|COHORT=2|DEPVAR=MRPCM|SAMPLES=R3|YEAR=2019|JURISDICTIONS=CA|C051651=2|STAT=MN:MN || SUBJ=MAT|COHORT=2|DEPVAR=MRPCM|SAMPLES=R3|YEAR=2022|JURISDICTIONS=CA|C051651=2|STAT=MN:MN,https://www.nationsreportcard.gov/DataService/GetAdhocData.aspx?type=sigacrossyear&subject=mathematics&grade=8&subscale=MRPCM&variable=C051651&jurisdiction=CA&stattype=MN%3AMN&Year=2019%2C2022%2C2024&ShowDetails=true&QCData=true&RevealDataKeys=true
2026-09-19T02:11:11.189Z,NDE,MAT,Mathematics,8,MRPCM,Composite mathematics scale (0-500),CA,California,C051651,Percent eligible for National School Lunch Program,2,1-5%,PC:P1,percentile,10th percentile scale score,scale score,10.0,,2019,2022,284.013000488281,,,,,0,268437504,response rate below 85%; skipped-variable note,268435713,reporting standard not met; standard error not applicable; skipped-variable note,SUBJ=MAT|COHORT=2|DEPVAR=MRPCM|SAMPLES=R3|YEAR=2019|JURISDICTIONS=CA|C051651=2|STAT=PC:P1 || SUBJ=MAT|COHORT=2|DEPVAR=MRPCM|SAMPLES=R3|YEAR=2022|JURISDICTIONS=CA|C051651=2|STAT=PC:P1,https://www.nationsreportcard.gov/DataService/GetAdhocData.aspx?type=sigacrossyear&subject=mathematics&grade=8&subscale=MRPCM&variable=C051651&jurisdiction=CA&stattype=PC%3AP1&Year=2019%2C2022%2C2024&ShowDetails=true&QCData=true&RevealDataKeys=true
2026-09-19T02:11:11.189Z,NDE,MAT,Mathematics,8,MRPCM,Composite mathematics scale (0-500),CA,California,C051651,Percent eligible for National School Lunch Program,2,1-5%,PC:P2,percentile,25th percentile scale score,scale score,25.0,,2019,2022,305.544995117188,,,,,0,268437504,response rate below 85%; skipped-variable note,268435713,reporting standard not met; standard error not applicable; skipped-variable note,SUBJ=MAT|COHORT=2|DEPVAR=MRPCM|SAMPLES=R3|YEAR=2019|JURISDICTIONS=CA|C051651=2|STAT=PC:P2 || SUBJ=MAT|COHORT=2|DEPVAR=MRPCM|SAMPLES=R3|YEAR=2022|JURISDICTIONS=CA|C051651=2|STAT=PC:P2,https://www.nationsreportcard.gov/DataService/GetAdhocData.aspx?type=sigacrossyear&subject=mathematics&grade=8&subscale=MRPCM&variable=C051651&jurisdiction=CA&stattype=PC%3AP2&Year=2019%2C2022%2C2024&ShowDetails=true&QCData=true&RevealDataKeys=true
2026-09-19T02:11:11.189Z,NDE,MAT,Mathematics,8,MRPCM,Composite mathematics scale (0-500),CA,California,C051651,Percent eligible for National School Lunch Program,2,1-5%,PC:P5,percentile,50th percentile scale score,scale score,50.0,,2019,2022,327.946000671387,,,,,0,268437504,response rate below 85%; skipped-variable note,268435713,reporting standard not met; standard error not applicable; skipped-variable note,SUBJ=MAT|COHORT=2|DEPVAR=MRPCM|SAMPLES=R3|YEAR=2019|JURISDICTIONS=CA|C051651=2|STAT=PC:P5 || SUBJ=MAT|COHORT=2|DEPVAR=MRPCM|SAMPLES=R3|YEAR=2022|JURISDICTIONS=CA|C051651=2|STAT=PC:P5,https://www.nationsreportcard.gov/DataService/GetAdhocData.aspx?type=sigacrossyear&subject=mathematics&grade=8&subscale=MRPCM&variable=C051651&jurisdiction=CA&stattype=PC%3AP5&Year=2019%2C2022%2C2024&ShowDetails=true&QCData=true&RevealDataKeys=true
2026-09-19T02:11:11.189Z,NDE,MAT,Mathematics,8,MRPCM,Composite mathematics scale (0-500),CA,California,C051651,Percent eligible for National School Lunch Program,2,1-5%,PC:P7,percentile,75th percentile scale score,scale score,75.0,,2019,2022,352.229002380371,,,,,0,268437504,response rate below 85%; skipped-variable note,268435713,reporting standard not met; standard error not applicable; skipped-variable note,SUBJ=MAT|COHORT=2|DEPVAR=MRPCM|SAMPLES=R3|YEAR=2019|JURISDICTIONS=CA|C051651=2|STAT=PC:P7 || SUBJ=MAT|COHORT=2|DEPVAR=MRPCM|SAMPLES=R3|YEAR=2022|JURISDICTIONS=CA|C051651=2|STAT=PC:P7,https://www.nationsreportcard.gov/DataService/GetAdhocData.aspx?type=sigacrossyear&subject=mathematics&grade=8&subscale=MRPCM&variable=C051651&jurisdiction=CA&stattype=PC%3AP7&Year=2019%2C2022%2C2024&ShowDetails=true&QCData=true&RevealDataKeys=true
2026-09-19T02:11:11.189Z,NDE,MAT,Mathematics,8,MRPCM,Composite mathematics scale (0-500),CA,California,C051651,Percent eligible for National School Lunch Program,2,1-5%,PC:P9,percentile,90th percentile scale score,scale score,90.0,,2019,2022,369.466000366211,,,,,0,268437504,response rate below 85%; skipped-variable note,268435713,reporting standard not met; standard error not applicable; skipped-variable note,SUBJ=MAT|COHORT=2|DEPVAR=MRPCM|SAMPLES=R3|YEAR=2019|JURISDICTIONS=CA|C051651=2|STAT=PC:P9 || SUBJ=MAT|COHORT=2|DEPVAR=MRPCM|SAMPLES=R3|YEAR=2022|JURISDICTIONS=CA|C051651=2|STAT=PC:P9,https://www.nationsreportcard.gov/DataService/GetAdhocData.aspx?type=sigacrossyear&subject=mathematics&grade=8&subscale=MRPCM&variable=C051651&jurisdiction=CA&stattype=PC%3AP9&Year=2019%2C2022%2C2024&ShowDetails=true&QCData=true&RevealDataKeys=true
2026-09-19T02:11:11.189Z,NDE,MAT,Mathematics,8,MRPCM,Composite mathematics scale (0-500),CA,California,C051651,Percent eligible for National School Lunch Program,2,1-5%,ALD:BA,achievement level,Percent at NAEP Basic,percent,,at NAEP Basic,2019,2022,17.1225639730757,,,,,0,268437504,response rate below 85%; skipped-variable note,268435713,reporting standard not met; standard error not applicable; skipped-variable note,SUBJ=MAT|COHORT=2|DEPVAR=MRPCM|SAMPLES=R3|YEAR=2019|JURISDICTIONS=CA|C051651=2|STAT=ALD:BA || SUBJ=MAT|COHORT=2|DEPVAR=MRPCM|SAMPLES=R3|YEAR=2022|JURISDICTIONS=CA|C051651=2|STAT=ALD:BA,https://www.nationsreportcard.gov/DataService/GetAdhocData.aspx?type=sigacrossyear&subject=mathematics&grade=8&subscale=MRPCM&variable=C051651&jurisdiction=CA&stattype=ALD%3ABA&Year=2019%2C2022%2C2024&ShowDetails=true&QCData=true&RevealDataKeys=true
2026-09-19T02:11:11.189Z,NDE,MAT,Mathematics,8,MRPCM,Composite mathematics scale (0-500),CA,California,C051651,Percent eligible for National School Lunch Program,2,1-5%,ALD:PR,achievement level,Percent at NAEP Proficient,percent,,at NAEP Proficient,2019,2022,34.754067118248,,,,,0,268437504,response rate below 85%; skipped-variable note,268435713,reporting standard not met; standard error not applicable; skipped-variable note,SUBJ=MAT|COHORT=2|DEPVAR=MRPCM|SAMPLES=R3|YEAR=2019|JURISDICTIONS=CA|C051651=2|STAT=ALD:PR || SUBJ=MAT|COHORT=2|DEPVAR=MRPCM|SAMPLES=R3|YEAR=2022|JURISDICTIONS=CA|C051651=2|STAT=ALD:PR,https://www.nationsreportcard.gov/DataService/GetAdhocData.aspx?type=sigacrossyear&subject=mathematics&grade=8&subscale=MRPCM&variable=C051651&jurisdiction=CA&stattype=ALD%3APR&Year=2019%2C2022%2C2024&ShowDetails=true&QCData=true&RevealDataKeys=true
2026-09-19T02:11:11.189Z,NDE,MAT,Mathematics,8,MRPCM,Composite mathematics scale (0-500),CA,California,C051651,Percent eligible for National School Lunch Program,2,1-5%,ALD:AD,achievement level,Percent at NAEP Advanced,percent,,at NAEP Advanced,2019,2022,45.2114538704009,,,,,0,268437504,response rate below 85%; skipped-variable note,268435713,reporting standard not met; standard error not applicable; skipped-variable note,SUBJ=MAT|COHORT=2|DEPVAR=MRPCM|SAMPLES=R3|YEAR=2019|JURISDICTIONS=CA|C051651=2|STAT=ALD:AD || SUBJ=MAT|COHORT=2|DEPVAR=MRPCM|SAMPLES=R3|YEAR=2022|JURISDICTIONS=CA|C051651=2|STAT=ALD:AD,https://www.nationsreportcard.gov/DataService/GetAdhocData.aspx?type=sigacrossyear&subject=mathematics&grade=8&subscale=MRPCM&variable=C051651&jurisdiction=CA&stattype=ALD%3AAD&Year=2019%2C2022%2C2024&ShowDetails=true&QCData=true&RevealDataKeys=true
2026-09-19T02:11:11.189Z,NDE,MAT,Mathematics,8,MRPCM,Composite mathematics scale (0-500),CA,California,C051651,Percent eligible for National School Lunch Program,2,1-5%,ALC:BB,achievement level,Percent below NAEP Basic,percent,,below NAEP Basic,2019,2022,2.91191503827544,,,,,0,268437762,extreme percentage; standard error not applicable; response rate below 85%; skipped-variable note,268435713,reporting standard not met; standard error not applicable; skipped-variable note,SUBJ=MAT|COHORT=2|DEPVAR=MRPCM|SAMPLES=R3|YEAR=2019|JURISDICTIONS=CA|C051651=2|STAT=ALC:BB || SUBJ=MAT|COHORT=2|DEPVAR=MRPCM|SAMPLES=R3|YEAR=2022|JURISDICTIONS=CA|C051651=2|STAT=ALC:BB,https://www.nationsreportcard.gov/DataService/GetAdhocData.aspx?type=sigacrossyear&subject=mathematics&grade=8&subscale=MRPCM&variable=C051651&jurisdiction=CA&stattype=ALC%3ABB&Year=2019%2C2022%2C2024&ShowDetails=true&QCData=true&RevealDataKeys=true
2026-09-19T02:11:11.189Z,NDE,MAT,Mathematics,8,MRPCM,Composite mathematics scale (0-500),CA,California,C051651,Percent eligible for National School Lunch Program,2,1-5%,ALC:AB,achievement level,Percent at or above NAEP Basic,percent,,at or above NAEP Basic,2019,2022,97.0880849617246,,,,,0,268437762,extreme percentage; standard error not applicable; response rate below 85%; skipped-variable note,268435713,reporting standard not met; standard error not applicable; skipped-variable note,SUBJ=MAT|COHORT=2|DEPVAR=MRPCM|SAMPLES=R3|YEAR=2019|JURISDICTIONS=CA|C051651=2|STAT=ALC:AB || SUBJ=MAT|COHORT=2|DEPVAR=MRPCM|SAMPLES=R3|YEAR=2022|JURISDICTIONS=CA|C051651=2|STAT=ALC:AB,https://www.nationsreportcard.gov/DataService/GetAdhocData.aspx?type=sigacrossyear&subject=mathematics&grade=8&subscale=MRPCM&variable=C051651&jurisdiction=CA&stattype=ALC%3AAB&Year=2019%2C2022%2C2024&ShowDetails=true&QCData=true&RevealDataKeys=true
2026-09-19T02:11:11.189Z,NDE,MAT,Mathematics,8,MRPCM,Composite mathematics scale (0-500),CA,California,C051651,Percent eligible for National School Lunch Program,2,1-5%,ALC:AP,achievement level,Percent at or above NAEP Proficient,percent,,at or above NAEP Proficient,2019,2022,79.9655209886489,,,,,0,268437504,response rate below 85%; skipped-variable note,268435713,reporting standard not met; standard error not applicable; skipped-variable note,SUBJ=MAT|COHORT=2|DEPVAR=MRPCM|SAMPLES=R3|YEAR=2019|JURISDICTIONS=CA|C051651=2|STAT=ALC:AP || SUBJ=MAT|COHORT=2|DEPVAR=MRPCM|SAMPLES=R3|YEAR=2022|JURISDICTIONS=CA|C051651=2|STAT=ALC:AP,https://www.nationsreportcard.gov/DataService/GetAdhocData.aspx?type=sigacrossyear&subject=mathematics&grade=8&subscale=MRPCM&variable=C051651&jurisdiction=CA&stattype=ALC%3AAP&Year=2019%2C2022%2C2024&ShowDetails=true&QCData=true&RevealDataKeys=true
2026-09-19T02:11:11.189Z,NDE,MAT,Mathematics,8,MRPCM,Composite mathematics scale (0-500),CA,California,C051651,Percent eligible for National School Lunch Program,2,1-5%,ALC:AD,achievement level,Percent at NAEP Advanced (cumulative code),percent,,at NAEP Advanced (cumulative code),2019,2022,45.2114538704009,,,,,0,268437504,response rate below 85%; skipped-variable note,268435713,reporting standard not met; standard error not applicable; skipped-variable note,SUBJ=MAT|COHORT=2|DEPVAR=MRPCM|SAMPLES=R3|YEAR=2019|JURISDICTIONS=CA|C051651=2|STAT=ALC:AD || SUBJ=MAT|COHORT=2|DEPVAR=MRPCM|SAMPLES=R3|YEAR=2022|JURISDICTIONS=CA|C051651=2|STAT=ALC:AD,https://www.nationsreportcard.gov/DataService/GetAdhocData.aspx?type=sigacrossyear&subject=mathematics&grade=8&subscale=MRPCM&variable=C051651&jurisdiction=CA&stattype=ALC%3AAD&Year=2019%2C2022%2C2024&ShowDetails=true&QCData=true&RevealDataKeys=true
2026-09-19T02:11:11.189Z,NDE,MAT,Mathematics,8,MRPCM,Composite mathematics scale (0-500),CA,California,C051651,Percent eligible for National School Lunch Program,3,6-10%,MN:MN,location,Average scale score,scale score,,,2019,2022,,,,,,0,268435713,reporting standard not met; standard error not applicable; skipped-variable note,268435713,reporting standard not met; standard error not applicable; skipped-variable note,SUBJ=MAT|COHORT=2|DEPVAR=MRPCM|SAMPLES=R3|YEAR=2019|JURISDICTIONS=CA|C051651=3|STAT=MN:MN || SUBJ=MAT|COHORT=2|DEPVAR=MRPCM|SAMPLES=R3|YEAR=2022|JURISDICTIONS=CA|C051651=3|STAT=MN:MN,https://www.nationsreportcard.gov/DataService/GetAdhocData.aspx?type=sigacrossyear&subject=mathematics&grade=8&subscale=MRPCM&variable=C051651&jurisdiction=CA&stattype=MN%3AMN&Year=2019%2C2022%2C2024&ShowDetails=true&QCData=true&RevealDataKeys=true
2026-09-19T02:11:11.189Z,NDE,MAT,Mathematics,8,MRPCM,Composite mathematics scale (0-500),CA,California,C051651,Percent eligible for National School Lunch Program,3,6-10%,PC:P1,percentile,10th percentile scale score,scale score,10.0,,2019,2022,,,,,,0,268435713,reporting standard not met; standard error not applicable; skipped-variable note,268435713,reporting standard not met; standard error not applicable; skipped-variable note,SUBJ=MAT|COHORT=2|DEPVAR=MRPCM|SAMPLES=R3|YEAR=2019|JURISDICTIONS=CA|C051651=3|STAT=PC:P1 || SUBJ=MAT|COHORT=2|DEPVAR=MRPCM|SAMPLES=R3|YEAR=2022|JURISDICTIONS=CA|C051651=3|STAT=PC:P1,https://www.nationsreportcard.gov/DataService/GetAdhocData.aspx?type=sigacrossyear&subject=mathematics&grade=8&subscale=MRPCM&variable=C051651&jurisdiction=CA&stattype=PC%3AP1&Year=2019%2C2022%2C2024&ShowDetails=true&QCData=true&RevealDataKeys=true
2026-09-19T02:11:11.189Z,NDE,MAT,Mathematics,8,MRPCM,Composite mathematics scale (0-500),CA,California,C051651,Percent eligible for National School Lunch Program,3,6-10%,PC:P2,percentile,25th percentile scale score,scale score,25.0,,2019,2022,,,,,,0,268435713,reporting standard not met; standard error not applicable; skipped-variable note,268435713,reporting standard not met; standard error not applicable; skipped-variable note,SUBJ=MAT|COHORT=2|DEPVAR=MRPCM|SAMPLES=R3|YEAR=2019|JURISDICTIONS=CA|C051651=3|STAT=PC:P2 || SUBJ=MAT|COHORT=2|DEPVAR=MRPCM|SAMPLES=R3|YEAR=2022|JURISDICTIONS=CA|C051651=3|STAT=PC:P2,https://www.nationsreportcard.gov/DataService/GetAdhocData.aspx?type=sigacrossyear&subject=mathematics&grade=8&subscale=MRPCM&variable=C051651&jurisdiction=CA&stattype=PC%3AP2&Year=2019%2C2022%2C2024&ShowDetails=true&QCData=true&RevealDataKeys=true
2026-09-19T02:11:11.189Z,NDE,MAT,Mathematics,8,MRPCM,Composite mathematics scale (0-500),CA,California,C051651,Percent eligible for National School Lunch Program,3,6-10%,PC:P5,percentile,50th percentile scale score,scale score,50.0,,2019,2022,,,,,,0,268435713,reporting standard not met; standard error not applicable; skipped-variable note,268435713,reporting standard not met; standard error not applicable; skipped-variable note,SUBJ=MAT|COHORT=2|DEPVAR=MRPCM|SAMPLES=R3|YEAR=2019|JURISDICTIONS=CA|C051651=3|STAT=PC:P5 || SUBJ=MAT|COHORT=2|DEPVAR=MRPCM|SAMPLES=R3|YEAR=2022|JURISDICTIONS=CA|C051651=3|STAT=PC:P5,https://www.nationsreportcard.gov/DataService/GetAdhocData.aspx?type=sigacrossyear&subject=mathematics&grade=8&subscale=MRPCM&variable=C051651&jurisdiction=CA&stattype=PC%3AP5&Year=2019%2C2022%2C2024&ShowDetails=true&QCData=true&RevealDataKeys=true
2026-09-19T02:11:11.189Z,NDE,MAT,Mathematics,8,MRPCM,Composite mathematics scale (0-500),CA,California,C051651,Percent eligible for National School Lunch Program,3,6-10%,PC:P7,percentile,75th percentile scale score,scale score,75.0,,2019,2022,,,,,,0,268435713,reporting standard not met; standard error not applicable; skipped-variable note,268435713,reporting standard not met; standard error not applicable; skipped-variable note,SUBJ=MAT|COHORT=2|DEPVAR=MRPCM|SAMPLES=R3|YEAR=2019|JURISDICTIONS=CA|C051651=3|STAT=PC:P7 || SUBJ=MAT|COHORT=2|DEPVAR=MRPCM|SAMPLES=R3|YEAR=2022|JURISDICTIONS=CA|C051651=3|STAT=PC:P7,https://www.nationsreportcard.gov/DataService/GetAdhocData.aspx?type=sigacrossyear&subject=mathematics&grade=8&subscale=MRPCM&variable=C051651&jurisdiction=CA&stattype=PC%3AP7&Year=2019%2C2022%2C2024&ShowDetails=true&QCData=true&RevealDataKeys=true
2026-09-19T02:11:11.189Z,NDE,MAT,Mathematics,8,MRPCM,Composite mathematics scale (0-500),CA,California,C051651,Percent eligible for National School Lunch Program,3,6-10%,PC:P9,percentile,90th percentile scale score,scale score,90.0,,2019,2022,,,,,,0,268435713,reporting standard not met; standard error not applicable; skipped-variable note,268435713,reporting standard not met; standard error not applicable; skipped-variable note,SUBJ=MAT|COHORT=2|DEPVAR=MRPCM|SAMPLES=R3|YEAR=2019|JURISDICTIONS=CA|C051651=3|STAT=PC:P9 || SUBJ=MAT|COHORT=2|DEPVAR=MRPCM|SAMPLES=R3|YEAR=2022|JURISDICTIONS=CA|C051651=3|STAT=PC:P9,https://www.nationsreportcard.gov/DataService/GetAdhocData.aspx?type=sigacrossyear&subject=mathematics&grade=8&subscale=MRPCM&variable=C051651&jurisdiction=CA&stattype=PC%3AP9&Year=2019%2C2022%2C2024&ShowDetails=true&QCData=true&RevealDataKeys=true
2026-09-19T02:11:11.189Z,NDE,MAT,Mathematics,8,MRPCM,Composite mathematics scale (0-500),CA,California,C051651,Percent eligible for National School Lunch Program,3,6-10%,ALD:BA,achievement level,Percent at NAEP Basic,percent,,at NAEP Basic,2019,2022,,,,,,0,268435713,reporting standard not met; standard error not applicable; skipped-variable note,268435713,reporting standard not met; standard error not applicable; skipped-variable note,SUBJ=MAT|COHORT=2|DEPVAR=MRPCM|SAMPLES=R3|YEAR=2019|JURISDICTIONS=CA|C051651=3|STAT=ALD:BA || SUBJ=MAT|COHORT=2|DEPVAR=MRPCM|SAMPLES=R3|YEAR=2022|JURISDICTIONS=CA|C051651=3|STAT=ALD:BA,https://www.nationsreportcard.gov/DataService/GetAdhocData.aspx?type=sigacrossyear&subject=mathematics&grade=8&subscale=MRPCM&variable=C051651&jurisdiction=CA&stattype=ALD%3ABA&Year=2019%2C2022%2C2024&ShowDetails=true&QCData=true&RevealDataKeys=true
2026-09-19T02:11:11.189Z,NDE,MAT,Mathematics,8,MRPCM,Composite mathematics scale (0-500),CA,California,C051651,Percent eligible for National School Lunch Program,3,6-10%,ALD:PR,achievement level,Percent at NAEP Proficient,percent,,at NAEP Proficient,2019,2022,,,,,,0,268435713,reporting standard not met; standard error not applicable; skipped-variable note,268435713,reporting standard not met; standard error not applicable; skipped-variable note,SUBJ=MAT|COHORT=2|DEPVAR=MRPCM|SAMPLES=R3|YEAR=2019|JURISDICTIONS=CA|C051651=3|STAT=ALD:PR || SUBJ=MAT|COHORT=2|DEPVAR=MRPCM|SAMPLES=R3|YEAR=2022|JURISDICTIONS=CA|C051651=3|STAT=ALD:PR,https://www.nationsreportcard.gov/DataService/GetAdhocData.aspx?type=sigacrossyear&subject=mathematics&grade=8&subscale=MRPCM&variable=C051651&jurisdiction=CA&stattype=ALD%3APR&Year=2019%2C2022%2C2024&ShowDetails=true&QCData=true&RevealDataKeys=true
2026-09-19T02:11:11.189Z,NDE,MAT,Mathematics,8,MRPCM,Composite mathematics scale (0-500),CA,California,C051651,Percent eligible for National School Lunch Program,3,6-10%,ALD:AD,achievement level,Percent at NAEP Advanced,percent,,at NAEP Advanced,2019,2022,,,,,,0,268435713,reporting standard not met; standard error not applicable; skipped-variable note,268435713,reporting standard not met; standard error not applicable; skipped-variable note,SUBJ=MAT|COHORT=2|DEPVAR=MRPCM|SAMPLES=R3|YEAR=2019|JURISDICTIONS=CA|C051651=3|STAT=ALD:AD || SUBJ=MAT|COHORT=2|DEPVAR=MRPCM|SAMPLES=R3|YEAR=2022|JURISDICTIONS=CA|C051651=3|STAT=ALD:AD,https://www.nationsreportcard.gov/DataService/GetAdhocData.aspx?type=sigacrossyear&subject=mathematics&grade=8&subscale=MRPCM&variable=C051651&jurisdiction=CA&stattype=ALD%3AAD&Year=2019%2C2022%2C2024&ShowDetails=true&QCData=true&RevealDataKeys=true
2026-09-19T02:11:11.189Z,NDE,MAT,Mathematics,8,MRPCM,Composite mathematics scale (0-500),CA,California,C051651,Percent eligible for National School Lunch Program,3,6-10%,ALC:BB,achievement level,Percent below NAEP Basic,percent,,below NAEP Basic,2019,2022,,,,,,0,268435713,reporting standard not met; standard error not applicable; skipped-variable note,268435713,reporting standard not met; standard error not applicable; skipped-variable note,SUBJ=MAT|COHORT=2|DEPVAR=MRPCM|SAMPLES=R3|YEAR=2019|JURISDICTIONS=CA|C051651=3|STAT=ALC:BB || SUBJ=MAT|COHORT=2|DEPVAR=MRPCM|SAMPLES=R3|YEAR=2022|JURISDICTIONS=CA|C051651=3|STAT=ALC:BB,https://www.nationsreportcard.gov/DataService/GetAdhocData.aspx?type=sigacrossyear&subject=mathematics&grade=8&subscale=MRPCM&variable=C051651&jurisdiction=CA&stattype=ALC%3ABB&Year=2019%2C2022%2C2024&ShowDetails=true&QCData=true&RevealDataKeys=true
2026-09-19T02:11:11.189Z,NDE,MAT,Mathematics,8,MRPCM,Composite mathematics scale (0-500),CA,California,C051651,Percent eligible for National School Lunch Program,3,6-10%,ALC:AB,achievement level,Percent at or above NAEP Basic,percent,,at or above NAEP Basic,2019,2022,,,,,,0,268435713,reporting standard not met; standard error not applicable; skipped-variable note,268435713,reporting standard not met; standard error not applicable; skipped-variable note,SUBJ=MAT|COHORT=2|DEPVAR=MRPCM|SAMPLES=R3|YEAR=2019|JURISDICTIONS=CA|C051651=3|STAT=ALC:AB || SUBJ=MAT|COHORT=2|DEPVAR=MRPCM|SAMPLES=R3|YEAR=2022|JURISDICTIONS=CA|C051651=3|STAT=ALC:AB,https://www.nationsreportcard.gov/DataService/GetAdhocData.aspx?type=sigacrossyear&subject=mathematics&grade=8&subscale=MRPCM&variable=C051651&jurisdiction=CA&stattype=ALC%3AAB&Year=2019%2C2022%2C2024&ShowDetails=true&QCData=true&RevealDataKeys=true
2026-09-19T02:11:11.189Z,NDE,MAT,Mathematics,8,MRPCM,Composite mathematics scale (0-500),CA,California,C051651,Percent eligible for National School Lunch Program,3,6-10%,ALC:AP,achievement level,Percent at or above NAEP Proficient,percent,,at or above NAEP Proficient,2019,2022,,,,,,0,268435713,reporting standard not met; standard error not applicable; skipped-variable note,268435713,reporting standard not met; standard error not applicable; skipped-variable note,SUBJ=MAT|COHORT=2|DEPVAR=MRPCM|SAMPLES=R3|YEAR=2019|JURISDICTIONS=CA|C051651=3|STAT=ALC:AP || SUBJ=MAT|COHORT=2|DEPVAR=MRPCM|SAMPLES=R3|YEAR=2022|JURISDICTIONS=CA|C051651=3|STAT=ALC:AP,https://www.nationsreportcard.gov/DataService/GetAdhocData.aspx?type=sigacrossyear&subject=mathematics&grade=8&subscale=MRPCM&variable=C051651&jurisdiction=CA&stattype=ALC%3AAP&Year=2019%2C2022%2C2024&ShowDetails=true&QCData=true&RevealDataKeys=true
2026-09-19T02:11:11.189Z,NDE,MAT,Mathematics,8,MRPCM,Composite mathematics scale (0-500),CA,California,C051651,Percent eligible for National School Lunch Program,3,6-10%,ALC:AD,achievement level,Percent at NAEP Advanced (cumulative code),percent,,at NAEP Advanced (cumulative code),2019,2022,,,,,,0,268435713,reporting standard not met; standard error not applicable; skipped-variable note,268435713,reporting standard not met; standard error not applicable; skipped-variable note,SUBJ=MAT|COHORT=2|DEPVAR=MRPCM|SAMPLES=R3|YEAR=2019|JURISDICTIONS=CA|C051651=3|STAT=ALC:AD || SUBJ=MAT|COHORT=2|DEPVAR=MRPCM|SAMPLES=R3|YEAR=2022|JURISDICTIONS=CA|C051651=3|STAT=ALC:AD,https://www.nationsreportcard.gov/DataService/GetAdhocData.aspx?type=sigacrossyear&subject=mathematics&grade=8&subscale=MRPCM&variable=C051651&jurisdiction=CA&stattype=ALC%3AAD&Year=2019%2C2022%2C2024&ShowDetails=true&QCData=true&RevealDataKeys=true
2026-09-19T02:11:11.189Z,NDE,MAT,Mathematics,8,MRPCM,Composite mathematics scale (0-500),CA,California,C051651,Percent eligible for National School Lunch Program,4,11-25%,MN:MN,location,Average scale score,scale score,,,2019,2022,295.184494363034,,,,,0,268437504,response rate below 85%; skipped-variable note,268435713,reporting standard not met; standard error not applicable; skipped-variable note,SUBJ=MAT|COHORT=2|DEPVAR=MRPCM|SAMPLES=R3|YEAR=2019|JURISDICTIONS=CA|C051651=4|STAT=MN:MN || SUBJ=MAT|COHORT=2|DEPVAR=MRPCM|SAMPLES=R3|YEAR=2022|JURISDICTIONS=CA|C051651=4|STAT=MN:MN,https://www.nationsreportcard.gov/DataService/GetAdhocData.aspx?type=sigacrossyear&subject=mathematics&grade=8&subscale=MRPCM&variable=C051651&jurisdiction=CA&stattype=MN%3AMN&Year=2019%2C2022%2C2024&ShowDetails=true&QCData=true&RevealDataKeys=true
2026-09-19T02:11:11.189Z,NDE,MAT,Mathematics,8,MRPCM,Composite mathematics scale (0-500),CA,California,C051651,Percent eligible for National School Lunch Program,4,11-25%,PC:P1,percentile,10th percentile scale score,scale score,10.0,,2019,2022,245.148000335693,,,,,0,268437504,response rate below 85%; skipped-variable note,268435713,reporting standard not met; standard error not applicable; skipped-variable note,SUBJ=MAT|COHORT=2|DEPVAR=MRPCM|SAMPLES=R3|YEAR=2019|JURISDICTIONS=CA|C051651=4|STAT=PC:P1 || SUBJ=MAT|COHORT=2|DEPVAR=MRPCM|SAMPLES=R3|YEAR=2022|JURISDICTIONS=CA|C051651=4|STAT=PC:P1,https://www.nationsreportcard.gov/DataService/GetAdhocData.aspx?type=sigacrossyear&subject=mathematics&grade=8&subscale=MRPCM&variable=C051651&jurisdiction=CA&stattype=PC%3AP1&Year=2019%2C2022%2C2024&ShowDetails=true&QCData=true&RevealDataKeys=true
2026-09-19T02:11:11.189Z,NDE,MAT,Mathematics,8,MRPCM,Composite mathematics scale (0-500),CA,California,C051651,Percent eligible for National School Lunch Program,4,11-25%,PC:P2,percentile,25th percentile scale score,scale score,25.0,,2019,2022,269.538502502441,,,,,0,268437504,response rate below 85%; skipped-variable note,268435713,reporting standard not met; standard error not applicable; skipped-variable note,SUBJ=MAT|COHORT=2|DEPVAR=MRPCM|SAMPLES=R3|YEAR=2019|JURISDICTIONS=CA|C051651=4|STAT=PC:P2 || SUBJ=MAT|COHORT=2|DEPVAR=MRPCM|SAMPLES=R3|YEAR=2022|JURISDICTIONS=CA|C051651=4|STAT=PC:P2,https://www.nationsreportcard.gov/DataService/GetAdhocData.aspx?type=sigacrossyear&subject=mathematics&grade=8&subscale=MRPCM&variable=C051651&jurisdiction=CA&stattype=PC%3AP2&Year=2019%2C2022%2C2024&ShowDetails=true&QCData=true&RevealDataKeys=true
2026-09-19T02:11:11.189Z,NDE,MAT,Mathematics,8,MRPCM,Composite mathematics scale (0-500),CA,California,C051651,Percent eligible for National School Lunch Program,4,11-25%,PC:P5,percentile,50th percentile scale score,scale score,50.0,,2019,2022,296.951002502441,,,,,0,268437504,response rate below 85%; skipped-variable note,268435713,reporting standard not met; standard error not applicable; skipped-variable note,SUBJ=MAT|COHORT=2|DEPVAR=MRPCM|SAMPLES=R3|YEAR=2019|JURISDICTIONS=CA|C051651=4|STAT=PC:P5 || SUBJ=MAT|COHORT=2|DEPVAR=MRPCM|SAMPLES=R3|YEAR=2022|JURISDICTIONS=CA|C051651=4|STAT=PC:P5,https://www.nationsreportcard.gov/DataService/GetAdhocData.aspx?type=sigacrossyear&subject=mathematics&grade=8&subscale=MRPCM&variable=C051651&jurisdiction=CA&stattype=PC%3AP5&Year=2019%2C2022%2C2024&ShowDetails=true&QCData=true&RevealDataKeys=true
2026-09-19T02:11:11.189Z,NDE,MAT,Mathematics,8,MRPCM,Composite mathematics scale (0-500),CA,California,C051651,Percent eligible for National School Lunch Program,4,11-25%,PC:P7,percentile,75th percentile scale score,scale score,75.0,,2019,2022,322.279499816895,,,,,0,268437504,response rate below 85%; skipped-variable note,268435713,reporting standard not met; standard error not applicable; skipped-variable note,SUBJ=MAT|COHORT=2|DEPVAR=MRPCM|SAMPLES=R3|YEAR=2019|JURISDICTIONS=CA|C051651=4|STAT=PC:P7 || SUBJ=MAT|COHORT=2|DEPVAR=MRPCM|SAMPLES=R3|YEAR=2022|JURISDICTIONS=CA|C051651=4|STAT=PC:P7,https://www.nationsreportcard.gov/DataService/GetAdhocData.aspx?type=sigacrossyear&subject=mathematics&grade=8&subscale=MRPCM&variable=C051651&jurisdiction=CA&stattype=PC%3AP7&Year=2019%2C2022%2C2024&ShowDetails=true&QCData=true&RevealDataKeys=true
2026-09-19T02:11:11.189Z,NDE,MAT,Mathematics,8,MRPCM,Composite mathematics scale (0-500),CA,California,C051651,Percent eligible for National School Lunch Program,4,11-25%,PC:P9,percentile,90th percentile scale score,scale score,90.0,,2019,2022,342.636000061035,,,,,0,268437504,response rate below 85%; skipped-variable note,268435713,reporting standard not met; standard error not applicable; skipped-variable note,SUBJ=MAT|COHORT=2|DEPVAR=MRPCM|SAMPLES=R3|YEAR=2019|JURISDICTIONS=CA|C051651=4|STAT=PC:P9 || SUBJ=MAT|COHORT=2|DEPVAR=MRPCM|SAMPLES=R3|YEAR=2022|JURISDICTIONS=CA|C051651=4|STAT=PC:P9,https://www.nationsreportcard.gov/DataService/GetAdhocData.aspx?type=sigacrossyear&subject=mathematics&grade=8&subscale=MRPCM&variable=C051651&jurisdiction=CA&stattype=PC%3AP9&Year=2019%2C2022%2C2024&ShowDetails=true&QCData=true&RevealDataKeys=true
2026-09-19T02:11:11.189Z,NDE,MAT,Mathematics,8,MRPCM,Composite mathematics scale (0-500),CA,California,C051651,Percent eligible for National School Lunch Program,4,11-25%,ALD:BA,achievement level,Percent at NAEP Basic,percent,,at NAEP Basic,2019,2022,33.0227934611735,,,,,0,268437504,response rate below 85%; skipped-variable note,268435715,reporting standard not met; extreme percentage; standard error not applicable; skipped-variable note,SUBJ=MAT|COHORT=2|DEPVAR=MRPCM|SAMPLES=R3|YEAR=2019|JURISDICTIONS=CA|C051651=4|STAT=ALD:BA || SUBJ=MAT|COHORT=2|DEPVAR=MRPCM|SAMPLES=R3|YEAR=2022|JURISDICTIONS=CA|C051651=4|STAT=ALD:BA,https://www.nationsreportcard.gov/DataService/GetAdhocData.aspx?type=sigacrossyear&subject=mathematics&grade=8&subscale=MRPCM&variable=C051651&jurisdiction=CA&stattype=ALD%3ABA&Year=2019%2C2022%2C2024&ShowDetails=true&QCData=true&RevealDataKeys=true
2026-09-19T02:11:11.189Z,NDE,MAT,Mathematics,8,MRPCM,Composite mathematics scale (0-500),CA,California,C051651,Percent eligible for National School Lunch Program,4,11-25%,ALD:PR,achievement level,Percent at NAEP Proficient,percent,,at NAEP Proficient,2019,2022,31.6765452339558,,,,,0,268437504,response rate below 85%; skipped-variable note,268435715,reporting standard not met; extreme percentage; standard error not applicable; skipped-variable note,SUBJ=MAT|COHORT=2|DEPVAR=MRPCM|SAMPLES=R3|YEAR=2019|JURISDICTIONS=CA|C051651=4|STAT=ALD:PR || SUBJ=MAT|COHORT=2|DEPVAR=MRPCM|SAMPLES=R3|YEAR=2022|JURISDICTIONS=CA|C051651=4|STAT=ALD:PR,https://www.nationsreportcard.gov/DataService/GetAdhocData.aspx?type=sigacrossyear&subject=mathematics&grade=8&subscale=MRPCM&variable=C051651&jurisdiction=CA&stattype=ALD%3APR&Year=2019%2C2022%2C2024&ShowDetails=true&QCData=true&RevealDataKeys=true
2026-09-19T02:11:11.189Z,NDE,MAT,Mathematics,8,MRPCM,Composite mathematics scale (0-500),CA,California,C051651,Percent eligible for National School Lunch Program,4,11-25%,ALD:AD,achievement level,Percent at NAEP Advanced,percent,,at NAEP Advanced,2019,2022,16.0219765868183,,,,,0,268437504,response rate below 85%; skipped-variable note,268435715,reporting standard not met; extreme percentage; standard error not applicable; skipped-variable note,SUBJ=MAT|COHORT=2|DEPVAR=MRPCM|SAMPLES=R3|YEAR=2019|JURISDICTIONS=CA|C051651=4|STAT=ALD:AD || SUBJ=MAT|COHORT=2|DEPVAR=MRPCM|SAMPLES=R3|YEAR=2022|JURISDICTIONS=CA|C051651=4|STAT=ALD:AD,https://www.nationsreportcard.gov/DataService/GetAdhocData.aspx?type=sigacrossyear&subject=mathematics&grade=8&subscale=MRPCM&variable=C051651&jurisdiction=CA&stattype=ALD%3AAD&Year=2019%2C2022%2C2024&ShowDetails=true&QCData=true&RevealDataKeys=true
2026-09-19T02:11:11.189Z,NDE,MAT,Mathematics,8,MRPCM,Composite mathematics scale (0-500),CA,California,C051651,Percent eligible for National School Lunch Program,4,11-25%,ALC:BB,achievement level,Percent below NAEP Basic,percent,,below NAEP Basic,2019,2022,19.2786847180524,,,,,0,268437504,response rate below 85%; skipped-variable note,268435715,reporting standard not met; extreme percentage; standard error not applicable; skipped-variable note,SUBJ=MAT|COHORT=2|DEPVAR=MRPCM|SAMPLES=R3|YEAR=2019|JURISDICTIONS=CA|C051651=4|STAT=ALC:BB || SUBJ=MAT|COHORT=2|DEPVAR=MRPCM|SAMPLES=R3|YEAR=2022|JURISDICTIONS=CA|C051651=4|STAT=ALC:BB,https://www.nationsreportcard.gov/DataService/GetAdhocData.aspx?type=sigacrossyear&subject=mathematics&grade=8&subscale=MRPCM&variable=C051651&jurisdiction=CA&stattype=ALC%3ABB&Year=2019%2C2022%2C2024&ShowDetails=true&QCData=true&RevealDataKeys=true
2026-09-19T02:11:11.189Z,NDE,MAT,Mathematics,8,MRPCM,Composite mathematics scale (0-500),CA,California,C051651,Percent eligible for National School Lunch Program,4,11-25%,ALC:AB,achievement level,Percent at or above NAEP Basic,percent,,at or above NAEP Basic,2019,2022,80.7213152819476,,,,,0,268437504,response rate below 85%; skipped-variable note,268435715,reporting standard not met; extreme percentage; standard error not applicable; skipped-variable note,SUBJ=MAT|COHORT=2|DEPVAR=MRPCM|SAMPLES=R3|YEAR=2019|JURISDICTIONS=CA|C051651=4|STAT=ALC:AB || SUBJ=MAT|COHORT=2|DEPVAR=MRPCM|SAMPLES=R3|YEAR=2022|JURISDICTIONS=CA|C051651=4|STAT=ALC:AB,https://www.nationsreportcard.gov/DataService/GetAdhocData.aspx?type=sigacrossyear&subject=mathematics&grade=8&subscale=MRPCM&variable=C051651&jurisdiction=CA&stattype=ALC%3AAB&Year=2019%2C2022%2C2024&ShowDetails=true&QCData=true&RevealDataKeys=true
2026-09-19T02:11:11.189Z,NDE,MAT,Mathematics,8,MRPCM,Composite mathematics scale (0-500),CA,California,C051651,Percent eligible for National School Lunch Program,4,11-25%,ALC:AP,achievement level,Percent at or above NAEP Proficient,percent,,at or above NAEP Proficient,2019,2022,47.6985218207741,,,,,0,268437504,response rate below 85%; skipped-variable note,268435715,reporting standard not met; extreme percentage; standard error not applicable; skipped-variable note,SUBJ=MAT|COHORT=2|DEPVAR=MRPCM|SAMPLES=R3|YEAR=2019|JURISDICTIONS=CA|C051651=4|STAT=ALC:AP || SUBJ=MAT|COHORT=2|DEPVAR=MRPCM|SAMPLES=R3|YEAR=2022|JURISDICTIONS=CA|C051651=4|STAT=ALC:AP,https://www.nationsreportcard.gov/DataService/GetAdhocData.aspx?type=sigacrossyear&subject=mathematics&grade=8&subscale=MRPCM&variable=C051651&jurisdiction=CA&stattype=ALC%3AAP&Year=2019%2C2022%2C2024&ShowDetails=true&QCData=true&RevealDataKeys=true
2026-09-19T02:11:11.189Z,NDE,MAT,Mathematics,8,MRPCM,Composite mathematics scale (0-500),CA,California,C051651,Percent eligible for National School Lunch Program,4,11-25%,ALC:AD,achievement level,Percent at NAEP Advanced (cumulative code),percent,,at NAEP Advanced (cumulative code),2019,2022,16.0219765868183,,,,,0,268437504,response rate below 85%; skipped-variable note,268435715,reporting standard not met; extreme percentage; standard error not applicable; skipped-variable note,SUBJ=MAT|COHORT=2|DEPVAR=MRPCM|SAMPLES=R3|YEAR=2019|JURISDICTIONS=CA|C051651=4|STAT=ALC:AD || SUBJ=MAT|COHORT=2|DEPVAR=MRPCM|SAMPLES=R3|YEAR=2022|JURISDICTIONS=CA|C051651=4|STAT=ALC:AD,https://www.nationsreportcard.gov/DataService/GetAdhocData.aspx?type=sigacrossyear&subject=mathematics&grade=8&subscale=MRPCM&variable=C051651&jurisdiction=CA&stattype=ALC%3AAD&Year=2019%2C2022%2C2024&ShowDetails=true&QCData=true&RevealDataKeys=true
2026-09-19T02:11:11.189Z,NDE,MAT,Mathematics,8,MRPCM,Composite mathematics scale (0-500),CA,California,C051651,Percent eligible for National School Lunch Program,5,26-34%,MN:MN,location,Average scale score,scale score,,,2019,2022,288.64294233465,,,,,0,268437504,response rate below 85%; skipped-variable note,268435713,reporting standard not met; standard error not applicable; skipped-variable note,SUBJ=MAT|COHORT=2|DEPVAR=MRPCM|SAMPLES=R3|YEAR=2019|JURISDICTIONS=CA|C051651=5|STAT=MN:MN || SUBJ=MAT|COHORT=2|DEPVAR=MRPCM|SAMPLES=R3|YEAR=2022|JURISDICTIONS=CA|C051651=5|STAT=MN:MN,https://www.nationsreportcard.gov/DataService/GetAdhocData.aspx?type=sigacrossyear&subject=mathematics&grade=8&subscale=MRPCM&variable=C051651&jurisdiction=CA&stattype=MN%3AMN&Year=2019%2C2022%2C2024&ShowDetails=true&QCData=true&RevealDataKeys=true
2026-09-19T02:11:11.189Z,NDE,MAT,Mathematics,8,MRPCM,Composite mathematics scale (0-500),CA,California,C051651,Percent eligible for National School Lunch Program,5,26-34%,PC:P1,percentile,10th percentile scale score,scale score,10.0,,2019,2022,237.458000183106,,,,,0,268437504,response rate below 85%; skipped-variable note,268435713,reporting standard not met; standard error not applicable; skipped-variable note,SUBJ=MAT|COHORT=2|DEPVAR=MRPCM|SAMPLES=R3|YEAR=2019|JURISDICTIONS=CA|C051651=5|STAT=PC:P1 || SUBJ=MAT|COHORT=2|DEPVAR=MRPCM|SAMPLES=R3|YEAR=2022|JURISDICTIONS=CA|C051651=5|STAT=PC:P1,https://www.nationsreportcard.gov/DataService/GetAdhocData.aspx?type=sigacrossyear&subject=mathematics&grade=8&subscale=MRPCM&variable=C051651&jurisdiction=CA&stattype=PC%3AP1&Year=2019%2C2022%2C2024&ShowDetails=true&QCData=true&RevealDataKeys=true
2026-09-19T02:11:11.189Z,NDE,MAT,Mathematics,8,MRPCM,Composite mathematics scale (0-500),CA,California,C051651,Percent eligible for National School Lunch Program,5,26-34%,PC:P2,percentile,25th percentile scale score,scale score,25.0,,2019,2022,261.733499145508,,,,,0,268437504,response rate below 85%; skipped-variable note,268435713,reporting standard not met; standard error not applicable; skipped-variable note,SUBJ=MAT|COHORT=2|DEPVAR=MRPCM|SAMPLES=R3|YEAR=2019|JURISDICTIONS=CA|C051651=5|STAT=PC:P2 || SUBJ=MAT|COHORT=2|DEPVAR=MRPCM|SAMPLES=R3|YEAR=2022|JURISDICTIONS=CA|C051651=5|STAT=PC:P2,https://www.nationsreportcard.gov/DataService/GetAdhocData.aspx?type=sigacrossyear&subject=mathematics&grade=8&subscale=MRPCM&variable=C051651&jurisdiction=CA&stattype=PC%3AP2&Year=2019%2C2022%2C2024&ShowDetails=true&QCData=true&RevealDataKeys=true
2026-09-19T02:11:11.189Z,NDE,MAT,Mathematics,8,MRPCM,Composite mathematics scale (0-500),CA,California,C051651,Percent eligible for National School Lunch Program,5,26-34%,PC:P5,percentile,50th percentile scale score,scale score,50.0,,2019,2022,289.690502929688,,,,,0,268437504,response rate below 85%; skipped-variable note,268435713,reporting standard not met; standard error not applicable; skipped-variable note,SUBJ=MAT|COHORT=2|DEPVAR=MRPCM|SAMPLES=R3|YEAR=2019|JURISDICTIONS=CA|C051651=5|STAT=PC:P5 || SUBJ=MAT|COHORT=2|DEPVAR=MRPCM|SAMPLES=R3|YEAR=2022|JURISDICTIONS=CA|C051651=5|STAT=PC:P5,https://www.nationsreportcard.gov/DataService/GetAdhocData.aspx?type=sigacrossyear&subject=mathematics&grade=8&subscale=MRPCM&variable=C051651&jurisdiction=CA&stattype=PC%3AP5&Year=2019%2C2022%2C2024&ShowDetails=true&QCData=true&RevealDataKeys=true
2026-09-19T02:11:11.189Z,NDE,MAT,Mathematics,8,MRPCM,Composite mathematics scale (0-500),CA,California,C051651,Percent eligible for National School Lunch Program,5,26-34%,PC:P7,percentile,75th percentile scale score,scale score,75.0,,2019,2022,315.253503417969,,,,,0,268437504,response rate below 85%; skipped-variable note,268435713,reporting standard not met; standard error not applicable; skipped-variable note,SUBJ=MAT|COHORT=2|DEPVAR=MRPCM|SAMPLES=R3|YEAR=2019|JURISDICTIONS=CA|C051651=5|STAT=PC:P7 || SUBJ=MAT|COHORT=2|DEPVAR=MRPCM|SAMPLES=R3|YEAR=2022|JURISDICTIONS=CA|C051651=5|STAT=PC:P7,https://www.nationsreportcard.gov/DataService/GetAdhocData.aspx?type=sigacrossyear&subject=mathematics&grade=8&subscale=MRPCM&variable=C051651&jurisdiction=CA&stattype=PC%3AP7&Year=2019%2C2022%2C2024&ShowDetails=true&QCData=true&RevealDataKeys=true
2026-09-19T02:11:11.189Z,NDE,MAT,Mathematics,8,MRPCM,Composite mathematics scale (0-500),CA,California,C051651,Percent eligible for National School Lunch Program,5,26-34%,PC:P9,percentile,90th percentile scale score,scale score,90.0,,2019,2022,336.28399810791,,,,,0,268437504,response rate below 85%; skipped-variable note,268435713,reporting standard not met; standard error not applicable; skipped-variable note,SUBJ=MAT|COHORT=2|DEPVAR=MRPCM|SAMPLES=R3|YEAR=2019|JURISDICTIONS=CA|C051651=5|STAT=PC:P9 || SUBJ=MAT|COHORT=2|DEPVAR=MRPCM|SAMPLES=R3|YEAR=2022|JURISDICTIONS=CA|C051651=5|STAT=PC:P9,https://www.nationsreportcard.gov/DataService/GetAdhocData.aspx?type=sigacrossyear&subject=mathematics&grade=8&subscale=MRPCM&variable=C051651&jurisdiction=CA&stattype=PC%3AP9&Year=2019%2C2022%2C2024&ShowDetails=true&QCData=true&RevealDataKeys=true
2026-09-19T02:11:11.189Z,NDE,MAT,Mathematics,8,MRPCM,Composite mathematics scale (0-500),CA,California,C051651,Percent eligible for National School Lunch Program,5,26-34%,ALD:BA,achievement level,Percent at NAEP Basic,percent,,at NAEP Basic,2019,2022,34.668144795908,,,,,0,268437504,response rate below 85%; skipped-variable note,268435713,reporting standard not met; standard error not applicable; skipped-variable note,SUBJ=MAT|COHORT=2|DEPVAR=MRPCM|SAMPLES=R3|YEAR=2019|JURISDICTIONS=CA|C051651=5|STAT=ALD:BA || SUBJ=MAT|COHORT=2|DEPVAR=MRPCM|SAMPLES=R3|YEAR=2022|JURISDICTIONS=CA|C051651=5|STAT=ALD:BA,https://www.nationsreportcard.gov/DataService/GetAdhocData.aspx?type=sigacrossyear&subject=mathematics&grade=8&subscale=MRPCM&variable=C051651&jurisdiction=CA&stattype=ALD%3ABA&Year=2019%2C2022%2C2024&ShowDetails=true&QCData=true&RevealDataKeys=true
2026-09-19T02:11:11.189Z,NDE,MAT,Mathematics,8,MRPCM,Composite mathematics scale (0-500),CA,California,C051651,Percent eligible for National School Lunch Program,5,26-34%,ALD:PR,achievement level,Percent at NAEP Proficient,percent,,at NAEP Proficient,2019,2022,28.1513922869524,,,,,0,268437504,response rate below 85%; skipped-variable note,268435713,reporting standard not met; standard error not applicable; skipped-variable note,SUBJ=MAT|COHORT=2|DEPVAR=MRPCM|SAMPLES=R3|YEAR=2019|JURISDICTIONS=CA|C051651=5|STAT=ALD:PR || SUBJ=MAT|COHORT=2|DEPVAR=MRPCM|SAMPLES=R3|YEAR=2022|JURISDICTIONS=CA|C051651=5|STAT=ALD:PR,https://www.nationsreportcard.gov/DataService/GetAdhocData.aspx?type=sigacrossyear&subject=mathematics&grade=8&subscale=MRPCM&variable=C051651&jurisdiction=CA&stattype=ALD%3APR&Year=2019%2C2022%2C2024&ShowDetails=true&QCData=true&RevealDataKeys=true
2026-09-19T02:11:11.189Z,NDE,MAT,Mathematics,8,MRPCM,Composite mathematics scale (0-500),CA,California,C051651,Percent eligible for National School Lunch Program,5,26-34%,ALD:AD,achievement level,Percent at NAEP Advanced,percent,,at NAEP Advanced,2019,2022,12.0051084344547,,,,,0,268437504,response rate below 85%; skipped-variable note,268435713,reporting standard not met; standard error not applicable; skipped-variable note,SUBJ=MAT|COHORT=2|DEPVAR=MRPCM|SAMPLES=R3|YEAR=2019|JURISDICTIONS=CA|C051651=5|STAT=ALD:AD || SUBJ=MAT|COHORT=2|DEPVAR=MRPCM|SAMPLES=R3|YEAR=2022|JURISDICTIONS=CA|C051651=5|STAT=ALD:AD,https://www.nationsreportcard.gov/DataService/GetAdhocData.aspx?type=sigacrossyear&subject=mathematics&grade=8&subscale=MRPCM&variable=C051651&jurisdiction=CA&stattype=ALD%3AAD&Year=2019%2C2022%2C2024&ShowDetails=true&QCData=true&RevealDataKeys=true
2026-09-19T02:11:11.189Z,NDE,MAT,Mathematics,8,MRPCM,Composite mathematics scale (0-500),CA,California,C051651,Percent eligible for National School Lunch Program,5,26-34%,ALC:BB,achievement level,Percent below NAEP Basic,percent,,below NAEP Basic,2019,2022,25.1753544826848,,,,,0,268437504,response rate below 85%; skipped-variable note,268435713,reporting standard not met; standard error not applicable; skipped-variable note,SUBJ=MAT|COHORT=2|DEPVAR=MRPCM|SAMPLES=R3|YEAR=2019|JURISDICTIONS=CA|C051651=5|STAT=ALC:BB || SUBJ=MAT|COHORT=2|DEPVAR=MRPCM|SAMPLES=R3|YEAR=2022|JURISDICTIONS=CA|C051651=5|STAT=ALC:BB,https://www.nationsreportcard.gov/DataService/GetAdhocData.aspx?type=sigacrossyear&subject=mathematics&grade=8&subscale=MRPCM&variable=C051651&jurisdiction=CA&stattype=ALC%3ABB&Year=2019%2C2022%2C2024&ShowDetails=true&QCData=true&RevealDataKeys=true
2026-09-19T02:11:11.189Z,NDE,MAT,Mathematics,8,MRPCM,Composite mathematics scale (0-500),CA,California,C051651,Percent eligible for National School Lunch Program,5,26-34%,ALC:AB,achievement level,Percent at or above NAEP Basic,percent,,at or above NAEP Basic,2019,2022,74.8246455173151,,,,,0,268437504,response rate below 85%; skipped-variable note,268435713,reporting standard not met; standard error not applicable; skipped-variable note,SUBJ=MAT|COHORT=2|DEPVAR=MRPCM|SAMPLES=R3|YEAR=2019|JURISDICTIONS=CA|C051651=5|STAT=ALC:AB || SUBJ=MAT|COHORT=2|DEPVAR=MRPCM|SAMPLES=R3|YEAR=2022|JURISDICTIONS=CA|C051651=5|STAT=ALC:AB,https://www.nationsreportcard.gov/DataService/GetAdhocData.aspx?type=sigacrossyear&subject=mathematics&grade=8&subscale=MRPCM&variable=C051651&jurisdiction=CA&stattype=ALC%3AAB&Year=2019%2C2022%2C2024&ShowDetails=true&QCData=true&RevealDataKeys=true
2026-09-19T02:11:11.189Z,NDE,MAT,Mathematics,8,MRPCM,Composite mathematics scale (0-500),CA,California,C051651,Percent eligible for National School Lunch Program,5,26-34%,ALC:AP,achievement level,Percent at or above NAEP Proficient,percent,,at or above NAEP Proficient,2019,2022,40.1565007214071,,,,,0,268437504,response rate below 85%; skipped-variable note,268435713,reporting standard not met; standard error not applicable; skipped-variable note,SUBJ=MAT|COHORT=2|DEPVAR=MRPCM|SAMPLES=R3|YEAR=2019|JURISDICTIONS=CA|C051651=5|STAT=ALC:AP || SUBJ=MAT|COHORT=2|DEPVAR=MRPCM|SAMPLES=R3|YEAR=2022|JURISDICTIONS=CA|C051651=5|STAT=ALC:AP,https://www.nationsreportcard.gov/DataService/GetAdhocData.aspx?type=sigacrossyear&subject=mathematics&grade=8&subscale=MRPCM&variable=C051651&jurisdiction=CA&stattype=ALC%3AAP&Year=2019%2C2022%2C2024&ShowDetails=true&QCData=true&RevealDataKeys=true
2026-09-19T02:11:11.189Z,NDE,MAT,Mathematics,8,MRPCM,Composite mathematics scale (0-500),CA,California,C051651,Percent eligible for National School Lunch Program,5,26-34%,ALC:AD,achievement level,Percent at NAEP Advanced (cumulative code),percent,,at NAEP Advanced (cumulative code),2019,2022,12.0051084344547,,,,,0,268437504,response rate below 85%; skipped-variable note,268435713,reporting standard not met; standard error not applicable; skipped-variable note,SUBJ=MAT|COHORT=2|DEPVAR=MRPCM|SAMPLES=R3|YEAR=2019|JURISDICTIONS=CA|C051651=5|STAT=ALC:AD || SUBJ=MAT|COHORT=2|DEPVAR=MRPCM|SAMPLES=R3|YEAR=2022|JURISDICTIONS=CA|C051651=5|STAT=ALC:AD,https://www.nationsreportcard.gov/DataService/GetAdhocData.aspx?type=sigacrossyear&subject=mathematics&grade=8&subscale=MRPCM&variable=C051651&jurisdiction=CA&stattype=ALC%3AAD&Year=2019%2C2022%2C2024&ShowDetails=true&QCData=true&RevealDataKeys=true
2026-09-19T02:11:11.189Z,NDE,MAT,Mathematics,8,MRPCM,Composite mathematics scale (0-500),CA,California,C051651,Percent eligible for National School Lunch Program,6,35-50%,MN:MN,location,Average scale score,scale score,,,2019,2022,286.762137523832,263.628322566154,-23.133814957678,follow-up lower,HIGHER,1,268437504,response rate below 85%; skipped-variable note,268437504,response rate below 85%; skipped-variable note,SUBJ=MAT|COHORT=2|DEPVAR=MRPCM|SAMPLES=R3|YEAR=2019|JURISDICTIONS=CA|C051651=6|STAT=MN:MN || SUBJ=MAT|COHORT=2|DEPVAR=MRPCM|SAMPLES=R3|YEAR=2022|JURISDICTIONS=CA|C051651=6|STAT=MN:MN,https://www.nationsreportcard.gov/DataService/GetAdhocData.aspx?type=sigacrossyear&subject=mathematics&grade=8&subscale=MRPCM&variable=C051651&jurisdiction=CA&stattype=MN%3AMN&Year=2019%2C2022%2C2024&ShowDetails=true&QCData=true&RevealDataKeys=true
2026-09-19T02:11:11.189Z,NDE,MAT,Mathematics,8,MRPCM,Composite mathematics scale (0-500),CA,California,C051651,Percent eligible for National School Lunch Program,6,35-50%,PC:P1,percentile,10th percentile scale score,scale score,10.0,,2019,2022,233.437999725342,227.924500274658,-5.513499450684009,no statistically significant difference,EQUAL,1,268437504,response rate below 85%; skipped-variable note,268437504,response rate below 85%; skipped-variable note,SUBJ=MAT|COHORT=2|DEPVAR=MRPCM|SAMPLES=R3|YEAR=2019|JURISDICTIONS=CA|C051651=6|STAT=PC:P1 || SUBJ=MAT|COHORT=2|DEPVAR=MRPCM|SAMPLES=R3|YEAR=2022|JURISDICTIONS=CA|C051651=6|STAT=PC:P1,https://www.nationsreportcard.gov/DataService/GetAdhocData.aspx?type=sigacrossyear&subject=mathematics&grade=8&subscale=MRPCM&variable=C051651&jurisdiction=CA&stattype=PC%3AP1&Year=2019%2C2022%2C2024&ShowDetails=true&QCData=true&RevealDataKeys=true
2026-09-19T02:11:11.189Z,NDE,MAT,Mathematics,8,MRPCM,Composite mathematics scale (0-500),CA,California,C051651,Percent eligible for National School Lunch Program,6,35-50%,PC:P2,percentile,25th percentile scale score,scale score,25.0,,2019,2022,260.087998962403,241.643000793457,-18.444998168946,follow-up lower,HIGHER,1,268437504,response rate below 85%; skipped-variable note,268437504,response rate below 85%; skipped-variable note,SUBJ=MAT|COHORT=2|DEPVAR=MRPCM|SAMPLES=R3|YEAR=2019|JURISDICTIONS=CA|C051651=6|STAT=PC:P2 || SUBJ=MAT|COHORT=2|DEPVAR=MRPCM|SAMPLES=R3|YEAR=2022|JURISDICTIONS=CA|C051651=6|STAT=PC:P2,https://www.nationsreportcard.gov/DataService/GetAdhocData.aspx?type=sigacrossyear&subject=mathematics&grade=8&subscale=MRPCM&variable=C051651&jurisdiction=CA&stattype=PC%3AP2&Year=2019%2C2022%2C2024&ShowDetails=true&QCData=true&RevealDataKeys=true
2026-09-19T02:11:11.189Z,NDE,MAT,Mathematics,8,MRPCM,Composite mathematics scale (0-500),CA,California,C051651,Percent eligible for National School Lunch Program,6,35-50%,PC:P5,percentile,50th percentile scale score,scale score,50.0,,2019,2022,288.094996643067,264.813998413086,-23.28099822998104,no statistically significant difference,EQUAL,1,268437504,response rate below 85%; skipped-variable note,268437504,response rate below 85%; skipped-variable note,SUBJ=MAT|COHORT=2|DEPVAR=MRPCM|SAMPLES=R3|YEAR=2019|JURISDICTIONS=CA|C051651=6|STAT=PC:P5 || SUBJ=MAT|COHORT=2|DEPVAR=MRPCM|SAMPLES=R3|YEAR=2022|JURISDICTIONS=CA|C051651=6|STAT=PC:P5,https://www.nationsreportcard.gov/DataService/GetAdhocData.aspx?type=sigacrossyear&subject=mathematics&grade=8&subscale=MRPCM&variable=C051651&jurisdiction=CA&stattype=PC%3AP5&Year=2019%2C2022%2C2024&ShowDetails=true&QCData=true&RevealDataKeys=true
2026-09-19T02:11:11.189Z,NDE,MAT,Mathematics,8,MRPCM,Composite mathematics scale (0-500),CA,California,C051651,Percent eligible for National School Lunch Program,6,35-50%,PC:P7,percentile,75th percentile scale score,scale score,75.0,,2019,2022,315.558505249024,285.388005065918,-30.17050018310601,follow-up lower,HIGHER,1,268437504,response rate below 85%; skipped-variable note,268437504,response rate below 85%; skipped-variable note,SUBJ=MAT|COHORT=2|DEPVAR=MRPCM|SAMPLES=R3|YEAR=2019|JURISDICTIONS=CA|C051651=6|STAT=PC:P7 || SUBJ=MAT|COHORT=2|DEPVAR=MRPCM|SAMPLES=R3|YEAR=2022|JURISDICTIONS=CA|C051651=6|STAT=PC:P7,https://www.nationsreportcard.gov/DataService/GetAdhocData.aspx?type=sigacrossyear&subject=mathematics&grade=8&subscale=MRPCM&variable=C051651&jurisdiction=CA&stattype=PC%3AP7&Year=2019%2C2022%2C2024&ShowDetails=true&QCData=true&RevealDataKeys=true
2026-09-19T02:11:11.189Z,NDE,MAT,Mathematics,8,MRPCM,Composite mathematics scale (0-500),CA,California,C051651,Percent eligible for National School Lunch Program,6,35-50%,PC:P9,percentile,90th percentile scale score,scale score,90.0,,2019,2022,339.015496826172,299.170500183106,-39.844996643066,no statistically significant difference,EQUAL,1,268437504,response rate below 85%; skipped-variable note,268437504,response rate below 85%; skipped-variable note,SUBJ=MAT|COHORT=2|DEPVAR=MRPCM|SAMPLES=R3|YEAR=2019|JURISDICTIONS=CA|C051651=6|STAT=PC:P9 || SUBJ=MAT|COHORT=2|DEPVAR=MRPCM|SAMPLES=R3|YEAR=2022|JURISDICTIONS=CA|C051651=6|STAT=PC:P9,https://www.nationsreportcard.gov/DataService/GetAdhocData.aspx?type=sigacrossyear&subject=mathematics&grade=8&subscale=MRPCM&variable=C051651&jurisdiction=CA&stattype=PC%3AP9&Year=2019%2C2022%2C2024&ShowDetails=true&QCData=true&RevealDataKeys=true
2026-09-19T02:11:11.189Z,NDE,MAT,Mathematics,8,MRPCM,Composite mathematics scale (0-500),CA,California,C051651,Percent eligible for National School Lunch Program,6,35-50%,ALD:BA,achievement level,Percent at NAEP Basic,percent,,at NAEP Basic,2019,2022,35.0888148694443,41.9132264200265,6.824411550582198,no statistically significant difference,EQUAL,1,268437504,response rate below 85%; skipped-variable note,268437504,response rate below 85%; skipped-variable note,SUBJ=MAT|COHORT=2|DEPVAR=MRPCM|SAMPLES=R3|YEAR=2019|JURISDICTIONS=CA|C051651=6|STAT=ALD:BA || SUBJ=MAT|COHORT=2|DEPVAR=MRPCM|SAMPLES=R3|YEAR=2022|JURISDICTIONS=CA|C051651=6|STAT=ALD:BA,https://www.nationsreportcard.gov/DataService/GetAdhocData.aspx?type=sigacrossyear&subject=mathematics&grade=8&subscale=MRPCM&variable=C051651&jurisdiction=CA&stattype=ALD%3ABA&Year=2019%2C2022%2C2024&ShowDetails=true&QCData=true&RevealDataKeys=true
2026-09-19T02:11:11.189Z,NDE,MAT,Mathematics,8,MRPCM,Composite mathematics scale (0-500),CA,California,C051651,Percent eligible for National School Lunch Program,6,35-50%,ALD:PR,achievement level,Percent at NAEP Proficient,percent,,at NAEP Proficient,2019,2022,25.8302784014241,9.23468103180241,-16.59559736962169,no statistically significant difference,EQUAL,1,268437504,response rate below 85%; skipped-variable note,268437504,response rate below 85%; skipped-variable note,SUBJ=MAT|COHORT=2|DEPVAR=MRPCM|SAMPLES=R3|YEAR=2019|JURISDICTIONS=CA|C051651=6|STAT=ALD:PR || SUBJ=MAT|COHORT=2|DEPVAR=MRPCM|SAMPLES=R3|YEAR=2022|JURISDICTIONS=CA|C051651=6|STAT=ALD:PR,https://www.nationsreportcard.gov/DataService/GetAdhocData.aspx?type=sigacrossyear&subject=mathematics&grade=8&subscale=MRPCM&variable=C051651&jurisdiction=CA&stattype=ALD%3APR&Year=2019%2C2022%2C2024&ShowDetails=true&QCData=true&RevealDataKeys=true
2026-09-19T02:11:11.189Z,NDE,MAT,Mathematics,8,MRPCM,Composite mathematics scale (0-500),CA,California,C051651,Percent eligible for National School Lunch Program,6,35-50%,ALD:AD,achievement level,Percent at NAEP Advanced,percent,,at NAEP Advanced,2019,2022,12.6988746291165,1.35704372161397,-11.34183090750253,,,0,268437504,response rate below 85%; skipped-variable note,268437762,extreme percentage; standard error not applicable; response rate below 85%; skipped-variable note,SUBJ=MAT|COHORT=2|DEPVAR=MRPCM|SAMPLES=R3|YEAR=2019|JURISDICTIONS=CA|C051651=6|STAT=ALD:AD || SUBJ=MAT|COHORT=2|DEPVAR=MRPCM|SAMPLES=R3|YEAR=2022|JURISDICTIONS=CA|C051651=6|STAT=ALD:AD,https://www.nationsreportcard.gov/DataService/GetAdhocData.aspx?type=sigacrossyear&subject=mathematics&grade=8&subscale=MRPCM&variable=C051651&jurisdiction=CA&stattype=ALD%3AAD&Year=2019%2C2022%2C2024&ShowDetails=true&QCData=true&RevealDataKeys=true
2026-09-19T02:11:11.189Z,NDE,MAT,Mathematics,8,MRPCM,Composite mathematics scale (0-500),CA,California,C051651,Percent eligible for National School Lunch Program,6,35-50%,ALC:BB,achievement level,Percent below NAEP Basic,percent,,below NAEP Basic,2019,2022,26.382032100015,47.4950488265571,21.113016726542103,no statistically significant difference,EQUAL,1,268437504,response rate below 85%; skipped-variable note,268437504,response rate below 85%; skipped-variable note,SUBJ=MAT|COHORT=2|DEPVAR=MRPCM|SAMPLES=R3|YEAR=2019|JURISDICTIONS=CA|C051651=6|STAT=ALC:BB || SUBJ=MAT|COHORT=2|DEPVAR=MRPCM|SAMPLES=R3|YEAR=2022|JURISDICTIONS=CA|C051651=6|STAT=ALC:BB,https://www.nationsreportcard.gov/DataService/GetAdhocData.aspx?type=sigacrossyear&subject=mathematics&grade=8&subscale=MRPCM&variable=C051651&jurisdiction=CA&stattype=ALC%3ABB&Year=2019%2C2022%2C2024&ShowDetails=true&QCData=true&RevealDataKeys=true
2026-09-19T02:11:11.189Z,NDE,MAT,Mathematics,8,MRPCM,Composite mathematics scale (0-500),CA,California,C051651,Percent eligible for National School Lunch Program,6,35-50%,ALC:AB,achievement level,Percent at or above NAEP Basic,percent,,at or above NAEP Basic,2019,2022,73.617967899985,52.5049511734429,-21.113016726542103,no statistically significant difference,EQUAL,1,268437504,response rate below 85%; skipped-variable note,268437504,response rate below 85%; skipped-variable note,SUBJ=MAT|COHORT=2|DEPVAR=MRPCM|SAMPLES=R3|YEAR=2019|JURISDICTIONS=CA|C051651=6|STAT=ALC:AB || SUBJ=MAT|COHORT=2|DEPVAR=MRPCM|SAMPLES=R3|YEAR=2022|JURISDICTIONS=CA|C051651=6|STAT=ALC:AB,https://www.nationsreportcard.gov/DataService/GetAdhocData.aspx?type=sigacrossyear&subject=mathematics&grade=8&subscale=MRPCM&variable=C051651&jurisdiction=CA&stattype=ALC%3AAB&Year=2019%2C2022%2C2024&ShowDetails=true&QCData=true&RevealDataKeys=true
2026-09-19T02:11:11.189Z,NDE,MAT,Mathematics,8,MRPCM,Composite mathematics scale (0-500),CA,California,C051651,Percent eligible for National School Lunch Program,6,35-50%,ALC:AP,achievement level,Percent at or above NAEP Proficient,percent,,at or above NAEP Proficient,2019,2022,38.5291530305407,10.5917247534164,-27.937428277124297,follow-up lower,HIGHER,1,268437504,response rate below 85%; skipped-variable note,268437504,response rate below 85%; skipped-variable note,SUBJ=MAT|COHORT=2|DEPVAR=MRPCM|SAMPLES=R3|YEAR=2019|JURISDICTIONS=CA|C051651=6|STAT=ALC:AP || SUBJ=MAT|COHORT=2|DEPVAR=MRPCM|SAMPLES=R3|YEAR=2022|JURISDICTIONS=CA|C051651=6|STAT=ALC:AP,https://www.nationsreportcard.gov/DataService/GetAdhocData.aspx?type=sigacrossyear&subject=mathematics&grade=8&subscale=MRPCM&variable=C051651&jurisdiction=CA&stattype=ALC%3AAP&Year=2019%2C2022%2C2024&ShowDetails=true&QCData=true&RevealDataKeys=true
2026-09-19T02:11:11.189Z,NDE,MAT,Mathematics,8,MRPCM,Composite mathematics scale (0-500),CA,California,C051651,Percent eligible for National School Lunch Program,6,35-50%,ALC:AD,achievement level,Percent at NAEP Advanced (cumulative code),percent,,at NAEP Advanced (cumulative code),2019,2022,12.6988746291165,1.35704372161397,-11.34183090750253,,,0,268437504,response rate below 85%; skipped-variable note,268437762,extreme percentage; standard error not applicable; response rate below 85%; skipped-variable note,SUBJ=MAT|COHORT=2|DEPVAR=MRPCM|SAMPLES=R3|YEAR=2019|JURISDICTIONS=CA|C051651=6|STAT=ALC:AD || SUBJ=MAT|COHORT=2|DEPVAR=MRPCM|SAMPLES=R3|YEAR=2022|JURISDICTIONS=CA|C051651=6|STAT=ALC:AD,https://www.nationsreportcard.gov/DataService/GetAdhocData.aspx?type=sigacrossyear&subject=mathematics&grade=8&subscale=MRPCM&variable=C051651&jurisdiction=CA&stattype=ALC%3AAD&Year=2019%2C2022%2C2024&ShowDetails=true&QCData=true&RevealDataKeys=true
2026-09-19T02:11:11.189Z,NDE,MAT,Mathematics,8,MRPCM,Composite mathematics scale (0-500),CA,California,C051651,Percent eligible for National School Lunch Program,7,51-75%,MN:MN,location,Average scale score,scale score,,,2019,2022,272.394041949939,288.054467158743,15.660425208804044,follow-up higher,LOWER,1,268437504,response rate below 85%; skipped-variable note,268437504,response rate below 85%; skipped-variable note,SUBJ=MAT|COHORT=2|DEPVAR=MRPCM|SAMPLES=R3|YEAR=2019|JURISDICTIONS=CA|C051651=7|STAT=MN:MN || SUBJ=MAT|COHORT=2|DEPVAR=MRPCM|SAMPLES=R3|YEAR=2022|JURISDICTIONS=CA|C051651=7|STAT=MN:MN,https://www.nationsreportcard.gov/DataService/GetAdhocData.aspx?type=sigacrossyear&subject=mathematics&grade=8&subscale=MRPCM&variable=C051651&jurisdiction=CA&stattype=MN%3AMN&Year=2019%2C2022%2C2024&ShowDetails=true&QCData=true&RevealDataKeys=true
2026-09-19T02:11:11.189Z,NDE,MAT,Mathematics,8,MRPCM,Composite mathematics scale (0-500),CA,California,C051651,Percent eligible for National School Lunch Program,7,51-75%,PC:P1,percentile,10th percentile scale score,scale score,10.0,,2019,2022,221.758499145508,242.378500366211,20.62000122070299,follow-up higher,LOWER,1,268437504,response rate below 85%; skipped-variable note,268437504,response rate below 85%; skipped-variable note,SUBJ=MAT|COHORT=2|DEPVAR=MRPCM|SAMPLES=R3|YEAR=2019|JURISDICTIONS=CA|C051651=7|STAT=PC:P1 || SUBJ=MAT|COHORT=2|DEPVAR=MRPCM|SAMPLES=R3|YEAR=2022|JURISDICTIONS=CA|C051651=7|STAT=PC:P1,https://www.nationsreportcard.gov/DataService/GetAdhocData.aspx?type=sigacrossyear&subject=mathematics&grade=8&subscale=MRPCM&variable=C051651&jurisdiction=CA&stattype=PC%3AP1&Year=2019%2C2022%2C2024&ShowDetails=true&QCData=true&RevealDataKeys=true
2026-09-19T02:11:11.189Z,NDE,MAT,Mathematics,8,MRPCM,Composite mathematics scale (0-500),CA,California,C051651,Percent eligible for National School Lunch Program,7,51-75%,PC:P2,percentile,25th percentile scale score,scale score,25.0,,2019,2022,244.331497955322,263.805500793457,19.474002838134997,no statistically significant difference,EQUAL,1,268437504,response rate below 85%; skipped-variable note,268437504,response rate below 85%; skipped-variable note,SUBJ=MAT|COHORT=2|DEPVAR=MRPCM|SAMPLES=R3|YEAR=2019|JURISDICTIONS=CA|C051651=7|STAT=PC:P2 || SUBJ=MAT|COHORT=2|DEPVAR=MRPCM|SAMPLES=R3|YEAR=2022|JURISDICTIONS=CA|C051651=7|STAT=PC:P2,https://www.nationsreportcard.gov/DataService/GetAdhocData.aspx?type=sigacrossyear&subject=mathematics&grade=8&subscale=MRPCM&variable=C051651&jurisdiction=CA&stattype=PC%3AP2&Year=2019%2C2022%2C2024&ShowDetails=true&QCData=true&RevealDataKeys=true
2026-09-19T02:11:11.189Z,NDE,MAT,Mathematics,8,MRPCM,Composite mathematics scale (0-500),CA,California,C051651,Percent eligible for National School Lunch Program,7,51-75%,PC:P5,percentile,50th percentile scale score,scale score,50.0,,2019,2022,272.846002197266,287.656504821778,14.810502624512026,follow-up higher,LOWER,1,268437504,response rate below 85%; skipped-variable note,268437504,response rate below 85%; skipped-variable note,SUBJ=MAT|COHORT=2|DEPVAR=MRPCM|SAMPLES=R3|YEAR=2019|JURISDICTIONS=CA|C051651=7|STAT=PC:P5 || SUBJ=MAT|COHORT=2|DEPVAR=MRPCM|SAMPLES=R3|YEAR=2022|JURISDICTIONS=CA|C051651=7|STAT=PC:P5,https://www.nationsreportcard.gov/DataService/GetAdhocData.aspx?type=sigacrossyear&subject=mathematics&grade=8&subscale=MRPCM&variable=C051651&jurisdiction=CA&stattype=PC%3AP5&Year=2019%2C2022%2C2024&ShowDetails=true&QCData=true&RevealDataKeys=true
2026-09-19T02:11:11.189Z,NDE,MAT,Mathematics,8,MRPCM,Composite mathematics scale (0-500),CA,California,C051651,Percent eligible for National School Lunch Program,7,51-75%,PC:P7,percentile,75th percentile scale score,scale score,75.0,,2019,2022,298.855999755859,311.5375,12.681500244141034,no statistically significant difference,EQUAL,1,268437504,response rate below 85%; skipped-variable note,268437504,response rate below 85%; skipped-variable note,SUBJ=MAT|COHORT=2|DEPVAR=MRPCM|SAMPLES=R3|YEAR=2019|JURISDICTIONS=CA|C051651=7|STAT=PC:P7 || SUBJ=MAT|COHORT=2|DEPVAR=MRPCM|SAMPLES=R3|YEAR=2022|JURISDICTIONS=CA|C051651=7|STAT=PC:P7,https://www.nationsreportcard.gov/DataService/GetAdhocData.aspx?type=sigacrossyear&subject=mathematics&grade=8&subscale=MRPCM&variable=C051651&jurisdiction=CA&stattype=PC%3AP7&Year=2019%2C2022%2C2024&ShowDetails=true&QCData=true&RevealDataKeys=true
2026-09-19T02:11:11.189Z,NDE,MAT,Mathematics,8,MRPCM,Composite mathematics scale (0-500),CA,California,C051651,Percent eligible for National School Lunch Program,7,51-75%,PC:P9,percentile,90th percentile scale score,scale score,90.0,,2019,2022,325.116497802735,331.916502380371,6.8000045776360025,no statistically significant difference,EQUAL,1,268437504,response rate below 85%; skipped-variable note,268437504,response rate below 85%; skipped-variable note,SUBJ=MAT|COHORT=2|DEPVAR=MRPCM|SAMPLES=R3|YEAR=2019|JURISDICTIONS=CA|C051651=7|STAT=PC:P9 || SUBJ=MAT|COHORT=2|DEPVAR=MRPCM|SAMPLES=R3|YEAR=2022|JURISDICTIONS=CA|C051651=7|STAT=PC:P9,https://www.nationsreportcard.gov/DataService/GetAdhocData.aspx?type=sigacrossyear&subject=mathematics&grade=8&subscale=MRPCM&variable=C051651&jurisdiction=CA&stattype=PC%3AP9&Year=2019%2C2022%2C2024&ShowDetails=true&QCData=true&RevealDataKeys=true
2026-09-19T02:11:11.189Z,NDE,MAT,Mathematics,8,MRPCM,Composite mathematics scale (0-500),CA,California,C051651,Percent eligible for National School Lunch Program,7,51-75%,ALD:BA,achievement level,Percent at NAEP Basic,percent,,at NAEP Basic,2019,2022,35.7159350924045,39.8770793865285,4.161144294124,no statistically significant difference,EQUAL,1,268437504,response rate below 85%; skipped-variable note,268437504,response rate below 85%; skipped-variable note,SUBJ=MAT|COHORT=2|DEPVAR=MRPCM|SAMPLES=R3|YEAR=2019|JURISDICTIONS=CA|C051651=7|STAT=ALD:BA || SUBJ=MAT|COHORT=2|DEPVAR=MRPCM|SAMPLES=R3|YEAR=2022|JURISDICTIONS=CA|C051651=7|STAT=ALD:BA,https://www.nationsreportcard.gov/DataService/GetAdhocData.aspx?type=sigacrossyear&subject=mathematics&grade=8&subscale=MRPCM&variable=C051651&jurisdiction=CA&stattype=ALD%3ABA&Year=2019%2C2022%2C2024&ShowDetails=true&QCData=true&RevealDataKeys=true
2026-09-19T02:11:11.189Z,NDE,MAT,Mathematics,8,MRPCM,Composite mathematics scale (0-500),CA,California,C051651,Percent eligible for National School Lunch Program,7,51-75%,ALD:PR,achievement level,Percent at NAEP Proficient,percent,,at NAEP Proficient,2019,2022,18.0751172660338,26.9294495373161,8.8543322712823,no statistically significant difference,EQUAL,1,268437504,response rate below 85%; skipped-variable note,268437504,response rate below 85%; skipped-variable note,SUBJ=MAT|COHORT=2|DEPVAR=MRPCM|SAMPLES=R3|YEAR=2019|JURISDICTIONS=CA|C051651=7|STAT=ALD:PR || SUBJ=MAT|COHORT=2|DEPVAR=MRPCM|SAMPLES=R3|YEAR=2022|JURISDICTIONS=CA|C051651=7|STAT=ALD:PR,https://www.nationsreportcard.gov/DataService/GetAdhocData.aspx?type=sigacrossyear&subject=mathematics&grade=8&subscale=MRPCM&variable=C051651&jurisdiction=CA&stattype=ALD%3APR&Year=2019%2C2022%2C2024&ShowDetails=true&QCData=true&RevealDataKeys=true
2026-09-19T02:11:11.189Z,NDE,MAT,Mathematics,8,MRPCM,Composite mathematics scale (0-500),CA,California,C051651,Percent eligible for National School Lunch Program,7,51-75%,ALD:AD,achievement level,Percent at NAEP Advanced,percent,,at NAEP Advanced,2019,2022,6.63188806952131,9.87300466369964,3.241116594178329,no statistically significant difference,EQUAL,1,268437504,response rate below 85%; skipped-variable note,268437504,response rate below 85%; skipped-variable note,SUBJ=MAT|COHORT=2|DEPVAR=MRPCM|SAMPLES=R3|YEAR=2019|JURISDICTIONS=CA|C051651=7|STAT=ALD:AD || SUBJ=MAT|COHORT=2|DEPVAR=MRPCM|SAMPLES=R3|YEAR=2022|JURISDICTIONS=CA|C051651=7|STAT=ALD:AD,https://www.nationsreportcard.gov/DataService/GetAdhocData.aspx?type=sigacrossyear&subject=mathematics&grade=8&subscale=MRPCM&variable=C051651&jurisdiction=CA&stattype=ALD%3AAD&Year=2019%2C2022%2C2024&ShowDetails=true&QCData=true&RevealDataKeys=true
2026-09-19T02:11:11.189Z,NDE,MAT,Mathematics,8,MRPCM,Composite mathematics scale (0-500),CA,California,C051651,Percent eligible for National School Lunch Program,7,51-75%,ALC:BB,achievement level,Percent below NAEP Basic,percent,,below NAEP Basic,2019,2022,39.5770595720404,23.3204664124558,-16.256593159584597,follow-up lower,HIGHER,1,268437504,response rate below 85%; skipped-variable note,268437504,response rate below 85%; skipped-variable note,SUBJ=MAT|COHORT=2|DEPVAR=MRPCM|SAMPLES=R3|YEAR=2019|JURISDICTIONS=CA|C051651=7|STAT=ALC:BB || SUBJ=MAT|COHORT=2|DEPVAR=MRPCM|SAMPLES=R3|YEAR=2022|JURISDICTIONS=CA|C051651=7|STAT=ALC:BB,https://www.nationsreportcard.gov/DataService/GetAdhocData.aspx?type=sigacrossyear&subject=mathematics&grade=8&subscale=MRPCM&variable=C051651&jurisdiction=CA&stattype=ALC%3ABB&Year=2019%2C2022%2C2024&ShowDetails=true&QCData=true&RevealDataKeys=true
2026-09-19T02:11:11.189Z,NDE,MAT,Mathematics,8,MRPCM,Composite mathematics scale (0-500),CA,California,C051651,Percent eligible for National School Lunch Program,7,51-75%,ALC:AB,achievement level,Percent at or above NAEP Basic,percent,,at or above NAEP Basic,2019,2022,60.4229404279596,76.6795335875442,16.256593159584597,follow-up higher,LOWER,1,268437504,response rate below 85%; skipped-variable note,268437504,response rate below 85%; skipped-variable note,SUBJ=MAT|COHORT=2|DEPVAR=MRPCM|SAMPLES=R3|YEAR=2019|JURISDICTIONS=CA|C051651=7|STAT=ALC:AB || SUBJ=MAT|COHORT=2|DEPVAR=MRPCM|SAMPLES=R3|YEAR=2022|JURISDICTIONS=CA|C051651=7|STAT=ALC:AB,https://www.nationsreportcard.gov/DataService/GetAdhocData.aspx?type=sigacrossyear&subject=mathematics&grade=8&subscale=MRPCM&variable=C051651&jurisdiction=CA&stattype=ALC%3AAB&Year=2019%2C2022%2C2024&ShowDetails=true&QCData=true&RevealDataKeys=true
2026-09-19T02:11:11.189Z,NDE,MAT,Mathematics,8,MRPCM,Composite mathematics scale (0-500),CA,California,C051651,Percent eligible for National School Lunch Program,7,51-75%,ALC:AP,achievement level,Percent at or above NAEP Proficient,percent,,at or above NAEP Proficient,2019,2022,24.7070053355551,36.8024542010157,12.0954488654606,no statistically significant difference,EQUAL,1,268437504,response rate below 85%; skipped-variable note,268437504,response rate below 85%; skipped-variable note,SUBJ=MAT|COHORT=2|DEPVAR=MRPCM|SAMPLES=R3|YEAR=2019|JURISDICTIONS=CA|C051651=7|STAT=ALC:AP || SUBJ=MAT|COHORT=2|DEPVAR=MRPCM|SAMPLES=R3|YEAR=2022|JURISDICTIONS=CA|C051651=7|STAT=ALC:AP,https://www.nationsreportcard.gov/DataService/GetAdhocData.aspx?type=sigacrossyear&subject=mathematics&grade=8&subscale=MRPCM&variable=C051651&jurisdiction=CA&stattype=ALC%3AAP&Year=2019%2C2022%2C2024&ShowDetails=true&QCData=true&RevealDataKeys=true
2026-09-19T02:11:11.189Z,NDE,MAT,Mathematics,8,MRPCM,Composite mathematics scale (0-500),CA,California,C051651,Percent eligible for National School Lunch Program,7,51-75%,ALC:AD,achievement level,Percent at NAEP Advanced (cumulative code),percent,,at NAEP Advanced (cumulative code),2019,2022,6.63188806952131,9.87300466369964,3.241116594178329,no statistically significant difference,EQUAL,1,268437504,response rate below 85%; skipped-variable note,268437504,response rate below 85%; skipped-variable note,SUBJ=MAT|COHORT=2|DEPVAR=MRPCM|SAMPLES=R3|YEAR=2019|JURISDICTIONS=CA|C051651=7|STAT=ALC:AD || SUBJ=MAT|COHORT=2|DEPVAR=MRPCM|SAMPLES=R3|YEAR=2022|JURISDICTIONS=CA|C051651=7|STAT=ALC:AD,https://www.nationsreportcard.gov/DataService/GetAdhocData.aspx?type=sigacrossyear&subject=mathematics&grade=8&subscale=MRPCM&variable=C051651&jurisdiction=CA&stattype=ALC%3AAD&Year=2019%2C2022%2C2024&ShowDetails=true&QCData=true&RevealDataKeys=true
2026-09-19T02:11:11.189Z,NDE,MAT,Mathematics,8,MRPCM,Composite mathematics scale (0-500),CA,California,C051651,Percent eligible for National School Lunch Program,8,76-99%,MN:MN,location,Average scale score,scale score,,,2019,2022,265.822916310241,,,,,0,268437504,response rate below 85%; skipped-variable note,268435713,reporting standard not met; standard error not applicable; skipped-variable note,SUBJ=MAT|COHORT=2|DEPVAR=MRPCM|SAMPLES=R3|YEAR=2019|JURISDICTIONS=CA|C051651=8|STAT=MN:MN || SUBJ=MAT|COHORT=2|DEPVAR=MRPCM|SAMPLES=R3|YEAR=2022|JURISDICTIONS=CA|C051651=8|STAT=MN:MN,https://www.nationsreportcard.gov/DataService/GetAdhocData.aspx?type=sigacrossyear&subject=mathematics&grade=8&subscale=MRPCM&variable=C051651&jurisdiction=CA&stattype=MN%3AMN&Year=2019%2C2022%2C2024&ShowDetails=true&QCData=true&RevealDataKeys=true
2026-09-19T02:11:11.189Z,NDE,MAT,Mathematics,8,MRPCM,Composite mathematics scale (0-500),CA,California,C051651,Percent eligible for National School Lunch Program,8,76-99%,PC:P1,percentile,10th percentile scale score,scale score,10.0,,2019,2022,220.741000366211,,,,,0,268437504,response rate below 85%; skipped-variable note,268435713,reporting standard not met; standard error not applicable; skipped-variable note,SUBJ=MAT|COHORT=2|DEPVAR=MRPCM|SAMPLES=R3|YEAR=2019|JURISDICTIONS=CA|C051651=8|STAT=PC:P1 || SUBJ=MAT|COHORT=2|DEPVAR=MRPCM|SAMPLES=R3|YEAR=2022|JURISDICTIONS=CA|C051651=8|STAT=PC:P1,https://www.nationsreportcard.gov/DataService/GetAdhocData.aspx?type=sigacrossyear&subject=mathematics&grade=8&subscale=MRPCM&variable=C051651&jurisdiction=CA&stattype=PC%3AP1&Year=2019%2C2022%2C2024&ShowDetails=true&QCData=true&RevealDataKeys=true
2026-09-19T02:11:11.189Z,NDE,MAT,Mathematics,8,MRPCM,Composite mathematics scale (0-500),CA,California,C051651,Percent eligible for National School Lunch Program,8,76-99%,PC:P2,percentile,25th percentile scale score,scale score,25.0,,2019,2022,242.1875,,,,,0,268437504,response rate below 85%; skipped-variable note,268435713,reporting standard not met; standard error not applicable; skipped-variable note,SUBJ=MAT|COHORT=2|DEPVAR=MRPCM|SAMPLES=R3|YEAR=2019|JURISDICTIONS=CA|C051651=8|STAT=PC:P2 || SUBJ=MAT|COHORT=2|DEPVAR=MRPCM|SAMPLES=R3|YEAR=2022|JURISDICTIONS=CA|C051651=8|STAT=PC:P2,https://www.nationsreportcard.gov/DataService/GetAdhocData.aspx?type=sigacrossyear&subject=mathematics&grade=8&subscale=MRPCM&variable=C051651&jurisdiction=CA&stattype=PC%3AP2&Year=2019%2C2022%2C2024&ShowDetails=true&QCData=true&RevealDataKeys=true
2026-09-19T02:11:11.189Z,NDE,MAT,Mathematics,8,MRPCM,Composite mathematics scale (0-500),CA,California,C051651,Percent eligible for National School Lunch Program,8,76-99%,PC:P5,percentile,50th percentile scale score,scale score,50.0,,2019,2022,264.852998352051,,,,,0,268437504,response rate below 85%; skipped-variable note,268435713,reporting standard not met; standard error not applicable; skipped-variable note,SUBJ=MAT|COHORT=2|DEPVAR=MRPCM|SAMPLES=R3|YEAR=2019|JURISDICTIONS=CA|C051651=8|STAT=PC:P5 || SUBJ=MAT|COHORT=2|DEPVAR=MRPCM|SAMPLES=R3|YEAR=2022|JURISDICTIONS=CA|C051651=8|STAT=PC:P5,https://www.nationsreportcard.gov/DataService/GetAdhocData.aspx?type=sigacrossyear&subject=mathematics&grade=8&subscale=MRPCM&variable=C051651&jurisdiction=CA&stattype=PC%3AP5&Year=2019%2C2022%2C2024&ShowDetails=true&QCData=true&RevealDataKeys=true
2026-09-19T02:11:11.189Z,NDE,MAT,Mathematics,8,MRPCM,Composite mathematics scale (0-500),CA,California,C051651,Percent eligible for National School Lunch Program,8,76-99%,PC:P7,percentile,75th percentile scale score,scale score,75.0,,2019,2022,288.313000488281,,,,,0,268437504,response rate below 85%; skipped-variable note,268435713,reporting standard not met; standard error not applicable; skipped-variable note,SUBJ=MAT|COHORT=2|DEPVAR=MRPCM|SAMPLES=R3|YEAR=2019|JURISDICTIONS=CA|C051651=8|STAT=PC:P7 || SUBJ=MAT|COHORT=2|DEPVAR=MRPCM|SAMPLES=R3|YEAR=2022|JURISDICTIONS=CA|C051651=8|STAT=PC:P7,https://www.nationsreportcard.gov/DataService/GetAdhocData.aspx?type=sigacrossyear&subject=mathematics&grade=8&subscale=MRPCM&variable=C051651&jurisdiction=CA&stattype=PC%3AP7&Year=2019%2C2022%2C2024&ShowDetails=true&QCData=true&RevealDataKeys=true
2026-09-19T02:11:11.189Z,NDE,MAT,Mathematics,8,MRPCM,Composite mathematics scale (0-500),CA,California,C051651,Percent eligible for National School Lunch Program,8,76-99%,PC:P9,percentile,90th percentile scale score,scale score,90.0,,2019,2022,311.490501403809,,,,,0,268437504,response rate below 85%; skipped-variable note,268435713,reporting standard not met; standard error not applicable; skipped-variable note,SUBJ=MAT|COHORT=2|DEPVAR=MRPCM|SAMPLES=R3|YEAR=2019|JURISDICTIONS=CA|C051651=8|STAT=PC:P9 || SUBJ=MAT|COHORT=2|DEPVAR=MRPCM|SAMPLES=R3|YEAR=2022|JURISDICTIONS=CA|C051651=8|STAT=PC:P9,https://www.nationsreportcard.gov/DataService/GetAdhocData.aspx?type=sigacrossyear&subject=mathematics&grade=8&subscale=MRPCM&variable=C051651&jurisdiction=CA&stattype=PC%3AP9&Year=2019%2C2022%2C2024&ShowDetails=true&QCData=true&RevealDataKeys=true
2026-09-19T02:11:11.189Z,NDE,MAT,Mathematics,8,MRPCM,Composite mathematics scale (0-500),CA,California,C051651,Percent eligible for National School Lunch Program,8,76-99%,ALD:BA,achievement level,Percent at NAEP Basic,percent,,at NAEP Basic,2019,2022,37.0798209601167,,,,,0,268437504,response rate below 85%; skipped-variable note,268435713,reporting standard not met; standard error not applicable; skipped-variable note,SUBJ=MAT|COHORT=2|DEPVAR=MRPCM|SAMPLES=R3|YEAR=2019|JURISDICTIONS=CA|C051651=8|STAT=ALD:BA || SUBJ=MAT|COHORT=2|DEPVAR=MRPCM|SAMPLES=R3|YEAR=2022|JURISDICTIONS=CA|C051651=8|STAT=ALD:BA,https://www.nationsreportcard.gov/DataService/GetAdhocData.aspx?type=sigacrossyear&subject=mathematics&grade=8&subscale=MRPCM&variable=C051651&jurisdiction=CA&stattype=ALD%3ABA&Year=2019%2C2022%2C2024&ShowDetails=true&QCData=true&RevealDataKeys=true
2026-09-19T02:11:11.189Z,NDE,MAT,Mathematics,8,MRPCM,Composite mathematics scale (0-500),CA,California,C051651,Percent eligible for National School Lunch Program,8,76-99%,ALD:PR,achievement level,Percent at NAEP Proficient,percent,,at NAEP Proficient,2019,2022,12.6224820881419,,,,,0,268437504,response rate below 85%; skipped-variable note,268435713,reporting standard not met; standard error not applicable; skipped-variable note,SUBJ=MAT|COHORT=2|DEPVAR=MRPCM|SAMPLES=R3|YEAR=2019|JURISDICTIONS=CA|C051651=8|STAT=ALD:PR || SUBJ=MAT|COHORT=2|DEPVAR=MRPCM|SAMPLES=R3|YEAR=2022|JURISDICTIONS=CA|C051651=8|STAT=ALD:PR,https://www.nationsreportcard.gov/DataService/GetAdhocData.aspx?type=sigacrossyear&subject=mathematics&grade=8&subscale=MRPCM&variable=C051651&jurisdiction=CA&stattype=ALD%3APR&Year=2019%2C2022%2C2024&ShowDetails=true&QCData=true&RevealDataKeys=true
2026-09-19T02:11:11.189Z,NDE,MAT,Mathematics,8,MRPCM,Composite mathematics scale (0-500),CA,California,C051651,Percent eligible for National School Lunch Program,8,76-99%,ALD:AD,achievement level,Percent at NAEP Advanced,percent,,at NAEP Advanced,2019,2022,4.09873109870934,,,,,0,268437504,response rate below 85%; skipped-variable note,268435715,reporting standard not met; extreme percentage; standard error not applicable; skipped-variable note,SUBJ=MAT|COHORT=2|DEPVAR=MRPCM|SAMPLES=R3|YEAR=2019|JURISDICTIONS=CA|C051651=8|STAT=ALD:AD || SUBJ=MAT|COHORT=2|DEPVAR=MRPCM|SAMPLES=R3|YEAR=2022|JURISDICTIONS=CA|C051651=8|STAT=ALD:AD,https://www.nationsreportcard.gov/DataService/GetAdhocData.aspx?type=sigacrossyear&subject=mathematics&grade=8&subscale=MRPCM&variable=C051651&jurisdiction=CA&stattype=ALD%3AAD&Year=2019%2C2022%2C2024&ShowDetails=true&QCData=true&RevealDataKeys=true
2026-09-19T02:11:11.189Z,NDE,MAT,Mathematics,8,MRPCM,Composite mathematics scale (0-500),CA,California,C051651,Percent eligible for National School Lunch Program,8,76-99%,ALC:BB,achievement level,Percent below NAEP Basic,percent,,below NAEP Basic,2019,2022,46.1989658530321,,,,,0,268437504,response rate below 85%; skipped-variable note,268435713,reporting standard not met; standard error not applicable; skipped-variable note,SUBJ=MAT|COHORT=2|DEPVAR=MRPCM|SAMPLES=R3|YEAR=2019|JURISDICTIONS=CA|C051651=8|STAT=ALC:BB || SUBJ=MAT|COHORT=2|DEPVAR=MRPCM|SAMPLES=R3|YEAR=2022|JURISDICTIONS=CA|C051651=8|STAT=ALC:BB,https://www.nationsreportcard.gov/DataService/GetAdhocData.aspx?type=sigacrossyear&subject=mathematics&grade=8&subscale=MRPCM&variable=C051651&jurisdiction=CA&stattype=ALC%3ABB&Year=2019%2C2022%2C2024&ShowDetails=true&QCData=true&RevealDataKeys=true
2026-09-19T02:11:11.189Z,NDE,MAT,Mathematics,8,MRPCM,Composite mathematics scale (0-500),CA,California,C051651,Percent eligible for National School Lunch Program,8,76-99%,ALC:AB,achievement level,Percent at or above NAEP Basic,percent,,at or above NAEP Basic,2019,2022,53.8010341469679,,,,,0,268437504,response rate below 85%; skipped-variable note,268435713,reporting standard not met; standard error not applicable; skipped-variable note,SUBJ=MAT|COHORT=2|DEPVAR=MRPCM|SAMPLES=R3|YEAR=2019|JURISDICTIONS=CA|C051651=8|STAT=ALC:AB || SUBJ=MAT|COHORT=2|DEPVAR=MRPCM|SAMPLES=R3|YEAR=2022|JURISDICTIONS=CA|C051651=8|STAT=ALC:AB,https://www.nationsreportcard.gov/DataService/GetAdhocData.aspx?type=sigacrossyear&subject=mathematics&grade=8&subscale=MRPCM&variable=C051651&jurisdiction=CA&stattype=ALC%3AAB&Year=2019%2C2022%2C2024&ShowDetails=true&QCData=true&RevealDataKeys=true
2026-09-19T02:11:11.189Z,NDE,MAT,Mathematics,8,MRPCM,Composite mathematics scale (0-500),CA,California,C051651,Percent eligible for National School Lunch Program,8,76-99%,ALC:AP,achievement level,Percent at or above NAEP Proficient,percent,,at or above NAEP Proficient,2019,2022,16.7212131868512,,,,,0,268437504,response rate below 85%; skipped-variable note,268435713,reporting standard not met; standard error not applicable; skipped-variable note,SUBJ=MAT|COHORT=2|DEPVAR=MRPCM|SAMPLES=R3|YEAR=2019|JURISDICTIONS=CA|C051651=8|STAT=ALC:AP || SUBJ=MAT|COHORT=2|DEPVAR=MRPCM|SAMPLES=R3|YEAR=2022|JURISDICTIONS=CA|C051651=8|STAT=ALC:AP,https://www.nationsreportcard.gov/DataService/GetAdhocData.aspx?type=sigacrossyear&subject=mathematics&grade=8&subscale=MRPCM&variable=C051651&jurisdiction=CA&stattype=ALC%3AAP&Year=2019%2C2022%2C2024&ShowDetails=true&QCData=true&RevealDataKeys=true
2026-09-19T02:11:11.189Z,NDE,MAT,Mathematics,8,MRPCM,Composite mathematics scale (0-500),CA,California,C051651,Percent eligible for National School Lunch Program,8,76-99%,ALC:AD,achievement level,Percent at NAEP Advanced (cumulative code),percent,,at NAEP Advanced (cumulative code),2019,2022,4.09873109870934,,,,,0,268437504,response rate below 85%; skipped-variable note,268435715,reporting standard not met; extreme percentage; standard error not applicable; skipped-variable note,SUBJ=MAT|COHORT=2|DEPVAR=MRPCM|SAMPLES=R3|YEAR=2019|JURISDICTIONS=CA|C051651=8|STAT=ALC:AD || SUBJ=MAT|COHORT=2|DEPVAR=MRPCM|SAMPLES=R3|YEAR=2022|JURISDICTIONS=CA|C051651=8|STAT=ALC:AD,https://www.nationsreportcard.gov/DataService/GetAdhocData.aspx?type=sigacrossyear&subject=mathematics&grade=8&subscale=MRPCM&variable=C051651&jurisdiction=CA&stattype=ALC%3AAD&Year=2019%2C2022%2C2024&ShowDetails=true&QCData=true&RevealDataKeys=true
2026-09-19T02:11:11.189Z,NDE,MAT,Mathematics,8,MRPCM,Composite mathematics scale (0-500),CA,California,C051651,Percent eligible for National School Lunch Program,9,100%,MN:MN,location,Average scale score,scale score,,,2019,2022,243.511854551581,,,,,0,268437504,response rate below 85%; skipped-variable note,268435713,reporting standard not met; standard error not applicable; skipped-variable note,SUBJ=MAT|COHORT=2|DEPVAR=MRPCM|SAMPLES=R3|YEAR=2019|JURISDICTIONS=CA|C051651=9|STAT=MN:MN || SUBJ=MAT|COHORT=2|DEPVAR=MRPCM|SAMPLES=R3|YEAR=2022|JURISDICTIONS=CA|C051651=9|STAT=MN:MN,https://www.nationsreportcard.gov/DataService/GetAdhocData.aspx?type=sigacrossyear&subject=mathematics&grade=8&subscale=MRPCM&variable=C051651&jurisdiction=CA&stattype=MN%3AMN&Year=2019%2C2022%2C2024&ShowDetails=true&QCData=true&RevealDataKeys=true
2026-09-19T02:11:11.189Z,NDE,MAT,Mathematics,8,MRPCM,Composite mathematics scale (0-500),CA,California,C051651,Percent eligible for National School Lunch Program,9,100%,PC:P1,percentile,10th percentile scale score,scale score,10.0,,2019,2022,194.410000610352,,,,,0,268437504,response rate below 85%; skipped-variable note,268435713,reporting standard not met; standard error not applicable; skipped-variable note,SUBJ=MAT|COHORT=2|DEPVAR=MRPCM|SAMPLES=R3|YEAR=2019|JURISDICTIONS=CA|C051651=9|STAT=PC:P1 || SUBJ=MAT|COHORT=2|DEPVAR=MRPCM|SAMPLES=R3|YEAR=2022|JURISDICTIONS=CA|C051651=9|STAT=PC:P1,https://www.nationsreportcard.gov/DataService/GetAdhocData.aspx?type=sigacrossyear&subject=mathematics&grade=8&subscale=MRPCM&variable=C051651&jurisdiction=CA&stattype=PC%3AP1&Year=2019%2C2022%2C2024&ShowDetails=true&QCData=true&RevealDataKeys=true
2026-09-19T02:11:11.189Z,NDE,MAT,Mathematics,8,MRPCM,Composite mathematics scale (0-500),CA,California,C051651,Percent eligible for National School Lunch Program,9,100%,PC:P2,percentile,25th percentile scale score,scale score,25.0,,2019,2022,215.673501586914,,,,,0,268437504,response rate below 85%; skipped-variable note,268435713,reporting standard not met; standard error not applicable; skipped-variable note,SUBJ=MAT|COHORT=2|DEPVAR=MRPCM|SAMPLES=R3|YEAR=2019|JURISDICTIONS=CA|C051651=9|STAT=PC:P2 || SUBJ=MAT|COHORT=2|DEPVAR=MRPCM|SAMPLES=R3|YEAR=2022|JURISDICTIONS=CA|C051651=9|STAT=PC:P2,https://www.nationsreportcard.gov/DataService/GetAdhocData.aspx?type=sigacrossyear&subject=mathematics&grade=8&subscale=MRPCM&variable=C051651&jurisdiction=CA&stattype=PC%3AP2&Year=2019%2C2022%2C2024&ShowDetails=true&QCData=true&RevealDataKeys=true
2026-09-19T02:11:11.189Z,NDE,MAT,Mathematics,8,MRPCM,Composite mathematics scale (0-500),CA,California,C051651,Percent eligible for National School Lunch Program,9,100%,PC:P5,percentile,50th percentile scale score,scale score,50.0,,2019,2022,243.226998901367,,,,,0,268437504,response rate below 85%; skipped-variable note,268435713,reporting standard not met; standard error not applicable; skipped-variable note,SUBJ=MAT|COHORT=2|DEPVAR=MRPCM|SAMPLES=R3|YEAR=2019|JURISDICTIONS=CA|C051651=9|STAT=PC:P5 || SUBJ=MAT|COHORT=2|DEPVAR=MRPCM|SAMPLES=R3|YEAR=2022|JURISDICTIONS=CA|C051651=9|STAT=PC:P5,https://www.nationsreportcard.gov/DataService/GetAdhocData.aspx?type=sigacrossyear&subject=mathematics&grade=8&subscale=MRPCM&variable=C051651&jurisdiction=CA&stattype=PC%3AP5&Year=2019%2C2022%2C2024&ShowDetails=true&QCData=true&RevealDataKeys=true
2026-09-19T02:11:11.189Z,NDE,MAT,Mathematics,8,MRPCM,Composite mathematics scale (0-500),CA,California,C051651,Percent eligible for National School Lunch Program,9,100%,PC:P7,percentile,75th percentile scale score,scale score,75.0,,2019,2022,267.607496643067,,,,,0,268437504,response rate below 85%; skipped-variable note,268435713,reporting standard not met; standard error not applicable; skipped-variable note,SUBJ=MAT|COHORT=2|DEPVAR=MRPCM|SAMPLES=R3|YEAR=2019|JURISDICTIONS=CA|C051651=9|STAT=PC:P7 || SUBJ=MAT|COHORT=2|DEPVAR=MRPCM|SAMPLES=R3|YEAR=2022|JURISDICTIONS=CA|C051651=9|STAT=PC:P7,https://www.nationsreportcard.gov/DataService/GetAdhocData.aspx?type=sigacrossyear&subject=mathematics&grade=8&subscale=MRPCM&variable=C051651&jurisdiction=CA&stattype=PC%3AP7&Year=2019%2C2022%2C2024&ShowDetails=true&QCData=true&RevealDataKeys=true
2026-09-19T02:11:11.189Z,NDE,MAT,Mathematics,8,MRPCM,Composite mathematics scale (0-500),CA,California,C051651,Percent eligible for National School Lunch Program,9,100%,PC:P9,percentile,90th percentile scale score,scale score,90.0,,2019,2022,291.945999145508,,,,,0,268437504,response rate below 85%; skipped-variable note,268435713,reporting standard not met; standard error not applicable; skipped-variable note,SUBJ=MAT|COHORT=2|DEPVAR=MRPCM|SAMPLES=R3|YEAR=2019|JURISDICTIONS=CA|C051651=9|STAT=PC:P9 || SUBJ=MAT|COHORT=2|DEPVAR=MRPCM|SAMPLES=R3|YEAR=2022|JURISDICTIONS=CA|C051651=9|STAT=PC:P9,https://www.nationsreportcard.gov/DataService/GetAdhocData.aspx?type=sigacrossyear&subject=mathematics&grade=8&subscale=MRPCM&variable=C051651&jurisdiction=CA&stattype=PC%3AP9&Year=2019%2C2022%2C2024&ShowDetails=true&QCData=true&RevealDataKeys=true
2026-09-19T02:11:11.189Z,NDE,MAT,Mathematics,8,MRPCM,Composite mathematics scale (0-500),CA,California,C051651,Percent eligible for National School Lunch Program,9,100%,ALD:BA,achievement level,Percent at NAEP Basic,percent,,at NAEP Basic,2019,2022,22.6140388124094,,,,,0,268437504,response rate below 85%; skipped-variable note,268435715,reporting standard not met; extreme percentage; standard error not applicable; skipped-variable note,SUBJ=MAT|COHORT=2|DEPVAR=MRPCM|SAMPLES=R3|YEAR=2019|JURISDICTIONS=CA|C051651=9|STAT=ALD:BA || SUBJ=MAT|COHORT=2|DEPVAR=MRPCM|SAMPLES=R3|YEAR=2022|JURISDICTIONS=CA|C051651=9|STAT=ALD:BA,https://www.nationsreportcard.gov/DataService/GetAdhocData.aspx?type=sigacrossyear&subject=mathematics&grade=8&subscale=MRPCM&variable=C051651&jurisdiction=CA&stattype=ALD%3ABA&Year=2019%2C2022%2C2024&ShowDetails=true&QCData=true&RevealDataKeys=true
2026-09-19T02:11:11.189Z,NDE,MAT,Mathematics,8,MRPCM,Composite mathematics scale (0-500),CA,California,C051651,Percent eligible for National School Lunch Program,9,100%,ALD:PR,achievement level,Percent at NAEP Proficient,percent,,at NAEP Proficient,2019,2022,6.1761258133221,,,,,0,268437504,response rate below 85%; skipped-variable note,268435715,reporting standard not met; extreme percentage; standard error not applicable; skipped-variable note,SUBJ=MAT|COHORT=2|DEPVAR=MRPCM|SAMPLES=R3|YEAR=2019|JURISDICTIONS=CA|C051651=9|STAT=ALD:PR || SUBJ=MAT|COHORT=2|DEPVAR=MRPCM|SAMPLES=R3|YEAR=2022|JURISDICTIONS=CA|C051651=9|STAT=ALD:PR,https://www.nationsreportcard.gov/DataService/GetAdhocData.aspx?type=sigacrossyear&subject=mathematics&grade=8&subscale=MRPCM&variable=C051651&jurisdiction=CA&stattype=ALD%3APR&Year=2019%2C2022%2C2024&ShowDetails=true&QCData=true&RevealDataKeys=true
2026-09-19T02:11:11.189Z,NDE,MAT,Mathematics,8,MRPCM,Composite mathematics scale (0-500),CA,California,C051651,Percent eligible for National School Lunch Program,9,100%,ALD:AD,achievement level,Percent at NAEP Advanced,percent,,at NAEP Advanced,2019,2022,1.25056870551385,,,,,0,268437762,extreme percentage; standard error not applicable; response rate below 85%; skipped-variable note,268435715,reporting standard not met; extreme percentage; standard error not applicable; skipped-variable note,SUBJ=MAT|COHORT=2|DEPVAR=MRPCM|SAMPLES=R3|YEAR=2019|JURISDICTIONS=CA|C051651=9|STAT=ALD:AD || SUBJ=MAT|COHORT=2|DEPVAR=MRPCM|SAMPLES=R3|YEAR=2022|JURISDICTIONS=CA|C051651=9|STAT=ALD:AD,https://www.nationsreportcard.gov/DataService/GetAdhocData.aspx?type=sigacrossyear&subject=mathematics&grade=8&subscale=MRPCM&variable=C051651&jurisdiction=CA&stattype=ALD%3AAD&Year=2019%2C2022%2C2024&ShowDetails=true&QCData=true&RevealDataKeys=true
2026-09-19T02:11:11.189Z,NDE,MAT,Mathematics,8,MRPCM,Composite mathematics scale (0-500),CA,California,C051651,Percent eligible for National School Lunch Program,9,100%,ALC:BB,achievement level,Percent below NAEP Basic,percent,,below NAEP Basic,2019,2022,69.9592666687546,,,,,0,268437504,response rate below 85%; skipped-variable note,268435715,reporting standard not met; extreme percentage; standard error not applicable; skipped-variable note,SUBJ=MAT|COHORT=2|DEPVAR=MRPCM|SAMPLES=R3|YEAR=2019|JURISDICTIONS=CA|C051651=9|STAT=ALC:BB || SUBJ=MAT|COHORT=2|DEPVAR=MRPCM|SAMPLES=R3|YEAR=2022|JURISDICTIONS=CA|C051651=9|STAT=ALC:BB,https://www.nationsreportcard.gov/DataService/GetAdhocData.aspx?type=sigacrossyear&subject=mathematics&grade=8&subscale=MRPCM&variable=C051651&jurisdiction=CA&stattype=ALC%3ABB&Year=2019%2C2022%2C2024&ShowDetails=true&QCData=true&RevealDataKeys=true
2026-09-19T02:11:11.189Z,NDE,MAT,Mathematics,8,MRPCM,Composite mathematics scale (0-500),CA,California,C051651,Percent eligible for National School Lunch Program,9,100%,ALC:AB,achievement level,Percent at or above NAEP Basic,percent,,at or above NAEP Basic,2019,2022,30.0407333312454,,,,,0,268437504,response rate below 85%; skipped-variable note,268435715,reporting standard not met; extreme percentage; standard error not applicable; skipped-variable note,SUBJ=MAT|COHORT=2|DEPVAR=MRPCM|SAMPLES=R3|YEAR=2019|JURISDICTIONS=CA|C051651=9|STAT=ALC:AB || SUBJ=MAT|COHORT=2|DEPVAR=MRPCM|SAMPLES=R3|YEAR=2022|JURISDICTIONS=CA|C051651=9|STAT=ALC:AB,https://www.nationsreportcard.gov/DataService/GetAdhocData.aspx?type=sigacrossyear&subject=mathematics&grade=8&subscale=MRPCM&variable=C051651&jurisdiction=CA&stattype=ALC%3AAB&Year=2019%2C2022%2C2024&ShowDetails=true&QCData=true&RevealDataKeys=true
2026-09-19T02:11:11.189Z,NDE,MAT,Mathematics,8,MRPCM,Composite mathematics scale (0-500),CA,California,C051651,Percent eligible for National School Lunch Program,9,100%,ALC:AP,achievement level,Percent at or above NAEP Proficient,percent,,at or above NAEP Proficient,2019,2022,7.42669451883595,,,,,0,268437504,response rate below 85%; skipped-variable note,268435715,reporting standard not met; extreme percentage; standard error not applicable; skipped-variable note,SUBJ=MAT|COHORT=2|DEPVAR=MRPCM|SAMPLES=R3|YEAR=2019|JURISDICTIONS=CA|C051651=9|STAT=ALC:AP || SUBJ=MAT|COHORT=2|DEPVAR=MRPCM|SAMPLES=R3|YEAR=2022|JURISDICTIONS=CA|C051651=9|STAT=ALC:AP,https://www.nationsreportcard.gov/DataService/GetAdhocData.aspx?type=sigacrossyear&subject=mathematics&grade=8&subscale=MRPCM&variable=C051651&jurisdiction=CA&stattype=ALC%3AAP&Year=2019%2C2022%2C2024&ShowDetails=true&QCData=true&RevealDataKeys=true
2026-09-19T02:11:11.189Z,NDE,MAT,Mathematics,8,MRPCM,Composite mathematics scale (0-500),CA,California,C051651,Percent eligible for National School Lunch Program,9,100%,ALC:AD,achievement level,Percent at NAEP Advanced (cumulative code),percent,,at NAEP Advanced (cumulative code),2019,2022,1.25056870551385,,,,,0,268437762,extreme percentage; standard error not applicable; response rate below 85%; skipped-variable note,268435715,reporting standard not met; extreme percentage; standard error not applicable; skipped-variable note,SUBJ=MAT|COHORT=2|DEPVAR=MRPCM|SAMPLES=R3|YEAR=2019|JURISDICTIONS=CA|C051651=9|STAT=ALC:AD || SUBJ=MAT|COHORT=2|DEPVAR=MRPCM|SAMPLES=R3|YEAR=2022|JURISDICTIONS=CA|C051651=9|STAT=ALC:AD,https://www.nationsreportcard.gov/DataService/GetAdhocData.aspx?type=sigacrossyear&subject=mathematics&grade=8&subscale=MRPCM&variable=C051651&jurisdiction=CA&stattype=ALC%3AAD&Year=2019%2C2022%2C2024&ShowDetails=true&QCData=true&RevealDataKeys=true
2026-09-19T02:11:11.189Z,NDE,MAT,Mathematics,8,MRPCM,Composite mathematics scale (0-500),CA,California,TOTAL,All students,1,All students,MN:MN,location,Average scale score,scale score,,,2019,2024,275.608909198641,268.779817602202,-6.829091596439014,follow-up lower,HIGHER,1,0,,0,,SUBJ=MAT|COHORT=2|DEPVAR=MRPCM|SAMPLES=R3|YEAR=2019|JURISDICTIONS=CA|TOTAL=1|STAT=MN:MN || SUBJ=MAT|COHORT=2|DEPVAR=MRPCM|SAMPLES=R3|YEAR=2024|JURISDICTIONS=CA|TOTAL=1|STAT=MN:MN,https://www.nationsreportcard.gov/DataService/GetAdhocData.aspx?type=sigacrossyear&subject=mathematics&grade=8&subscale=MRPCM&variable=TOTAL&jurisdiction=CA&stattype=MN%3AMN&Year=2019%2C2022%2C2024&ShowDetails=true&QCData=true&RevealDataKeys=true
2026-09-19T02:11:11.189Z,NDE,MAT,Mathematics,8,MRPCM,Composite mathematics scale (0-500),CA,California,TOTAL,All students,1,All students,PC:P1,percentile,10th percentile scale score,scale score,10.0,,2019,2024,223.201501464844,211.062500762939,-12.13900070190499,follow-up lower,HIGHER,1,0,,0,,SUBJ=MAT|COHORT=2|DEPVAR=MRPCM|SAMPLES=R3|YEAR=2019|JURISDICTIONS=CA|TOTAL=1|STAT=PC:P1 || SUBJ=MAT|COHORT=2|DEPVAR=MRPCM|SAMPLES=R3|YEAR=2024|JURISDICTIONS=CA|TOTAL=1|STAT=PC:P1,https://www.nationsreportcard.gov/DataService/GetAdhocData.aspx?type=sigacrossyear&subject=mathematics&grade=8&subscale=MRPCM&variable=TOTAL&jurisdiction=CA&stattype=PC%3AP1&Year=2019%2C2022%2C2024&ShowDetails=true&QCData=true&RevealDataKeys=true
2026-09-19T02:11:11.189Z,NDE,MAT,Mathematics,8,MRPCM,Composite mathematics scale (0-500),CA,California,TOTAL,All students,1,All students,PC:P2,percentile,25th percentile scale score,scale score,25.0,,2019,2024,245.934999084473,237.00599899292,-8.929000091552979,follow-up lower,HIGHER,1,0,,0,,SUBJ=MAT|COHORT=2|DEPVAR=MRPCM|SAMPLES=R3|YEAR=2019|JURISDICTIONS=CA|TOTAL=1|STAT=PC:P2 || SUBJ=MAT|COHORT=2|DEPVAR=MRPCM|SAMPLES=R3|YEAR=2024|JURISDICTIONS=CA|TOTAL=1|STAT=PC:P2,https://www.nationsreportcard.gov/DataService/GetAdhocData.aspx?type=sigacrossyear&subject=mathematics&grade=8&subscale=MRPCM&variable=TOTAL&jurisdiction=CA&stattype=PC%3AP2&Year=2019%2C2022%2C2024&ShowDetails=true&QCData=true&RevealDataKeys=true
2026-09-19T02:11:11.189Z,NDE,MAT,Mathematics,8,MRPCM,Composite mathematics scale (0-500),CA,California,TOTAL,All students,1,All students,PC:P5,percentile,50th percentile scale score,scale score,50.0,,2019,2024,273.600997924805,267.094000244141,-6.506997680663972,follow-up lower,HIGHER,1,0,,0,,SUBJ=MAT|COHORT=2|DEPVAR=MRPCM|SAMPLES=R3|YEAR=2019|JURISDICTIONS=CA|TOTAL=1|STAT=PC:P5 || SUBJ=MAT|COHORT=2|DEPVAR=MRPCM|SAMPLES=R3|YEAR=2024|JURISDICTIONS=CA|TOTAL=1|STAT=PC:P5,https://www.nationsreportcard.gov/DataService/GetAdhocData.aspx?type=sigacrossyear&subject=mathematics&grade=8&subscale=MRPCM&variable=TOTAL&jurisdiction=CA&stattype=PC%3AP5&Year=2019%2C2022%2C2024&ShowDetails=true&QCData=true&RevealDataKeys=true
2026-09-19T02:11:11.189Z,NDE,MAT,Mathematics,8,MRPCM,Composite mathematics scale (0-500),CA,California,TOTAL,All students,1,All students,PC:P7,percentile,75th percentile scale score,scale score,75.0,,2019,2024,304.011500549317,299.379998779297,-4.631501770020009,no statistically significant difference,EQUAL,1,0,,0,,SUBJ=MAT|COHORT=2|DEPVAR=MRPCM|SAMPLES=R3|YEAR=2019|JURISDICTIONS=CA|TOTAL=1|STAT=PC:P7 || SUBJ=MAT|COHORT=2|DEPVAR=MRPCM|SAMPLES=R3|YEAR=2024|JURISDICTIONS=CA|TOTAL=1|STAT=PC:P7,https://www.nationsreportcard.gov/DataService/GetAdhocData.aspx?type=sigacrossyear&subject=mathematics&grade=8&subscale=MRPCM&variable=TOTAL&jurisdiction=CA&stattype=PC%3AP7&Year=2019%2C2022%2C2024&ShowDetails=true&QCData=true&RevealDataKeys=true
2026-09-19T02:11:11.189Z,NDE,MAT,Mathematics,8,MRPCM,Composite mathematics scale (0-500),CA,California,TOTAL,All students,1,All students,PC:P9,percentile,90th percentile scale score,scale score,90.0,,2019,2024,331.918504333496,328.970498657227,-2.94800567626902,no statistically significant difference,EQUAL,1,0,,0,,SUBJ=MAT|COHORT=2|DEPVAR=MRPCM|SAMPLES=R3|YEAR=2019|JURISDICTIONS=CA|TOTAL=1|STAT=PC:P9 || SUBJ=MAT|COHORT=2|DEPVAR=MRPCM|SAMPLES=R3|YEAR=2024|JURISDICTIONS=CA|TOTAL=1|STAT=PC:P9,https://www.nationsreportcard.gov/DataService/GetAdhocData.aspx?type=sigacrossyear&subject=mathematics&grade=8&subscale=MRPCM&variable=TOTAL&jurisdiction=CA&stattype=PC%3AP9&Year=2019%2C2022%2C2024&ShowDetails=true&QCData=true&RevealDataKeys=true
2026-09-19T02:11:11.189Z,NDE,MAT,Mathematics,8,MRPCM,Composite mathematics scale (0-500),CA,California,TOTAL,All students,1,All students,ALD:BA,achievement level,Percent at NAEP Basic,percent,,at NAEP Basic,2019,2024,32.4519686843517,29.0575699406455,-3.3943987437061978,no statistically significant difference,EQUAL,1,0,,0,,SUBJ=MAT|COHORT=2|DEPVAR=MRPCM|SAMPLES=R3|YEAR=2019|JURISDICTIONS=CA|TOTAL=1|STAT=ALD:BA || SUBJ=MAT|COHORT=2|DEPVAR=MRPCM|SAMPLES=R3|YEAR=2024|JURISDICTIONS=CA|TOTAL=1|STAT=ALD:BA,https://www.nationsreportcard.gov/DataService/GetAdhocData.aspx?type=sigacrossyear&subject=mathematics&grade=8&subscale=MRPCM&variable=TOTAL&jurisdiction=CA&stattype=ALD%3ABA&Year=2019%2C2022%2C2024&ShowDetails=true&QCData=true&RevealDataKeys=true
2026-09-19T02:11:11.189Z,NDE,MAT,Mathematics,8,MRPCM,Composite mathematics scale (0-500),CA,California,TOTAL,All students,1,All students,ALD:PR,achievement level,Percent at NAEP Proficient,percent,,at NAEP Proficient,2019,2024,18.9550906727995,16.635648128212,-2.319442544587499,no statistically significant difference,EQUAL,1,0,,0,,SUBJ=MAT|COHORT=2|DEPVAR=MRPCM|SAMPLES=R3|YEAR=2019|JURISDICTIONS=CA|TOTAL=1|STAT=ALD:PR || SUBJ=MAT|COHORT=2|DEPVAR=MRPCM|SAMPLES=R3|YEAR=2024|JURISDICTIONS=CA|TOTAL=1|STAT=ALD:PR,https://www.nationsreportcard.gov/DataService/GetAdhocData.aspx?type=sigacrossyear&subject=mathematics&grade=8&subscale=MRPCM&variable=TOTAL&jurisdiction=CA&stattype=ALD%3APR&Year=2019%2C2022%2C2024&ShowDetails=true&QCData=true&RevealDataKeys=true
2026-09-19T02:11:11.189Z,NDE,MAT,Mathematics,8,MRPCM,Composite mathematics scale (0-500),CA,California,TOTAL,All students,1,All students,ALD:AD,achievement level,Percent at NAEP Advanced,percent,,at NAEP Advanced,2019,2024,9.55167819493889,8.61701571134388,-0.9346624835950106,no statistically significant difference,EQUAL,1,0,,0,,SUBJ=MAT|COHORT=2|DEPVAR=MRPCM|SAMPLES=R3|YEAR=2019|JURISDICTIONS=CA|TOTAL=1|STAT=ALD:AD || SUBJ=MAT|COHORT=2|DEPVAR=MRPCM|SAMPLES=R3|YEAR=2024|JURISDICTIONS=CA|TOTAL=1|STAT=ALD:AD,https://www.nationsreportcard.gov/DataService/GetAdhocData.aspx?type=sigacrossyear&subject=mathematics&grade=8&subscale=MRPCM&variable=TOTAL&jurisdiction=CA&stattype=ALD%3AAD&Year=2019%2C2022%2C2024&ShowDetails=true&QCData=true&RevealDataKeys=true
2026-09-19T02:11:11.189Z,NDE,MAT,Mathematics,8,MRPCM,Composite mathematics scale (0-500),CA,California,TOTAL,All students,1,All students,ALC:BB,achievement level,Percent below NAEP Basic,percent,,below NAEP Basic,2019,2024,39.0412624479099,45.6897662197986,6.648503771888699,follow-up higher,LOWER,1,0,,0,,SUBJ=MAT|COHORT=2|DEPVAR=MRPCM|SAMPLES=R3|YEAR=2019|JURISDICTIONS=CA|TOTAL=1|STAT=ALC:BB || SUBJ=MAT|COHORT=2|DEPVAR=MRPCM|SAMPLES=R3|YEAR=2024|JURISDICTIONS=CA|TOTAL=1|STAT=ALC:BB,https://www.nationsreportcard.gov/DataService/GetAdhocData.aspx?type=sigacrossyear&subject=mathematics&grade=8&subscale=MRPCM&variable=TOTAL&jurisdiction=CA&stattype=ALC%3ABB&Year=2019%2C2022%2C2024&ShowDetails=true&QCData=true&RevealDataKeys=true
2026-09-19T02:11:11.189Z,NDE,MAT,Mathematics,8,MRPCM,Composite mathematics scale (0-500),CA,California,TOTAL,All students,1,All students,ALC:AB,achievement level,Percent at or above NAEP Basic,percent,,at or above NAEP Basic,2019,2024,60.9587375520902,54.3102337802014,-6.648503771888798,follow-up lower,HIGHER,1,0,,0,,SUBJ=MAT|COHORT=2|DEPVAR=MRPCM|SAMPLES=R3|YEAR=2019|JURISDICTIONS=CA|TOTAL=1|STAT=ALC:AB || SUBJ=MAT|COHORT=2|DEPVAR=MRPCM|SAMPLES=R3|YEAR=2024|JURISDICTIONS=CA|TOTAL=1|STAT=ALC:AB,https://www.nationsreportcard.gov/DataService/GetAdhocData.aspx?type=sigacrossyear&subject=mathematics&grade=8&subscale=MRPCM&variable=TOTAL&jurisdiction=CA&stattype=ALC%3AAB&Year=2019%2C2022%2C2024&ShowDetails=true&QCData=true&RevealDataKeys=true
2026-09-19T02:11:11.189Z,NDE,MAT,Mathematics,8,MRPCM,Composite mathematics scale (0-500),CA,California,TOTAL,All students,1,All students,ALC:AP,achievement level,Percent at or above NAEP Proficient,percent,,at or above NAEP Proficient,2019,2024,28.5067688677384,25.2526638395559,-3.254105028182501,no statistically significant difference,EQUAL,1,0,,0,,SUBJ=MAT|COHORT=2|DEPVAR=MRPCM|SAMPLES=R3|YEAR=2019|JURISDICTIONS=CA|TOTAL=1|STAT=ALC:AP || SUBJ=MAT|COHORT=2|DEPVAR=MRPCM|SAMPLES=R3|YEAR=2024|JURISDICTIONS=CA|TOTAL=1|STAT=ALC:AP,https://www.nationsreportcard.gov/DataService/GetAdhocData.aspx?type=sigacrossyear&subject=mathematics&grade=8&subscale=MRPCM&variable=TOTAL&jurisdiction=CA&stattype=ALC%3AAP&Year=2019%2C2022%2C2024&ShowDetails=true&QCData=true&RevealDataKeys=true
2026-09-19T02:11:11.189Z,NDE,MAT,Mathematics,8,MRPCM,Composite mathematics scale (0-500),CA,California,TOTAL,All students,1,All students,ALC:AD,achievement level,Percent at NAEP Advanced (cumulative code),percent,,at NAEP Advanced (cumulative code),2019,2024,9.55167819493889,8.61701571134388,-0.9346624835950106,no statistically significant difference,EQUAL,1,0,,0,,SUBJ=MAT|COHORT=2|DEPVAR=MRPCM|SAMPLES=R3|YEAR=2019|JURISDICTIONS=CA|TOTAL=1|STAT=ALC:AD || SUBJ=MAT|COHORT=2|DEPVAR=MRPCM|SAMPLES=R3|YEAR=2024|JURISDICTIONS=CA|TOTAL=1|STAT=ALC:AD,https://www.nationsreportcard.gov/DataService/GetAdhocData.aspx?type=sigacrossyear&subject=mathematics&grade=8&subscale=MRPCM&variable=TOTAL&jurisdiction=CA&stattype=ALC%3AAD&Year=2019%2C2022%2C2024&ShowDetails=true&QCData=true&RevealDataKeys=true
2026-09-19T02:11:11.189Z,NDE,MAT,Mathematics,8,MRPCM,Composite mathematics scale (0-500),CA,California,ECONDIS,Economically disadvantaged status,1,Economically disadvantaged,MN:MN,location,Average scale score,scale score,,,2019,2024,262.269687625354,253.539171807345,-8.730515818008968,follow-up lower,HIGHER,1,0,,0,,SUBJ=MAT|COHORT=2|DEPVAR=MRPCM|SAMPLES=R3|YEAR=2019|JURISDICTIONS=CA|ECONDIS=1|STAT=MN:MN || SUBJ=MAT|COHORT=2|DEPVAR=MRPCM|SAMPLES=R3|YEAR=2024|JURISDICTIONS=CA|ECONDIS=1|STAT=MN:MN,https://www.nationsreportcard.gov/DataService/GetAdhocData.aspx?type=sigacrossyear&subject=mathematics&grade=8&subscale=MRPCM&variable=ECONDIS&jurisdiction=CA&stattype=MN%3AMN&Year=2019%2C2022%2C2024&ShowDetails=true&QCData=true&RevealDataKeys=true
2026-09-19T02:11:11.189Z,NDE,MAT,Mathematics,8,MRPCM,Composite mathematics scale (0-500),CA,California,ECONDIS,Economically disadvantaged status,1,Economically disadvantaged,PC:P1,percentile,10th percentile scale score,scale score,10.0,,2019,2024,215.963999176025,202.492499542236,-13.471499633788994,follow-up lower,HIGHER,1,0,,0,,SUBJ=MAT|COHORT=2|DEPVAR=MRPCM|SAMPLES=R3|YEAR=2019|JURISDICTIONS=CA|ECONDIS=1|STAT=PC:P1 || SUBJ=MAT|COHORT=2|DEPVAR=MRPCM|SAMPLES=R3|YEAR=2024|JURISDICTIONS=CA|ECONDIS=1|STAT=PC:P1,https://www.nationsreportcard.gov/DataService/GetAdhocData.aspx?type=sigacrossyear&subject=mathematics&grade=8&subscale=MRPCM&variable=ECONDIS&jurisdiction=CA&stattype=PC%3AP1&Year=2019%2C2022%2C2024&ShowDetails=true&QCData=true&RevealDataKeys=true
2026-09-19T02:11:11.189Z,NDE,MAT,Mathematics,8,MRPCM,Composite mathematics scale (0-500),CA,California,ECONDIS,Economically disadvantaged status,1,Economically disadvantaged,PC:P2,percentile,25th percentile scale score,scale score,25.0,,2019,2024,237.169499206543,226.804499816895,-10.364999389648004,follow-up lower,HIGHER,1,0,,0,,SUBJ=MAT|COHORT=2|DEPVAR=MRPCM|SAMPLES=R3|YEAR=2019|JURISDICTIONS=CA|ECONDIS=1|STAT=PC:P2 || SUBJ=MAT|COHORT=2|DEPVAR=MRPCM|SAMPLES=R3|YEAR=2024|JURISDICTIONS=CA|ECONDIS=1|STAT=PC:P2,https://www.nationsreportcard.gov/DataService/GetAdhocData.aspx?type=sigacrossyear&subject=mathematics&grade=8&subscale=MRPCM&variable=ECONDIS&jurisdiction=CA&stattype=PC%3AP2&Year=2019%2C2022%2C2024&ShowDetails=true&QCData=true&RevealDataKeys=true
2026-09-19T02:11:11.189Z,NDE,MAT,Mathematics,8,MRPCM,Composite mathematics scale (0-500),CA,California,ECONDIS,Economically disadvantaged status,1,Economically disadvantaged,PC:P5,percentile,50th percentile scale score,scale score,50.0,,2019,2024,261.223501586914,252.98099899292,-8.242502593993976,follow-up lower,HIGHER,1,0,,0,,SUBJ=MAT|COHORT=2|DEPVAR=MRPCM|SAMPLES=R3|YEAR=2019|JURISDICTIONS=CA|ECONDIS=1|STAT=PC:P5 || SUBJ=MAT|COHORT=2|DEPVAR=MRPCM|SAMPLES=R3|YEAR=2024|JURISDICTIONS=CA|ECONDIS=1|STAT=PC:P5,https://www.nationsreportcard.gov/DataService/GetAdhocData.aspx?type=sigacrossyear&subject=mathematics&grade=8&subscale=MRPCM&variable=ECONDIS&jurisdiction=CA&stattype=PC%3AP5&Year=2019%2C2022%2C2024&ShowDetails=true&QCData=true&RevealDataKeys=true
2026-09-19T02:11:11.189Z,NDE,MAT,Mathematics,8,MRPCM,Composite mathematics scale (0-500),CA,California,ECONDIS,Economically disadvantaged status,1,Economically disadvantaged,PC:P7,percentile,75th percentile scale score,scale score,75.0,,2019,2024,286.753996276856,279.228497314453,-7.525498962402992,follow-up lower,HIGHER,1,0,,0,,SUBJ=MAT|COHORT=2|DEPVAR=MRPCM|SAMPLES=R3|YEAR=2019|JURISDICTIONS=CA|ECONDIS=1|STAT=PC:P7 || SUBJ=MAT|COHORT=2|DEPVAR=MRPCM|SAMPLES=R3|YEAR=2024|JURISDICTIONS=CA|ECONDIS=1|STAT=PC:P7,https://www.nationsreportcard.gov/DataService/GetAdhocData.aspx?type=sigacrossyear&subject=mathematics&grade=8&subscale=MRPCM&variable=ECONDIS&jurisdiction=CA&stattype=PC%3AP7&Year=2019%2C2022%2C2024&ShowDetails=true&QCData=true&RevealDataKeys=true
2026-09-19T02:11:11.189Z,NDE,MAT,Mathematics,8,MRPCM,Composite mathematics scale (0-500),CA,California,ECONDIS,Economically disadvantaged status,1,Economically disadvantaged,PC:P9,percentile,90th percentile scale score,scale score,90.0,,2019,2024,310.265000915527,305.512501525879,-4.752499389648051,no statistically significant difference,EQUAL,1,0,,0,,SUBJ=MAT|COHORT=2|DEPVAR=MRPCM|SAMPLES=R3|YEAR=2019|JURISDICTIONS=CA|ECONDIS=1|STAT=PC:P9 || SUBJ=MAT|COHORT=2|DEPVAR=MRPCM|SAMPLES=R3|YEAR=2024|JURISDICTIONS=CA|ECONDIS=1|STAT=PC:P9,https://www.nationsreportcard.gov/DataService/GetAdhocData.aspx?type=sigacrossyear&subject=mathematics&grade=8&subscale=MRPCM&variable=ECONDIS&jurisdiction=CA&stattype=PC%3AP9&Year=2019%2C2022%2C2024&ShowDetails=true&QCData=true&RevealDataKeys=true
2026-09-19T02:11:11.189Z,NDE,MAT,Mathematics,8,MRPCM,Composite mathematics scale (0-500),CA,California,ECONDIS,Economically disadvantaged status,1,Economically disadvantaged,ALD:BA,achievement level,Percent at NAEP Basic,percent,,at NAEP Basic,2019,2024,33.2101164217405,28.22159543806,-4.988520983680502,no statistically significant difference,EQUAL,1,0,,0,,SUBJ=MAT|COHORT=2|DEPVAR=MRPCM|SAMPLES=R3|YEAR=2019|JURISDICTIONS=CA|ECONDIS=1|STAT=ALD:BA || SUBJ=MAT|COHORT=2|DEPVAR=MRPCM|SAMPLES=R3|YEAR=2024|JURISDICTIONS=CA|ECONDIS=1|STAT=ALD:BA,https://www.nationsreportcard.gov/DataService/GetAdhocData.aspx?type=sigacrossyear&subject=mathematics&grade=8&subscale=MRPCM&variable=ECONDIS&jurisdiction=CA&stattype=ALD%3ABA&Year=2019%2C2022%2C2024&ShowDetails=true&QCData=true&RevealDataKeys=true
2026-09-19T02:11:11.189Z,NDE,MAT,Mathematics,8,MRPCM,Composite mathematics scale (0-500),CA,California,ECONDIS,Economically disadvantaged status,1,Economically disadvantaged,ALD:PR,achievement level,Percent at NAEP Proficient,percent,,at NAEP Proficient,2019,2024,12.5763965674404,9.80563456151708,-2.77076200592332,no statistically significant difference,EQUAL,1,0,,0,,SUBJ=MAT|COHORT=2|DEPVAR=MRPCM|SAMPLES=R3|YEAR=2019|JURISDICTIONS=CA|ECONDIS=1|STAT=ALD:PR || SUBJ=MAT|COHORT=2|DEPVAR=MRPCM|SAMPLES=R3|YEAR=2024|JURISDICTIONS=CA|ECONDIS=1|STAT=ALD:PR,https://www.nationsreportcard.gov/DataService/GetAdhocData.aspx?type=sigacrossyear&subject=mathematics&grade=8&subscale=MRPCM&variable=ECONDIS&jurisdiction=CA&stattype=ALD%3APR&Year=2019%2C2022%2C2024&ShowDetails=true&QCData=true&RevealDataKeys=true
2026-09-19T02:11:11.189Z,NDE,MAT,Mathematics,8,MRPCM,Composite mathematics scale (0-500),CA,California,ECONDIS,Economically disadvantaged status,1,Economically disadvantaged,ALD:AD,achievement level,Percent at NAEP Advanced,percent,,at NAEP Advanced,2019,2024,3.3275979020075,2.82106707491308,-0.5065308270944202,no statistically significant difference,EQUAL,1,0,,0,,SUBJ=MAT|COHORT=2|DEPVAR=MRPCM|SAMPLES=R3|YEAR=2019|JURISDICTIONS=CA|ECONDIS=1|STAT=ALD:AD || SUBJ=MAT|COHORT=2|DEPVAR=MRPCM|SAMPLES=R3|YEAR=2024|JURISDICTIONS=CA|ECONDIS=1|STAT=ALD:AD,https://www.nationsreportcard.gov/DataService/GetAdhocData.aspx?type=sigacrossyear&subject=mathematics&grade=8&subscale=MRPCM&variable=ECONDIS&jurisdiction=CA&stattype=ALD%3AAD&Year=2019%2C2022%2C2024&ShowDetails=true&QCData=true&RevealDataKeys=true
2026-09-19T02:11:11.189Z,NDE,MAT,Mathematics,8,MRPCM,Composite mathematics scale (0-500),CA,California,ECONDIS,Economically disadvantaged status,1,Economically disadvantaged,ALC:BB,achievement level,Percent below NAEP Basic,percent,,below NAEP Basic,2019,2024,50.8858891088116,59.1517029255099,8.265813816698305,follow-up higher,LOWER,1,0,,0,,SUBJ=MAT|COHORT=2|DEPVAR=MRPCM|SAMPLES=R3|YEAR=2019|JURISDICTIONS=CA|ECONDIS=1|STAT=ALC:BB || SUBJ=MAT|COHORT=2|DEPVAR=MRPCM|SAMPLES=R3|YEAR=2024|JURISDICTIONS=CA|ECONDIS=1|STAT=ALC:BB,https://www.nationsreportcard.gov/DataService/GetAdhocData.aspx?type=sigacrossyear&subject=mathematics&grade=8&subscale=MRPCM&variable=ECONDIS&jurisdiction=CA&stattype=ALC%3ABB&Year=2019%2C2022%2C2024&ShowDetails=true&QCData=true&RevealDataKeys=true
2026-09-19T02:11:11.189Z,NDE,MAT,Mathematics,8,MRPCM,Composite mathematics scale (0-500),CA,California,ECONDIS,Economically disadvantaged status,1,Economically disadvantaged,ALC:AB,achievement level,Percent at or above NAEP Basic,percent,,at or above NAEP Basic,2019,2024,49.1141108911884,40.8482970744901,-8.265813816698305,follow-up lower,HIGHER,1,0,,0,,SUBJ=MAT|COHORT=2|DEPVAR=MRPCM|SAMPLES=R3|YEAR=2019|JURISDICTIONS=CA|ECONDIS=1|STAT=ALC:AB || SUBJ=MAT|COHORT=2|DEPVAR=MRPCM|SAMPLES=R3|YEAR=2024|JURISDICTIONS=CA|ECONDIS=1|STAT=ALC:AB,https://www.nationsreportcard.gov/DataService/GetAdhocData.aspx?type=sigacrossyear&subject=mathematics&grade=8&subscale=MRPCM&variable=ECONDIS&jurisdiction=CA&stattype=ALC%3AAB&Year=2019%2C2022%2C2024&ShowDetails=true&QCData=true&RevealDataKeys=true
2026-09-19T02:11:11.189Z,NDE,MAT,Mathematics,8,MRPCM,Composite mathematics scale (0-500),CA,California,ECONDIS,Economically disadvantaged status,1,Economically disadvantaged,ALC:AP,achievement level,Percent at or above NAEP Proficient,percent,,at or above NAEP Proficient,2019,2024,15.9039944694479,12.6267016364302,-3.2772928330177,no statistically significant difference,EQUAL,1,0,,0,,SUBJ=MAT|COHORT=2|DEPVAR=MRPCM|SAMPLES=R3|YEAR=2019|JURISDICTIONS=CA|ECONDIS=1|STAT=ALC:AP || SUBJ=MAT|COHORT=2|DEPVAR=MRPCM|SAMPLES=R3|YEAR=2024|JURISDICTIONS=CA|ECONDIS=1|STAT=ALC:AP,https://www.nationsreportcard.gov/DataService/GetAdhocData.aspx?type=sigacrossyear&subject=mathematics&grade=8&subscale=MRPCM&variable=ECONDIS&jurisdiction=CA&stattype=ALC%3AAP&Year=2019%2C2022%2C2024&ShowDetails=true&QCData=true&RevealDataKeys=true
2026-09-19T02:11:11.189Z,NDE,MAT,Mathematics,8,MRPCM,Composite mathematics scale (0-500),CA,California,ECONDIS,Economically disadvantaged status,1,Economically disadvantaged,ALC:AD,achievement level,Percent at NAEP Advanced (cumulative code),percent,,at NAEP Advanced (cumulative code),2019,2024,3.3275979020075,2.82106707491308,-0.5065308270944202,no statistically significant difference,EQUAL,1,0,,0,,SUBJ=MAT|COHORT=2|DEPVAR=MRPCM|SAMPLES=R3|YEAR=2019|JURISDICTIONS=CA|ECONDIS=1|STAT=ALC:AD || SUBJ=MAT|COHORT=2|DEPVAR=MRPCM|SAMPLES=R3|YEAR=2024|JURISDICTIONS=CA|ECONDIS=1|STAT=ALC:AD,https://www.nationsreportcard.gov/DataService/GetAdhocData.aspx?type=sigacrossyear&subject=mathematics&grade=8&subscale=MRPCM&variable=ECONDIS&jurisdiction=CA&stattype=ALC%3AAD&Year=2019%2C2022%2C2024&ShowDetails=true&QCData=true&RevealDataKeys=true
2026-09-19T02:11:11.189Z,NDE,MAT,Mathematics,8,MRPCM,Composite mathematics scale (0-500),CA,California,ECONDIS,Economically disadvantaged status,2,Not economically disadvantaged,MN:MN,location,Average scale score,scale score,,,2019,2024,298.092719281967,292.538438166108,-5.554281115858998,follow-up lower,HIGHER,1,0,,0,,SUBJ=MAT|COHORT=2|DEPVAR=MRPCM|SAMPLES=R3|YEAR=2019|JURISDICTIONS=CA|ECONDIS=2|STAT=MN:MN || SUBJ=MAT|COHORT=2|DEPVAR=MRPCM|SAMPLES=R3|YEAR=2024|JURISDICTIONS=CA|ECONDIS=2|STAT=MN:MN,https://www.nationsreportcard.gov/DataService/GetAdhocData.aspx?type=sigacrossyear&subject=mathematics&grade=8&subscale=MRPCM&variable=ECONDIS&jurisdiction=CA&stattype=MN%3AMN&Year=2019%2C2022%2C2024&ShowDetails=true&QCData=true&RevealDataKeys=true
2026-09-19T02:11:11.189Z,NDE,MAT,Mathematics,8,MRPCM,Composite mathematics scale (0-500),CA,California,ECONDIS,Economically disadvantaged status,2,Not economically disadvantaged,PC:P1,percentile,10th percentile scale score,scale score,10.0,,2019,2024,245.080500030518,235.900499725342,-9.180000305176009,no statistically significant difference,EQUAL,1,0,,0,,SUBJ=MAT|COHORT=2|DEPVAR=MRPCM|SAMPLES=R3|YEAR=2019|JURISDICTIONS=CA|ECONDIS=2|STAT=PC:P1 || SUBJ=MAT|COHORT=2|DEPVAR=MRPCM|SAMPLES=R3|YEAR=2024|JURISDICTIONS=CA|ECONDIS=2|STAT=PC:P1,https://www.nationsreportcard.gov/DataService/GetAdhocData.aspx?type=sigacrossyear&subject=mathematics&grade=8&subscale=MRPCM&variable=ECONDIS&jurisdiction=CA&stattype=PC%3AP1&Year=2019%2C2022%2C2024&ShowDetails=true&QCData=true&RevealDataKeys=true
2026-09-19T02:11:11.189Z,NDE,MAT,Mathematics,8,MRPCM,Composite mathematics scale (0-500),CA,California,ECONDIS,Economically disadvantaged status,2,Not economically disadvantaged,PC:P2,percentile,25th percentile scale score,scale score,25.0,,2019,2024,270.297999572754,262.359001159668,-7.938998413085983,follow-up lower,HIGHER,1,0,,0,,SUBJ=MAT|COHORT=2|DEPVAR=MRPCM|SAMPLES=R3|YEAR=2019|JURISDICTIONS=CA|ECONDIS=2|STAT=PC:P2 || SUBJ=MAT|COHORT=2|DEPVAR=MRPCM|SAMPLES=R3|YEAR=2024|JURISDICTIONS=CA|ECONDIS=2|STAT=PC:P2,https://www.nationsreportcard.gov/DataService/GetAdhocData.aspx?type=sigacrossyear&subject=mathematics&grade=8&subscale=MRPCM&variable=ECONDIS&jurisdiction=CA&stattype=PC%3AP2&Year=2019%2C2022%2C2024&ShowDetails=true&QCData=true&RevealDataKeys=true
2026-09-19T02:11:11.189Z,NDE,MAT,Mathematics,8,MRPCM,Composite mathematics scale (0-500),CA,California,ECONDIS,Economically disadvantaged status,2,Not economically disadvantaged,PC:P5,percentile,50th percentile scale score,scale score,50.0,,2019,2024,298.793997192383,293.570999145508,-5.222998046875034,no statistically significant difference,EQUAL,1,0,,0,,SUBJ=MAT|COHORT=2|DEPVAR=MRPCM|SAMPLES=R3|YEAR=2019|JURISDICTIONS=CA|ECONDIS=2|STAT=PC:P5 || SUBJ=MAT|COHORT=2|DEPVAR=MRPCM|SAMPLES=R3|YEAR=2024|JURISDICTIONS=CA|ECONDIS=2|STAT=PC:P5,https://www.nationsreportcard.gov/DataService/GetAdhocData.aspx?type=sigacrossyear&subject=mathematics&grade=8&subscale=MRPCM&variable=ECONDIS&jurisdiction=CA&stattype=PC%3AP5&Year=2019%2C2022%2C2024&ShowDetails=true&QCData=true&RevealDataKeys=true
2026-09-19T02:11:11.189Z,NDE,MAT,Mathematics,8,MRPCM,Composite mathematics scale (0-500),CA,California,ECONDIS,Economically disadvantaged status,2,Not economically disadvantaged,PC:P7,percentile,75th percentile scale score,scale score,75.0,,2019,2024,326.514500427246,321.876501464844,-4.63799896240198,no statistically significant difference,EQUAL,1,0,,0,,SUBJ=MAT|COHORT=2|DEPVAR=MRPCM|SAMPLES=R3|YEAR=2019|JURISDICTIONS=CA|ECONDIS=2|STAT=PC:P7 || SUBJ=MAT|COHORT=2|DEPVAR=MRPCM|SAMPLES=R3|YEAR=2024|JURISDICTIONS=CA|ECONDIS=2|STAT=PC:P7,https://www.nationsreportcard.gov/DataService/GetAdhocData.aspx?type=sigacrossyear&subject=mathematics&grade=8&subscale=MRPCM&variable=ECONDIS&jurisdiction=CA&stattype=PC%3AP7&Year=2019%2C2022%2C2024&ShowDetails=true&QCData=true&RevealDataKeys=true
2026-09-19T02:11:11.189Z,NDE,MAT,Mathematics,8,MRPCM,Composite mathematics scale (0-500),CA,California,ECONDIS,Economically disadvantaged status,2,Not economically disadvantaged,PC:P9,percentile,90th percentile scale score,scale score,90.0,,2019,2024,348.700003051758,348.155502319336,-0.5445007324220228,no statistically significant difference,EQUAL,1,0,,0,,SUBJ=MAT|COHORT=2|DEPVAR=MRPCM|SAMPLES=R3|YEAR=2019|JURISDICTIONS=CA|ECONDIS=2|STAT=PC:P9 || SUBJ=MAT|COHORT=2|DEPVAR=MRPCM|SAMPLES=R3|YEAR=2024|JURISDICTIONS=CA|ECONDIS=2|STAT=PC:P9,https://www.nationsreportcard.gov/DataService/GetAdhocData.aspx?type=sigacrossyear&subject=mathematics&grade=8&subscale=MRPCM&variable=ECONDIS&jurisdiction=CA&stattype=PC%3AP9&Year=2019%2C2022%2C2024&ShowDetails=true&QCData=true&RevealDataKeys=true
2026-09-19T02:11:11.189Z,NDE,MAT,Mathematics,8,MRPCM,Composite mathematics scale (0-500),CA,California,ECONDIS,Economically disadvantaged status,2,Not economically disadvantaged,ALD:BA,achievement level,Percent at NAEP Basic,percent,,at NAEP Basic,2019,2024,31.2852969616018,30.374335238063,-0.9109617235388008,no statistically significant difference,EQUAL,1,0,,0,,SUBJ=MAT|COHORT=2|DEPVAR=MRPCM|SAMPLES=R3|YEAR=2019|JURISDICTIONS=CA|ECONDIS=2|STAT=ALD:BA || SUBJ=MAT|COHORT=2|DEPVAR=MRPCM|SAMPLES=R3|YEAR=2024|JURISDICTIONS=CA|ECONDIS=2|STAT=ALD:BA,https://www.nationsreportcard.gov/DataService/GetAdhocData.aspx?type=sigacrossyear&subject=mathematics&grade=8&subscale=MRPCM&variable=ECONDIS&jurisdiction=CA&stattype=ALD%3ABA&Year=2019%2C2022%2C2024&ShowDetails=true&QCData=true&RevealDataKeys=true
2026-09-19T02:11:11.189Z,NDE,MAT,Mathematics,8,MRPCM,Composite mathematics scale (0-500),CA,California,ECONDIS,Economically disadvantaged status,2,Not economically disadvantaged,ALD:PR,achievement level,Percent at NAEP Proficient,percent,,at NAEP Proficient,2019,2024,29.697898473981,27.2803339559332,-2.417564518047797,no statistically significant difference,EQUAL,1,0,,0,,SUBJ=MAT|COHORT=2|DEPVAR=MRPCM|SAMPLES=R3|YEAR=2019|JURISDICTIONS=CA|ECONDIS=2|STAT=ALD:PR || SUBJ=MAT|COHORT=2|DEPVAR=MRPCM|SAMPLES=R3|YEAR=2024|JURISDICTIONS=CA|ECONDIS=2|STAT=ALD:PR,https://www.nationsreportcard.gov/DataService/GetAdhocData.aspx?type=sigacrossyear&subject=mathematics&grade=8&subscale=MRPCM&variable=ECONDIS&jurisdiction=CA&stattype=ALD%3APR&Year=2019%2C2022%2C2024&ShowDetails=true&QCData=true&RevealDataKeys=true
2026-09-19T02:11:11.189Z,NDE,MAT,Mathematics,8,MRPCM,Composite mathematics scale (0-500),CA,California,ECONDIS,Economically disadvantaged status,2,Not economically disadvantaged,ALD:AD,achievement level,Percent at NAEP Advanced,percent,,at NAEP Advanced,2019,2024,19.9970810359613,17.6470016648392,-2.350079371122103,no statistically significant difference,EQUAL,1,0,,0,,SUBJ=MAT|COHORT=2|DEPVAR=MRPCM|SAMPLES=R3|YEAR=2019|JURISDICTIONS=CA|ECONDIS=2|STAT=ALD:AD || SUBJ=MAT|COHORT=2|DEPVAR=MRPCM|SAMPLES=R3|YEAR=2024|JURISDICTIONS=CA|ECONDIS=2|STAT=ALD:AD,https://www.nationsreportcard.gov/DataService/GetAdhocData.aspx?type=sigacrossyear&subject=mathematics&grade=8&subscale=MRPCM&variable=ECONDIS&jurisdiction=CA&stattype=ALD%3AAD&Year=2019%2C2022%2C2024&ShowDetails=true&QCData=true&RevealDataKeys=true
2026-09-19T02:11:11.189Z,NDE,MAT,Mathematics,8,MRPCM,Composite mathematics scale (0-500),CA,California,ECONDIS,Economically disadvantaged status,2,Not economically disadvantaged,ALC:BB,achievement level,Percent below NAEP Basic,percent,,below NAEP Basic,2019,2024,19.0197235284559,24.6983291411646,5.678605612708701,follow-up higher,LOWER,1,0,,0,,SUBJ=MAT|COHORT=2|DEPVAR=MRPCM|SAMPLES=R3|YEAR=2019|JURISDICTIONS=CA|ECONDIS=2|STAT=ALC:BB || SUBJ=MAT|COHORT=2|DEPVAR=MRPCM|SAMPLES=R3|YEAR=2024|JURISDICTIONS=CA|ECONDIS=2|STAT=ALC:BB,https://www.nationsreportcard.gov/DataService/GetAdhocData.aspx?type=sigacrossyear&subject=mathematics&grade=8&subscale=MRPCM&variable=ECONDIS&jurisdiction=CA&stattype=ALC%3ABB&Year=2019%2C2022%2C2024&ShowDetails=true&QCData=true&RevealDataKeys=true
2026-09-19T02:11:11.189Z,NDE,MAT,Mathematics,8,MRPCM,Composite mathematics scale (0-500),CA,California,ECONDIS,Economically disadvantaged status,2,Not economically disadvantaged,ALC:AB,achievement level,Percent at or above NAEP Basic,percent,,at or above NAEP Basic,2019,2024,80.9802764715441,75.3016708588354,-5.678605612708708,follow-up lower,HIGHER,1,0,,0,,SUBJ=MAT|COHORT=2|DEPVAR=MRPCM|SAMPLES=R3|YEAR=2019|JURISDICTIONS=CA|ECONDIS=2|STAT=ALC:AB || SUBJ=MAT|COHORT=2|DEPVAR=MRPCM|SAMPLES=R3|YEAR=2024|JURISDICTIONS=CA|ECONDIS=2|STAT=ALC:AB,https://www.nationsreportcard.gov/DataService/GetAdhocData.aspx?type=sigacrossyear&subject=mathematics&grade=8&subscale=MRPCM&variable=ECONDIS&jurisdiction=CA&stattype=ALC%3AAB&Year=2019%2C2022%2C2024&ShowDetails=true&QCData=true&RevealDataKeys=true
2026-09-19T02:11:11.189Z,NDE,MAT,Mathematics,8,MRPCM,Composite mathematics scale (0-500),CA,California,ECONDIS,Economically disadvantaged status,2,Not economically disadvantaged,ALC:AP,achievement level,Percent at or above NAEP Proficient,percent,,at or above NAEP Proficient,2019,2024,49.6949795099423,44.9273356207724,-4.7676438891698965,no statistically significant difference,EQUAL,1,0,,0,,SUBJ=MAT|COHORT=2|DEPVAR=MRPCM|SAMPLES=R3|YEAR=2019|JURISDICTIONS=CA|ECONDIS=2|STAT=ALC:AP || SUBJ=MAT|COHORT=2|DEPVAR=MRPCM|SAMPLES=R3|YEAR=2024|JURISDICTIONS=CA|ECONDIS=2|STAT=ALC:AP,https://www.nationsreportcard.gov/DataService/GetAdhocData.aspx?type=sigacrossyear&subject=mathematics&grade=8&subscale=MRPCM&variable=ECONDIS&jurisdiction=CA&stattype=ALC%3AAP&Year=2019%2C2022%2C2024&ShowDetails=true&QCData=true&RevealDataKeys=true
2026-09-19T02:11:11.189Z,NDE,MAT,Mathematics,8,MRPCM,Composite mathematics scale (0-500),CA,California,ECONDIS,Economically disadvantaged status,2,Not economically disadvantaged,ALC:AD,achievement level,Percent at NAEP Advanced (cumulative code),percent,,at NAEP Advanced (cumulative code),2019,2024,19.9970810359613,17.6470016648392,-2.350079371122103,no statistically significant difference,EQUAL,1,0,,0,,SUBJ=MAT|COHORT=2|DEPVAR=MRPCM|SAMPLES=R3|YEAR=2019|JURISDICTIONS=CA|ECONDIS=2|STAT=ALC:AD || SUBJ=MAT|COHORT=2|DEPVAR=MRPCM|SAMPLES=R3|YEAR=2024|JURISDICTIONS=CA|ECONDIS=2|STAT=ALC:AD,https://www.nationsreportcard.gov/DataService/GetAdhocData.aspx?type=sigacrossyear&subject=mathematics&grade=8&subscale=MRPCM&variable=ECONDIS&jurisdiction=CA&stattype=ALC%3AAD&Year=2019%2C2022%2C2024&ShowDetails=true&QCData=true&RevealDataKeys=true
2026-09-19T02:11:11.189Z,NDE,MAT,Mathematics,8,MRPCM,Composite mathematics scale (0-500),CA,California,ECONDIS,Economically disadvantaged status,3,Information not available,MN:MN,location,Average scale score,scale score,,,2019,2024,,,,,,0,257,reporting standard not met; standard error not applicable,257,reporting standard not met; standard error not applicable,SUBJ=MAT|COHORT=2|DEPVAR=MRPCM|SAMPLES=R3|YEAR=2019|JURISDICTIONS=CA|ECONDIS=3|STAT=MN:MN || SUBJ=MAT|COHORT=2|DEPVAR=MRPCM|SAMPLES=R3|YEAR=2024|JURISDICTIONS=CA|ECONDIS=3|STAT=MN:MN,https://www.nationsreportcard.gov/DataService/GetAdhocData.aspx?type=sigacrossyear&subject=mathematics&grade=8&subscale=MRPCM&variable=ECONDIS&jurisdiction=CA&stattype=MN%3AMN&Year=2019%2C2022%2C2024&ShowDetails=true&QCData=true&RevealDataKeys=true
2026-09-19T02:11:11.189Z,NDE,MAT,Mathematics,8,MRPCM,Composite mathematics scale (0-500),CA,California,ECONDIS,Economically disadvantaged status,3,Information not available,PC:P1,percentile,10th percentile scale score,scale score,10.0,,2019,2024,,,,,,0,257,reporting standard not met; standard error not applicable,257,reporting standard not met; standard error not applicable,SUBJ=MAT|COHORT=2|DEPVAR=MRPCM|SAMPLES=R3|YEAR=2019|JURISDICTIONS=CA|ECONDIS=3|STAT=PC:P1 || SUBJ=MAT|COHORT=2|DEPVAR=MRPCM|SAMPLES=R3|YEAR=2024|JURISDICTIONS=CA|ECONDIS=3|STAT=PC:P1,https://www.nationsreportcard.gov/DataService/GetAdhocData.aspx?type=sigacrossyear&subject=mathematics&grade=8&subscale=MRPCM&variable=ECONDIS&jurisdiction=CA&stattype=PC%3AP1&Year=2019%2C2022%2C2024&ShowDetails=true&QCData=true&RevealDataKeys=true
2026-09-19T02:11:11.189Z,NDE,MAT,Mathematics,8,MRPCM,Composite mathematics scale (0-500),CA,California,ECONDIS,Economically disadvantaged status,3,Information not available,PC:P2,percentile,25th percentile scale score,scale score,25.0,,2019,2024,,,,,,0,257,reporting standard not met; standard error not applicable,257,reporting standard not met; standard error not applicable,SUBJ=MAT|COHORT=2|DEPVAR=MRPCM|SAMPLES=R3|YEAR=2019|JURISDICTIONS=CA|ECONDIS=3|STAT=PC:P2 || SUBJ=MAT|COHORT=2|DEPVAR=MRPCM|SAMPLES=R3|YEAR=2024|JURISDICTIONS=CA|ECONDIS=3|STAT=PC:P2,https://www.nationsreportcard.gov/DataService/GetAdhocData.aspx?type=sigacrossyear&subject=mathematics&grade=8&subscale=MRPCM&variable=ECONDIS&jurisdiction=CA&stattype=PC%3AP2&Year=2019%2C2022%2C2024&ShowDetails=true&QCData=true&RevealDataKeys=true
2026-09-19T02:11:11.189Z,NDE,MAT,Mathematics,8,MRPCM,Composite mathematics scale (0-500),CA,California,ECONDIS,Economically disadvantaged status,3,Information not available,PC:P5,percentile,50th percentile scale score,scale score,50.0,,2019,2024,,,,,,0,257,reporting standard not met; standard error not applicable,257,reporting standard not met; standard error not applicable,SUBJ=MAT|COHORT=2|DEPVAR=MRPCM|SAMPLES=R3|YEAR=2019|JURISDICTIONS=CA|ECONDIS=3|STAT=PC:P5 || SUBJ=MAT|COHORT=2|DEPVAR=MRPCM|SAMPLES=R3|YEAR=2024|JURISDICTIONS=CA|ECONDIS=3|STAT=PC:P5,https://www.nationsreportcard.gov/DataService/GetAdhocData.aspx?type=sigacrossyear&subject=mathematics&grade=8&subscale=MRPCM&variable=ECONDIS&jurisdiction=CA&stattype=PC%3AP5&Year=2019%2C2022%2C2024&ShowDetails=true&QCData=true&RevealDataKeys=true
2026-09-19T02:11:11.189Z,NDE,MAT,Mathematics,8,MRPCM,Composite mathematics scale (0-500),CA,California,ECONDIS,Economically disadvantaged status,3,Information not available,PC:P7,percentile,75th percentile scale score,scale score,75.0,,2019,2024,,,,,,0,257,reporting standard not met; standard error not applicable,257,reporting standard not met; standard error not applicable,SUBJ=MAT|COHORT=2|DEPVAR=MRPCM|SAMPLES=R3|YEAR=2019|JURISDICTIONS=CA|ECONDIS=3|STAT=PC:P7 || SUBJ=MAT|COHORT=2|DEPVAR=MRPCM|SAMPLES=R3|YEAR=2024|JURISDICTIONS=CA|ECONDIS=3|STAT=PC:P7,https://www.nationsreportcard.gov/DataService/GetAdhocData.aspx?type=sigacrossyear&subject=mathematics&grade=8&subscale=MRPCM&variable=ECONDIS&jurisdiction=CA&stattype=PC%3AP7&Year=2019%2C2022%2C2024&ShowDetails=true&QCData=true&RevealDataKeys=true
2026-09-19T02:11:11.189Z,NDE,MAT,Mathematics,8,MRPCM,Composite mathematics scale (0-500),CA,California,ECONDIS,Economically disadvantaged status,3,Information not available,PC:P9,percentile,90th percentile scale score,scale score,90.0,,2019,2024,,,,,,0,257,reporting standard not met; standard error not applicable,257,reporting standard not met; standard error not applicable,SUBJ=MAT|COHORT=2|DEPVAR=MRPCM|SAMPLES=R3|YEAR=2019|JURISDICTIONS=CA|ECONDIS=3|STAT=PC:P9 || SUBJ=MAT|COHORT=2|DEPVAR=MRPCM|SAMPLES=R3|YEAR=2024|JURISDICTIONS=CA|ECONDIS=3|STAT=PC:P9,https://www.nationsreportcard.gov/DataService/GetAdhocData.aspx?type=sigacrossyear&subject=mathematics&grade=8&subscale=MRPCM&variable=ECONDIS&jurisdiction=CA&stattype=PC%3AP9&Year=2019%2C2022%2C2024&ShowDetails=true&QCData=true&RevealDataKeys=true
2026-09-19T02:11:11.189Z,NDE,MAT,Mathematics,8,MRPCM,Composite mathematics scale (0-500),CA,California,ECONDIS,Economically disadvantaged status,3,Information not available,ALD:BA,achievement level,Percent at NAEP Basic,percent,,at NAEP Basic,2019,2024,,,,,,0,259,reporting standard not met; extreme percentage; standard error not applicable,259,reporting standard not met; extreme percentage; standard error not applicable,SUBJ=MAT|COHORT=2|DEPVAR=MRPCM|SAMPLES=R3|YEAR=2019|JURISDICTIONS=CA|ECONDIS=3|STAT=ALD:BA || SUBJ=MAT|COHORT=2|DEPVAR=MRPCM|SAMPLES=R3|YEAR=2024|JURISDICTIONS=CA|ECONDIS=3|STAT=ALD:BA,https://www.nationsreportcard.gov/DataService/GetAdhocData.aspx?type=sigacrossyear&subject=mathematics&grade=8&subscale=MRPCM&variable=ECONDIS&jurisdiction=CA&stattype=ALD%3ABA&Year=2019%2C2022%2C2024&ShowDetails=true&QCData=true&RevealDataKeys=true
2026-09-19T02:11:11.189Z,NDE,MAT,Mathematics,8,MRPCM,Composite mathematics scale (0-500),CA,California,ECONDIS,Economically disadvantaged status,3,Information not available,ALD:PR,achievement level,Percent at NAEP Proficient,percent,,at NAEP Proficient,2019,2024,,,,,,0,259,reporting standard not met; extreme percentage; standard error not applicable,259,reporting standard not met; extreme percentage; standard error not applicable,SUBJ=MAT|COHORT=2|DEPVAR=MRPCM|SAMPLES=R3|YEAR=2019|JURISDICTIONS=CA|ECONDIS=3|STAT=ALD:PR || SUBJ=MAT|COHORT=2|DEPVAR=MRPCM|SAMPLES=R3|YEAR=2024|JURISDICTIONS=CA|ECONDIS=3|STAT=ALD:PR,https://www.nationsreportcard.gov/DataService/GetAdhocData.aspx?type=sigacrossyear&subject=mathematics&grade=8&subscale=MRPCM&variable=ECONDIS&jurisdiction=CA&stattype=ALD%3APR&Year=2019%2C2022%2C2024&ShowDetails=true&QCData=true&RevealDataKeys=true
2026-09-19T02:11:11.189Z,NDE,MAT,Mathematics,8,MRPCM,Composite mathematics scale (0-500),CA,California,ECONDIS,Economically disadvantaged status,3,Information not available,ALD:AD,achievement level,Percent at NAEP Advanced,percent,,at NAEP Advanced,2019,2024,,,,,,0,259,reporting standard not met; extreme percentage; standard error not applicable,259,reporting standard not met; extreme percentage; standard error not applicable,SUBJ=MAT|COHORT=2|DEPVAR=MRPCM|SAMPLES=R3|YEAR=2019|JURISDICTIONS=CA|ECONDIS=3|STAT=ALD:AD || SUBJ=MAT|COHORT=2|DEPVAR=MRPCM|SAMPLES=R3|YEAR=2024|JURISDICTIONS=CA|ECONDIS=3|STAT=ALD:AD,https://www.nationsreportcard.gov/DataService/GetAdhocData.aspx?type=sigacrossyear&subject=mathematics&grade=8&subscale=MRPCM&variable=ECONDIS&jurisdiction=CA&stattype=ALD%3AAD&Year=2019%2C2022%2C2024&ShowDetails=true&QCData=true&RevealDataKeys=true
2026-09-19T02:11:11.189Z,NDE,MAT,Mathematics,8,MRPCM,Composite mathematics scale (0-500),CA,California,ECONDIS,Economically disadvantaged status,3,Information not available,ALC:BB,achievement level,Percent below NAEP Basic,percent,,below NAEP Basic,2019,2024,,,,,,0,259,reporting standard not met; extreme percentage; standard error not applicable,259,reporting standard not met; extreme percentage; standard error not applicable,SUBJ=MAT|COHORT=2|DEPVAR=MRPCM|SAMPLES=R3|YEAR=2019|JURISDICTIONS=CA|ECONDIS=3|STAT=ALC:BB || SUBJ=MAT|COHORT=2|DEPVAR=MRPCM|SAMPLES=R3|YEAR=2024|JURISDICTIONS=CA|ECONDIS=3|STAT=ALC:BB,https://www.nationsreportcard.gov/DataService/GetAdhocData.aspx?type=sigacrossyear&subject=mathematics&grade=8&subscale=MRPCM&variable=ECONDIS&jurisdiction=CA&stattype=ALC%3ABB&Year=2019%2C2022%2C2024&ShowDetails=true&QCData=true&RevealDataKeys=true
2026-09-19T02:11:11.189Z,NDE,MAT,Mathematics,8,MRPCM,Composite mathematics scale (0-500),CA,California,ECONDIS,Economically disadvantaged status,3,Information not available,ALC:AB,achievement level,Percent at or above NAEP Basic,percent,,at or above NAEP Basic,2019,2024,,,,,,0,259,reporting standard not met; extreme percentage; standard error not applicable,259,reporting standard not met; extreme percentage; standard error not applicable,SUBJ=MAT|COHORT=2|DEPVAR=MRPCM|SAMPLES=R3|YEAR=2019|JURISDICTIONS=CA|ECONDIS=3|STAT=ALC:AB || SUBJ=MAT|COHORT=2|DEPVAR=MRPCM|SAMPLES=R3|YEAR=2024|JURISDICTIONS=CA|ECONDIS=3|STAT=ALC:AB,https://www.nationsreportcard.gov/DataService/GetAdhocData.aspx?type=sigacrossyear&subject=mathematics&grade=8&subscale=MRPCM&variable=ECONDIS&jurisdiction=CA&stattype=ALC%3AAB&Year=2019%2C2022%2C2024&ShowDetails=true&QCData=true&RevealDataKeys=true
2026-09-19T02:11:11.189Z,NDE,MAT,Mathematics,8,MRPCM,Composite mathematics scale (0-500),CA,California,ECONDIS,Economically disadvantaged status,3,Information not available,ALC:AP,achievement level,Percent at or above NAEP Proficient,percent,,at or above NAEP Proficient,2019,2024,,,,,,0,259,reporting standard not met; extreme percentage; standard error not applicable,259,reporting standard not met; extreme percentage; standard error not applicable,SUBJ=MAT|COHORT=2|DEPVAR=MRPCM|SAMPLES=R3|YEAR=2019|JURISDICTIONS=CA|ECONDIS=3|STAT=ALC:AP || SUBJ=MAT|COHORT=2|DEPVAR=MRPCM|SAMPLES=R3|YEAR=2024|JURISDICTIONS=CA|ECONDIS=3|STAT=ALC:AP,https://www.nationsreportcard.gov/DataService/GetAdhocData.aspx?type=sigacrossyear&subject=mathematics&grade=8&subscale=MRPCM&variable=ECONDIS&jurisdiction=CA&stattype=ALC%3AAP&Year=2019%2C2022%2C2024&ShowDetails=true&QCData=true&RevealDataKeys=true
2026-09-19T02:11:11.189Z,NDE,MAT,Mathematics,8,MRPCM,Composite mathematics scale (0-500),CA,California,ECONDIS,Economically disadvantaged status,3,Information not available,ALC:AD,achievement level,Percent at NAEP Advanced (cumulative code),percent,,at NAEP Advanced (cumulative code),2019,2024,,,,,,0,259,reporting standard not met; extreme percentage; standard error not applicable,259,reporting standard not met; extreme percentage; standard error not applicable,SUBJ=MAT|COHORT=2|DEPVAR=MRPCM|SAMPLES=R3|YEAR=2019|JURISDICTIONS=CA|ECONDIS=3|STAT=ALC:AD || SUBJ=MAT|COHORT=2|DEPVAR=MRPCM|SAMPLES=R3|YEAR=2024|JURISDICTIONS=CA|ECONDIS=3|STAT=ALC:AD,https://www.nationsreportcard.gov/DataService/GetAdhocData.aspx?type=sigacrossyear&subject=mathematics&grade=8&subscale=MRPCM&variable=ECONDIS&jurisdiction=CA&stattype=ALC%3AAD&Year=2019%2C2022%2C2024&ShowDetails=true&QCData=true&RevealDataKeys=true
2026-09-19T02:11:11.189Z,NDE,MAT,Mathematics,8,MRPCM,Composite mathematics scale (0-500),CA,California,PARED,"Parental education level, from 2 questions",1,Did not finish high school,MN:MN,location,Average scale score,scale score,,,2019,2024,263.457462491257,249.265594768283,-14.191867722973996,follow-up lower,HIGHER,1,0,,0,,SUBJ=MAT|COHORT=2|DEPVAR=MRPCM|SAMPLES=R3|YEAR=2019|JURISDICTIONS=CA|PARED=1|STAT=MN:MN || SUBJ=MAT|COHORT=2|DEPVAR=MRPCM|SAMPLES=R3|YEAR=2024|JURISDICTIONS=CA|PARED=1|STAT=MN:MN,https://www.nationsreportcard.gov/DataService/GetAdhocData.aspx?type=sigacrossyear&subject=mathematics&grade=8&subscale=MRPCM&variable=PARED&jurisdiction=CA&stattype=MN%3AMN&Year=2019%2C2022%2C2024&ShowDetails=true&QCData=true&RevealDataKeys=true
2026-09-19T02:11:11.189Z,NDE,MAT,Mathematics,8,MRPCM,Composite mathematics scale (0-500),CA,California,PARED,"Parental education level, from 2 questions",1,Did not finish high school,PC:P1,percentile,10th percentile scale score,scale score,10.0,,2019,2024,222.190001678467,193.250000762939,-28.940000915528003,no statistically significant difference,EQUAL,1,0,,0,,SUBJ=MAT|COHORT=2|DEPVAR=MRPCM|SAMPLES=R3|YEAR=2019|JURISDICTIONS=CA|PARED=1|STAT=PC:P1 || SUBJ=MAT|COHORT=2|DEPVAR=MRPCM|SAMPLES=R3|YEAR=2024|JURISDICTIONS=CA|PARED=1|STAT=PC:P1,https://www.nationsreportcard.gov/DataService/GetAdhocData.aspx?type=sigacrossyear&subject=mathematics&grade=8&subscale=MRPCM&variable=PARED&jurisdiction=CA&stattype=PC%3AP1&Year=2019%2C2022%2C2024&ShowDetails=true&QCData=true&RevealDataKeys=true
2026-09-19T02:11:11.189Z,NDE,MAT,Mathematics,8,MRPCM,Composite mathematics scale (0-500),CA,California,PARED,"Parental education level, from 2 questions",1,Did not finish high school,PC:P2,percentile,25th percentile scale score,scale score,25.0,,2019,2024,241.986499786377,223.713998413086,-18.27250137329102,no statistically significant difference,EQUAL,1,0,,0,,SUBJ=MAT|COHORT=2|DEPVAR=MRPCM|SAMPLES=R3|YEAR=2019|JURISDICTIONS=CA|PARED=1|STAT=PC:P2 || SUBJ=MAT|COHORT=2|DEPVAR=MRPCM|SAMPLES=R3|YEAR=2024|JURISDICTIONS=CA|PARED=1|STAT=PC:P2,https://www.nationsreportcard.gov/DataService/GetAdhocData.aspx?type=sigacrossyear&subject=mathematics&grade=8&subscale=MRPCM&variable=PARED&jurisdiction=CA&stattype=PC%3AP2&Year=2019%2C2022%2C2024&ShowDetails=true&QCData=true&RevealDataKeys=true
2026-09-19T02:11:11.189Z,NDE,MAT,Mathematics,8,MRPCM,Composite mathematics scale (0-500),CA,California,PARED,"Parental education level, from 2 questions",1,Did not finish high school,PC:P5,percentile,50th percentile scale score,scale score,50.0,,2019,2024,262.88699798584,252.244998168945,-10.641999816895035,no statistically significant difference,EQUAL,1,0,,0,,SUBJ=MAT|COHORT=2|DEPVAR=MRPCM|SAMPLES=R3|YEAR=2019|JURISDICTIONS=CA|PARED=1|STAT=PC:P5 || SUBJ=MAT|COHORT=2|DEPVAR=MRPCM|SAMPLES=R3|YEAR=2024|JURISDICTIONS=CA|PARED=1|STAT=PC:P5,https://www.nationsreportcard.gov/DataService/GetAdhocData.aspx?type=sigacrossyear&subject=mathematics&grade=8&subscale=MRPCM&variable=PARED&jurisdiction=CA&stattype=PC%3AP5&Year=2019%2C2022%2C2024&ShowDetails=true&QCData=true&RevealDataKeys=true
2026-09-19T02:11:11.189Z,NDE,MAT,Mathematics,8,MRPCM,Composite mathematics scale (0-500),CA,California,PARED,"Parental education level, from 2 questions",1,Did not finish high school,PC:P7,percentile,75th percentile scale score,scale score,75.0,,2019,2024,285.573501586914,275.649501037598,-9.92400054931602,no statistically significant difference,EQUAL,1,0,,0,,SUBJ=MAT|COHORT=2|DEPVAR=MRPCM|SAMPLES=R3|YEAR=2019|JURISDICTIONS=CA|PARED=1|STAT=PC:P7 || SUBJ=MAT|COHORT=2|DEPVAR=MRPCM|SAMPLES=R3|YEAR=2024|JURISDICTIONS=CA|PARED=1|STAT=PC:P7,https://www.nationsreportcard.gov/DataService/GetAdhocData.aspx?type=sigacrossyear&subject=mathematics&grade=8&subscale=MRPCM&variable=PARED&jurisdiction=CA&stattype=PC%3AP7&Year=2019%2C2022%2C2024&ShowDetails=true&QCData=true&RevealDataKeys=true
2026-09-19T02:11:11.189Z,NDE,MAT,Mathematics,8,MRPCM,Composite mathematics scale (0-500),CA,California,PARED,"Parental education level, from 2 questions",1,Did not finish high school,PC:P9,percentile,90th percentile scale score,scale score,90.0,,2019,2024,306.235496520996,298.488000488281,-7.747496032714991,no statistically significant difference,EQUAL,1,0,,0,,SUBJ=MAT|COHORT=2|DEPVAR=MRPCM|SAMPLES=R3|YEAR=2019|JURISDICTIONS=CA|PARED=1|STAT=PC:P9 || SUBJ=MAT|COHORT=2|DEPVAR=MRPCM|SAMPLES=R3|YEAR=2024|JURISDICTIONS=CA|PARED=1|STAT=PC:P9,https://www.nationsreportcard.gov/DataService/GetAdhocData.aspx?type=sigacrossyear&subject=mathematics&grade=8&subscale=MRPCM&variable=PARED&jurisdiction=CA&stattype=PC%3AP9&Year=2019%2C2022%2C2024&ShowDetails=true&QCData=true&RevealDataKeys=true
2026-09-19T02:11:11.189Z,NDE,MAT,Mathematics,8,MRPCM,Composite mathematics scale (0-500),CA,California,PARED,"Parental education level, from 2 questions",1,Did not finish high school,ALD:BA,achievement level,Percent at NAEP Basic,percent,,at NAEP Basic,2019,2024,36.4768955411942,29.7356309425773,-6.741264598616905,no statistically significant difference,EQUAL,1,0,,0,,SUBJ=MAT|COHORT=2|DEPVAR=MRPCM|SAMPLES=R3|YEAR=2019|JURISDICTIONS=CA|PARED=1|STAT=ALD:BA || SUBJ=MAT|COHORT=2|DEPVAR=MRPCM|SAMPLES=R3|YEAR=2024|JURISDICTIONS=CA|PARED=1|STAT=ALD:BA,https://www.nationsreportcard.gov/DataService/GetAdhocData.aspx?type=sigacrossyear&subject=mathematics&grade=8&subscale=MRPCM&variable=PARED&jurisdiction=CA&stattype=ALD%3ABA&Year=2019%2C2022%2C2024&ShowDetails=true&QCData=true&RevealDataKeys=true
2026-09-19T02:11:11.189Z,NDE,MAT,Mathematics,8,MRPCM,Composite mathematics scale (0-500),CA,California,PARED,"Parental education level, from 2 questions",1,Did not finish high school,ALD:PR,achievement level,Percent at NAEP Proficient,percent,,at NAEP Proficient,2019,2024,13.1981768767837,8.82366227255427,-4.374514604229431,no statistically significant difference,EQUAL,1,0,,0,,SUBJ=MAT|COHORT=2|DEPVAR=MRPCM|SAMPLES=R3|YEAR=2019|JURISDICTIONS=CA|PARED=1|STAT=ALD:PR || SUBJ=MAT|COHORT=2|DEPVAR=MRPCM|SAMPLES=R3|YEAR=2024|JURISDICTIONS=CA|PARED=1|STAT=ALD:PR,https://www.nationsreportcard.gov/DataService/GetAdhocData.aspx?type=sigacrossyear&subject=mathematics&grade=8&subscale=MRPCM&variable=PARED&jurisdiction=CA&stattype=ALD%3APR&Year=2019%2C2022%2C2024&ShowDetails=true&QCData=true&RevealDataKeys=true
2026-09-19T02:11:11.189Z,NDE,MAT,Mathematics,8,MRPCM,Composite mathematics scale (0-500),CA,California,PARED,"Parental education level, from 2 questions",1,Did not finish high school,ALD:AD,achievement level,Percent at NAEP Advanced,percent,,at NAEP Advanced,2019,2024,1.44696130278033,0.995173597751951,-0.451787705028379,,,0,0,,258,extreme percentage; standard error not applicable,SUBJ=MAT|COHORT=2|DEPVAR=MRPCM|SAMPLES=R3|YEAR=2019|JURISDICTIONS=CA|PARED=1|STAT=ALD:AD || SUBJ=MAT|COHORT=2|DEPVAR=MRPCM|SAMPLES=R3|YEAR=2024|JURISDICTIONS=CA|PARED=1|STAT=ALD:AD,https://www.nationsreportcard.gov/DataService/GetAdhocData.aspx?type=sigacrossyear&subject=mathematics&grade=8&subscale=MRPCM&variable=PARED&jurisdiction=CA&stattype=ALD%3AAD&Year=2019%2C2022%2C2024&ShowDetails=true&QCData=true&RevealDataKeys=true
2026-09-19T02:11:11.189Z,NDE,MAT,Mathematics,8,MRPCM,Composite mathematics scale (0-500),CA,California,PARED,"Parental education level, from 2 questions",1,Did not finish high school,ALC:BB,achievement level,Percent below NAEP Basic,percent,,below NAEP Basic,2019,2024,48.8779662792418,60.4455331871165,11.567566907874706,no statistically significant difference,EQUAL,1,0,,0,,SUBJ=MAT|COHORT=2|DEPVAR=MRPCM|SAMPLES=R3|YEAR=2019|JURISDICTIONS=CA|PARED=1|STAT=ALC:BB || SUBJ=MAT|COHORT=2|DEPVAR=MRPCM|SAMPLES=R3|YEAR=2024|JURISDICTIONS=CA|PARED=1|STAT=ALC:BB,https://www.nationsreportcard.gov/DataService/GetAdhocData.aspx?type=sigacrossyear&subject=mathematics&grade=8&subscale=MRPCM&variable=PARED&jurisdiction=CA&stattype=ALC%3ABB&Year=2019%2C2022%2C2024&ShowDetails=true&QCData=true&RevealDataKeys=true
2026-09-19T02:11:11.189Z,NDE,MAT,Mathematics,8,MRPCM,Composite mathematics scale (0-500),CA,California,PARED,"Parental education level, from 2 questions",1,Did not finish high school,ALC:AB,achievement level,Percent at or above NAEP Basic,percent,,at or above NAEP Basic,2019,2024,51.1220337207582,39.5544668128835,-11.567566907874706,no statistically significant difference,EQUAL,1,0,,0,,SUBJ=MAT|COHORT=2|DEPVAR=MRPCM|SAMPLES=R3|YEAR=2019|JURISDICTIONS=CA|PARED=1|STAT=ALC:AB || SUBJ=MAT|COHORT=2|DEPVAR=MRPCM|SAMPLES=R3|YEAR=2024|JURISDICTIONS=CA|PARED=1|STAT=ALC:AB,https://www.nationsreportcard.gov/DataService/GetAdhocData.aspx?type=sigacrossyear&subject=mathematics&grade=8&subscale=MRPCM&variable=PARED&jurisdiction=CA&stattype=ALC%3AAB&Year=2019%2C2022%2C2024&ShowDetails=true&QCData=true&RevealDataKeys=true
2026-09-19T02:11:11.189Z,NDE,MAT,Mathematics,8,MRPCM,Composite mathematics scale (0-500),CA,California,PARED,"Parental education level, from 2 questions",1,Did not finish high school,ALC:AP,achievement level,Percent at or above NAEP Proficient,percent,,at or above NAEP Proficient,2019,2024,14.645138179564,9.81883587030623,-4.82630230925777,no statistically significant difference,EQUAL,1,0,,0,,SUBJ=MAT|COHORT=2|DEPVAR=MRPCM|SAMPLES=R3|YEAR=2019|JURISDICTIONS=CA|PARED=1|STAT=ALC:AP || SUBJ=MAT|COHORT=2|DEPVAR=MRPCM|SAMPLES=R3|YEAR=2024|JURISDICTIONS=CA|PARED=1|STAT=ALC:AP,https://www.nationsreportcard.gov/DataService/GetAdhocData.aspx?type=sigacrossyear&subject=mathematics&grade=8&subscale=MRPCM&variable=PARED&jurisdiction=CA&stattype=ALC%3AAP&Year=2019%2C2022%2C2024&ShowDetails=true&QCData=true&RevealDataKeys=true
2026-09-19T02:11:11.189Z,NDE,MAT,Mathematics,8,MRPCM,Composite mathematics scale (0-500),CA,California,PARED,"Parental education level, from 2 questions",1,Did not finish high school,ALC:AD,achievement level,Percent at NAEP Advanced (cumulative code),percent,,at NAEP Advanced (cumulative code),2019,2024,1.44696130278033,0.995173597751951,-0.451787705028379,,,0,0,,258,extreme percentage; standard error not applicable,SUBJ=MAT|COHORT=2|DEPVAR=MRPCM|SAMPLES=R3|YEAR=2019|JURISDICTIONS=CA|PARED=1|STAT=ALC:AD || SUBJ=MAT|COHORT=2|DEPVAR=MRPCM|SAMPLES=R3|YEAR=2024|JURISDICTIONS=CA|PARED=1|STAT=ALC:AD,https://www.nationsreportcard.gov/DataService/GetAdhocData.aspx?type=sigacrossyear&subject=mathematics&grade=8&subscale=MRPCM&variable=PARED&jurisdiction=CA&stattype=ALC%3AAD&Year=2019%2C2022%2C2024&ShowDetails=true&QCData=true&RevealDataKeys=true
2026-09-19T02:11:11.189Z,NDE,MAT,Mathematics,8,MRPCM,Composite mathematics scale (0-500),CA,California,PARED,"Parental education level, from 2 questions",2,Graduated high school,MN:MN,location,Average scale score,scale score,,,2019,2024,263.011741897518,249.899463278803,-13.11227861871498,follow-up lower,HIGHER,1,0,,0,,SUBJ=MAT|COHORT=2|DEPVAR=MRPCM|SAMPLES=R3|YEAR=2019|JURISDICTIONS=CA|PARED=2|STAT=MN:MN || SUBJ=MAT|COHORT=2|DEPVAR=MRPCM|SAMPLES=R3|YEAR=2024|JURISDICTIONS=CA|PARED=2|STAT=MN:MN,https://www.nationsreportcard.gov/DataService/GetAdhocData.aspx?type=sigacrossyear&subject=mathematics&grade=8&subscale=MRPCM&variable=PARED&jurisdiction=CA&stattype=MN%3AMN&Year=2019%2C2022%2C2024&ShowDetails=true&QCData=true&RevealDataKeys=true
2026-09-19T02:11:11.189Z,NDE,MAT,Mathematics,8,MRPCM,Composite mathematics scale (0-500),CA,California,PARED,"Parental education level, from 2 questions",2,Graduated high school,PC:P1,percentile,10th percentile scale score,scale score,10.0,,2019,2024,215.146500396729,199.68750076294,-15.458999633789006,no statistically significant difference,EQUAL,1,0,,0,,SUBJ=MAT|COHORT=2|DEPVAR=MRPCM|SAMPLES=R3|YEAR=2019|JURISDICTIONS=CA|PARED=2|STAT=PC:P1 || SUBJ=MAT|COHORT=2|DEPVAR=MRPCM|SAMPLES=R3|YEAR=2024|JURISDICTIONS=CA|PARED=2|STAT=PC:P1,https://www.nationsreportcard.gov/DataService/GetAdhocData.aspx?type=sigacrossyear&subject=mathematics&grade=8&subscale=MRPCM&variable=PARED&jurisdiction=CA&stattype=PC%3AP1&Year=2019%2C2022%2C2024&ShowDetails=true&QCData=true&RevealDataKeys=true
2026-09-19T02:11:11.189Z,NDE,MAT,Mathematics,8,MRPCM,Composite mathematics scale (0-500),CA,California,PARED,"Parental education level, from 2 questions",2,Graduated high school,PC:P2,percentile,25th percentile scale score,scale score,25.0,,2019,2024,238.268499755859,222.701500701904,-15.566999053955016,no statistically significant difference,EQUAL,1,0,,0,,SUBJ=MAT|COHORT=2|DEPVAR=MRPCM|SAMPLES=R3|YEAR=2019|JURISDICTIONS=CA|PARED=2|STAT=PC:P2 || SUBJ=MAT|COHORT=2|DEPVAR=MRPCM|SAMPLES=R3|YEAR=2024|JURISDICTIONS=CA|PARED=2|STAT=PC:P2,https://www.nationsreportcard.gov/DataService/GetAdhocData.aspx?type=sigacrossyear&subject=mathematics&grade=8&subscale=MRPCM&variable=PARED&jurisdiction=CA&stattype=PC%3AP2&Year=2019%2C2022%2C2024&ShowDetails=true&QCData=true&RevealDataKeys=true
2026-09-19T02:11:11.189Z,NDE,MAT,Mathematics,8,MRPCM,Composite mathematics scale (0-500),CA,California,PARED,"Parental education level, from 2 questions",2,Graduated high school,PC:P5,percentile,50th percentile scale score,scale score,50.0,,2019,2024,263.0375,249.319499206543,-13.718000793457035,no statistically significant difference,EQUAL,1,0,,0,,SUBJ=MAT|COHORT=2|DEPVAR=MRPCM|SAMPLES=R3|YEAR=2019|JURISDICTIONS=CA|PARED=2|STAT=PC:P5 || SUBJ=MAT|COHORT=2|DEPVAR=MRPCM|SAMPLES=R3|YEAR=2024|JURISDICTIONS=CA|PARED=2|STAT=PC:P5,https://www.nationsreportcard.gov/DataService/GetAdhocData.aspx?type=sigacrossyear&subject=mathematics&grade=8&subscale=MRPCM&variable=PARED&jurisdiction=CA&stattype=PC%3AP5&Year=2019%2C2022%2C2024&ShowDetails=true&QCData=true&RevealDataKeys=true
2026-09-19T02:11:11.189Z,NDE,MAT,Mathematics,8,MRPCM,Composite mathematics scale (0-500),CA,California,PARED,"Parental education level, from 2 questions",2,Graduated high school,PC:P7,percentile,75th percentile scale score,scale score,75.0,,2019,2024,288.727000427246,275.837001037598,-12.88999938964804,no statistically significant difference,EQUAL,1,0,,0,,SUBJ=MAT|COHORT=2|DEPVAR=MRPCM|SAMPLES=R3|YEAR=2019|JURISDICTIONS=CA|PARED=2|STAT=PC:P7 || SUBJ=MAT|COHORT=2|DEPVAR=MRPCM|SAMPLES=R3|YEAR=2024|JURISDICTIONS=CA|PARED=2|STAT=PC:P7,https://www.nationsreportcard.gov/DataService/GetAdhocData.aspx?type=sigacrossyear&subject=mathematics&grade=8&subscale=MRPCM&variable=PARED&jurisdiction=CA&stattype=PC%3AP7&Year=2019%2C2022%2C2024&ShowDetails=true&QCData=true&RevealDataKeys=true
2026-09-19T02:11:11.189Z,NDE,MAT,Mathematics,8,MRPCM,Composite mathematics scale (0-500),CA,California,PARED,"Parental education level, from 2 questions",2,Graduated high school,PC:P9,percentile,90th percentile scale score,scale score,90.0,,2019,2024,309.167500305176,301.247998046875,-7.919502258301009,no statistically significant difference,EQUAL,1,0,,0,,SUBJ=MAT|COHORT=2|DEPVAR=MRPCM|SAMPLES=R3|YEAR=2019|JURISDICTIONS=CA|PARED=2|STAT=PC:P9 || SUBJ=MAT|COHORT=2|DEPVAR=MRPCM|SAMPLES=R3|YEAR=2024|JURISDICTIONS=CA|PARED=2|STAT=PC:P9,https://www.nationsreportcard.gov/DataService/GetAdhocData.aspx?type=sigacrossyear&subject=mathematics&grade=8&subscale=MRPCM&variable=PARED&jurisdiction=CA&stattype=PC%3AP9&Year=2019%2C2022%2C2024&ShowDetails=true&QCData=true&RevealDataKeys=true
2026-09-19T02:11:11.189Z,NDE,MAT,Mathematics,8,MRPCM,Composite mathematics scale (0-500),CA,California,PARED,"Parental education level, from 2 questions",2,Graduated high school,ALD:BA,achievement level,Percent at NAEP Basic,percent,,at NAEP Basic,2019,2024,34.5993438708404,26.7308943381941,-7.868449532646299,no statistically significant difference,EQUAL,1,0,,0,,SUBJ=MAT|COHORT=2|DEPVAR=MRPCM|SAMPLES=R3|YEAR=2019|JURISDICTIONS=CA|PARED=2|STAT=ALD:BA || SUBJ=MAT|COHORT=2|DEPVAR=MRPCM|SAMPLES=R3|YEAR=2024|JURISDICTIONS=CA|PARED=2|STAT=ALD:BA,https://www.nationsreportcard.gov/DataService/GetAdhocData.aspx?type=sigacrossyear&subject=mathematics&grade=8&subscale=MRPCM&variable=PARED&jurisdiction=CA&stattype=ALD%3ABA&Year=2019%2C2022%2C2024&ShowDetails=true&QCData=true&RevealDataKeys=true
2026-09-19T02:11:11.189Z,NDE,MAT,Mathematics,8,MRPCM,Composite mathematics scale (0-500),CA,California,PARED,"Parental education level, from 2 questions",2,Graduated high school,ALD:PR,achievement level,Percent at NAEP Proficient,percent,,at NAEP Proficient,2019,2024,13.514120885345,8.60244198004145,-4.91167890530355,no statistically significant difference,EQUAL,1,0,,0,,SUBJ=MAT|COHORT=2|DEPVAR=MRPCM|SAMPLES=R3|YEAR=2019|JURISDICTIONS=CA|PARED=2|STAT=ALD:PR || SUBJ=MAT|COHORT=2|DEPVAR=MRPCM|SAMPLES=R3|YEAR=2024|JURISDICTIONS=CA|PARED=2|STAT=ALD:PR,https://www.nationsreportcard.gov/DataService/GetAdhocData.aspx?type=sigacrossyear&subject=mathematics&grade=8&subscale=MRPCM&variable=PARED&jurisdiction=CA&stattype=ALD%3APR&Year=2019%2C2022%2C2024&ShowDetails=true&QCData=true&RevealDataKeys=true
2026-09-19T02:11:11.189Z,NDE,MAT,Mathematics,8,MRPCM,Composite mathematics scale (0-500),CA,California,PARED,"Parental education level, from 2 questions",2,Graduated high school,ALD:AD,achievement level,Percent at NAEP Advanced,percent,,at NAEP Advanced,2019,2024,2.89898720926212,2.25906369105618,-0.63992351820594,no statistically significant difference,EQUAL,1,0,,0,,SUBJ=MAT|COHORT=2|DEPVAR=MRPCM|SAMPLES=R3|YEAR=2019|JURISDICTIONS=CA|PARED=2|STAT=ALD:AD || SUBJ=MAT|COHORT=2|DEPVAR=MRPCM|SAMPLES=R3|YEAR=2024|JURISDICTIONS=CA|PARED=2|STAT=ALD:AD,https://www.nationsreportcard.gov/DataService/GetAdhocData.aspx?type=sigacrossyear&subject=mathematics&grade=8&subscale=MRPCM&variable=PARED&jurisdiction=CA&stattype=ALD%3AAD&Year=2019%2C2022%2C2024&ShowDetails=true&QCData=true&RevealDataKeys=true
2026-09-19T02:11:11.189Z,NDE,MAT,Mathematics,8,MRPCM,Composite mathematics scale (0-500),CA,California,PARED,"Parental education level, from 2 questions",2,Graduated high school,ALC:BB,achievement level,Percent below NAEP Basic,percent,,below NAEP Basic,2019,2024,48.9875480345525,62.4075999907083,13.420051956155795,follow-up higher,LOWER,1,0,,0,,SUBJ=MAT|COHORT=2|DEPVAR=MRPCM|SAMPLES=R3|YEAR=2019|JURISDICTIONS=CA|PARED=2|STAT=ALC:BB || SUBJ=MAT|COHORT=2|DEPVAR=MRPCM|SAMPLES=R3|YEAR=2024|JURISDICTIONS=CA|PARED=2|STAT=ALC:BB,https://www.nationsreportcard.gov/DataService/GetAdhocData.aspx?type=sigacrossyear&subject=mathematics&grade=8&subscale=MRPCM&variable=PARED&jurisdiction=CA&stattype=ALC%3ABB&Year=2019%2C2022%2C2024&ShowDetails=true&QCData=true&RevealDataKeys=true
2026-09-19T02:11:11.189Z,NDE,MAT,Mathematics,8,MRPCM,Composite mathematics scale (0-500),CA,California,PARED,"Parental education level, from 2 questions",2,Graduated high school,ALC:AB,achievement level,Percent at or above NAEP Basic,percent,,at or above NAEP Basic,2019,2024,51.0124519654475,37.5924000092917,-13.420051956155795,follow-up lower,HIGHER,1,0,,0,,SUBJ=MAT|COHORT=2|DEPVAR=MRPCM|SAMPLES=R3|YEAR=2019|JURISDICTIONS=CA|PARED=2|STAT=ALC:AB || SUBJ=MAT|COHORT=2|DEPVAR=MRPCM|SAMPLES=R3|YEAR=2024|JURISDICTIONS=CA|PARED=2|STAT=ALC:AB,https://www.nationsreportcard.gov/DataService/GetAdhocData.aspx?type=sigacrossyear&subject=mathematics&grade=8&subscale=MRPCM&variable=PARED&jurisdiction=CA&stattype=ALC%3AAB&Year=2019%2C2022%2C2024&ShowDetails=true&QCData=true&RevealDataKeys=true
2026-09-19T02:11:11.189Z,NDE,MAT,Mathematics,8,MRPCM,Composite mathematics scale (0-500),CA,California,PARED,"Parental education level, from 2 questions",2,Graduated high school,ALC:AP,achievement level,Percent at or above NAEP Proficient,percent,,at or above NAEP Proficient,2019,2024,16.4131080946071,10.8615056710976,-5.5516024235095,no statistically significant difference,EQUAL,1,0,,0,,SUBJ=MAT|COHORT=2|DEPVAR=MRPCM|SAMPLES=R3|YEAR=2019|JURISDICTIONS=CA|PARED=2|STAT=ALC:AP || SUBJ=MAT|COHORT=2|DEPVAR=MRPCM|SAMPLES=R3|YEAR=2024|JURISDICTIONS=CA|PARED=2|STAT=ALC:AP,https://www.nationsreportcard.gov/DataService/GetAdhocData.aspx?type=sigacrossyear&subject=mathematics&grade=8&subscale=MRPCM&variable=PARED&jurisdiction=CA&stattype=ALC%3AAP&Year=2019%2C2022%2C2024&ShowDetails=true&QCData=true&RevealDataKeys=true
2026-09-19T02:11:11.189Z,NDE,MAT,Mathematics,8,MRPCM,Composite mathematics scale (0-500),CA,California,PARED,"Parental education level, from 2 questions",2,Graduated high school,ALC:AD,achievement level,Percent at NAEP Advanced (cumulative code),percent,,at NAEP Advanced (cumulative code),2019,2024,2.89898720926212,2.25906369105618,-0.63992351820594,no statistically significant difference,EQUAL,1,0,,0,,SUBJ=MAT|COHORT=2|DEPVAR=MRPCM|SAMPLES=R3|YEAR=2019|JURISDICTIONS=CA|PARED=2|STAT=ALC:AD || SUBJ=MAT|COHORT=2|DEPVAR=MRPCM|SAMPLES=R3|YEAR=2024|JURISDICTIONS=CA|PARED=2|STAT=ALC:AD,https://www.nationsreportcard.gov/DataService/GetAdhocData.aspx?type=sigacrossyear&subject=mathematics&grade=8&subscale=MRPCM&variable=PARED&jurisdiction=CA&stattype=ALC%3AAD&Year=2019%2C2022%2C2024&ShowDetails=true&QCData=true&RevealDataKeys=true
2026-09-19T02:11:11.189Z,NDE,MAT,Mathematics,8,MRPCM,Composite mathematics scale (0-500),CA,California,PARED,"Parental education level, from 2 questions",3,Some education after high school,MN:MN,location,Average scale score,scale score,,,2019,2024,273.85494095948,266.937853965439,-6.9170869940410284,follow-up lower,HIGHER,1,0,,0,,SUBJ=MAT|COHORT=2|DEPVAR=MRPCM|SAMPLES=R3|YEAR=2019|JURISDICTIONS=CA|PARED=3|STAT=MN:MN || SUBJ=MAT|COHORT=2|DEPVAR=MRPCM|SAMPLES=R3|YEAR=2024|JURISDICTIONS=CA|PARED=3|STAT=MN:MN,https://www.nationsreportcard.gov/DataService/GetAdhocData.aspx?type=sigacrossyear&subject=mathematics&grade=8&subscale=MRPCM&variable=PARED&jurisdiction=CA&stattype=MN%3AMN&Year=2019%2C2022%2C2024&ShowDetails=true&QCData=true&RevealDataKeys=true
2026-09-19T02:11:11.189Z,NDE,MAT,Mathematics,8,MRPCM,Composite mathematics scale (0-500),CA,California,PARED,"Parental education level, from 2 questions",3,Some education after high school,PC:P1,percentile,10th percentile scale score,scale score,10.0,,2019,2024,228.868500518799,218.421500396729,-10.447000122070024,no statistically significant difference,EQUAL,1,0,,0,,SUBJ=MAT|COHORT=2|DEPVAR=MRPCM|SAMPLES=R3|YEAR=2019|JURISDICTIONS=CA|PARED=3|STAT=PC:P1 || SUBJ=MAT|COHORT=2|DEPVAR=MRPCM|SAMPLES=R3|YEAR=2024|JURISDICTIONS=CA|PARED=3|STAT=PC:P1,https://www.nationsreportcard.gov/DataService/GetAdhocData.aspx?type=sigacrossyear&subject=mathematics&grade=8&subscale=MRPCM&variable=PARED&jurisdiction=CA&stattype=PC%3AP1&Year=2019%2C2022%2C2024&ShowDetails=true&QCData=true&RevealDataKeys=true
2026-09-19T02:11:11.189Z,NDE,MAT,Mathematics,8,MRPCM,Composite mathematics scale (0-500),CA,California,PARED,"Parental education level, from 2 questions",3,Some education after high school,PC:P2,percentile,25th percentile scale score,scale score,25.0,,2019,2024,250.36549987793,241.893999481201,-8.471500396728999,no statistically significant difference,EQUAL,1,0,,0,,SUBJ=MAT|COHORT=2|DEPVAR=MRPCM|SAMPLES=R3|YEAR=2019|JURISDICTIONS=CA|PARED=3|STAT=PC:P2 || SUBJ=MAT|COHORT=2|DEPVAR=MRPCM|SAMPLES=R3|YEAR=2024|JURISDICTIONS=CA|PARED=3|STAT=PC:P2,https://www.nationsreportcard.gov/DataService/GetAdhocData.aspx?type=sigacrossyear&subject=mathematics&grade=8&subscale=MRPCM&variable=PARED&jurisdiction=CA&stattype=PC%3AP2&Year=2019%2C2022%2C2024&ShowDetails=true&QCData=true&RevealDataKeys=true
2026-09-19T02:11:11.189Z,NDE,MAT,Mathematics,8,MRPCM,Composite mathematics scale (0-500),CA,California,PARED,"Parental education level, from 2 questions",3,Some education after high school,PC:P5,percentile,50th percentile scale score,scale score,50.0,,2019,2024,274.170999145508,265.355998229981,-8.81500091552698,no statistically significant difference,EQUAL,1,0,,0,,SUBJ=MAT|COHORT=2|DEPVAR=MRPCM|SAMPLES=R3|YEAR=2019|JURISDICTIONS=CA|PARED=3|STAT=PC:P5 || SUBJ=MAT|COHORT=2|DEPVAR=MRPCM|SAMPLES=R3|YEAR=2024|JURISDICTIONS=CA|PARED=3|STAT=PC:P5,https://www.nationsreportcard.gov/DataService/GetAdhocData.aspx?type=sigacrossyear&subject=mathematics&grade=8&subscale=MRPCM&variable=PARED&jurisdiction=CA&stattype=PC%3AP5&Year=2019%2C2022%2C2024&ShowDetails=true&QCData=true&RevealDataKeys=true
2026-09-19T02:11:11.189Z,NDE,MAT,Mathematics,8,MRPCM,Composite mathematics scale (0-500),CA,California,PARED,"Parental education level, from 2 questions",3,Some education after high school,PC:P7,percentile,75th percentile scale score,scale score,75.0,,2019,2024,296.54649810791,293.37850189209,-3.167996215819983,no statistically significant difference,EQUAL,1,0,,0,,SUBJ=MAT|COHORT=2|DEPVAR=MRPCM|SAMPLES=R3|YEAR=2019|JURISDICTIONS=CA|PARED=3|STAT=PC:P7 || SUBJ=MAT|COHORT=2|DEPVAR=MRPCM|SAMPLES=R3|YEAR=2024|JURISDICTIONS=CA|PARED=3|STAT=PC:P7,https://www.nationsreportcard.gov/DataService/GetAdhocData.aspx?type=sigacrossyear&subject=mathematics&grade=8&subscale=MRPCM&variable=PARED&jurisdiction=CA&stattype=PC%3AP7&Year=2019%2C2022%2C2024&ShowDetails=true&QCData=true&RevealDataKeys=true
2026-09-19T02:11:11.189Z,NDE,MAT,Mathematics,8,MRPCM,Composite mathematics scale (0-500),CA,California,PARED,"Parental education level, from 2 questions",3,Some education after high school,PC:P9,percentile,90th percentile scale score,scale score,90.0,,2019,2024,318.557499694824,314.715498352051,-3.842001342773017,no statistically significant difference,EQUAL,1,0,,0,,SUBJ=MAT|COHORT=2|DEPVAR=MRPCM|SAMPLES=R3|YEAR=2019|JURISDICTIONS=CA|PARED=3|STAT=PC:P9 || SUBJ=MAT|COHORT=2|DEPVAR=MRPCM|SAMPLES=R3|YEAR=2024|JURISDICTIONS=CA|PARED=3|STAT=PC:P9,https://www.nationsreportcard.gov/DataService/GetAdhocData.aspx?type=sigacrossyear&subject=mathematics&grade=8&subscale=MRPCM&variable=PARED&jurisdiction=CA&stattype=PC%3AP9&Year=2019%2C2022%2C2024&ShowDetails=true&QCData=true&RevealDataKeys=true
2026-09-19T02:11:11.189Z,NDE,MAT,Mathematics,8,MRPCM,Composite mathematics scale (0-500),CA,California,PARED,"Parental education level, from 2 questions",3,Some education after high school,ALD:BA,achievement level,Percent at NAEP Basic,percent,,at NAEP Basic,2019,2024,41.8418935126651,32.5771484119346,-9.2647451007305,no statistically significant difference,EQUAL,1,0,,0,,SUBJ=MAT|COHORT=2|DEPVAR=MRPCM|SAMPLES=R3|YEAR=2019|JURISDICTIONS=CA|PARED=3|STAT=ALD:BA || SUBJ=MAT|COHORT=2|DEPVAR=MRPCM|SAMPLES=R3|YEAR=2024|JURISDICTIONS=CA|PARED=3|STAT=ALD:BA,https://www.nationsreportcard.gov/DataService/GetAdhocData.aspx?type=sigacrossyear&subject=mathematics&grade=8&subscale=MRPCM&variable=PARED&jurisdiction=CA&stattype=ALD%3ABA&Year=2019%2C2022%2C2024&ShowDetails=true&QCData=true&RevealDataKeys=true
2026-09-19T02:11:11.189Z,NDE,MAT,Mathematics,8,MRPCM,Composite mathematics scale (0-500),CA,California,PARED,"Parental education level, from 2 questions",3,Some education after high school,ALD:PR,achievement level,Percent at NAEP Proficient,percent,,at NAEP Proficient,2019,2024,17.6059892429867,16.9067703028271,-0.6992189401596001,no statistically significant difference,EQUAL,1,0,,0,,SUBJ=MAT|COHORT=2|DEPVAR=MRPCM|SAMPLES=R3|YEAR=2019|JURISDICTIONS=CA|PARED=3|STAT=ALD:PR || SUBJ=MAT|COHORT=2|DEPVAR=MRPCM|SAMPLES=R3|YEAR=2024|JURISDICTIONS=CA|PARED=3|STAT=ALD:PR,https://www.nationsreportcard.gov/DataService/GetAdhocData.aspx?type=sigacrossyear&subject=mathematics&grade=8&subscale=MRPCM&variable=PARED&jurisdiction=CA&stattype=ALD%3APR&Year=2019%2C2022%2C2024&ShowDetails=true&QCData=true&RevealDataKeys=true
2026-09-19T02:11:11.189Z,NDE,MAT,Mathematics,8,MRPCM,Composite mathematics scale (0-500),CA,California,PARED,"Parental education level, from 2 questions",3,Some education after high school,ALD:AD,achievement level,Percent at NAEP Advanced,percent,,at NAEP Advanced,2019,2024,4.5879581606881,4.08203888707765,-0.5059192736104494,no statistically significant difference,EQUAL,1,0,,0,,SUBJ=MAT|COHORT=2|DEPVAR=MRPCM|SAMPLES=R3|YEAR=2019|JURISDICTIONS=CA|PARED=3|STAT=ALD:AD || SUBJ=MAT|COHORT=2|DEPVAR=MRPCM|SAMPLES=R3|YEAR=2024|JURISDICTIONS=CA|PARED=3|STAT=ALD:AD,https://www.nationsreportcard.gov/DataService/GetAdhocData.aspx?type=sigacrossyear&subject=mathematics&grade=8&subscale=MRPCM&variable=PARED&jurisdiction=CA&stattype=ALD%3AAD&Year=2019%2C2022%2C2024&ShowDetails=true&QCData=true&RevealDataKeys=true
2026-09-19T02:11:11.189Z,NDE,MAT,Mathematics,8,MRPCM,Composite mathematics scale (0-500),CA,California,PARED,"Parental education level, from 2 questions",3,Some education after high school,ALC:BB,achievement level,Percent below NAEP Basic,percent,,below NAEP Basic,2019,2024,35.96415908366,46.4340423981607,10.4698833145007,no statistically significant difference,EQUAL,1,0,,0,,SUBJ=MAT|COHORT=2|DEPVAR=MRPCM|SAMPLES=R3|YEAR=2019|JURISDICTIONS=CA|PARED=3|STAT=ALC:BB || SUBJ=MAT|COHORT=2|DEPVAR=MRPCM|SAMPLES=R3|YEAR=2024|JURISDICTIONS=CA|PARED=3|STAT=ALC:BB,https://www.nationsreportcard.gov/DataService/GetAdhocData.aspx?type=sigacrossyear&subject=mathematics&grade=8&subscale=MRPCM&variable=PARED&jurisdiction=CA&stattype=ALC%3ABB&Year=2019%2C2022%2C2024&ShowDetails=true&QCData=true&RevealDataKeys=true
2026-09-19T02:11:11.189Z,NDE,MAT,Mathematics,8,MRPCM,Composite mathematics scale (0-500),CA,California,PARED,"Parental education level, from 2 questions",3,Some education after high school,ALC:AB,achievement level,Percent at or above NAEP Basic,percent,,at or above NAEP Basic,2019,2024,64.03584091634,53.5659576018393,-10.469883314500706,no statistically significant difference,EQUAL,1,0,,0,,SUBJ=MAT|COHORT=2|DEPVAR=MRPCM|SAMPLES=R3|YEAR=2019|JURISDICTIONS=CA|PARED=3|STAT=ALC:AB || SUBJ=MAT|COHORT=2|DEPVAR=MRPCM|SAMPLES=R3|YEAR=2024|JURISDICTIONS=CA|PARED=3|STAT=ALC:AB,https://www.nationsreportcard.gov/DataService/GetAdhocData.aspx?type=sigacrossyear&subject=mathematics&grade=8&subscale=MRPCM&variable=PARED&jurisdiction=CA&stattype=ALC%3AAB&Year=2019%2C2022%2C2024&ShowDetails=true&QCData=true&RevealDataKeys=true
2026-09-19T02:11:11.189Z,NDE,MAT,Mathematics,8,MRPCM,Composite mathematics scale (0-500),CA,California,PARED,"Parental education level, from 2 questions",3,Some education after high school,ALC:AP,achievement level,Percent at or above NAEP Proficient,percent,,at or above NAEP Proficient,2019,2024,22.1939474036748,20.9888091899047,-1.205138213770102,no statistically significant difference,EQUAL,1,0,,0,,SUBJ=MAT|COHORT=2|DEPVAR=MRPCM|SAMPLES=R3|YEAR=2019|JURISDICTIONS=CA|PARED=3|STAT=ALC:AP || SUBJ=MAT|COHORT=2|DEPVAR=MRPCM|SAMPLES=R3|YEAR=2024|JURISDICTIONS=CA|PARED=3|STAT=ALC:AP,https://www.nationsreportcard.gov/DataService/GetAdhocData.aspx?type=sigacrossyear&subject=mathematics&grade=8&subscale=MRPCM&variable=PARED&jurisdiction=CA&stattype=ALC%3AAP&Year=2019%2C2022%2C2024&ShowDetails=true&QCData=true&RevealDataKeys=true
2026-09-19T02:11:11.189Z,NDE,MAT,Mathematics,8,MRPCM,Composite mathematics scale (0-500),CA,California,PARED,"Parental education level, from 2 questions",3,Some education after high school,ALC:AD,achievement level,Percent at NAEP Advanced (cumulative code),percent,,at NAEP Advanced (cumulative code),2019,2024,4.5879581606881,4.08203888707765,-0.5059192736104494,no statistically significant difference,EQUAL,1,0,,0,,SUBJ=MAT|COHORT=2|DEPVAR=MRPCM|SAMPLES=R3|YEAR=2019|JURISDICTIONS=CA|PARED=3|STAT=ALC:AD || SUBJ=MAT|COHORT=2|DEPVAR=MRPCM|SAMPLES=R3|YEAR=2024|JURISDICTIONS=CA|PARED=3|STAT=ALC:AD,https://www.nationsreportcard.gov/DataService/GetAdhocData.aspx?type=sigacrossyear&subject=mathematics&grade=8&subscale=MRPCM&variable=PARED&jurisdiction=CA&stattype=ALC%3AAD&Year=2019%2C2022%2C2024&ShowDetails=true&QCData=true&RevealDataKeys=true
2026-09-19T02:11:11.189Z,NDE,MAT,Mathematics,8,MRPCM,Composite mathematics scale (0-500),CA,California,PARED,"Parental education level, from 2 questions",4,Graduated college,MN:MN,location,Average scale score,scale score,,,2019,2024,293.02428152706,288.23381361387,-4.790467913190014,no statistically significant difference,EQUAL,1,0,,0,,SUBJ=MAT|COHORT=2|DEPVAR=MRPCM|SAMPLES=R3|YEAR=2019|JURISDICTIONS=CA|PARED=4|STAT=MN:MN || SUBJ=MAT|COHORT=2|DEPVAR=MRPCM|SAMPLES=R3|YEAR=2024|JURISDICTIONS=CA|PARED=4|STAT=MN:MN,https://www.nationsreportcard.gov/DataService/GetAdhocData.aspx?type=sigacrossyear&subject=mathematics&grade=8&subscale=MRPCM&variable=PARED&jurisdiction=CA&stattype=MN%3AMN&Year=2019%2C2022%2C2024&ShowDetails=true&QCData=true&RevealDataKeys=true
2026-09-19T02:11:11.189Z,NDE,MAT,Mathematics,8,MRPCM,Composite mathematics scale (0-500),CA,California,PARED,"Parental education level, from 2 questions",4,Graduated college,PC:P1,percentile,10th percentile scale score,scale score,10.0,,2019,2024,234.876000213623,229.920001220703,-4.9559989929200015,no statistically significant difference,EQUAL,1,0,,0,,SUBJ=MAT|COHORT=2|DEPVAR=MRPCM|SAMPLES=R3|YEAR=2019|JURISDICTIONS=CA|PARED=4|STAT=PC:P1 || SUBJ=MAT|COHORT=2|DEPVAR=MRPCM|SAMPLES=R3|YEAR=2024|JURISDICTIONS=CA|PARED=4|STAT=PC:P1,https://www.nationsreportcard.gov/DataService/GetAdhocData.aspx?type=sigacrossyear&subject=mathematics&grade=8&subscale=MRPCM&variable=PARED&jurisdiction=CA&stattype=PC%3AP1&Year=2019%2C2022%2C2024&ShowDetails=true&QCData=true&RevealDataKeys=true
2026-09-19T02:11:11.189Z,NDE,MAT,Mathematics,8,MRPCM,Composite mathematics scale (0-500),CA,California,PARED,"Parental education level, from 2 questions",4,Graduated college,PC:P2,percentile,25th percentile scale score,scale score,25.0,,2019,2024,262.57449798584,257.323000335693,-5.25149765014703,no statistically significant difference,EQUAL,1,0,,0,,SUBJ=MAT|COHORT=2|DEPVAR=MRPCM|SAMPLES=R3|YEAR=2019|JURISDICTIONS=CA|PARED=4|STAT=PC:P2 || SUBJ=MAT|COHORT=2|DEPVAR=MRPCM|SAMPLES=R3|YEAR=2024|JURISDICTIONS=CA|PARED=4|STAT=PC:P2,https://www.nationsreportcard.gov/DataService/GetAdhocData.aspx?type=sigacrossyear&subject=mathematics&grade=8&subscale=MRPCM&variable=PARED&jurisdiction=CA&stattype=PC%3AP2&Year=2019%2C2022%2C2024&ShowDetails=true&QCData=true&RevealDataKeys=true
2026-09-19T02:11:11.189Z,NDE,MAT,Mathematics,8,MRPCM,Composite mathematics scale (0-500),CA,California,PARED,"Parental education level, from 2 questions",4,Graduated college,PC:P5,percentile,50th percentile scale score,scale score,50.0,,2019,2024,294.238000488281,289.065000915527,-5.172999572754009,no statistically significant difference,EQUAL,1,0,,0,,SUBJ=MAT|COHORT=2|DEPVAR=MRPCM|SAMPLES=R3|YEAR=2019|JURISDICTIONS=CA|PARED=4|STAT=PC:P5 || SUBJ=MAT|COHORT=2|DEPVAR=MRPCM|SAMPLES=R3|YEAR=2024|JURISDICTIONS=CA|PARED=4|STAT=PC:P5,https://www.nationsreportcard.gov/DataService/GetAdhocData.aspx?type=sigacrossyear&subject=mathematics&grade=8&subscale=MRPCM&variable=PARED&jurisdiction=CA&stattype=PC%3AP5&Year=2019%2C2022%2C2024&ShowDetails=true&QCData=true&RevealDataKeys=true
2026-09-19T02:11:11.189Z,NDE,MAT,Mathematics,8,MRPCM,Composite mathematics scale (0-500),CA,California,PARED,"Parental education level, from 2 questions",4,Graduated college,PC:P7,percentile,75th percentile scale score,scale score,75.0,,2019,2024,324.908499145508,319.354998779297,-5.55350036621104,no statistically significant difference,EQUAL,1,0,,0,,SUBJ=MAT|COHORT=2|DEPVAR=MRPCM|SAMPLES=R3|YEAR=2019|JURISDICTIONS=CA|PARED=4|STAT=PC:P7 || SUBJ=MAT|COHORT=2|DEPVAR=MRPCM|SAMPLES=R3|YEAR=2024|JURISDICTIONS=CA|PARED=4|STAT=PC:P7,https://www.nationsreportcard.gov/DataService/GetAdhocData.aspx?type=sigacrossyear&subject=mathematics&grade=8&subscale=MRPCM&variable=PARED&jurisdiction=CA&stattype=PC%3AP7&Year=2019%2C2022%2C2024&ShowDetails=true&QCData=true&RevealDataKeys=true
2026-09-19T02:11:11.189Z,NDE,MAT,Mathematics,8,MRPCM,Composite mathematics scale (0-500),CA,California,PARED,"Parental education level, from 2 questions",4,Graduated college,PC:P9,percentile,90th percentile scale score,scale score,90.0,,2019,2024,348.17900390625,345.981500244141,-2.197503662109,no statistically significant difference,EQUAL,1,0,,0,,SUBJ=MAT|COHORT=2|DEPVAR=MRPCM|SAMPLES=R3|YEAR=2019|JURISDICTIONS=CA|PARED=4|STAT=PC:P9 || SUBJ=MAT|COHORT=2|DEPVAR=MRPCM|SAMPLES=R3|YEAR=2024|JURISDICTIONS=CA|PARED=4|STAT=PC:P9,https://www.nationsreportcard.gov/DataService/GetAdhocData.aspx?type=sigacrossyear&subject=mathematics&grade=8&subscale=MRPCM&variable=PARED&jurisdiction=CA&stattype=PC%3AP9&Year=2019%2C2022%2C2024&ShowDetails=true&QCData=true&RevealDataKeys=true
2026-09-19T02:11:11.189Z,NDE,MAT,Mathematics,8,MRPCM,Composite mathematics scale (0-500),CA,California,PARED,"Parental education level, from 2 questions",4,Graduated college,ALD:BA,achievement level,Percent at NAEP Basic,percent,,at NAEP Basic,2019,2024,29.4343698541682,30.8422529609005,1.4078831067322994,no statistically significant difference,EQUAL,1,0,,0,,SUBJ=MAT|COHORT=2|DEPVAR=MRPCM|SAMPLES=R3|YEAR=2019|JURISDICTIONS=CA|PARED=4|STAT=ALD:BA || SUBJ=MAT|COHORT=2|DEPVAR=MRPCM|SAMPLES=R3|YEAR=2024|JURISDICTIONS=CA|PARED=4|STAT=ALD:BA,https://www.nationsreportcard.gov/DataService/GetAdhocData.aspx?type=sigacrossyear&subject=mathematics&grade=8&subscale=MRPCM&variable=PARED&jurisdiction=CA&stattype=ALD%3ABA&Year=2019%2C2022%2C2024&ShowDetails=true&QCData=true&RevealDataKeys=true
2026-09-19T02:11:11.189Z,NDE,MAT,Mathematics,8,MRPCM,Composite mathematics scale (0-500),CA,California,PARED,"Parental education level, from 2 questions",4,Graduated college,ALD:PR,achievement level,Percent at NAEP Proficient,percent,,at NAEP Proficient,2019,2024,26.6733457887755,24.560406733222,-2.1129390555535004,no statistically significant difference,EQUAL,1,0,,0,,SUBJ=MAT|COHORT=2|DEPVAR=MRPCM|SAMPLES=R3|YEAR=2019|JURISDICTIONS=CA|PARED=4|STAT=ALD:PR || SUBJ=MAT|COHORT=2|DEPVAR=MRPCM|SAMPLES=R3|YEAR=2024|JURISDICTIONS=CA|PARED=4|STAT=ALD:PR,https://www.nationsreportcard.gov/DataService/GetAdhocData.aspx?type=sigacrossyear&subject=mathematics&grade=8&subscale=MRPCM&variable=PARED&jurisdiction=CA&stattype=ALD%3APR&Year=2019%2C2022%2C2024&ShowDetails=true&QCData=true&RevealDataKeys=true
2026-09-19T02:11:11.189Z,NDE,MAT,Mathematics,8,MRPCM,Composite mathematics scale (0-500),CA,California,PARED,"Parental education level, from 2 questions",4,Graduated college,ALD:AD,achievement level,Percent at NAEP Advanced,percent,,at NAEP Advanced,2019,2024,19.254912483641,16.2624777376447,-2.9924347459962988,no statistically significant difference,EQUAL,1,0,,0,,SUBJ=MAT|COHORT=2|DEPVAR=MRPCM|SAMPLES=R3|YEAR=2019|JURISDICTIONS=CA|PARED=4|STAT=ALD:AD || SUBJ=MAT|COHORT=2|DEPVAR=MRPCM|SAMPLES=R3|YEAR=2024|JURISDICTIONS=CA|PARED=4|STAT=ALD:AD,https://www.nationsreportcard.gov/DataService/GetAdhocData.aspx?type=sigacrossyear&subject=mathematics&grade=8&subscale=MRPCM&variable=PARED&jurisdiction=CA&stattype=ALD%3AAD&Year=2019%2C2022%2C2024&ShowDetails=true&QCData=true&RevealDataKeys=true
2026-09-19T02:11:11.189Z,NDE,MAT,Mathematics,8,MRPCM,Composite mathematics scale (0-500),CA,California,PARED,"Parental education level, from 2 questions",4,Graduated college,ALC:BB,achievement level,Percent below NAEP Basic,percent,,below NAEP Basic,2019,2024,24.6373718734152,28.3348625682328,3.697490694817599,no statistically significant difference,EQUAL,1,0,,0,,SUBJ=MAT|COHORT=2|DEPVAR=MRPCM|SAMPLES=R3|YEAR=2019|JURISDICTIONS=CA|PARED=4|STAT=ALC:BB || SUBJ=MAT|COHORT=2|DEPVAR=MRPCM|SAMPLES=R3|YEAR=2024|JURISDICTIONS=CA|PARED=4|STAT=ALC:BB,https://www.nationsreportcard.gov/DataService/GetAdhocData.aspx?type=sigacrossyear&subject=mathematics&grade=8&subscale=MRPCM&variable=PARED&jurisdiction=CA&stattype=ALC%3ABB&Year=2019%2C2022%2C2024&ShowDetails=true&QCData=true&RevealDataKeys=true
2026-09-19T02:11:11.189Z,NDE,MAT,Mathematics,8,MRPCM,Composite mathematics scale (0-500),CA,California,PARED,"Parental education level, from 2 questions",4,Graduated college,ALC:AB,achievement level,Percent at or above NAEP Basic,percent,,at or above NAEP Basic,2019,2024,75.3626281265848,71.6651374317671,-3.697490694817688,no statistically significant difference,EQUAL,1,0,,0,,SUBJ=MAT|COHORT=2|DEPVAR=MRPCM|SAMPLES=R3|YEAR=2019|JURISDICTIONS=CA|PARED=4|STAT=ALC:AB || SUBJ=MAT|COHORT=2|DEPVAR=MRPCM|SAMPLES=R3|YEAR=2024|JURISDICTIONS=CA|PARED=4|STAT=ALC:AB,https://www.nationsreportcard.gov/DataService/GetAdhocData.aspx?type=sigacrossyear&subject=mathematics&grade=8&subscale=MRPCM&variable=PARED&jurisdiction=CA&stattype=ALC%3AAB&Year=2019%2C2022%2C2024&ShowDetails=true&QCData=true&RevealDataKeys=true
2026-09-19T02:11:11.189Z,NDE,MAT,Mathematics,8,MRPCM,Composite mathematics scale (0-500),CA,California,PARED,"Parental education level, from 2 questions",4,Graduated college,ALC:AP,achievement level,Percent at or above NAEP Proficient,percent,,at or above NAEP Proficient,2019,2024,45.9282582724166,40.8228844708667,-5.105373801549902,no statistically significant difference,EQUAL,1,0,,0,,SUBJ=MAT|COHORT=2|DEPVAR=MRPCM|SAMPLES=R3|YEAR=2019|JURISDICTIONS=CA|PARED=4|STAT=ALC:AP || SUBJ=MAT|COHORT=2|DEPVAR=MRPCM|SAMPLES=R3|YEAR=2024|JURISDICTIONS=CA|PARED=4|STAT=ALC:AP,https://www.nationsreportcard.gov/DataService/GetAdhocData.aspx?type=sigacrossyear&subject=mathematics&grade=8&subscale=MRPCM&variable=PARED&jurisdiction=CA&stattype=ALC%3AAP&Year=2019%2C2022%2C2024&ShowDetails=true&QCData=true&RevealDataKeys=true
2026-09-19T02:11:11.189Z,NDE,MAT,Mathematics,8,MRPCM,Composite mathematics scale (0-500),CA,California,PARED,"Parental education level, from 2 questions",4,Graduated college,ALC:AD,achievement level,Percent at NAEP Advanced (cumulative code),percent,,at NAEP Advanced (cumulative code),2019,2024,19.254912483641,16.2624777376447,-2.9924347459962988,no statistically significant difference,EQUAL,1,0,,0,,SUBJ=MAT|COHORT=2|DEPVAR=MRPCM|SAMPLES=R3|YEAR=2019|JURISDICTIONS=CA|PARED=4|STAT=ALC:AD || SUBJ=MAT|COHORT=2|DEPVAR=MRPCM|SAMPLES=R3|YEAR=2024|JURISDICTIONS=CA|PARED=4|STAT=ALC:AD,https://www.nationsreportcard.gov/DataService/GetAdhocData.aspx?type=sigacrossyear&subject=mathematics&grade=8&subscale=MRPCM&variable=PARED&jurisdiction=CA&stattype=ALC%3AAD&Year=2019%2C2022%2C2024&ShowDetails=true&QCData=true&RevealDataKeys=true
2026-09-19T02:11:11.189Z,NDE,MAT,Mathematics,8,MRPCM,Composite mathematics scale (0-500),CA,California,PARED,"Parental education level, from 2 questions",5,Unknown,MN:MN,location,Average scale score,scale score,,,2019,2024,257.514997466699,249.111030729373,-8.403966737326016,follow-up lower,HIGHER,1,0,,0,,SUBJ=MAT|COHORT=2|DEPVAR=MRPCM|SAMPLES=R3|YEAR=2019|JURISDICTIONS=CA|PARED=5|STAT=MN:MN || SUBJ=MAT|COHORT=2|DEPVAR=MRPCM|SAMPLES=R3|YEAR=2024|JURISDICTIONS=CA|PARED=5|STAT=MN:MN,https://www.nationsreportcard.gov/DataService/GetAdhocData.aspx?type=sigacrossyear&subject=mathematics&grade=8&subscale=MRPCM&variable=PARED&jurisdiction=CA&stattype=MN%3AMN&Year=2019%2C2022%2C2024&ShowDetails=true&QCData=true&RevealDataKeys=true
2026-09-19T02:11:11.189Z,NDE,MAT,Mathematics,8,MRPCM,Composite mathematics scale (0-500),CA,California,PARED,"Parental education level, from 2 questions",5,Unknown,PC:P1,percentile,10th percentile scale score,scale score,10.0,,2019,2024,213.340999603272,200.236499023438,-13.104500579833996,no statistically significant difference,EQUAL,1,0,,0,,SUBJ=MAT|COHORT=2|DEPVAR=MRPCM|SAMPLES=R3|YEAR=2019|JURISDICTIONS=CA|PARED=5|STAT=PC:P1 || SUBJ=MAT|COHORT=2|DEPVAR=MRPCM|SAMPLES=R3|YEAR=2024|JURISDICTIONS=CA|PARED=5|STAT=PC:P1,https://www.nationsreportcard.gov/DataService/GetAdhocData.aspx?type=sigacrossyear&subject=mathematics&grade=8&subscale=MRPCM&variable=PARED&jurisdiction=CA&stattype=PC%3AP1&Year=2019%2C2022%2C2024&ShowDetails=true&QCData=true&RevealDataKeys=true
2026-09-19T02:11:11.189Z,NDE,MAT,Mathematics,8,MRPCM,Composite mathematics scale (0-500),CA,California,PARED,"Parental education level, from 2 questions",5,Unknown,PC:P2,percentile,25th percentile scale score,scale score,25.0,,2019,2024,233.021999359131,221.516998291016,-11.505001068115009,no statistically significant difference,EQUAL,1,0,,0,,SUBJ=MAT|COHORT=2|DEPVAR=MRPCM|SAMPLES=R3|YEAR=2019|JURISDICTIONS=CA|PARED=5|STAT=PC:P2 || SUBJ=MAT|COHORT=2|DEPVAR=MRPCM|SAMPLES=R3|YEAR=2024|JURISDICTIONS=CA|PARED=5|STAT=PC:P2,https://www.nationsreportcard.gov/DataService/GetAdhocData.aspx?type=sigacrossyear&subject=mathematics&grade=8&subscale=MRPCM&variable=PARED&jurisdiction=CA&stattype=PC%3AP2&Year=2019%2C2022%2C2024&ShowDetails=true&QCData=true&RevealDataKeys=true
2026-09-19T02:11:11.189Z,NDE,MAT,Mathematics,8,MRPCM,Composite mathematics scale (0-500),CA,California,PARED,"Parental education level, from 2 questions",5,Unknown,PC:P5,percentile,50th percentile scale score,scale score,50.0,,2019,2024,254.995997619629,246.935499572754,-8.060498046875011,no statistically significant difference,EQUAL,1,0,,0,,SUBJ=MAT|COHORT=2|DEPVAR=MRPCM|SAMPLES=R3|YEAR=2019|JURISDICTIONS=CA|PARED=5|STAT=PC:P5 || SUBJ=MAT|COHORT=2|DEPVAR=MRPCM|SAMPLES=R3|YEAR=2024|JURISDICTIONS=CA|PARED=5|STAT=PC:P5,https://www.nationsreportcard.gov/DataService/GetAdhocData.aspx?type=sigacrossyear&subject=mathematics&grade=8&subscale=MRPCM&variable=PARED&jurisdiction=CA&stattype=PC%3AP5&Year=2019%2C2022%2C2024&ShowDetails=true&QCData=true&RevealDataKeys=true
2026-09-19T02:11:11.189Z,NDE,MAT,Mathematics,8,MRPCM,Composite mathematics scale (0-500),CA,California,PARED,"Parental education level, from 2 questions",5,Unknown,PC:P7,percentile,75th percentile scale score,scale score,75.0,,2019,2024,281.109997558594,274.886003112793,-6.223994445800997,no statistically significant difference,EQUAL,1,0,,0,,SUBJ=MAT|COHORT=2|DEPVAR=MRPCM|SAMPLES=R3|YEAR=2019|JURISDICTIONS=CA|PARED=5|STAT=PC:P7 || SUBJ=MAT|COHORT=2|DEPVAR=MRPCM|SAMPLES=R3|YEAR=2024|JURISDICTIONS=CA|PARED=5|STAT=PC:P7,https://www.nationsreportcard.gov/DataService/GetAdhocData.aspx?type=sigacrossyear&subject=mathematics&grade=8&subscale=MRPCM&variable=PARED&jurisdiction=CA&stattype=PC%3AP7&Year=2019%2C2022%2C2024&ShowDetails=true&QCData=true&RevealDataKeys=true
2026-09-19T02:11:11.189Z,NDE,MAT,Mathematics,8,MRPCM,Composite mathematics scale (0-500),CA,California,PARED,"Parental education level, from 2 questions",5,Unknown,PC:P9,percentile,90th percentile scale score,scale score,90.0,,2019,2024,307.300498962402,302.269500732422,-5.030998229980014,no statistically significant difference,EQUAL,1,0,,0,,SUBJ=MAT|COHORT=2|DEPVAR=MRPCM|SAMPLES=R3|YEAR=2019|JURISDICTIONS=CA|PARED=5|STAT=PC:P9 || SUBJ=MAT|COHORT=2|DEPVAR=MRPCM|SAMPLES=R3|YEAR=2024|JURISDICTIONS=CA|PARED=5|STAT=PC:P9,https://www.nationsreportcard.gov/DataService/GetAdhocData.aspx?type=sigacrossyear&subject=mathematics&grade=8&subscale=MRPCM&variable=PARED&jurisdiction=CA&stattype=PC%3AP9&Year=2019%2C2022%2C2024&ShowDetails=true&QCData=true&RevealDataKeys=true
2026-09-19T02:11:11.189Z,NDE,MAT,Mathematics,8,MRPCM,Composite mathematics scale (0-500),CA,California,PARED,"Parental education level, from 2 questions",5,Unknown,ALD:BA,achievement level,Percent at NAEP Basic,percent,,at NAEP Basic,2019,2024,28.7170952522596,24.8163666732111,-3.9007285790485007,no statistically significant difference,EQUAL,1,0,,0,,SUBJ=MAT|COHORT=2|DEPVAR=MRPCM|SAMPLES=R3|YEAR=2019|JURISDICTIONS=CA|PARED=5|STAT=ALD:BA || SUBJ=MAT|COHORT=2|DEPVAR=MRPCM|SAMPLES=R3|YEAR=2024|JURISDICTIONS=CA|PARED=5|STAT=ALD:BA,https://www.nationsreportcard.gov/DataService/GetAdhocData.aspx?type=sigacrossyear&subject=mathematics&grade=8&subscale=MRPCM&variable=PARED&jurisdiction=CA&stattype=ALD%3ABA&Year=2019%2C2022%2C2024&ShowDetails=true&QCData=true&RevealDataKeys=true
2026-09-19T02:11:11.189Z,NDE,MAT,Mathematics,8,MRPCM,Composite mathematics scale (0-500),CA,California,PARED,"Parental education level, from 2 questions",5,Unknown,ALD:PR,achievement level,Percent at NAEP Proficient,percent,,at NAEP Proficient,2019,2024,11.4373795115396,8.50297629840398,-2.934403213135621,no statistically significant difference,EQUAL,1,0,,0,,SUBJ=MAT|COHORT=2|DEPVAR=MRPCM|SAMPLES=R3|YEAR=2019|JURISDICTIONS=CA|PARED=5|STAT=ALD:PR || SUBJ=MAT|COHORT=2|DEPVAR=MRPCM|SAMPLES=R3|YEAR=2024|JURISDICTIONS=CA|PARED=5|STAT=ALD:PR,https://www.nationsreportcard.gov/DataService/GetAdhocData.aspx?type=sigacrossyear&subject=mathematics&grade=8&subscale=MRPCM&variable=PARED&jurisdiction=CA&stattype=ALD%3APR&Year=2019%2C2022%2C2024&ShowDetails=true&QCData=true&RevealDataKeys=true
2026-09-19T02:11:11.189Z,NDE,MAT,Mathematics,8,MRPCM,Composite mathematics scale (0-500),CA,California,PARED,"Parental education level, from 2 questions",5,Unknown,ALD:AD,achievement level,Percent at NAEP Advanced,percent,,at NAEP Advanced,2019,2024,2.45080320479281,2.44618709992864,-0.0046161048641697,no statistically significant difference,EQUAL,1,0,,0,,SUBJ=MAT|COHORT=2|DEPVAR=MRPCM|SAMPLES=R3|YEAR=2019|JURISDICTIONS=CA|PARED=5|STAT=ALD:AD || SUBJ=MAT|COHORT=2|DEPVAR=MRPCM|SAMPLES=R3|YEAR=2024|JURISDICTIONS=CA|PARED=5|STAT=ALD:AD,https://www.nationsreportcard.gov/DataService/GetAdhocData.aspx?type=sigacrossyear&subject=mathematics&grade=8&subscale=MRPCM&variable=PARED&jurisdiction=CA&stattype=ALD%3AAD&Year=2019%2C2022%2C2024&ShowDetails=true&QCData=true&RevealDataKeys=true
2026-09-19T02:11:11.189Z,NDE,MAT,Mathematics,8,MRPCM,Composite mathematics scale (0-500),CA,California,PARED,"Parental education level, from 2 questions",5,Unknown,ALC:BB,achievement level,Percent below NAEP Basic,percent,,below NAEP Basic,2019,2024,57.394722031408,64.2344699284562,6.8397478970482055,no statistically significant difference,EQUAL,1,0,,0,,SUBJ=MAT|COHORT=2|DEPVAR=MRPCM|SAMPLES=R3|YEAR=2019|JURISDICTIONS=CA|PARED=5|STAT=ALC:BB || SUBJ=MAT|COHORT=2|DEPVAR=MRPCM|SAMPLES=R3|YEAR=2024|JURISDICTIONS=CA|PARED=5|STAT=ALC:BB,https://www.nationsreportcard.gov/DataService/GetAdhocData.aspx?type=sigacrossyear&subject=mathematics&grade=8&subscale=MRPCM&variable=PARED&jurisdiction=CA&stattype=ALC%3ABB&Year=2019%2C2022%2C2024&ShowDetails=true&QCData=true&RevealDataKeys=true
2026-09-19T02:11:11.189Z,NDE,MAT,Mathematics,8,MRPCM,Composite mathematics scale (0-500),CA,California,PARED,"Parental education level, from 2 questions",5,Unknown,ALC:AB,achievement level,Percent at or above NAEP Basic,percent,,at or above NAEP Basic,2019,2024,42.605277968592,35.7655300715438,-6.839747897048198,no statistically significant difference,EQUAL,1,0,,0,,SUBJ=MAT|COHORT=2|DEPVAR=MRPCM|SAMPLES=R3|YEAR=2019|JURISDICTIONS=CA|PARED=5|STAT=ALC:AB || SUBJ=MAT|COHORT=2|DEPVAR=MRPCM|SAMPLES=R3|YEAR=2024|JURISDICTIONS=CA|PARED=5|STAT=ALC:AB,https://www.nationsreportcard.gov/DataService/GetAdhocData.aspx?type=sigacrossyear&subject=mathematics&grade=8&subscale=MRPCM&variable=PARED&jurisdiction=CA&stattype=ALC%3AAB&Year=2019%2C2022%2C2024&ShowDetails=true&QCData=true&RevealDataKeys=true
2026-09-19T02:11:11.189Z,NDE,MAT,Mathematics,8,MRPCM,Composite mathematics scale (0-500),CA,California,PARED,"Parental education level, from 2 questions",5,Unknown,ALC:AP,achievement level,Percent at or above NAEP Proficient,percent,,at or above NAEP Proficient,2019,2024,13.8881827163324,10.9491633983326,-2.9390193179998008,no statistically significant difference,EQUAL,1,0,,0,,SUBJ=MAT|COHORT=2|DEPVAR=MRPCM|SAMPLES=R3|YEAR=2019|JURISDICTIONS=CA|PARED=5|STAT=ALC:AP || SUBJ=MAT|COHORT=2|DEPVAR=MRPCM|SAMPLES=R3|YEAR=2024|JURISDICTIONS=CA|PARED=5|STAT=ALC:AP,https://www.nationsreportcard.gov/DataService/GetAdhocData.aspx?type=sigacrossyear&subject=mathematics&grade=8&subscale=MRPCM&variable=PARED&jurisdiction=CA&stattype=ALC%3AAP&Year=2019%2C2022%2C2024&ShowDetails=true&QCData=true&RevealDataKeys=true
2026-09-19T02:11:11.189Z,NDE,MAT,Mathematics,8,MRPCM,Composite mathematics scale (0-500),CA,California,PARED,"Parental education level, from 2 questions",5,Unknown,ALC:AD,achievement level,Percent at NAEP Advanced (cumulative code),percent,,at NAEP Advanced (cumulative code),2019,2024,2.45080320479281,2.44618709992864,-0.0046161048641697,no statistically significant difference,EQUAL,1,0,,0,,SUBJ=MAT|COHORT=2|DEPVAR=MRPCM|SAMPLES=R3|YEAR=2019|JURISDICTIONS=CA|PARED=5|STAT=ALC:AD || SUBJ=MAT|COHORT=2|DEPVAR=MRPCM|SAMPLES=R3|YEAR=2024|JURISDICTIONS=CA|PARED=5|STAT=ALC:AD,https://www.nationsreportcard.gov/DataService/GetAdhocData.aspx?type=sigacrossyear&subject=mathematics&grade=8&subscale=MRPCM&variable=PARED&jurisdiction=CA&stattype=ALC%3AAD&Year=2019%2C2022%2C2024&ShowDetails=true&QCData=true&RevealDataKeys=true
2026-09-19T02:11:11.189Z,NDE,MAT,Mathematics,8,MRPCM,Composite mathematics scale (0-500),CA,California,C051651,Percent eligible for National School Lunch Program,1,0%,MN:MN,location,Average scale score,scale score,,,2019,2024,,,,,,0,268435713,reporting standard not met; standard error not applicable; skipped-variable note,268435713,reporting standard not met; standard error not applicable; skipped-variable note,SUBJ=MAT|COHORT=2|DEPVAR=MRPCM|SAMPLES=R3|YEAR=2019|JURISDICTIONS=CA|C051651=1|STAT=MN:MN || SUBJ=MAT|COHORT=2|DEPVAR=MRPCM|SAMPLES=R3|YEAR=2024|JURISDICTIONS=CA|C051651=1|STAT=MN:MN,https://www.nationsreportcard.gov/DataService/GetAdhocData.aspx?type=sigacrossyear&subject=mathematics&grade=8&subscale=MRPCM&variable=C051651&jurisdiction=CA&stattype=MN%3AMN&Year=2019%2C2022%2C2024&ShowDetails=true&QCData=true&RevealDataKeys=true
2026-09-19T02:11:11.189Z,NDE,MAT,Mathematics,8,MRPCM,Composite mathematics scale (0-500),CA,California,C051651,Percent eligible for National School Lunch Program,1,0%,PC:P1,percentile,10th percentile scale score,scale score,10.0,,2019,2024,,,,,,0,268435713,reporting standard not met; standard error not applicable; skipped-variable note,268435713,reporting standard not met; standard error not applicable; skipped-variable note,SUBJ=MAT|COHORT=2|DEPVAR=MRPCM|SAMPLES=R3|YEAR=2019|JURISDICTIONS=CA|C051651=1|STAT=PC:P1 || SUBJ=MAT|COHORT=2|DEPVAR=MRPCM|SAMPLES=R3|YEAR=2024|JURISDICTIONS=CA|C051651=1|STAT=PC:P1,https://www.nationsreportcard.gov/DataService/GetAdhocData.aspx?type=sigacrossyear&subject=mathematics&grade=8&subscale=MRPCM&variable=C051651&jurisdiction=CA&stattype=PC%3AP1&Year=2019%2C2022%2C2024&ShowDetails=true&QCData=true&RevealDataKeys=true
2026-09-19T02:11:11.189Z,NDE,MAT,Mathematics,8,MRPCM,Composite mathematics scale (0-500),CA,California,C051651,Percent eligible for National School Lunch Program,1,0%,PC:P2,percentile,25th percentile scale score,scale score,25.0,,2019,2024,,,,,,0,268435713,reporting standard not met; standard error not applicable; skipped-variable note,268435713,reporting standard not met; standard error not applicable; skipped-variable note,SUBJ=MAT|COHORT=2|DEPVAR=MRPCM|SAMPLES=R3|YEAR=2019|JURISDICTIONS=CA|C051651=1|STAT=PC:P2 || SUBJ=MAT|COHORT=2|DEPVAR=MRPCM|SAMPLES=R3|YEAR=2024|JURISDICTIONS=CA|C051651=1|STAT=PC:P2,https://www.nationsreportcard.gov/DataService/GetAdhocData.aspx?type=sigacrossyear&subject=mathematics&grade=8&subscale=MRPCM&variable=C051651&jurisdiction=CA&stattype=PC%3AP2&Year=2019%2C2022%2C2024&ShowDetails=true&QCData=true&RevealDataKeys=true
2026-09-19T02:11:11.189Z,NDE,MAT,Mathematics,8,MRPCM,Composite mathematics scale (0-500),CA,California,C051651,Percent eligible for National School Lunch Program,1,0%,PC:P5,percentile,50th percentile scale score,scale score,50.0,,2019,2024,,,,,,0,268435713,reporting standard not met; standard error not applicable; skipped-variable note,268435713,reporting standard not met; standard error not applicable; skipped-variable note,SUBJ=MAT|COHORT=2|DEPVAR=MRPCM|SAMPLES=R3|YEAR=2019|JURISDICTIONS=CA|C051651=1|STAT=PC:P5 || SUBJ=MAT|COHORT=2|DEPVAR=MRPCM|SAMPLES=R3|YEAR=2024|JURISDICTIONS=CA|C051651=1|STAT=PC:P5,https://www.nationsreportcard.gov/DataService/GetAdhocData.aspx?type=sigacrossyear&subject=mathematics&grade=8&subscale=MRPCM&variable=C051651&jurisdiction=CA&stattype=PC%3AP5&Year=2019%2C2022%2C2024&ShowDetails=true&QCData=true&RevealDataKeys=true
2026-09-19T02:11:11.189Z,NDE,MAT,Mathematics,8,MRPCM,Composite mathematics scale (0-500),CA,California,C051651,Percent eligible for National School Lunch Program,1,0%,PC:P7,percentile,75th percentile scale score,scale score,75.0,,2019,2024,,,,,,0,268435713,reporting standard not met; standard error not applicable; skipped-variable note,268435713,reporting standard not met; standard error not applicable; skipped-variable note,SUBJ=MAT|COHORT=2|DEPVAR=MRPCM|SAMPLES=R3|YEAR=2019|JURISDICTIONS=CA|C051651=1|STAT=PC:P7 || SUBJ=MAT|COHORT=2|DEPVAR=MRPCM|SAMPLES=R3|YEAR=2024|JURISDICTIONS=CA|C051651=1|STAT=PC:P7,https://www.nationsreportcard.gov/DataService/GetAdhocData.aspx?type=sigacrossyear&subject=mathematics&grade=8&subscale=MRPCM&variable=C051651&jurisdiction=CA&stattype=PC%3AP7&Year=2019%2C2022%2C2024&ShowDetails=true&QCData=true&RevealDataKeys=true
2026-09-19T02:11:11.189Z,NDE,MAT,Mathematics,8,MRPCM,Composite mathematics scale (0-500),CA,California,C051651,Percent eligible for National School Lunch Program,1,0%,PC:P9,percentile,90th percentile scale score,scale score,90.0,,2019,2024,,,,,,0,268435713,reporting standard not met; standard error not applicable; skipped-variable note,268435713,reporting standard not met; standard error not applicable; skipped-variable note,SUBJ=MAT|COHORT=2|DEPVAR=MRPCM|SAMPLES=R3|YEAR=2019|JURISDICTIONS=CA|C051651=1|STAT=PC:P9 || SUBJ=MAT|COHORT=2|DEPVAR=MRPCM|SAMPLES=R3|YEAR=2024|JURISDICTIONS=CA|C051651=1|STAT=PC:P9,https://www.nationsreportcard.gov/DataService/GetAdhocData.aspx?type=sigacrossyear&subject=mathematics&grade=8&subscale=MRPCM&variable=C051651&jurisdiction=CA&stattype=PC%3AP9&Year=2019%2C2022%2C2024&ShowDetails=true&QCData=true&RevealDataKeys=true
2026-09-19T02:11:11.189Z,NDE,MAT,Mathematics,8,MRPCM,Composite mathematics scale (0-500),CA,California,C051651,Percent eligible for National School Lunch Program,1,0%,ALD:BA,achievement level,Percent at NAEP Basic,percent,,at NAEP Basic,2019,2024,,,,,,0,268435715,reporting standard not met; extreme percentage; standard error not applicable; skipped-variable note,268435715,reporting standard not met; extreme percentage; standard error not applicable; skipped-variable note,SUBJ=MAT|COHORT=2|DEPVAR=MRPCM|SAMPLES=R3|YEAR=2019|JURISDICTIONS=CA|C051651=1|STAT=ALD:BA || SUBJ=MAT|COHORT=2|DEPVAR=MRPCM|SAMPLES=R3|YEAR=2024|JURISDICTIONS=CA|C051651=1|STAT=ALD:BA,https://www.nationsreportcard.gov/DataService/GetAdhocData.aspx?type=sigacrossyear&subject=mathematics&grade=8&subscale=MRPCM&variable=C051651&jurisdiction=CA&stattype=ALD%3ABA&Year=2019%2C2022%2C2024&ShowDetails=true&QCData=true&RevealDataKeys=true
2026-09-19T02:11:11.189Z,NDE,MAT,Mathematics,8,MRPCM,Composite mathematics scale (0-500),CA,California,C051651,Percent eligible for National School Lunch Program,1,0%,ALD:PR,achievement level,Percent at NAEP Proficient,percent,,at NAEP Proficient,2019,2024,,,,,,0,268435715,reporting standard not met; extreme percentage; standard error not applicable; skipped-variable note,268435715,reporting standard not met; extreme percentage; standard error not applicable; skipped-variable note,SUBJ=MAT|COHORT=2|DEPVAR=MRPCM|SAMPLES=R3|YEAR=2019|JURISDICTIONS=CA|C051651=1|STAT=ALD:PR || SUBJ=MAT|COHORT=2|DEPVAR=MRPCM|SAMPLES=R3|YEAR=2024|JURISDICTIONS=CA|C051651=1|STAT=ALD:PR,https://www.nationsreportcard.gov/DataService/GetAdhocData.aspx?type=sigacrossyear&subject=mathematics&grade=8&subscale=MRPCM&variable=C051651&jurisdiction=CA&stattype=ALD%3APR&Year=2019%2C2022%2C2024&ShowDetails=true&QCData=true&RevealDataKeys=true
2026-09-19T02:11:11.189Z,NDE,MAT,Mathematics,8,MRPCM,Composite mathematics scale (0-500),CA,California,C051651,Percent eligible for National School Lunch Program,1,0%,ALD:AD,achievement level,Percent at NAEP Advanced,percent,,at NAEP Advanced,2019,2024,,,,,,0,268435715,reporting standard not met; extreme percentage; standard error not applicable; skipped-variable note,268435715,reporting standard not met; extreme percentage; standard error not applicable; skipped-variable note,SUBJ=MAT|COHORT=2|DEPVAR=MRPCM|SAMPLES=R3|YEAR=2019|JURISDICTIONS=CA|C051651=1|STAT=ALD:AD || SUBJ=MAT|COHORT=2|DEPVAR=MRPCM|SAMPLES=R3|YEAR=2024|JURISDICTIONS=CA|C051651=1|STAT=ALD:AD,https://www.nationsreportcard.gov/DataService/GetAdhocData.aspx?type=sigacrossyear&subject=mathematics&grade=8&subscale=MRPCM&variable=C051651&jurisdiction=CA&stattype=ALD%3AAD&Year=2019%2C2022%2C2024&ShowDetails=true&QCData=true&RevealDataKeys=true
2026-09-19T02:11:11.189Z,NDE,MAT,Mathematics,8,MRPCM,Composite mathematics scale (0-500),CA,California,C051651,Percent eligible for National School Lunch Program,1,0%,ALC:BB,achievement level,Percent below NAEP Basic,percent,,below NAEP Basic,2019,2024,,,,,,0,268435715,reporting standard not met; extreme percentage; standard error not applicable; skipped-variable note,268435715,reporting standard not met; extreme percentage; standard error not applicable; skipped-variable note,SUBJ=MAT|COHORT=2|DEPVAR=MRPCM|SAMPLES=R3|YEAR=2019|JURISDICTIONS=CA|C051651=1|STAT=ALC:BB || SUBJ=MAT|COHORT=2|DEPVAR=MRPCM|SAMPLES=R3|YEAR=2024|JURISDICTIONS=CA|C051651=1|STAT=ALC:BB,https://www.nationsreportcard.gov/DataService/GetAdhocData.aspx?type=sigacrossyear&subject=mathematics&grade=8&subscale=MRPCM&variable=C051651&jurisdiction=CA&stattype=ALC%3ABB&Year=2019%2C2022%2C2024&ShowDetails=true&QCData=true&RevealDataKeys=true
2026-09-19T02:11:11.189Z,NDE,MAT,Mathematics,8,MRPCM,Composite mathematics scale (0-500),CA,California,C051651,Percent eligible for National School Lunch Program,1,0%,ALC:AB,achievement level,Percent at or above NAEP Basic,percent,,at or above NAEP Basic,2019,2024,,,,,,0,268435715,reporting standard not met; extreme percentage; standard error not applicable; skipped-variable note,268435715,reporting standard not met; extreme percentage; standard error not applicable; skipped-variable note,SUBJ=MAT|COHORT=2|DEPVAR=MRPCM|SAMPLES=R3|YEAR=2019|JURISDICTIONS=CA|C051651=1|STAT=ALC:AB || SUBJ=MAT|COHORT=2|DEPVAR=MRPCM|SAMPLES=R3|YEAR=2024|JURISDICTIONS=CA|C051651=1|STAT=ALC:AB,https://www.nationsreportcard.gov/DataService/GetAdhocData.aspx?type=sigacrossyear&subject=mathematics&grade=8&subscale=MRPCM&variable=C051651&jurisdiction=CA&stattype=ALC%3AAB&Year=2019%2C2022%2C2024&ShowDetails=true&QCData=true&RevealDataKeys=true
2026-09-19T02:11:11.189Z,NDE,MAT,Mathematics,8,MRPCM,Composite mathematics scale (0-500),CA,California,C051651,Percent eligible for National School Lunch Program,1,0%,ALC:AP,achievement level,Percent at or above NAEP Proficient,percent,,at or above NAEP Proficient,2019,2024,,,,,,0,268435715,reporting standard not met; extreme percentage; standard error not applicable; skipped-variable note,268435715,reporting standard not met; extreme percentage; standard error not applicable; skipped-variable note,SUBJ=MAT|COHORT=2|DEPVAR=MRPCM|SAMPLES=R3|YEAR=2019|JURISDICTIONS=CA|C051651=1|STAT=ALC:AP || SUBJ=MAT|COHORT=2|DEPVAR=MRPCM|SAMPLES=R3|YEAR=2024|JURISDICTIONS=CA|C051651=1|STAT=ALC:AP,https://www.nationsreportcard.gov/DataService/GetAdhocData.aspx?type=sigacrossyear&subject=mathematics&grade=8&subscale=MRPCM&variable=C051651&jurisdiction=CA&stattype=ALC%3AAP&Year=2019%2C2022%2C2024&ShowDetails=true&QCData=true&RevealDataKeys=true
2026-09-19T02:11:11.189Z,NDE,MAT,Mathematics,8,MRPCM,Composite mathematics scale (0-500),CA,California,C051651,Percent eligible for National School Lunch Program,1,0%,ALC:AD,achievement level,Percent at NAEP Advanced (cumulative code),percent,,at NAEP Advanced (cumulative code),2019,2024,,,,,,0,268435715,reporting standard not met; extreme percentage; standard error not applicable; skipped-variable note,268435715,reporting standard not met; extreme percentage; standard error not applicable; skipped-variable note,SUBJ=MAT|COHORT=2|DEPVAR=MRPCM|SAMPLES=R3|YEAR=2019|JURISDICTIONS=CA|C051651=1|STAT=ALC:AD || SUBJ=MAT|COHORT=2|DEPVAR=MRPCM|SAMPLES=R3|YEAR=2024|JURISDICTIONS=CA|C051651=1|STAT=ALC:AD,https://www.nationsreportcard.gov/DataService/GetAdhocData.aspx?type=sigacrossyear&subject=mathematics&grade=8&subscale=MRPCM&variable=C051651&jurisdiction=CA&stattype=ALC%3AAD&Year=2019%2C2022%2C2024&ShowDetails=true&QCData=true&RevealDataKeys=true
2026-09-19T02:11:11.189Z,NDE,MAT,Mathematics,8,MRPCM,Composite mathematics scale (0-500),CA,California,C051651,Percent eligible for National School Lunch Program,2,1-5%,MN:MN,location,Average scale score,scale score,,,2019,2024,328.420877786116,,,,,0,268437504,response rate below 85%; skipped-variable note,268435713,reporting standard not met; standard error not applicable; skipped-variable note,SUBJ=MAT|COHORT=2|DEPVAR=MRPCM|SAMPLES=R3|YEAR=2019|JURISDICTIONS=CA|C051651=2|STAT=MN:MN || SUBJ=MAT|COHORT=2|DEPVAR=MRPCM|SAMPLES=R3|YEAR=2024|JURISDICTIONS=CA|C051651=2|STAT=MN:MN,https://www.nationsreportcard.gov/DataService/GetAdhocData.aspx?type=sigacrossyear&subject=mathematics&grade=8&subscale=MRPCM&variable=C051651&jurisdiction=CA&stattype=MN%3AMN&Year=2019%2C2022%2C2024&ShowDetails=true&QCData=true&RevealDataKeys=true
2026-09-19T02:11:11.189Z,NDE,MAT,Mathematics,8,MRPCM,Composite mathematics scale (0-500),CA,California,C051651,Percent eligible for National School Lunch Program,2,1-5%,PC:P1,percentile,10th percentile scale score,scale score,10.0,,2019,2024,284.013000488281,,,,,0,268437504,response rate below 85%; skipped-variable note,268435713,reporting standard not met; standard error not applicable; skipped-variable note,SUBJ=MAT|COHORT=2|DEPVAR=MRPCM|SAMPLES=R3|YEAR=2019|JURISDICTIONS=CA|C051651=2|STAT=PC:P1 || SUBJ=MAT|COHORT=2|DEPVAR=MRPCM|SAMPLES=R3|YEAR=2024|JURISDICTIONS=CA|C051651=2|STAT=PC:P1,https://www.nationsreportcard.gov/DataService/GetAdhocData.aspx?type=sigacrossyear&subject=mathematics&grade=8&subscale=MRPCM&variable=C051651&jurisdiction=CA&stattype=PC%3AP1&Year=2019%2C2022%2C2024&ShowDetails=true&QCData=true&RevealDataKeys=true
2026-09-19T02:11:11.189Z,NDE,MAT,Mathematics,8,MRPCM,Composite mathematics scale (0-500),CA,California,C051651,Percent eligible for National School Lunch Program,2,1-5%,PC:P2,percentile,25th percentile scale score,scale score,25.0,,2019,2024,305.544995117188,,,,,0,268437504,response rate below 85%; skipped-variable note,268435713,reporting standard not met; standard error not applicable; skipped-variable note,SUBJ=MAT|COHORT=2|DEPVAR=MRPCM|SAMPLES=R3|YEAR=2019|JURISDICTIONS=CA|C051651=2|STAT=PC:P2 || SUBJ=MAT|COHORT=2|DEPVAR=MRPCM|SAMPLES=R3|YEAR=2024|JURISDICTIONS=CA|C051651=2|STAT=PC:P2,https://www.nationsreportcard.gov/DataService/GetAdhocData.aspx?type=sigacrossyear&subject=mathematics&grade=8&subscale=MRPCM&variable=C051651&jurisdiction=CA&stattype=PC%3AP2&Year=2019%2C2022%2C2024&ShowDetails=true&QCData=true&RevealDataKeys=true
2026-09-19T02:11:11.189Z,NDE,MAT,Mathematics,8,MRPCM,Composite mathematics scale (0-500),CA,California,C051651,Percent eligible for National School Lunch Program,2,1-5%,PC:P5,percentile,50th percentile scale score,scale score,50.0,,2019,2024,327.946000671387,,,,,0,268437504,response rate below 85%; skipped-variable note,268435713,reporting standard not met; standard error not applicable; skipped-variable note,SUBJ=MAT|COHORT=2|DEPVAR=MRPCM|SAMPLES=R3|YEAR=2019|JURISDICTIONS=CA|C051651=2|STAT=PC:P5 || SUBJ=MAT|COHORT=2|DEPVAR=MRPCM|SAMPLES=R3|YEAR=2024|JURISDICTIONS=CA|C051651=2|STAT=PC:P5,https://www.nationsreportcard.gov/DataService/GetAdhocData.aspx?type=sigacrossyear&subject=mathematics&grade=8&subscale=MRPCM&variable=C051651&jurisdiction=CA&stattype=PC%3AP5&Year=2019%2C2022%2C2024&ShowDetails=true&QCData=true&RevealDataKeys=true
2026-09-19T02:11:11.189Z,NDE,MAT,Mathematics,8,MRPCM,Composite mathematics scale (0-500),CA,California,C051651,Percent eligible for National School Lunch Program,2,1-5%,PC:P7,percentile,75th percentile scale score,scale score,75.0,,2019,2024,352.229002380371,,,,,0,268437504,response rate below 85%; skipped-variable note,268435713,reporting standard not met; standard error not applicable; skipped-variable note,SUBJ=MAT|COHORT=2|DEPVAR=MRPCM|SAMPLES=R3|YEAR=2019|JURISDICTIONS=CA|C051651=2|STAT=PC:P7 || SUBJ=MAT|COHORT=2|DEPVAR=MRPCM|SAMPLES=R3|YEAR=2024|JURISDICTIONS=CA|C051651=2|STAT=PC:P7,https://www.nationsreportcard.gov/DataService/GetAdhocData.aspx?type=sigacrossyear&subject=mathematics&grade=8&subscale=MRPCM&variable=C051651&jurisdiction=CA&stattype=PC%3AP7&Year=2019%2C2022%2C2024&ShowDetails=true&QCData=true&RevealDataKeys=true
2026-09-19T02:11:11.189Z,NDE,MAT,Mathematics,8,MRPCM,Composite mathematics scale (0-500),CA,California,C051651,Percent eligible for National School Lunch Program,2,1-5%,PC:P9,percentile,90th percentile scale score,scale score,90.0,,2019,2024,369.466000366211,,,,,0,268437504,response rate below 85%; skipped-variable note,268435713,reporting standard not met; standard error not applicable; skipped-variable note,SUBJ=MAT|COHORT=2|DEPVAR=MRPCM|SAMPLES=R3|YEAR=2019|JURISDICTIONS=CA|C051651=2|STAT=PC:P9 || SUBJ=MAT|COHORT=2|DEPVAR=MRPCM|SAMPLES=R3|YEAR=2024|JURISDICTIONS=CA|C051651=2|STAT=PC:P9,https://www.nationsreportcard.gov/DataService/GetAdhocData.aspx?type=sigacrossyear&subject=mathematics&grade=8&subscale=MRPCM&variable=C051651&jurisdiction=CA&stattype=PC%3AP9&Year=2019%2C2022%2C2024&ShowDetails=true&QCData=true&RevealDataKeys=true
2026-09-19T02:11:11.189Z,NDE,MAT,Mathematics,8,MRPCM,Composite mathematics scale (0-500),CA,California,C051651,Percent eligible for National School Lunch Program,2,1-5%,ALD:BA,achievement level,Percent at NAEP Basic,percent,,at NAEP Basic,2019,2024,17.1225639730757,,,,,0,268437504,response rate below 85%; skipped-variable note,268435715,reporting standard not met; extreme percentage; standard error not applicable; skipped-variable note,SUBJ=MAT|COHORT=2|DEPVAR=MRPCM|SAMPLES=R3|YEAR=2019|JURISDICTIONS=CA|C051651=2|STAT=ALD:BA || SUBJ=MAT|COHORT=2|DEPVAR=MRPCM|SAMPLES=R3|YEAR=2024|JURISDICTIONS=CA|C051651=2|STAT=ALD:BA,https://www.nationsreportcard.gov/DataService/GetAdhocData.aspx?type=sigacrossyear&subject=mathematics&grade=8&subscale=MRPCM&variable=C051651&jurisdiction=CA&stattype=ALD%3ABA&Year=2019%2C2022%2C2024&ShowDetails=true&QCData=true&RevealDataKeys=true
2026-09-19T02:11:11.189Z,NDE,MAT,Mathematics,8,MRPCM,Composite mathematics scale (0-500),CA,California,C051651,Percent eligible for National School Lunch Program,2,1-5%,ALD:PR,achievement level,Percent at NAEP Proficient,percent,,at NAEP Proficient,2019,2024,34.754067118248,,,,,0,268437504,response rate below 85%; skipped-variable note,268435715,reporting standard not met; extreme percentage; standard error not applicable; skipped-variable note,SUBJ=MAT|COHORT=2|DEPVAR=MRPCM|SAMPLES=R3|YEAR=2019|JURISDICTIONS=CA|C051651=2|STAT=ALD:PR || SUBJ=MAT|COHORT=2|DEPVAR=MRPCM|SAMPLES=R3|YEAR=2024|JURISDICTIONS=CA|C051651=2|STAT=ALD:PR,https://www.nationsreportcard.gov/DataService/GetAdhocData.aspx?type=sigacrossyear&subject=mathematics&grade=8&subscale=MRPCM&variable=C051651&jurisdiction=CA&stattype=ALD%3APR&Year=2019%2C2022%2C2024&ShowDetails=true&QCData=true&RevealDataKeys=true
2026-09-19T02:11:11.189Z,NDE,MAT,Mathematics,8,MRPCM,Composite mathematics scale (0-500),CA,California,C051651,Percent eligible for National School Lunch Program,2,1-5%,ALD:AD,achievement level,Percent at NAEP Advanced,percent,,at NAEP Advanced,2019,2024,45.2114538704009,,,,,0,268437504,response rate below 85%; skipped-variable note,268435715,reporting standard not met; extreme percentage; standard error not applicable; skipped-variable note,SUBJ=MAT|COHORT=2|DEPVAR=MRPCM|SAMPLES=R3|YEAR=2019|JURISDICTIONS=CA|C051651=2|STAT=ALD:AD || SUBJ=MAT|COHORT=2|DEPVAR=MRPCM|SAMPLES=R3|YEAR=2024|JURISDICTIONS=CA|C051651=2|STAT=ALD:AD,https://www.nationsreportcard.gov/DataService/GetAdhocData.aspx?type=sigacrossyear&subject=mathematics&grade=8&subscale=MRPCM&variable=C051651&jurisdiction=CA&stattype=ALD%3AAD&Year=2019%2C2022%2C2024&ShowDetails=true&QCData=true&RevealDataKeys=true
2026-09-19T02:11:11.189Z,NDE,MAT,Mathematics,8,MRPCM,Composite mathematics scale (0-500),CA,California,C051651,Percent eligible for National School Lunch Program,2,1-5%,ALC:BB,achievement level,Percent below NAEP Basic,percent,,below NAEP Basic,2019,2024,2.91191503827544,,,,,0,268437762,extreme percentage; standard error not applicable; response rate below 85%; skipped-variable note,268435715,reporting standard not met; extreme percentage; standard error not applicable; skipped-variable note,SUBJ=MAT|COHORT=2|DEPVAR=MRPCM|SAMPLES=R3|YEAR=2019|JURISDICTIONS=CA|C051651=2|STAT=ALC:BB || SUBJ=MAT|COHORT=2|DEPVAR=MRPCM|SAMPLES=R3|YEAR=2024|JURISDICTIONS=CA|C051651=2|STAT=ALC:BB,https://www.nationsreportcard.gov/DataService/GetAdhocData.aspx?type=sigacrossyear&subject=mathematics&grade=8&subscale=MRPCM&variable=C051651&jurisdiction=CA&stattype=ALC%3ABB&Year=2019%2C2022%2C2024&ShowDetails=true&QCData=true&RevealDataKeys=true
2026-09-19T02:11:11.189Z,NDE,MAT,Mathematics,8,MRPCM,Composite mathematics scale (0-500),CA,California,C051651,Percent eligible for National School Lunch Program,2,1-5%,ALC:AB,achievement level,Percent at or above NAEP Basic,percent,,at or above NAEP Basic,2019,2024,97.0880849617246,,,,,0,268437762,extreme percentage; standard error not applicable; response rate below 85%; skipped-variable note,268435715,reporting standard not met; extreme percentage; standard error not applicable; skipped-variable note,SUBJ=MAT|COHORT=2|DEPVAR=MRPCM|SAMPLES=R3|YEAR=2019|JURISDICTIONS=CA|C051651=2|STAT=ALC:AB || SUBJ=MAT|COHORT=2|DEPVAR=MRPCM|SAMPLES=R3|YEAR=2024|JURISDICTIONS=CA|C051651=2|STAT=ALC:AB,https://www.nationsreportcard.gov/DataService/GetAdhocData.aspx?type=sigacrossyear&subject=mathematics&grade=8&subscale=MRPCM&variable=C051651&jurisdiction=CA&stattype=ALC%3AAB&Year=2019%2C2022%2C2024&ShowDetails=true&QCData=true&RevealDataKeys=true
2026-09-19T02:11:11.189Z,NDE,MAT,Mathematics,8,MRPCM,Composite mathematics scale (0-500),CA,California,C051651,Percent eligible for National School Lunch Program,2,1-5%,ALC:AP,achievement level,Percent at or above NAEP Proficient,percent,,at or above NAEP Proficient,2019,2024,79.9655209886489,,,,,0,268437504,response rate below 85%; skipped-variable note,268435715,reporting standard not met; extreme percentage; standard error not applicable; skipped-variable note,SUBJ=MAT|COHORT=2|DEPVAR=MRPCM|SAMPLES=R3|YEAR=2019|JURISDICTIONS=CA|C051651=2|STAT=ALC:AP || SUBJ=MAT|COHORT=2|DEPVAR=MRPCM|SAMPLES=R3|YEAR=2024|JURISDICTIONS=CA|C051651=2|STAT=ALC:AP,https://www.nationsreportcard.gov/DataService/GetAdhocData.aspx?type=sigacrossyear&subject=mathematics&grade=8&subscale=MRPCM&variable=C051651&jurisdiction=CA&stattype=ALC%3AAP&Year=2019%2C2022%2C2024&ShowDetails=true&QCData=true&RevealDataKeys=true
2026-09-19T02:11:11.189Z,NDE,MAT,Mathematics,8,MRPCM,Composite mathematics scale (0-500),CA,California,C051651,Percent eligible for National School Lunch Program,2,1-5%,ALC:AD,achievement level,Percent at NAEP Advanced (cumulative code),percent,,at NAEP Advanced (cumulative code),2019,2024,45.2114538704009,,,,,0,268437504,response rate below 85%; skipped-variable note,268435715,reporting standard not met; extreme percentage; standard error not applicable; skipped-variable note,SUBJ=MAT|COHORT=2|DEPVAR=MRPCM|SAMPLES=R3|YEAR=2019|JURISDICTIONS=CA|C051651=2|STAT=ALC:AD || SUBJ=MAT|COHORT=2|DEPVAR=MRPCM|SAMPLES=R3|YEAR=2024|JURISDICTIONS=CA|C051651=2|STAT=ALC:AD,https://www.nationsreportcard.gov/DataService/GetAdhocData.aspx?type=sigacrossyear&subject=mathematics&grade=8&subscale=MRPCM&variable=C051651&jurisdiction=CA&stattype=ALC%3AAD&Year=2019%2C2022%2C2024&ShowDetails=true&QCData=true&RevealDataKeys=true
2026-09-19T02:11:11.189Z,NDE,MAT,Mathematics,8,MRPCM,Composite mathematics scale (0-500),CA,California,C051651,Percent eligible for National School Lunch Program,3,6-10%,MN:MN,location,Average scale score,scale score,,,2019,2024,,,,,,0,268435713,reporting standard not met; standard error not applicable; skipped-variable note,268435713,reporting standard not met; standard error not applicable; skipped-variable note,SUBJ=MAT|COHORT=2|DEPVAR=MRPCM|SAMPLES=R3|YEAR=2019|JURISDICTIONS=CA|C051651=3|STAT=MN:MN || SUBJ=MAT|COHORT=2|DEPVAR=MRPCM|SAMPLES=R3|YEAR=2024|JURISDICTIONS=CA|C051651=3|STAT=MN:MN,https://www.nationsreportcard.gov/DataService/GetAdhocData.aspx?type=sigacrossyear&subject=mathematics&grade=8&subscale=MRPCM&variable=C051651&jurisdiction=CA&stattype=MN%3AMN&Year=2019%2C2022%2C2024&ShowDetails=true&QCData=true&RevealDataKeys=true
2026-09-19T02:11:11.189Z,NDE,MAT,Mathematics,8,MRPCM,Composite mathematics scale (0-500),CA,California,C051651,Percent eligible for National School Lunch Program,3,6-10%,PC:P1,percentile,10th percentile scale score,scale score,10.0,,2019,2024,,,,,,0,268435713,reporting standard not met; standard error not applicable; skipped-variable note,268435713,reporting standard not met; standard error not applicable; skipped-variable note,SUBJ=MAT|COHORT=2|DEPVAR=MRPCM|SAMPLES=R3|YEAR=2019|JURISDICTIONS=CA|C051651=3|STAT=PC:P1 || SUBJ=MAT|COHORT=2|DEPVAR=MRPCM|SAMPLES=R3|YEAR=2024|JURISDICTIONS=CA|C051651=3|STAT=PC:P1,https://www.nationsreportcard.gov/DataService/GetAdhocData.aspx?type=sigacrossyear&subject=mathematics&grade=8&subscale=MRPCM&variable=C051651&jurisdiction=CA&stattype=PC%3AP1&Year=2019%2C2022%2C2024&ShowDetails=true&QCData=true&RevealDataKeys=true
2026-09-19T02:11:11.189Z,NDE,MAT,Mathematics,8,MRPCM,Composite mathematics scale (0-500),CA,California,C051651,Percent eligible for National School Lunch Program,3,6-10%,PC:P2,percentile,25th percentile scale score,scale score,25.0,,2019,2024,,,,,,0,268435713,reporting standard not met; standard error not applicable; skipped-variable note,268435713,reporting standard not met; standard error not applicable; skipped-variable note,SUBJ=MAT|COHORT=2|DEPVAR=MRPCM|SAMPLES=R3|YEAR=2019|JURISDICTIONS=CA|C051651=3|STAT=PC:P2 || SUBJ=MAT|COHORT=2|DEPVAR=MRPCM|SAMPLES=R3|YEAR=2024|JURISDICTIONS=CA|C051651=3|STAT=PC:P2,https://www.nationsreportcard.gov/DataService/GetAdhocData.aspx?type=sigacrossyear&subject=mathematics&grade=8&subscale=MRPCM&variable=C051651&jurisdiction=CA&stattype=PC%3AP2&Year=2019%2C2022%2C2024&ShowDetails=true&QCData=true&RevealDataKeys=true
2026-09-19T02:11:11.189Z,NDE,MAT,Mathematics,8,MRPCM,Composite mathematics scale (0-500),CA,California,C051651,Percent eligible for National School Lunch Program,3,6-10%,PC:P5,percentile,50th percentile scale score,scale score,50.0,,2019,2024,,,,,,0,268435713,reporting standard not met; standard error not applicable; skipped-variable note,268435713,reporting standard not met; standard error not applicable; skipped-variable note,SUBJ=MAT|COHORT=2|DEPVAR=MRPCM|SAMPLES=R3|YEAR=2019|JURISDICTIONS=CA|C051651=3|STAT=PC:P5 || SUBJ=MAT|COHORT=2|DEPVAR=MRPCM|SAMPLES=R3|YEAR=2024|JURISDICTIONS=CA|C051651=3|STAT=PC:P5,https://www.nationsreportcard.gov/DataService/GetAdhocData.aspx?type=sigacrossyear&subject=mathematics&grade=8&subscale=MRPCM&variable=C051651&jurisdiction=CA&stattype=PC%3AP5&Year=2019%2C2022%2C2024&ShowDetails=true&QCData=true&RevealDataKeys=true
2026-09-19T02:11:11.189Z,NDE,MAT,Mathematics,8,MRPCM,Composite mathematics scale (0-500),CA,California,C051651,Percent eligible for National School Lunch Program,3,6-10%,PC:P7,percentile,75th percentile scale score,scale score,75.0,,2019,2024,,,,,,0,268435713,reporting standard not met; standard error not applicable; skipped-variable note,268435713,reporting standard not met; standard error not applicable; skipped-variable note,SUBJ=MAT|COHORT=2|DEPVAR=MRPCM|SAMPLES=R3|YEAR=2019|JURISDICTIONS=CA|C051651=3|STAT=PC:P7 || SUBJ=MAT|COHORT=2|DEPVAR=MRPCM|SAMPLES=R3|YEAR=2024|JURISDICTIONS=CA|C051651=3|STAT=PC:P7,https://www.nationsreportcard.gov/DataService/GetAdhocData.aspx?type=sigacrossyear&subject=mathematics&grade=8&subscale=MRPCM&variable=C051651&jurisdiction=CA&stattype=PC%3AP7&Year=2019%2C2022%2C2024&ShowDetails=true&QCData=true&RevealDataKeys=true
2026-09-19T02:11:11.189Z,NDE,MAT,Mathematics,8,MRPCM,Composite mathematics scale (0-500),CA,California,C051651,Percent eligible for National School Lunch Program,3,6-10%,PC:P9,percentile,90th percentile scale score,scale score,90.0,,2019,2024,,,,,,0,268435713,reporting standard not met; standard error not applicable; skipped-variable note,268435713,reporting standard not met; standard error not applicable; skipped-variable note,SUBJ=MAT|COHORT=2|DEPVAR=MRPCM|SAMPLES=R3|YEAR=2019|JURISDICTIONS=CA|C051651=3|STAT=PC:P9 || SUBJ=MAT|COHORT=2|DEPVAR=MRPCM|SAMPLES=R3|YEAR=2024|JURISDICTIONS=CA|C051651=3|STAT=PC:P9,https://www.nationsreportcard.gov/DataService/GetAdhocData.aspx?type=sigacrossyear&subject=mathematics&grade=8&subscale=MRPCM&variable=C051651&jurisdiction=CA&stattype=PC%3AP9&Year=2019%2C2022%2C2024&ShowDetails=true&QCData=true&RevealDataKeys=true
2026-09-19T02:11:11.189Z,NDE,MAT,Mathematics,8,MRPCM,Composite mathematics scale (0-500),CA,California,C051651,Percent eligible for National School Lunch Program,3,6-10%,ALD:BA,achievement level,Percent at NAEP Basic,percent,,at NAEP Basic,2019,2024,,,,,,0,268435713,reporting standard not met; standard error not applicable; skipped-variable note,268435715,reporting standard not met; extreme percentage; standard error not applicable; skipped-variable note,SUBJ=MAT|COHORT=2|DEPVAR=MRPCM|SAMPLES=R3|YEAR=2019|JURISDICTIONS=CA|C051651=3|STAT=ALD:BA || SUBJ=MAT|COHORT=2|DEPVAR=MRPCM|SAMPLES=R3|YEAR=2024|JURISDICTIONS=CA|C051651=3|STAT=ALD:BA,https://www.nationsreportcard.gov/DataService/GetAdhocData.aspx?type=sigacrossyear&subject=mathematics&grade=8&subscale=MRPCM&variable=C051651&jurisdiction=CA&stattype=ALD%3ABA&Year=2019%2C2022%2C2024&ShowDetails=true&QCData=true&RevealDataKeys=true
2026-09-19T02:11:11.189Z,NDE,MAT,Mathematics,8,MRPCM,Composite mathematics scale (0-500),CA,California,C051651,Percent eligible for National School Lunch Program,3,6-10%,ALD:PR,achievement level,Percent at NAEP Proficient,percent,,at NAEP Proficient,2019,2024,,,,,,0,268435713,reporting standard not met; standard error not applicable; skipped-variable note,268435715,reporting standard not met; extreme percentage; standard error not applicable; skipped-variable note,SUBJ=MAT|COHORT=2|DEPVAR=MRPCM|SAMPLES=R3|YEAR=2019|JURISDICTIONS=CA|C051651=3|STAT=ALD:PR || SUBJ=MAT|COHORT=2|DEPVAR=MRPCM|SAMPLES=R3|YEAR=2024|JURISDICTIONS=CA|C051651=3|STAT=ALD:PR,https://www.nationsreportcard.gov/DataService/GetAdhocData.aspx?type=sigacrossyear&subject=mathematics&grade=8&subscale=MRPCM&variable=C051651&jurisdiction=CA&stattype=ALD%3APR&Year=2019%2C2022%2C2024&ShowDetails=true&QCData=true&RevealDataKeys=true
2026-09-19T02:11:11.189Z,NDE,MAT,Mathematics,8,MRPCM,Composite mathematics scale (0-500),CA,California,C051651,Percent eligible for National School Lunch Program,3,6-10%,ALD:AD,achievement level,Percent at NAEP Advanced,percent,,at NAEP Advanced,2019,2024,,,,,,0,268435713,reporting standard not met; standard error not applicable; skipped-variable note,268435715,reporting standard not met; extreme percentage; standard error not applicable; skipped-variable note,SUBJ=MAT|COHORT=2|DEPVAR=MRPCM|SAMPLES=R3|YEAR=2019|JURISDICTIONS=CA|C051651=3|STAT=ALD:AD || SUBJ=MAT|COHORT=2|DEPVAR=MRPCM|SAMPLES=R3|YEAR=2024|JURISDICTIONS=CA|C051651=3|STAT=ALD:AD,https://www.nationsreportcard.gov/DataService/GetAdhocData.aspx?type=sigacrossyear&subject=mathematics&grade=8&subscale=MRPCM&variable=C051651&jurisdiction=CA&stattype=ALD%3AAD&Year=2019%2C2022%2C2024&ShowDetails=true&QCData=true&RevealDataKeys=true
2026-09-19T02:11:11.189Z,NDE,MAT,Mathematics,8,MRPCM,Composite mathematics scale (0-500),CA,California,C051651,Percent eligible for National School Lunch Program,3,6-10%,ALC:BB,achievement level,Percent below NAEP Basic,percent,,below NAEP Basic,2019,2024,,,,,,0,268435713,reporting standard not met; standard error not applicable; skipped-variable note,268435715,reporting standard not met; extreme percentage; standard error not applicable; skipped-variable note,SUBJ=MAT|COHORT=2|DEPVAR=MRPCM|SAMPLES=R3|YEAR=2019|JURISDICTIONS=CA|C051651=3|STAT=ALC:BB || SUBJ=MAT|COHORT=2|DEPVAR=MRPCM|SAMPLES=R3|YEAR=2024|JURISDICTIONS=CA|C051651=3|STAT=ALC:BB,https://www.nationsreportcard.gov/DataService/GetAdhocData.aspx?type=sigacrossyear&subject=mathematics&grade=8&subscale=MRPCM&variable=C051651&jurisdiction=CA&stattype=ALC%3ABB&Year=2019%2C2022%2C2024&ShowDetails=true&QCData=true&RevealDataKeys=true
2026-09-19T02:11:11.189Z,NDE,MAT,Mathematics,8,MRPCM,Composite mathematics scale (0-500),CA,California,C051651,Percent eligible for National School Lunch Program,3,6-10%,ALC:AB,achievement level,Percent at or above NAEP Basic,percent,,at or above NAEP Basic,2019,2024,,,,,,0,268435713,reporting standard not met; standard error not applicable; skipped-variable note,268435715,reporting standard not met; extreme percentage; standard error not applicable; skipped-variable note,SUBJ=MAT|COHORT=2|DEPVAR=MRPCM|SAMPLES=R3|YEAR=2019|JURISDICTIONS=CA|C051651=3|STAT=ALC:AB || SUBJ=MAT|COHORT=2|DEPVAR=MRPCM|SAMPLES=R3|YEAR=2024|JURISDICTIONS=CA|C051651=3|STAT=ALC:AB,https://www.nationsreportcard.gov/DataService/GetAdhocData.aspx?type=sigacrossyear&subject=mathematics&grade=8&subscale=MRPCM&variable=C051651&jurisdiction=CA&stattype=ALC%3AAB&Year=2019%2C2022%2C2024&ShowDetails=true&QCData=true&RevealDataKeys=true
2026-09-19T02:11:11.189Z,NDE,MAT,Mathematics,8,MRPCM,Composite mathematics scale (0-500),CA,California,C051651,Percent eligible for National School Lunch Program,3,6-10%,ALC:AP,achievement level,Percent at or above NAEP Proficient,percent,,at or above NAEP Proficient,2019,2024,,,,,,0,268435713,reporting standard not met; standard error not applicable; skipped-variable note,268435715,reporting standard not met; extreme percentage; standard error not applicable; skipped-variable note,SUBJ=MAT|COHORT=2|DEPVAR=MRPCM|SAMPLES=R3|YEAR=2019|JURISDICTIONS=CA|C051651=3|STAT=ALC:AP || SUBJ=MAT|COHORT=2|DEPVAR=MRPCM|SAMPLES=R3|YEAR=2024|JURISDICTIONS=CA|C051651=3|STAT=ALC:AP,https://www.nationsreportcard.gov/DataService/GetAdhocData.aspx?type=sigacrossyear&subject=mathematics&grade=8&subscale=MRPCM&variable=C051651&jurisdiction=CA&stattype=ALC%3AAP&Year=2019%2C2022%2C2024&ShowDetails=true&QCData=true&RevealDataKeys=true
2026-09-19T02:11:11.189Z,NDE,MAT,Mathematics,8,MRPCM,Composite mathematics scale (0-500),CA,California,C051651,Percent eligible for National School Lunch Program,3,6-10%,ALC:AD,achievement level,Percent at NAEP Advanced (cumulative code),percent,,at NAEP Advanced (cumulative code),2019,2024,,,,,,0,268435713,reporting standard not met; standard error not applicable; skipped-variable note,268435715,reporting standard not met; extreme percentage; standard error not applicable; skipped-variable note,SUBJ=MAT|COHORT=2|DEPVAR=MRPCM|SAMPLES=R3|YEAR=2019|JURISDICTIONS=CA|C051651=3|STAT=ALC:AD || SUBJ=MAT|COHORT=2|DEPVAR=MRPCM|SAMPLES=R3|YEAR=2024|JURISDICTIONS=CA|C051651=3|STAT=ALC:AD,https://www.nationsreportcard.gov/DataService/GetAdhocData.aspx?type=sigacrossyear&subject=mathematics&grade=8&subscale=MRPCM&variable=C051651&jurisdiction=CA&stattype=ALC%3AAD&Year=2019%2C2022%2C2024&ShowDetails=true&QCData=true&RevealDataKeys=true
2026-09-19T02:11:11.189Z,NDE,MAT,Mathematics,8,MRPCM,Composite mathematics scale (0-500),CA,California,C051651,Percent eligible for National School Lunch Program,4,11-25%,MN:MN,location,Average scale score,scale score,,,2019,2024,295.184494363034,,,,,0,268437504,response rate below 85%; skipped-variable note,268435713,reporting standard not met; standard error not applicable; skipped-variable note,SUBJ=MAT|COHORT=2|DEPVAR=MRPCM|SAMPLES=R3|YEAR=2019|JURISDICTIONS=CA|C051651=4|STAT=MN:MN || SUBJ=MAT|COHORT=2|DEPVAR=MRPCM|SAMPLES=R3|YEAR=2024|JURISDICTIONS=CA|C051651=4|STAT=MN:MN,https://www.nationsreportcard.gov/DataService/GetAdhocData.aspx?type=sigacrossyear&subject=mathematics&grade=8&subscale=MRPCM&variable=C051651&jurisdiction=CA&stattype=MN%3AMN&Year=2019%2C2022%2C2024&ShowDetails=true&QCData=true&RevealDataKeys=true
2026-09-19T02:11:11.189Z,NDE,MAT,Mathematics,8,MRPCM,Composite mathematics scale (0-500),CA,California,C051651,Percent eligible for National School Lunch Program,4,11-25%,PC:P1,percentile,10th percentile scale score,scale score,10.0,,2019,2024,245.148000335693,,,,,0,268437504,response rate below 85%; skipped-variable note,268435713,reporting standard not met; standard error not applicable; skipped-variable note,SUBJ=MAT|COHORT=2|DEPVAR=MRPCM|SAMPLES=R3|YEAR=2019|JURISDICTIONS=CA|C051651=4|STAT=PC:P1 || SUBJ=MAT|COHORT=2|DEPVAR=MRPCM|SAMPLES=R3|YEAR=2024|JURISDICTIONS=CA|C051651=4|STAT=PC:P1,https://www.nationsreportcard.gov/DataService/GetAdhocData.aspx?type=sigacrossyear&subject=mathematics&grade=8&subscale=MRPCM&variable=C051651&jurisdiction=CA&stattype=PC%3AP1&Year=2019%2C2022%2C2024&ShowDetails=true&QCData=true&RevealDataKeys=true
2026-09-19T02:11:11.189Z,NDE,MAT,Mathematics,8,MRPCM,Composite mathematics scale (0-500),CA,California,C051651,Percent eligible for National School Lunch Program,4,11-25%,PC:P2,percentile,25th percentile scale score,scale score,25.0,,2019,2024,269.538502502441,,,,,0,268437504,response rate below 85%; skipped-variable note,268435713,reporting standard not met; standard error not applicable; skipped-variable note,SUBJ=MAT|COHORT=2|DEPVAR=MRPCM|SAMPLES=R3|YEAR=2019|JURISDICTIONS=CA|C051651=4|STAT=PC:P2 || SUBJ=MAT|COHORT=2|DEPVAR=MRPCM|SAMPLES=R3|YEAR=2024|JURISDICTIONS=CA|C051651=4|STAT=PC:P2,https://www.nationsreportcard.gov/DataService/GetAdhocData.aspx?type=sigacrossyear&subject=mathematics&grade=8&subscale=MRPCM&variable=C051651&jurisdiction=CA&stattype=PC%3AP2&Year=2019%2C2022%2C2024&ShowDetails=true&QCData=true&RevealDataKeys=true
2026-09-19T02:11:11.189Z,NDE,MAT,Mathematics,8,MRPCM,Composite mathematics scale (0-500),CA,California,C051651,Percent eligible for National School Lunch Program,4,11-25%,PC:P5,percentile,50th percentile scale score,scale score,50.0,,2019,2024,296.951002502441,,,,,0,268437504,response rate below 85%; skipped-variable note,268435713,reporting standard not met; standard error not applicable; skipped-variable note,SUBJ=MAT|COHORT=2|DEPVAR=MRPCM|SAMPLES=R3|YEAR=2019|JURISDICTIONS=CA|C051651=4|STAT=PC:P5 || SUBJ=MAT|COHORT=2|DEPVAR=MRPCM|SAMPLES=R3|YEAR=2024|JURISDICTIONS=CA|C051651=4|STAT=PC:P5,https://www.nationsreportcard.gov/DataService/GetAdhocData.aspx?type=sigacrossyear&subject=mathematics&grade=8&subscale=MRPCM&variable=C051651&jurisdiction=CA&stattype=PC%3AP5&Year=2019%2C2022%2C2024&ShowDetails=true&QCData=true&RevealDataKeys=true
2026-09-19T02:11:11.189Z,NDE,MAT,Mathematics,8,MRPCM,Composite mathematics scale (0-500),CA,California,C051651,Percent eligible for National School Lunch Program,4,11-25%,PC:P7,percentile,75th percentile scale score,scale score,75.0,,2019,2024,322.279499816895,,,,,0,268437504,response rate below 85%; skipped-variable note,268435713,reporting standard not met; standard error not applicable; skipped-variable note,SUBJ=MAT|COHORT=2|DEPVAR=MRPCM|SAMPLES=R3|YEAR=2019|JURISDICTIONS=CA|C051651=4|STAT=PC:P7 || SUBJ=MAT|COHORT=2|DEPVAR=MRPCM|SAMPLES=R3|YEAR=2024|JURISDICTIONS=CA|C051651=4|STAT=PC:P7,https://www.nationsreportcard.gov/DataService/GetAdhocData.aspx?type=sigacrossyear&subject=mathematics&grade=8&subscale=MRPCM&variable=C051651&jurisdiction=CA&stattype=PC%3AP7&Year=2019%2C2022%2C2024&ShowDetails=true&QCData=true&RevealDataKeys=true
2026-09-19T02:11:11.189Z,NDE,MAT,Mathematics,8,MRPCM,Composite mathematics scale (0-500),CA,California,C051651,Percent eligible for National School Lunch Program,4,11-25%,PC:P9,percentile,90th percentile scale score,scale score,90.0,,2019,2024,342.636000061035,,,,,0,268437504,response rate below 85%; skipped-variable note,268435713,reporting standard not met; standard error not applicable; skipped-variable note,SUBJ=MAT|COHORT=2|DEPVAR=MRPCM|SAMPLES=R3|YEAR=2019|JURISDICTIONS=CA|C051651=4|STAT=PC:P9 || SUBJ=MAT|COHORT=2|DEPVAR=MRPCM|SAMPLES=R3|YEAR=2024|JURISDICTIONS=CA|C051651=4|STAT=PC:P9,https://www.nationsreportcard.gov/DataService/GetAdhocData.aspx?type=sigacrossyear&subject=mathematics&grade=8&subscale=MRPCM&variable=C051651&jurisdiction=CA&stattype=PC%3AP9&Year=2019%2C2022%2C2024&ShowDetails=true&QCData=true&RevealDataKeys=true
2026-09-19T02:11:11.189Z,NDE,MAT,Mathematics,8,MRPCM,Composite mathematics scale (0-500),CA,California,C051651,Percent eligible for National School Lunch Program,4,11-25%,ALD:BA,achievement level,Percent at NAEP Basic,percent,,at NAEP Basic,2019,2024,33.0227934611735,,,,,0,268437504,response rate below 85%; skipped-variable note,268435715,reporting standard not met; extreme percentage; standard error not applicable; skipped-variable note,SUBJ=MAT|COHORT=2|DEPVAR=MRPCM|SAMPLES=R3|YEAR=2019|JURISDICTIONS=CA|C051651=4|STAT=ALD:BA || SUBJ=MAT|COHORT=2|DEPVAR=MRPCM|SAMPLES=R3|YEAR=2024|JURISDICTIONS=CA|C051651=4|STAT=ALD:BA,https://www.nationsreportcard.gov/DataService/GetAdhocData.aspx?type=sigacrossyear&subject=mathematics&grade=8&subscale=MRPCM&variable=C051651&jurisdiction=CA&stattype=ALD%3ABA&Year=2019%2C2022%2C2024&ShowDetails=true&QCData=true&RevealDataKeys=true
2026-09-19T02:11:11.189Z,NDE,MAT,Mathematics,8,MRPCM,Composite mathematics scale (0-500),CA,California,C051651,Percent eligible for National School Lunch Program,4,11-25%,ALD:PR,achievement level,Percent at NAEP Proficient,percent,,at NAEP Proficient,2019,2024,31.6765452339558,,,,,0,268437504,response rate below 85%; skipped-variable note,268435715,reporting standard not met; extreme percentage; standard error not applicable; skipped-variable note,SUBJ=MAT|COHORT=2|DEPVAR=MRPCM|SAMPLES=R3|YEAR=2019|JURISDICTIONS=CA|C051651=4|STAT=ALD:PR || SUBJ=MAT|COHORT=2|DEPVAR=MRPCM|SAMPLES=R3|YEAR=2024|JURISDICTIONS=CA|C051651=4|STAT=ALD:PR,https://www.nationsreportcard.gov/DataService/GetAdhocData.aspx?type=sigacrossyear&subject=mathematics&grade=8&subscale=MRPCM&variable=C051651&jurisdiction=CA&stattype=ALD%3APR&Year=2019%2C2022%2C2024&ShowDetails=true&QCData=true&RevealDataKeys=true
2026-09-19T02:11:11.189Z,NDE,MAT,Mathematics,8,MRPCM,Composite mathematics scale (0-500),CA,California,C051651,Percent eligible for National School Lunch Program,4,11-25%,ALD:AD,achievement level,Percent at NAEP Advanced,percent,,at NAEP Advanced,2019,2024,16.0219765868183,,,,,0,268437504,response rate below 85%; skipped-variable note,268435715,reporting standard not met; extreme percentage; standard error not applicable; skipped-variable note,SUBJ=MAT|COHORT=2|DEPVAR=MRPCM|SAMPLES=R3|YEAR=2019|JURISDICTIONS=CA|C051651=4|STAT=ALD:AD || SUBJ=MAT|COHORT=2|DEPVAR=MRPCM|SAMPLES=R3|YEAR=2024|JURISDICTIONS=CA|C051651=4|STAT=ALD:AD,https://www.nationsreportcard.gov/DataService/GetAdhocData.aspx?type=sigacrossyear&subject=mathematics&grade=8&subscale=MRPCM&variable=C051651&jurisdiction=CA&stattype=ALD%3AAD&Year=2019%2C2022%2C2024&ShowDetails=true&QCData=true&RevealDataKeys=true
2026-09-19T02:11:11.189Z,NDE,MAT,Mathematics,8,MRPCM,Composite mathematics scale (0-500),CA,California,C051651,Percent eligible for National School Lunch Program,4,11-25%,ALC:BB,achievement level,Percent below NAEP Basic,percent,,below NAEP Basic,2019,2024,19.2786847180524,,,,,0,268437504,response rate below 85%; skipped-variable note,268435715,reporting standard not met; extreme percentage; standard error not applicable; skipped-variable note,SUBJ=MAT|COHORT=2|DEPVAR=MRPCM|SAMPLES=R3|YEAR=2019|JURISDICTIONS=CA|C051651=4|STAT=ALC:BB || SUBJ=MAT|COHORT=2|DEPVAR=MRPCM|SAMPLES=R3|YEAR=2024|JURISDICTIONS=CA|C051651=4|STAT=ALC:BB,https://www.nationsreportcard.gov/DataService/GetAdhocData.aspx?type=sigacrossyear&subject=mathematics&grade=8&subscale=MRPCM&variable=C051651&jurisdiction=CA&stattype=ALC%3ABB&Year=2019%2C2022%2C2024&ShowDetails=true&QCData=true&RevealDataKeys=true
2026-09-19T02:11:11.189Z,NDE,MAT,Mathematics,8,MRPCM,Composite mathematics scale (0-500),CA,California,C051651,Percent eligible for National School Lunch Program,4,11-25%,ALC:AB,achievement level,Percent at or above NAEP Basic,percent,,at or above NAEP Basic,2019,2024,80.7213152819476,,,,,0,268437504,response rate below 85%; skipped-variable note,268435715,reporting standard not met; extreme percentage; standard error not applicable; skipped-variable note,SUBJ=MAT|COHORT=2|DEPVAR=MRPCM|SAMPLES=R3|YEAR=2019|JURISDICTIONS=CA|C051651=4|STAT=ALC:AB || SUBJ=MAT|COHORT=2|DEPVAR=MRPCM|SAMPLES=R3|YEAR=2024|JURISDICTIONS=CA|C051651=4|STAT=ALC:AB,https://www.nationsreportcard.gov/DataService/GetAdhocData.aspx?type=sigacrossyear&subject=mathematics&grade=8&subscale=MRPCM&variable=C051651&jurisdiction=CA&stattype=ALC%3AAB&Year=2019%2C2022%2C2024&ShowDetails=true&QCData=true&RevealDataKeys=true
2026-09-19T02:11:11.189Z,NDE,MAT,Mathematics,8,MRPCM,Composite mathematics scale (0-500),CA,California,C051651,Percent eligible for National School Lunch Program,4,11-25%,ALC:AP,achievement level,Percent at or above NAEP Proficient,percent,,at or above NAEP Proficient,2019,2024,47.6985218207741,,,,,0,268437504,response rate below 85%; skipped-variable note,268435715,reporting standard not met; extreme percentage; standard error not applicable; skipped-variable note,SUBJ=MAT|COHORT=2|DEPVAR=MRPCM|SAMPLES=R3|YEAR=2019|JURISDICTIONS=CA|C051651=4|STAT=ALC:AP || SUBJ=MAT|COHORT=2|DEPVAR=MRPCM|SAMPLES=R3|YEAR=2024|JURISDICTIONS=CA|C051651=4|STAT=ALC:AP,https://www.nationsreportcard.gov/DataService/GetAdhocData.aspx?type=sigacrossyear&subject=mathematics&grade=8&subscale=MRPCM&variable=C051651&jurisdiction=CA&stattype=ALC%3AAP&Year=2019%2C2022%2C2024&ShowDetails=true&QCData=true&RevealDataKeys=true
2026-09-19T02:11:11.189Z,NDE,MAT,Mathematics,8,MRPCM,Composite mathematics scale (0-500),CA,California,C051651,Percent eligible for National School Lunch Program,4,11-25%,ALC:AD,achievement level,Percent at NAEP Advanced (cumulative code),percent,,at NAEP Advanced (cumulative code),2019,2024,16.0219765868183,,,,,0,268437504,response rate below 85%; skipped-variable note,268435715,reporting standard not met; extreme percentage; standard error not applicable; skipped-variable note,SUBJ=MAT|COHORT=2|DEPVAR=MRPCM|SAMPLES=R3|YEAR=2019|JURISDICTIONS=CA|C051651=4|STAT=ALC:AD || SUBJ=MAT|COHORT=2|DEPVAR=MRPCM|SAMPLES=R3|YEAR=2024|JURISDICTIONS=CA|C051651=4|STAT=ALC:AD,https://www.nationsreportcard.gov/DataService/GetAdhocData.aspx?type=sigacrossyear&subject=mathematics&grade=8&subscale=MRPCM&variable=C051651&jurisdiction=CA&stattype=ALC%3AAD&Year=2019%2C2022%2C2024&ShowDetails=true&QCData=true&RevealDataKeys=true
2026-09-19T02:11:11.189Z,NDE,MAT,Mathematics,8,MRPCM,Composite mathematics scale (0-500),CA,California,C051651,Percent eligible for National School Lunch Program,5,26-34%,MN:MN,location,Average scale score,scale score,,,2019,2024,288.64294233465,,,,,0,268437504,response rate below 85%; skipped-variable note,268435713,reporting standard not met; standard error not applicable; skipped-variable note,SUBJ=MAT|COHORT=2|DEPVAR=MRPCM|SAMPLES=R3|YEAR=2019|JURISDICTIONS=CA|C051651=5|STAT=MN:MN || SUBJ=MAT|COHORT=2|DEPVAR=MRPCM|SAMPLES=R3|YEAR=2024|JURISDICTIONS=CA|C051651=5|STAT=MN:MN,https://www.nationsreportcard.gov/DataService/GetAdhocData.aspx?type=sigacrossyear&subject=mathematics&grade=8&subscale=MRPCM&variable=C051651&jurisdiction=CA&stattype=MN%3AMN&Year=2019%2C2022%2C2024&ShowDetails=true&QCData=true&RevealDataKeys=true
2026-09-19T02:11:11.189Z,NDE,MAT,Mathematics,8,MRPCM,Composite mathematics scale (0-500),CA,California,C051651,Percent eligible for National School Lunch Program,5,26-34%,PC:P1,percentile,10th percentile scale score,scale score,10.0,,2019,2024,237.458000183106,,,,,0,268437504,response rate below 85%; skipped-variable note,268435713,reporting standard not met; standard error not applicable; skipped-variable note,SUBJ=MAT|COHORT=2|DEPVAR=MRPCM|SAMPLES=R3|YEAR=2019|JURISDICTIONS=CA|C051651=5|STAT=PC:P1 || SUBJ=MAT|COHORT=2|DEPVAR=MRPCM|SAMPLES=R3|YEAR=2024|JURISDICTIONS=CA|C051651=5|STAT=PC:P1,https://www.nationsreportcard.gov/DataService/GetAdhocData.aspx?type=sigacrossyear&subject=mathematics&grade=8&subscale=MRPCM&variable=C051651&jurisdiction=CA&stattype=PC%3AP1&Year=2019%2C2022%2C2024&ShowDetails=true&QCData=true&RevealDataKeys=true
2026-09-19T02:11:11.189Z,NDE,MAT,Mathematics,8,MRPCM,Composite mathematics scale (0-500),CA,California,C051651,Percent eligible for National School Lunch Program,5,26-34%,PC:P2,percentile,25th percentile scale score,scale score,25.0,,2019,2024,261.733499145508,,,,,0,268437504,response rate below 85%; skipped-variable note,268435713,reporting standard not met; standard error not applicable; skipped-variable note,SUBJ=MAT|COHORT=2|DEPVAR=MRPCM|SAMPLES=R3|YEAR=2019|JURISDICTIONS=CA|C051651=5|STAT=PC:P2 || SUBJ=MAT|COHORT=2|DEPVAR=MRPCM|SAMPLES=R3|YEAR=2024|JURISDICTIONS=CA|C051651=5|STAT=PC:P2,https://www.nationsreportcard.gov/DataService/GetAdhocData.aspx?type=sigacrossyear&subject=mathematics&grade=8&subscale=MRPCM&variable=C051651&jurisdiction=CA&stattype=PC%3AP2&Year=2019%2C2022%2C2024&ShowDetails=true&QCData=true&RevealDataKeys=true
2026-09-19T02:11:11.189Z,NDE,MAT,Mathematics,8,MRPCM,Composite mathematics scale (0-500),CA,California,C051651,Percent eligible for National School Lunch Program,5,26-34%,PC:P5,percentile,50th percentile scale score,scale score,50.0,,2019,2024,289.690502929688,,,,,0,268437504,response rate below 85%; skipped-variable note,268435713,reporting standard not met; standard error not applicable; skipped-variable note,SUBJ=MAT|COHORT=2|DEPVAR=MRPCM|SAMPLES=R3|YEAR=2019|JURISDICTIONS=CA|C051651=5|STAT=PC:P5 || SUBJ=MAT|COHORT=2|DEPVAR=MRPCM|SAMPLES=R3|YEAR=2024|JURISDICTIONS=CA|C051651=5|STAT=PC:P5,https://www.nationsreportcard.gov/DataService/GetAdhocData.aspx?type=sigacrossyear&subject=mathematics&grade=8&subscale=MRPCM&variable=C051651&jurisdiction=CA&stattype=PC%3AP5&Year=2019%2C2022%2C2024&ShowDetails=true&QCData=true&RevealDataKeys=true
2026-09-19T02:11:11.189Z,NDE,MAT,Mathematics,8,MRPCM,Composite mathematics scale (0-500),CA,California,C051651,Percent eligible for National School Lunch Program,5,26-34%,PC:P7,percentile,75th percentile scale score,scale score,75.0,,2019,2024,315.253503417969,,,,,0,268437504,response rate below 85%; skipped-variable note,268435713,reporting standard not met; standard error not applicable; skipped-variable note,SUBJ=MAT|COHORT=2|DEPVAR=MRPCM|SAMPLES=R3|YEAR=2019|JURISDICTIONS=CA|C051651=5|STAT=PC:P7 || SUBJ=MAT|COHORT=2|DEPVAR=MRPCM|SAMPLES=R3|YEAR=2024|JURISDICTIONS=CA|C051651=5|STAT=PC:P7,https://www.nationsreportcard.gov/DataService/GetAdhocData.aspx?type=sigacrossyear&subject=mathematics&grade=8&subscale=MRPCM&variable=C051651&jurisdiction=CA&stattype=PC%3AP7&Year=2019%2C2022%2C2024&ShowDetails=true&QCData=true&RevealDataKeys=true
2026-09-19T02:11:11.189Z,NDE,MAT,Mathematics,8,MRPCM,Composite mathematics scale (0-500),CA,California,C051651,Percent eligible for National School Lunch Program,5,26-34%,PC:P9,percentile,90th percentile scale score,scale score,90.0,,2019,2024,336.28399810791,,,,,0,268437504,response rate below 85%; skipped-variable note,268435713,reporting standard not met; standard error not applicable; skipped-variable note,SUBJ=MAT|COHORT=2|DEPVAR=MRPCM|SAMPLES=R3|YEAR=2019|JURISDICTIONS=CA|C051651=5|STAT=PC:P9 || SUBJ=MAT|COHORT=2|DEPVAR=MRPCM|SAMPLES=R3|YEAR=2024|JURISDICTIONS=CA|C051651=5|STAT=PC:P9,https://www.nationsreportcard.gov/DataService/GetAdhocData.aspx?type=sigacrossyear&subject=mathematics&grade=8&subscale=MRPCM&variable=C051651&jurisdiction=CA&stattype=PC%3AP9&Year=2019%2C2022%2C2024&ShowDetails=true&QCData=true&RevealDataKeys=true
2026-09-19T02:11:11.189Z,NDE,MAT,Mathematics,8,MRPCM,Composite mathematics scale (0-500),CA,California,C051651,Percent eligible for National School Lunch Program,5,26-34%,ALD:BA,achievement level,Percent at NAEP Basic,percent,,at NAEP Basic,2019,2024,34.668144795908,,,,,0,268437504,response rate below 85%; skipped-variable note,268435715,reporting standard not met; extreme percentage; standard error not applicable; skipped-variable note,SUBJ=MAT|COHORT=2|DEPVAR=MRPCM|SAMPLES=R3|YEAR=2019|JURISDICTIONS=CA|C051651=5|STAT=ALD:BA || SUBJ=MAT|COHORT=2|DEPVAR=MRPCM|SAMPLES=R3|YEAR=2024|JURISDICTIONS=CA|C051651=5|STAT=ALD:BA,https://www.nationsreportcard.gov/DataService/GetAdhocData.aspx?type=sigacrossyear&subject=mathematics&grade=8&subscale=MRPCM&variable=C051651&jurisdiction=CA&stattype=ALD%3ABA&Year=2019%2C2022%2C2024&ShowDetails=true&QCData=true&RevealDataKeys=true
2026-09-19T02:11:11.189Z,NDE,MAT,Mathematics,8,MRPCM,Composite mathematics scale (0-500),CA,California,C051651,Percent eligible for National School Lunch Program,5,26-34%,ALD:PR,achievement level,Percent at NAEP Proficient,percent,,at NAEP Proficient,2019,2024,28.1513922869524,,,,,0,268437504,response rate below 85%; skipped-variable note,268435715,reporting standard not met; extreme percentage; standard error not applicable; skipped-variable note,SUBJ=MAT|COHORT=2|DEPVAR=MRPCM|SAMPLES=R3|YEAR=2019|JURISDICTIONS=CA|C051651=5|STAT=ALD:PR || SUBJ=MAT|COHORT=2|DEPVAR=MRPCM|SAMPLES=R3|YEAR=2024|JURISDICTIONS=CA|C051651=5|STAT=ALD:PR,https://www.nationsreportcard.gov/DataService/GetAdhocData.aspx?type=sigacrossyear&subject=mathematics&grade=8&subscale=MRPCM&variable=C051651&jurisdiction=CA&stattype=ALD%3APR&Year=2019%2C2022%2C2024&ShowDetails=true&QCData=true&RevealDataKeys=true
2026-09-19T02:11:11.189Z,NDE,MAT,Mathematics,8,MRPCM,Composite mathematics scale (0-500),CA,California,C051651,Percent eligible for National School Lunch Program,5,26-34%,ALD:AD,achievement level,Percent at NAEP Advanced,percent,,at NAEP Advanced,2019,2024,12.0051084344547,,,,,0,268437504,response rate below 85%; skipped-variable note,268435715,reporting standard not met; extreme percentage; standard error not applicable; skipped-variable note,SUBJ=MAT|COHORT=2|DEPVAR=MRPCM|SAMPLES=R3|YEAR=2019|JURISDICTIONS=CA|C051651=5|STAT=ALD:AD || SUBJ=MAT|COHORT=2|DEPVAR=MRPCM|SAMPLES=R3|YEAR=2024|JURISDICTIONS=CA|C051651=5|STAT=ALD:AD,https://www.nationsreportcard.gov/DataService/GetAdhocData.aspx?type=sigacrossyear&subject=mathematics&grade=8&subscale=MRPCM&variable=C051651&jurisdiction=CA&stattype=ALD%3AAD&Year=2019%2C2022%2C2024&ShowDetails=true&QCData=true&RevealDataKeys=true
2026-09-19T02:11:11.189Z,NDE,MAT,Mathematics,8,MRPCM,Composite mathematics scale (0-500),CA,California,C051651,Percent eligible for National School Lunch Program,5,26-34%,ALC:BB,achievement level,Percent below NAEP Basic,percent,,below NAEP Basic,2019,2024,25.1753544826848,,,,,0,268437504,response rate below 85%; skipped-variable note,268435715,reporting standard not met; extreme percentage; standard error not applicable; skipped-variable note,SUBJ=MAT|COHORT=2|DEPVAR=MRPCM|SAMPLES=R3|YEAR=2019|JURISDICTIONS=CA|C051651=5|STAT=ALC:BB || SUBJ=MAT|COHORT=2|DEPVAR=MRPCM|SAMPLES=R3|YEAR=2024|JURISDICTIONS=CA|C051651=5|STAT=ALC:BB,https://www.nationsreportcard.gov/DataService/GetAdhocData.aspx?type=sigacrossyear&subject=mathematics&grade=8&subscale=MRPCM&variable=C051651&jurisdiction=CA&stattype=ALC%3ABB&Year=2019%2C2022%2C2024&ShowDetails=true&QCData=true&RevealDataKeys=true
2026-09-19T02:11:11.189Z,NDE,MAT,Mathematics,8,MRPCM,Composite mathematics scale (0-500),CA,California,C051651,Percent eligible for National School Lunch Program,5,26-34%,ALC:AB,achievement level,Percent at or above NAEP Basic,percent,,at or above NAEP Basic,2019,2024,74.8246455173151,,,,,0,268437504,response rate below 85%; skipped-variable note,268435715,reporting standard not met; extreme percentage; standard error not applicable; skipped-variable note,SUBJ=MAT|COHORT=2|DEPVAR=MRPCM|SAMPLES=R3|YEAR=2019|JURISDICTIONS=CA|C051651=5|STAT=ALC:AB || SUBJ=MAT|COHORT=2|DEPVAR=MRPCM|SAMPLES=R3|YEAR=2024|JURISDICTIONS=CA|C051651=5|STAT=ALC:AB,https://www.nationsreportcard.gov/DataService/GetAdhocData.aspx?type=sigacrossyear&subject=mathematics&grade=8&subscale=MRPCM&variable=C051651&jurisdiction=CA&stattype=ALC%3AAB&Year=2019%2C2022%2C2024&ShowDetails=true&QCData=true&RevealDataKeys=true
2026-09-19T02:11:11.189Z,NDE,MAT,Mathematics,8,MRPCM,Composite mathematics scale (0-500),CA,California,C051651,Percent eligible for National School Lunch Program,5,26-34%,ALC:AP,achievement level,Percent at or above NAEP Proficient,percent,,at or above NAEP Proficient,2019,2024,40.1565007214071,,,,,0,268437504,response rate below 85%; skipped-variable note,268435715,reporting standard not met; extreme percentage; standard error not applicable; skipped-variable note,SUBJ=MAT|COHORT=2|DEPVAR=MRPCM|SAMPLES=R3|YEAR=2019|JURISDICTIONS=CA|C051651=5|STAT=ALC:AP || SUBJ=MAT|COHORT=2|DEPVAR=MRPCM|SAMPLES=R3|YEAR=2024|JURISDICTIONS=CA|C051651=5|STAT=ALC:AP,https://www.nationsreportcard.gov/DataService/GetAdhocData.aspx?type=sigacrossyear&subject=mathematics&grade=8&subscale=MRPCM&variable=C051651&jurisdiction=CA&stattype=ALC%3AAP&Year=2019%2C2022%2C2024&ShowDetails=true&QCData=true&RevealDataKeys=true
2026-09-19T02:11:11.189Z,NDE,MAT,Mathematics,8,MRPCM,Composite mathematics scale (0-500),CA,California,C051651,Percent eligible for National School Lunch Program,5,26-34%,ALC:AD,achievement level,Percent at NAEP Advanced (cumulative code),percent,,at NAEP Advanced (cumulative code),2019,2024,12.0051084344547,,,,,0,268437504,response rate below 85%; skipped-variable note,268435715,reporting standard not met; extreme percentage; standard error not applicable; skipped-variable note,SUBJ=MAT|COHORT=2|DEPVAR=MRPCM|SAMPLES=R3|YEAR=2019|JURISDICTIONS=CA|C051651=5|STAT=ALC:AD || SUBJ=MAT|COHORT=2|DEPVAR=MRPCM|SAMPLES=R3|YEAR=2024|JURISDICTIONS=CA|C051651=5|STAT=ALC:AD,https://www.nationsreportcard.gov/DataService/GetAdhocData.aspx?type=sigacrossyear&subject=mathematics&grade=8&subscale=MRPCM&variable=C051651&jurisdiction=CA&stattype=ALC%3AAD&Year=2019%2C2022%2C2024&ShowDetails=true&QCData=true&RevealDataKeys=true
2026-09-19T02:11:11.189Z,NDE,MAT,Mathematics,8,MRPCM,Composite mathematics scale (0-500),CA,California,C051651,Percent eligible for National School Lunch Program,6,35-50%,MN:MN,location,Average scale score,scale score,,,2019,2024,286.762137523832,293.861740285465,7.09960276163298,no statistically significant difference,EQUAL,1,268437504,response rate below 85%; skipped-variable note,268437504,response rate below 85%; skipped-variable note,SUBJ=MAT|COHORT=2|DEPVAR=MRPCM|SAMPLES=R3|YEAR=2019|JURISDICTIONS=CA|C051651=6|STAT=MN:MN || SUBJ=MAT|COHORT=2|DEPVAR=MRPCM|SAMPLES=R3|YEAR=2024|JURISDICTIONS=CA|C051651=6|STAT=MN:MN,https://www.nationsreportcard.gov/DataService/GetAdhocData.aspx?type=sigacrossyear&subject=mathematics&grade=8&subscale=MRPCM&variable=C051651&jurisdiction=CA&stattype=MN%3AMN&Year=2019%2C2022%2C2024&ShowDetails=true&QCData=true&RevealDataKeys=true
2026-09-19T02:11:11.189Z,NDE,MAT,Mathematics,8,MRPCM,Composite mathematics scale (0-500),CA,California,C051651,Percent eligible for National School Lunch Program,6,35-50%,PC:P1,percentile,10th percentile scale score,scale score,10.0,,2019,2024,233.437999725342,240.874498748779,7.436499023436994,no statistically significant difference,EQUAL,1,268437504,response rate below 85%; skipped-variable note,268437504,response rate below 85%; skipped-variable note,SUBJ=MAT|COHORT=2|DEPVAR=MRPCM|SAMPLES=R3|YEAR=2019|JURISDICTIONS=CA|C051651=6|STAT=PC:P1 || SUBJ=MAT|COHORT=2|DEPVAR=MRPCM|SAMPLES=R3|YEAR=2024|JURISDICTIONS=CA|C051651=6|STAT=PC:P1,https://www.nationsreportcard.gov/DataService/GetAdhocData.aspx?type=sigacrossyear&subject=mathematics&grade=8&subscale=MRPCM&variable=C051651&jurisdiction=CA&stattype=PC%3AP1&Year=2019%2C2022%2C2024&ShowDetails=true&QCData=true&RevealDataKeys=true
2026-09-19T02:11:11.189Z,NDE,MAT,Mathematics,8,MRPCM,Composite mathematics scale (0-500),CA,California,C051651,Percent eligible for National School Lunch Program,6,35-50%,PC:P2,percentile,25th percentile scale score,scale score,25.0,,2019,2024,260.087998962403,273.699000549316,13.611001586913003,no statistically significant difference,EQUAL,1,268437504,response rate below 85%; skipped-variable note,268437504,response rate below 85%; skipped-variable note,SUBJ=MAT|COHORT=2|DEPVAR=MRPCM|SAMPLES=R3|YEAR=2019|JURISDICTIONS=CA|C051651=6|STAT=PC:P2 || SUBJ=MAT|COHORT=2|DEPVAR=MRPCM|SAMPLES=R3|YEAR=2024|JURISDICTIONS=CA|C051651=6|STAT=PC:P2,https://www.nationsreportcard.gov/DataService/GetAdhocData.aspx?type=sigacrossyear&subject=mathematics&grade=8&subscale=MRPCM&variable=C051651&jurisdiction=CA&stattype=PC%3AP2&Year=2019%2C2022%2C2024&ShowDetails=true&QCData=true&RevealDataKeys=true
2026-09-19T02:11:11.189Z,NDE,MAT,Mathematics,8,MRPCM,Composite mathematics scale (0-500),CA,California,C051651,Percent eligible for National School Lunch Program,6,35-50%,PC:P5,percentile,50th percentile scale score,scale score,50.0,,2019,2024,288.094996643067,297.482499694824,9.387503051756994,no statistically significant difference,EQUAL,1,268437504,response rate below 85%; skipped-variable note,268437504,response rate below 85%; skipped-variable note,SUBJ=MAT|COHORT=2|DEPVAR=MRPCM|SAMPLES=R3|YEAR=2019|JURISDICTIONS=CA|C051651=6|STAT=PC:P5 || SUBJ=MAT|COHORT=2|DEPVAR=MRPCM|SAMPLES=R3|YEAR=2024|JURISDICTIONS=CA|C051651=6|STAT=PC:P5,https://www.nationsreportcard.gov/DataService/GetAdhocData.aspx?type=sigacrossyear&subject=mathematics&grade=8&subscale=MRPCM&variable=C051651&jurisdiction=CA&stattype=PC%3AP5&Year=2019%2C2022%2C2024&ShowDetails=true&QCData=true&RevealDataKeys=true
2026-09-19T02:11:11.189Z,NDE,MAT,Mathematics,8,MRPCM,Composite mathematics scale (0-500),CA,California,C051651,Percent eligible for National School Lunch Program,6,35-50%,PC:P7,percentile,75th percentile scale score,scale score,75.0,,2019,2024,315.558505249024,317.114999389648,1.556494140624011,no statistically significant difference,EQUAL,1,268437504,response rate below 85%; skipped-variable note,268437504,response rate below 85%; skipped-variable note,SUBJ=MAT|COHORT=2|DEPVAR=MRPCM|SAMPLES=R3|YEAR=2019|JURISDICTIONS=CA|C051651=6|STAT=PC:P7 || SUBJ=MAT|COHORT=2|DEPVAR=MRPCM|SAMPLES=R3|YEAR=2024|JURISDICTIONS=CA|C051651=6|STAT=PC:P7,https://www.nationsreportcard.gov/DataService/GetAdhocData.aspx?type=sigacrossyear&subject=mathematics&grade=8&subscale=MRPCM&variable=C051651&jurisdiction=CA&stattype=PC%3AP7&Year=2019%2C2022%2C2024&ShowDetails=true&QCData=true&RevealDataKeys=true
2026-09-19T02:11:11.189Z,NDE,MAT,Mathematics,8,MRPCM,Composite mathematics scale (0-500),CA,California,C051651,Percent eligible for National School Lunch Program,6,35-50%,PC:P9,percentile,90th percentile scale score,scale score,90.0,,2019,2024,339.015496826172,338.175999450684,-0.8394973754880084,no statistically significant difference,EQUAL,1,268437504,response rate below 85%; skipped-variable note,268437504,response rate below 85%; skipped-variable note,SUBJ=MAT|COHORT=2|DEPVAR=MRPCM|SAMPLES=R3|YEAR=2019|JURISDICTIONS=CA|C051651=6|STAT=PC:P9 || SUBJ=MAT|COHORT=2|DEPVAR=MRPCM|SAMPLES=R3|YEAR=2024|JURISDICTIONS=CA|C051651=6|STAT=PC:P9,https://www.nationsreportcard.gov/DataService/GetAdhocData.aspx?type=sigacrossyear&subject=mathematics&grade=8&subscale=MRPCM&variable=C051651&jurisdiction=CA&stattype=PC%3AP9&Year=2019%2C2022%2C2024&ShowDetails=true&QCData=true&RevealDataKeys=true
2026-09-19T02:11:11.189Z,NDE,MAT,Mathematics,8,MRPCM,Composite mathematics scale (0-500),CA,California,C051651,Percent eligible for National School Lunch Program,6,35-50%,ALD:BA,achievement level,Percent at NAEP Basic,percent,,at NAEP Basic,2019,2024,35.0888148694443,36.044571240384,0.955756370939703,no statistically significant difference,EQUAL,1,268437504,response rate below 85%; skipped-variable note,268437504,response rate below 85%; skipped-variable note,SUBJ=MAT|COHORT=2|DEPVAR=MRPCM|SAMPLES=R3|YEAR=2019|JURISDICTIONS=CA|C051651=6|STAT=ALD:BA || SUBJ=MAT|COHORT=2|DEPVAR=MRPCM|SAMPLES=R3|YEAR=2024|JURISDICTIONS=CA|C051651=6|STAT=ALD:BA,https://www.nationsreportcard.gov/DataService/GetAdhocData.aspx?type=sigacrossyear&subject=mathematics&grade=8&subscale=MRPCM&variable=C051651&jurisdiction=CA&stattype=ALD%3ABA&Year=2019%2C2022%2C2024&ShowDetails=true&QCData=true&RevealDataKeys=true
2026-09-19T02:11:11.189Z,NDE,MAT,Mathematics,8,MRPCM,Composite mathematics scale (0-500),CA,California,C051651,Percent eligible for National School Lunch Program,6,35-50%,ALD:PR,achievement level,Percent at NAEP Proficient,percent,,at NAEP Proficient,2019,2024,25.8302784014241,35.1032995668079,9.2730211653838,no statistically significant difference,EQUAL,1,268437504,response rate below 85%; skipped-variable note,268437504,response rate below 85%; skipped-variable note,SUBJ=MAT|COHORT=2|DEPVAR=MRPCM|SAMPLES=R3|YEAR=2019|JURISDICTIONS=CA|C051651=6|STAT=ALD:PR || SUBJ=MAT|COHORT=2|DEPVAR=MRPCM|SAMPLES=R3|YEAR=2024|JURISDICTIONS=CA|C051651=6|STAT=ALD:PR,https://www.nationsreportcard.gov/DataService/GetAdhocData.aspx?type=sigacrossyear&subject=mathematics&grade=8&subscale=MRPCM&variable=C051651&jurisdiction=CA&stattype=ALD%3APR&Year=2019%2C2022%2C2024&ShowDetails=true&QCData=true&RevealDataKeys=true
2026-09-19T02:11:11.189Z,NDE,MAT,Mathematics,8,MRPCM,Composite mathematics scale (0-500),CA,California,C051651,Percent eligible for National School Lunch Program,6,35-50%,ALD:AD,achievement level,Percent at NAEP Advanced,percent,,at NAEP Advanced,2019,2024,12.6988746291165,12.7196992587314,0.0208246296148999,no statistically significant difference,EQUAL,1,268437504,response rate below 85%; skipped-variable note,268437504,response rate below 85%; skipped-variable note,SUBJ=MAT|COHORT=2|DEPVAR=MRPCM|SAMPLES=R3|YEAR=2019|JURISDICTIONS=CA|C051651=6|STAT=ALD:AD || SUBJ=MAT|COHORT=2|DEPVAR=MRPCM|SAMPLES=R3|YEAR=2024|JURISDICTIONS=CA|C051651=6|STAT=ALD:AD,https://www.nationsreportcard.gov/DataService/GetAdhocData.aspx?type=sigacrossyear&subject=mathematics&grade=8&subscale=MRPCM&variable=C051651&jurisdiction=CA&stattype=ALD%3AAD&Year=2019%2C2022%2C2024&ShowDetails=true&QCData=true&RevealDataKeys=true
2026-09-19T02:11:11.189Z,NDE,MAT,Mathematics,8,MRPCM,Composite mathematics scale (0-500),CA,California,C051651,Percent eligible for National School Lunch Program,6,35-50%,ALC:BB,achievement level,Percent below NAEP Basic,percent,,below NAEP Basic,2019,2024,26.382032100015,16.1324299340767,-10.2496021659383,follow-up lower,HIGHER,1,268437504,response rate below 85%; skipped-variable note,268437504,response rate below 85%; skipped-variable note,SUBJ=MAT|COHORT=2|DEPVAR=MRPCM|SAMPLES=R3|YEAR=2019|JURISDICTIONS=CA|C051651=6|STAT=ALC:BB || SUBJ=MAT|COHORT=2|DEPVAR=MRPCM|SAMPLES=R3|YEAR=2024|JURISDICTIONS=CA|C051651=6|STAT=ALC:BB,https://www.nationsreportcard.gov/DataService/GetAdhocData.aspx?type=sigacrossyear&subject=mathematics&grade=8&subscale=MRPCM&variable=C051651&jurisdiction=CA&stattype=ALC%3ABB&Year=2019%2C2022%2C2024&ShowDetails=true&QCData=true&RevealDataKeys=true
2026-09-19T02:11:11.189Z,NDE,MAT,Mathematics,8,MRPCM,Composite mathematics scale (0-500),CA,California,C051651,Percent eligible for National School Lunch Program,6,35-50%,ALC:AB,achievement level,Percent at or above NAEP Basic,percent,,at or above NAEP Basic,2019,2024,73.617967899985,83.8675700659233,10.2496021659383,follow-up higher,LOWER,1,268437504,response rate below 85%; skipped-variable note,268437504,response rate below 85%; skipped-variable note,SUBJ=MAT|COHORT=2|DEPVAR=MRPCM|SAMPLES=R3|YEAR=2019|JURISDICTIONS=CA|C051651=6|STAT=ALC:AB || SUBJ=MAT|COHORT=2|DEPVAR=MRPCM|SAMPLES=R3|YEAR=2024|JURISDICTIONS=CA|C051651=6|STAT=ALC:AB,https://www.nationsreportcard.gov/DataService/GetAdhocData.aspx?type=sigacrossyear&subject=mathematics&grade=8&subscale=MRPCM&variable=C051651&jurisdiction=CA&stattype=ALC%3AAB&Year=2019%2C2022%2C2024&ShowDetails=true&QCData=true&RevealDataKeys=true
2026-09-19T02:11:11.189Z,NDE,MAT,Mathematics,8,MRPCM,Composite mathematics scale (0-500),CA,California,C051651,Percent eligible for National School Lunch Program,6,35-50%,ALC:AP,achievement level,Percent at or above NAEP Proficient,percent,,at or above NAEP Proficient,2019,2024,38.5291530305407,47.8229988255393,9.293845794998605,no statistically significant difference,EQUAL,1,268437504,response rate below 85%; skipped-variable note,268437504,response rate below 85%; skipped-variable note,SUBJ=MAT|COHORT=2|DEPVAR=MRPCM|SAMPLES=R3|YEAR=2019|JURISDICTIONS=CA|C051651=6|STAT=ALC:AP || SUBJ=MAT|COHORT=2|DEPVAR=MRPCM|SAMPLES=R3|YEAR=2024|JURISDICTIONS=CA|C051651=6|STAT=ALC:AP,https://www.nationsreportcard.gov/DataService/GetAdhocData.aspx?type=sigacrossyear&subject=mathematics&grade=8&subscale=MRPCM&variable=C051651&jurisdiction=CA&stattype=ALC%3AAP&Year=2019%2C2022%2C2024&ShowDetails=true&QCData=true&RevealDataKeys=true
2026-09-19T02:11:11.189Z,NDE,MAT,Mathematics,8,MRPCM,Composite mathematics scale (0-500),CA,California,C051651,Percent eligible for National School Lunch Program,6,35-50%,ALC:AD,achievement level,Percent at NAEP Advanced (cumulative code),percent,,at NAEP Advanced (cumulative code),2019,2024,12.6988746291165,12.7196992587314,0.0208246296148999,no statistically significant difference,EQUAL,1,268437504,response rate below 85%; skipped-variable note,268437504,response rate below 85%; skipped-variable note,SUBJ=MAT|COHORT=2|DEPVAR=MRPCM|SAMPLES=R3|YEAR=2019|JURISDICTIONS=CA|C051651=6|STAT=ALC:AD || SUBJ=MAT|COHORT=2|DEPVAR=MRPCM|SAMPLES=R3|YEAR=2024|JURISDICTIONS=CA|C051651=6|STAT=ALC:AD,https://www.nationsreportcard.gov/DataService/GetAdhocData.aspx?type=sigacrossyear&subject=mathematics&grade=8&subscale=MRPCM&variable=C051651&jurisdiction=CA&stattype=ALC%3AAD&Year=2019%2C2022%2C2024&ShowDetails=true&QCData=true&RevealDataKeys=true
2026-09-19T02:11:11.189Z,NDE,MAT,Mathematics,8,MRPCM,Composite mathematics scale (0-500),CA,California,C051651,Percent eligible for National School Lunch Program,7,51-75%,MN:MN,location,Average scale score,scale score,,,2019,2024,272.394041949939,,,,,0,268437504,response rate below 85%; skipped-variable note,268435713,reporting standard not met; standard error not applicable; skipped-variable note,SUBJ=MAT|COHORT=2|DEPVAR=MRPCM|SAMPLES=R3|YEAR=2019|JURISDICTIONS=CA|C051651=7|STAT=MN:MN || SUBJ=MAT|COHORT=2|DEPVAR=MRPCM|SAMPLES=R3|YEAR=2024|JURISDICTIONS=CA|C051651=7|STAT=MN:MN,https://www.nationsreportcard.gov/DataService/GetAdhocData.aspx?type=sigacrossyear&subject=mathematics&grade=8&subscale=MRPCM&variable=C051651&jurisdiction=CA&stattype=MN%3AMN&Year=2019%2C2022%2C2024&ShowDetails=true&QCData=true&RevealDataKeys=true
2026-09-19T02:11:11.189Z,NDE,MAT,Mathematics,8,MRPCM,Composite mathematics scale (0-500),CA,California,C051651,Percent eligible for National School Lunch Program,7,51-75%,PC:P1,percentile,10th percentile scale score,scale score,10.0,,2019,2024,221.758499145508,,,,,0,268437504,response rate below 85%; skipped-variable note,268435713,reporting standard not met; standard error not applicable; skipped-variable note,SUBJ=MAT|COHORT=2|DEPVAR=MRPCM|SAMPLES=R3|YEAR=2019|JURISDICTIONS=CA|C051651=7|STAT=PC:P1 || SUBJ=MAT|COHORT=2|DEPVAR=MRPCM|SAMPLES=R3|YEAR=2024|JURISDICTIONS=CA|C051651=7|STAT=PC:P1,https://www.nationsreportcard.gov/DataService/GetAdhocData.aspx?type=sigacrossyear&subject=mathematics&grade=8&subscale=MRPCM&variable=C051651&jurisdiction=CA&stattype=PC%3AP1&Year=2019%2C2022%2C2024&ShowDetails=true&QCData=true&RevealDataKeys=true
2026-09-19T02:11:11.189Z,NDE,MAT,Mathematics,8,MRPCM,Composite mathematics scale (0-500),CA,California,C051651,Percent eligible for National School Lunch Program,7,51-75%,PC:P2,percentile,25th percentile scale score,scale score,25.0,,2019,2024,244.331497955322,,,,,0,268437504,response rate below 85%; skipped-variable note,268435713,reporting standard not met; standard error not applicable; skipped-variable note,SUBJ=MAT|COHORT=2|DEPVAR=MRPCM|SAMPLES=R3|YEAR=2019|JURISDICTIONS=CA|C051651=7|STAT=PC:P2 || SUBJ=MAT|COHORT=2|DEPVAR=MRPCM|SAMPLES=R3|YEAR=2024|JURISDICTIONS=CA|C051651=7|STAT=PC:P2,https://www.nationsreportcard.gov/DataService/GetAdhocData.aspx?type=sigacrossyear&subject=mathematics&grade=8&subscale=MRPCM&variable=C051651&jurisdiction=CA&stattype=PC%3AP2&Year=2019%2C2022%2C2024&ShowDetails=true&QCData=true&RevealDataKeys=true
2026-09-19T02:11:11.189Z,NDE,MAT,Mathematics,8,MRPCM,Composite mathematics scale (0-500),CA,California,C051651,Percent eligible for National School Lunch Program,7,51-75%,PC:P5,percentile,50th percentile scale score,scale score,50.0,,2019,2024,272.846002197266,,,,,0,268437504,response rate below 85%; skipped-variable note,268435713,reporting standard not met; standard error not applicable; skipped-variable note,SUBJ=MAT|COHORT=2|DEPVAR=MRPCM|SAMPLES=R3|YEAR=2019|JURISDICTIONS=CA|C051651=7|STAT=PC:P5 || SUBJ=MAT|COHORT=2|DEPVAR=MRPCM|SAMPLES=R3|YEAR=2024|JURISDICTIONS=CA|C051651=7|STAT=PC:P5,https://www.nationsreportcard.gov/DataService/GetAdhocData.aspx?type=sigacrossyear&subject=mathematics&grade=8&subscale=MRPCM&variable=C051651&jurisdiction=CA&stattype=PC%3AP5&Year=2019%2C2022%2C2024&ShowDetails=true&QCData=true&RevealDataKeys=true
2026-09-19T02:11:11.189Z,NDE,MAT,Mathematics,8,MRPCM,Composite mathematics scale (0-500),CA,California,C051651,Percent eligible for National School Lunch Program,7,51-75%,PC:P7,percentile,75th percentile scale score,scale score,75.0,,2019,2024,298.855999755859,,,,,0,268437504,response rate below 85%; skipped-variable note,268435713,reporting standard not met; standard error not applicable; skipped-variable note,SUBJ=MAT|COHORT=2|DEPVAR=MRPCM|SAMPLES=R3|YEAR=2019|JURISDICTIONS=CA|C051651=7|STAT=PC:P7 || SUBJ=MAT|COHORT=2|DEPVAR=MRPCM|SAMPLES=R3|YEAR=2024|JURISDICTIONS=CA|C051651=7|STAT=PC:P7,https://www.nationsreportcard.gov/DataService/GetAdhocData.aspx?type=sigacrossyear&subject=mathematics&grade=8&subscale=MRPCM&variable=C051651&jurisdiction=CA&stattype=PC%3AP7&Year=2019%2C2022%2C2024&ShowDetails=true&QCData=true&RevealDataKeys=true
2026-09-19T02:11:11.189Z,NDE,MAT,Mathematics,8,MRPCM,Composite mathematics scale (0-500),CA,California,C051651,Percent eligible for National School Lunch Program,7,51-75%,PC:P9,percentile,90th percentile scale score,scale score,90.0,,2019,2024,325.116497802735,,,,,0,268437504,response rate below 85%; skipped-variable note,268435713,reporting standard not met; standard error not applicable; skipped-variable note,SUBJ=MAT|COHORT=2|DEPVAR=MRPCM|SAMPLES=R3|YEAR=2019|JURISDICTIONS=CA|C051651=7|STAT=PC:P9 || SUBJ=MAT|COHORT=2|DEPVAR=MRPCM|SAMPLES=R3|YEAR=2024|JURISDICTIONS=CA|C051651=7|STAT=PC:P9,https://www.nationsreportcard.gov/DataService/GetAdhocData.aspx?type=sigacrossyear&subject=mathematics&grade=8&subscale=MRPCM&variable=C051651&jurisdiction=CA&stattype=PC%3AP9&Year=2019%2C2022%2C2024&ShowDetails=true&QCData=true&RevealDataKeys=true
2026-09-19T02:11:11.189Z,NDE,MAT,Mathematics,8,MRPCM,Composite mathematics scale (0-500),CA,California,C051651,Percent eligible for National School Lunch Program,7,51-75%,ALD:BA,achievement level,Percent at NAEP Basic,percent,,at NAEP Basic,2019,2024,35.7159350924045,,,,,0,268437504,response rate below 85%; skipped-variable note,268435713,reporting standard not met; standard error not applicable; skipped-variable note,SUBJ=MAT|COHORT=2|DEPVAR=MRPCM|SAMPLES=R3|YEAR=2019|JURISDICTIONS=CA|C051651=7|STAT=ALD:BA || SUBJ=MAT|COHORT=2|DEPVAR=MRPCM|SAMPLES=R3|YEAR=2024|JURISDICTIONS=CA|C051651=7|STAT=ALD:BA,https://www.nationsreportcard.gov/DataService/GetAdhocData.aspx?type=sigacrossyear&subject=mathematics&grade=8&subscale=MRPCM&variable=C051651&jurisdiction=CA&stattype=ALD%3ABA&Year=2019%2C2022%2C2024&ShowDetails=true&QCData=true&RevealDataKeys=true
2026-09-19T02:11:11.189Z,NDE,MAT,Mathematics,8,MRPCM,Composite mathematics scale (0-500),CA,California,C051651,Percent eligible for National School Lunch Program,7,51-75%,ALD:PR,achievement level,Percent at NAEP Proficient,percent,,at NAEP Proficient,2019,2024,18.0751172660338,,,,,0,268437504,response rate below 85%; skipped-variable note,268435715,reporting standard not met; extreme percentage; standard error not applicable; skipped-variable note,SUBJ=MAT|COHORT=2|DEPVAR=MRPCM|SAMPLES=R3|YEAR=2019|JURISDICTIONS=CA|C051651=7|STAT=ALD:PR || SUBJ=MAT|COHORT=2|DEPVAR=MRPCM|SAMPLES=R3|YEAR=2024|JURISDICTIONS=CA|C051651=7|STAT=ALD:PR,https://www.nationsreportcard.gov/DataService/GetAdhocData.aspx?type=sigacrossyear&subject=mathematics&grade=8&subscale=MRPCM&variable=C051651&jurisdiction=CA&stattype=ALD%3APR&Year=2019%2C2022%2C2024&ShowDetails=true&QCData=true&RevealDataKeys=true
2026-09-19T02:11:11.189Z,NDE,MAT,Mathematics,8,MRPCM,Composite mathematics scale (0-500),CA,California,C051651,Percent eligible for National School Lunch Program,7,51-75%,ALD:AD,achievement level,Percent at NAEP Advanced,percent,,at NAEP Advanced,2019,2024,6.63188806952131,,,,,0,268437504,response rate below 85%; skipped-variable note,268435715,reporting standard not met; extreme percentage; standard error not applicable; skipped-variable note,SUBJ=MAT|COHORT=2|DEPVAR=MRPCM|SAMPLES=R3|YEAR=2019|JURISDICTIONS=CA|C051651=7|STAT=ALD:AD || SUBJ=MAT|COHORT=2|DEPVAR=MRPCM|SAMPLES=R3|YEAR=2024|JURISDICTIONS=CA|C051651=7|STAT=ALD:AD,https://www.nationsreportcard.gov/DataService/GetAdhocData.aspx?type=sigacrossyear&subject=mathematics&grade=8&subscale=MRPCM&variable=C051651&jurisdiction=CA&stattype=ALD%3AAD&Year=2019%2C2022%2C2024&ShowDetails=true&QCData=true&RevealDataKeys=true
2026-09-19T02:11:11.189Z,NDE,MAT,Mathematics,8,MRPCM,Composite mathematics scale (0-500),CA,California,C051651,Percent eligible for National School Lunch Program,7,51-75%,ALC:BB,achievement level,Percent below NAEP Basic,percent,,below NAEP Basic,2019,2024,39.5770595720404,,,,,0,268437504,response rate below 85%; skipped-variable note,268435713,reporting standard not met; standard error not applicable; skipped-variable note,SUBJ=MAT|COHORT=2|DEPVAR=MRPCM|SAMPLES=R3|YEAR=2019|JURISDICTIONS=CA|C051651=7|STAT=ALC:BB || SUBJ=MAT|COHORT=2|DEPVAR=MRPCM|SAMPLES=R3|YEAR=2024|JURISDICTIONS=CA|C051651=7|STAT=ALC:BB,https://www.nationsreportcard.gov/DataService/GetAdhocData.aspx?type=sigacrossyear&subject=mathematics&grade=8&subscale=MRPCM&variable=C051651&jurisdiction=CA&stattype=ALC%3ABB&Year=2019%2C2022%2C2024&ShowDetails=true&QCData=true&RevealDataKeys=true
2026-09-19T02:11:11.189Z,NDE,MAT,Mathematics,8,MRPCM,Composite mathematics scale (0-500),CA,California,C051651,Percent eligible for National School Lunch Program,7,51-75%,ALC:AB,achievement level,Percent at or above NAEP Basic,percent,,at or above NAEP Basic,2019,2024,60.4229404279596,,,,,0,268437504,response rate below 85%; skipped-variable note,268435713,reporting standard not met; standard error not applicable; skipped-variable note,SUBJ=MAT|COHORT=2|DEPVAR=MRPCM|SAMPLES=R3|YEAR=2019|JURISDICTIONS=CA|C051651=7|STAT=ALC:AB || SUBJ=MAT|COHORT=2|DEPVAR=MRPCM|SAMPLES=R3|YEAR=2024|JURISDICTIONS=CA|C051651=7|STAT=ALC:AB,https://www.nationsreportcard.gov/DataService/GetAdhocData.aspx?type=sigacrossyear&subject=mathematics&grade=8&subscale=MRPCM&variable=C051651&jurisdiction=CA&stattype=ALC%3AAB&Year=2019%2C2022%2C2024&ShowDetails=true&QCData=true&RevealDataKeys=true
2026-09-19T02:11:11.189Z,NDE,MAT,Mathematics,8,MRPCM,Composite mathematics scale (0-500),CA,California,C051651,Percent eligible for National School Lunch Program,7,51-75%,ALC:AP,achievement level,Percent at or above NAEP Proficient,percent,,at or above NAEP Proficient,2019,2024,24.7070053355551,,,,,0,268437504,response rate below 85%; skipped-variable note,268435715,reporting standard not met; extreme percentage; standard error not applicable; skipped-variable note,SUBJ=MAT|COHORT=2|DEPVAR=MRPCM|SAMPLES=R3|YEAR=2019|JURISDICTIONS=CA|C051651=7|STAT=ALC:AP || SUBJ=MAT|COHORT=2|DEPVAR=MRPCM|SAMPLES=R3|YEAR=2024|JURISDICTIONS=CA|C051651=7|STAT=ALC:AP,https://www.nationsreportcard.gov/DataService/GetAdhocData.aspx?type=sigacrossyear&subject=mathematics&grade=8&subscale=MRPCM&variable=C051651&jurisdiction=CA&stattype=ALC%3AAP&Year=2019%2C2022%2C2024&ShowDetails=true&QCData=true&RevealDataKeys=true
2026-09-19T02:11:11.189Z,NDE,MAT,Mathematics,8,MRPCM,Composite mathematics scale (0-500),CA,California,C051651,Percent eligible for National School Lunch Program,7,51-75%,ALC:AD,achievement level,Percent at NAEP Advanced (cumulative code),percent,,at NAEP Advanced (cumulative code),2019,2024,6.63188806952131,,,,,0,268437504,response rate below 85%; skipped-variable note,268435715,reporting standard not met; extreme percentage; standard error not applicable; skipped-variable note,SUBJ=MAT|COHORT=2|DEPVAR=MRPCM|SAMPLES=R3|YEAR=2019|JURISDICTIONS=CA|C051651=7|STAT=ALC:AD || SUBJ=MAT|COHORT=2|DEPVAR=MRPCM|SAMPLES=R3|YEAR=2024|JURISDICTIONS=CA|C051651=7|STAT=ALC:AD,https://www.nationsreportcard.gov/DataService/GetAdhocData.aspx?type=sigacrossyear&subject=mathematics&grade=8&subscale=MRPCM&variable=C051651&jurisdiction=CA&stattype=ALC%3AAD&Year=2019%2C2022%2C2024&ShowDetails=true&QCData=true&RevealDataKeys=true
2026-09-19T02:11:11.189Z,NDE,MAT,Mathematics,8,MRPCM,Composite mathematics scale (0-500),CA,California,C051651,Percent eligible for National School Lunch Program,8,76-99%,MN:MN,location,Average scale score,scale score,,,2019,2024,265.822916310241,260.162595052075,-5.660321258165993,no statistically significant difference,EQUAL,1,268437504,response rate below 85%; skipped-variable note,268437504,response rate below 85%; skipped-variable note,SUBJ=MAT|COHORT=2|DEPVAR=MRPCM|SAMPLES=R3|YEAR=2019|JURISDICTIONS=CA|C051651=8|STAT=MN:MN || SUBJ=MAT|COHORT=2|DEPVAR=MRPCM|SAMPLES=R3|YEAR=2024|JURISDICTIONS=CA|C051651=8|STAT=MN:MN,https://www.nationsreportcard.gov/DataService/GetAdhocData.aspx?type=sigacrossyear&subject=mathematics&grade=8&subscale=MRPCM&variable=C051651&jurisdiction=CA&stattype=MN%3AMN&Year=2019%2C2022%2C2024&ShowDetails=true&QCData=true&RevealDataKeys=true
2026-09-19T02:11:11.189Z,NDE,MAT,Mathematics,8,MRPCM,Composite mathematics scale (0-500),CA,California,C051651,Percent eligible for National School Lunch Program,8,76-99%,PC:P1,percentile,10th percentile scale score,scale score,10.0,,2019,2024,220.741000366211,216.026000976563,-4.714999389648,no statistically significant difference,EQUAL,1,268437504,response rate below 85%; skipped-variable note,268437504,response rate below 85%; skipped-variable note,SUBJ=MAT|COHORT=2|DEPVAR=MRPCM|SAMPLES=R3|YEAR=2019|JURISDICTIONS=CA|C051651=8|STAT=PC:P1 || SUBJ=MAT|COHORT=2|DEPVAR=MRPCM|SAMPLES=R3|YEAR=2024|JURISDICTIONS=CA|C051651=8|STAT=PC:P1,https://www.nationsreportcard.gov/DataService/GetAdhocData.aspx?type=sigacrossyear&subject=mathematics&grade=8&subscale=MRPCM&variable=C051651&jurisdiction=CA&stattype=PC%3AP1&Year=2019%2C2022%2C2024&ShowDetails=true&QCData=true&RevealDataKeys=true
2026-09-19T02:11:11.189Z,NDE,MAT,Mathematics,8,MRPCM,Composite mathematics scale (0-500),CA,California,C051651,Percent eligible for National School Lunch Program,8,76-99%,PC:P2,percentile,25th percentile scale score,scale score,25.0,,2019,2024,242.1875,237.112998199463,-5.074501800537007,no statistically significant difference,EQUAL,1,268437504,response rate below 85%; skipped-variable note,268437504,response rate below 85%; skipped-variable note,SUBJ=MAT|COHORT=2|DEPVAR=MRPCM|SAMPLES=R3|YEAR=2019|JURISDICTIONS=CA|C051651=8|STAT=PC:P2 || SUBJ=MAT|COHORT=2|DEPVAR=MRPCM|SAMPLES=R3|YEAR=2024|JURISDICTIONS=CA|C051651=8|STAT=PC:P2,https://www.nationsreportcard.gov/DataService/GetAdhocData.aspx?type=sigacrossyear&subject=mathematics&grade=8&subscale=MRPCM&variable=C051651&jurisdiction=CA&stattype=PC%3AP2&Year=2019%2C2022%2C2024&ShowDetails=true&QCData=true&RevealDataKeys=true
2026-09-19T02:11:11.189Z,NDE,MAT,Mathematics,8,MRPCM,Composite mathematics scale (0-500),CA,California,C051651,Percent eligible for National School Lunch Program,8,76-99%,PC:P5,percentile,50th percentile scale score,scale score,50.0,,2019,2024,264.852998352051,259.887496948242,-4.9655014038089575,no statistically significant difference,EQUAL,1,268437504,response rate below 85%; skipped-variable note,268437504,response rate below 85%; skipped-variable note,SUBJ=MAT|COHORT=2|DEPVAR=MRPCM|SAMPLES=R3|YEAR=2019|JURISDICTIONS=CA|C051651=8|STAT=PC:P5 || SUBJ=MAT|COHORT=2|DEPVAR=MRPCM|SAMPLES=R3|YEAR=2024|JURISDICTIONS=CA|C051651=8|STAT=PC:P5,https://www.nationsreportcard.gov/DataService/GetAdhocData.aspx?type=sigacrossyear&subject=mathematics&grade=8&subscale=MRPCM&variable=C051651&jurisdiction=CA&stattype=PC%3AP5&Year=2019%2C2022%2C2024&ShowDetails=true&QCData=true&RevealDataKeys=true
2026-09-19T02:11:11.189Z,NDE,MAT,Mathematics,8,MRPCM,Composite mathematics scale (0-500),CA,California,C051651,Percent eligible for National School Lunch Program,8,76-99%,PC:P7,percentile,75th percentile scale score,scale score,75.0,,2019,2024,288.313000488281,276.641499328613,-11.671501159667969,no statistically significant difference,EQUAL,1,268437504,response rate below 85%; skipped-variable note,268437504,response rate below 85%; skipped-variable note,SUBJ=MAT|COHORT=2|DEPVAR=MRPCM|SAMPLES=R3|YEAR=2019|JURISDICTIONS=CA|C051651=8|STAT=PC:P7 || SUBJ=MAT|COHORT=2|DEPVAR=MRPCM|SAMPLES=R3|YEAR=2024|JURISDICTIONS=CA|C051651=8|STAT=PC:P7,https://www.nationsreportcard.gov/DataService/GetAdhocData.aspx?type=sigacrossyear&subject=mathematics&grade=8&subscale=MRPCM&variable=C051651&jurisdiction=CA&stattype=PC%3AP7&Year=2019%2C2022%2C2024&ShowDetails=true&QCData=true&RevealDataKeys=true
2026-09-19T02:11:11.189Z,NDE,MAT,Mathematics,8,MRPCM,Composite mathematics scale (0-500),CA,California,C051651,Percent eligible for National School Lunch Program,8,76-99%,PC:P9,percentile,90th percentile scale score,scale score,90.0,,2019,2024,311.490501403809,309.250001525879,-2.240499877930006,no statistically significant difference,EQUAL,1,268437504,response rate below 85%; skipped-variable note,268437504,response rate below 85%; skipped-variable note,SUBJ=MAT|COHORT=2|DEPVAR=MRPCM|SAMPLES=R3|YEAR=2019|JURISDICTIONS=CA|C051651=8|STAT=PC:P9 || SUBJ=MAT|COHORT=2|DEPVAR=MRPCM|SAMPLES=R3|YEAR=2024|JURISDICTIONS=CA|C051651=8|STAT=PC:P9,https://www.nationsreportcard.gov/DataService/GetAdhocData.aspx?type=sigacrossyear&subject=mathematics&grade=8&subscale=MRPCM&variable=C051651&jurisdiction=CA&stattype=PC%3AP9&Year=2019%2C2022%2C2024&ShowDetails=true&QCData=true&RevealDataKeys=true
2026-09-19T02:11:11.189Z,NDE,MAT,Mathematics,8,MRPCM,Composite mathematics scale (0-500),CA,California,C051651,Percent eligible for National School Lunch Program,8,76-99%,ALD:BA,achievement level,Percent at NAEP Basic,percent,,at NAEP Basic,2019,2024,37.0798209601167,30.6045212412209,-6.475299718895798,no statistically significant difference,EQUAL,1,268437504,response rate below 85%; skipped-variable note,268437504,response rate below 85%; skipped-variable note,SUBJ=MAT|COHORT=2|DEPVAR=MRPCM|SAMPLES=R3|YEAR=2019|JURISDICTIONS=CA|C051651=8|STAT=ALD:BA || SUBJ=MAT|COHORT=2|DEPVAR=MRPCM|SAMPLES=R3|YEAR=2024|JURISDICTIONS=CA|C051651=8|STAT=ALD:BA,https://www.nationsreportcard.gov/DataService/GetAdhocData.aspx?type=sigacrossyear&subject=mathematics&grade=8&subscale=MRPCM&variable=C051651&jurisdiction=CA&stattype=ALD%3ABA&Year=2019%2C2022%2C2024&ShowDetails=true&QCData=true&RevealDataKeys=true
2026-09-19T02:11:11.189Z,NDE,MAT,Mathematics,8,MRPCM,Composite mathematics scale (0-500),CA,California,C051651,Percent eligible for National School Lunch Program,8,76-99%,ALD:PR,achievement level,Percent at NAEP Proficient,percent,,at NAEP Proficient,2019,2024,12.6224820881419,11.3453216972305,-1.277160390911401,no statistically significant difference,EQUAL,1,268437504,response rate below 85%; skipped-variable note,268437504,response rate below 85%; skipped-variable note,SUBJ=MAT|COHORT=2|DEPVAR=MRPCM|SAMPLES=R3|YEAR=2019|JURISDICTIONS=CA|C051651=8|STAT=ALD:PR || SUBJ=MAT|COHORT=2|DEPVAR=MRPCM|SAMPLES=R3|YEAR=2024|JURISDICTIONS=CA|C051651=8|STAT=ALD:PR,https://www.nationsreportcard.gov/DataService/GetAdhocData.aspx?type=sigacrossyear&subject=mathematics&grade=8&subscale=MRPCM&variable=C051651&jurisdiction=CA&stattype=ALD%3APR&Year=2019%2C2022%2C2024&ShowDetails=true&QCData=true&RevealDataKeys=true
2026-09-19T02:11:11.189Z,NDE,MAT,Mathematics,8,MRPCM,Composite mathematics scale (0-500),CA,California,C051651,Percent eligible for National School Lunch Program,8,76-99%,ALD:AD,achievement level,Percent at NAEP Advanced,percent,,at NAEP Advanced,2019,2024,4.09873109870934,3.64572282563706,-0.45300827307228,no statistically significant difference,EQUAL,1,268437504,response rate below 85%; skipped-variable note,268437504,response rate below 85%; skipped-variable note,SUBJ=MAT|COHORT=2|DEPVAR=MRPCM|SAMPLES=R3|YEAR=2019|JURISDICTIONS=CA|C051651=8|STAT=ALD:AD || SUBJ=MAT|COHORT=2|DEPVAR=MRPCM|SAMPLES=R3|YEAR=2024|JURISDICTIONS=CA|C051651=8|STAT=ALD:AD,https://www.nationsreportcard.gov/DataService/GetAdhocData.aspx?type=sigacrossyear&subject=mathematics&grade=8&subscale=MRPCM&variable=C051651&jurisdiction=CA&stattype=ALD%3AAD&Year=2019%2C2022%2C2024&ShowDetails=true&QCData=true&RevealDataKeys=true
2026-09-19T02:11:11.189Z,NDE,MAT,Mathematics,8,MRPCM,Composite mathematics scale (0-500),CA,California,C051651,Percent eligible for National School Lunch Program,8,76-99%,ALC:BB,achievement level,Percent below NAEP Basic,percent,,below NAEP Basic,2019,2024,46.1989658530321,54.4044342359115,8.205468382879403,no statistically significant difference,EQUAL,1,268437504,response rate below 85%; skipped-variable note,268437504,response rate below 85%; skipped-variable note,SUBJ=MAT|COHORT=2|DEPVAR=MRPCM|SAMPLES=R3|YEAR=2019|JURISDICTIONS=CA|C051651=8|STAT=ALC:BB || SUBJ=MAT|COHORT=2|DEPVAR=MRPCM|SAMPLES=R3|YEAR=2024|JURISDICTIONS=CA|C051651=8|STAT=ALC:BB,https://www.nationsreportcard.gov/DataService/GetAdhocData.aspx?type=sigacrossyear&subject=mathematics&grade=8&subscale=MRPCM&variable=C051651&jurisdiction=CA&stattype=ALC%3ABB&Year=2019%2C2022%2C2024&ShowDetails=true&QCData=true&RevealDataKeys=true
2026-09-19T02:11:11.189Z,NDE,MAT,Mathematics,8,MRPCM,Composite mathematics scale (0-500),CA,California,C051651,Percent eligible for National School Lunch Program,8,76-99%,ALC:AB,achievement level,Percent at or above NAEP Basic,percent,,at or above NAEP Basic,2019,2024,53.8010341469679,45.5955657640885,-8.205468382879403,no statistically significant difference,EQUAL,1,268437504,response rate below 85%; skipped-variable note,268437504,response rate below 85%; skipped-variable note,SUBJ=MAT|COHORT=2|DEPVAR=MRPCM|SAMPLES=R3|YEAR=2019|JURISDICTIONS=CA|C051651=8|STAT=ALC:AB || SUBJ=MAT|COHORT=2|DEPVAR=MRPCM|SAMPLES=R3|YEAR=2024|JURISDICTIONS=CA|C051651=8|STAT=ALC:AB,https://www.nationsreportcard.gov/DataService/GetAdhocData.aspx?type=sigacrossyear&subject=mathematics&grade=8&subscale=MRPCM&variable=C051651&jurisdiction=CA&stattype=ALC%3AAB&Year=2019%2C2022%2C2024&ShowDetails=true&QCData=true&RevealDataKeys=true
2026-09-19T02:11:11.189Z,NDE,MAT,Mathematics,8,MRPCM,Composite mathematics scale (0-500),CA,California,C051651,Percent eligible for National School Lunch Program,8,76-99%,ALC:AP,achievement level,Percent at or above NAEP Proficient,percent,,at or above NAEP Proficient,2019,2024,16.7212131868512,14.9910445228675,-1.7301686639837008,no statistically significant difference,EQUAL,1,268437504,response rate below 85%; skipped-variable note,268437504,response rate below 85%; skipped-variable note,SUBJ=MAT|COHORT=2|DEPVAR=MRPCM|SAMPLES=R3|YEAR=2019|JURISDICTIONS=CA|C051651=8|STAT=ALC:AP || SUBJ=MAT|COHORT=2|DEPVAR=MRPCM|SAMPLES=R3|YEAR=2024|JURISDICTIONS=CA|C051651=8|STAT=ALC:AP,https://www.nationsreportcard.gov/DataService/GetAdhocData.aspx?type=sigacrossyear&subject=mathematics&grade=8&subscale=MRPCM&variable=C051651&jurisdiction=CA&stattype=ALC%3AAP&Year=2019%2C2022%2C2024&ShowDetails=true&QCData=true&RevealDataKeys=true
2026-09-19T02:11:11.189Z,NDE,MAT,Mathematics,8,MRPCM,Composite mathematics scale (0-500),CA,California,C051651,Percent eligible for National School Lunch Program,8,76-99%,ALC:AD,achievement level,Percent at NAEP Advanced (cumulative code),percent,,at NAEP Advanced (cumulative code),2019,2024,4.09873109870934,3.64572282563706,-0.45300827307228,no statistically significant difference,EQUAL,1,268437504,response rate below 85%; skipped-variable note,268437504,response rate below 85%; skipped-variable note,SUBJ=MAT|COHORT=2|DEPVAR=MRPCM|SAMPLES=R3|YEAR=2019|JURISDICTIONS=CA|C051651=8|STAT=ALC:AD || SUBJ=MAT|COHORT=2|DEPVAR=MRPCM|SAMPLES=R3|YEAR=2024|JURISDICTIONS=CA|C051651=8|STAT=ALC:AD,https://www.nationsreportcard.gov/DataService/GetAdhocData.aspx?type=sigacrossyear&subject=mathematics&grade=8&subscale=MRPCM&variable=C051651&jurisdiction=CA&stattype=ALC%3AAD&Year=2019%2C2022%2C2024&ShowDetails=true&QCData=true&RevealDataKeys=true
2026-09-19T02:11:11.189Z,NDE,MAT,Mathematics,8,MRPCM,Composite mathematics scale (0-500),CA,California,C051651,Percent eligible for National School Lunch Program,9,100%,MN:MN,location,Average scale score,scale score,,,2019,2024,243.511854551581,,,,,0,268437504,response rate below 85%; skipped-variable note,268435713,reporting standard not met; standard error not applicable; skipped-variable note,SUBJ=MAT|COHORT=2|DEPVAR=MRPCM|SAMPLES=R3|YEAR=2019|JURISDICTIONS=CA|C051651=9|STAT=MN:MN || SUBJ=MAT|COHORT=2|DEPVAR=MRPCM|SAMPLES=R3|YEAR=2024|JURISDICTIONS=CA|C051651=9|STAT=MN:MN,https://www.nationsreportcard.gov/DataService/GetAdhocData.aspx?type=sigacrossyear&subject=mathematics&grade=8&subscale=MRPCM&variable=C051651&jurisdiction=CA&stattype=MN%3AMN&Year=2019%2C2022%2C2024&ShowDetails=true&QCData=true&RevealDataKeys=true
2026-09-19T02:11:11.189Z,NDE,MAT,Mathematics,8,MRPCM,Composite mathematics scale (0-500),CA,California,C051651,Percent eligible for National School Lunch Program,9,100%,PC:P1,percentile,10th percentile scale score,scale score,10.0,,2019,2024,194.410000610352,,,,,0,268437504,response rate below 85%; skipped-variable note,268435713,reporting standard not met; standard error not applicable; skipped-variable note,SUBJ=MAT|COHORT=2|DEPVAR=MRPCM|SAMPLES=R3|YEAR=2019|JURISDICTIONS=CA|C051651=9|STAT=PC:P1 || SUBJ=MAT|COHORT=2|DEPVAR=MRPCM|SAMPLES=R3|YEAR=2024|JURISDICTIONS=CA|C051651=9|STAT=PC:P1,https://www.nationsreportcard.gov/DataService/GetAdhocData.aspx?type=sigacrossyear&subject=mathematics&grade=8&subscale=MRPCM&variable=C051651&jurisdiction=CA&stattype=PC%3AP1&Year=2019%2C2022%2C2024&ShowDetails=true&QCData=true&RevealDataKeys=true
2026-09-19T02:11:11.189Z,NDE,MAT,Mathematics,8,MRPCM,Composite mathematics scale (0-500),CA,California,C051651,Percent eligible for National School Lunch Program,9,100%,PC:P2,percentile,25th percentile scale score,scale score,25.0,,2019,2024,215.673501586914,,,,,0,268437504,response rate below 85%; skipped-variable note,268435713,reporting standard not met; standard error not applicable; skipped-variable note,SUBJ=MAT|COHORT=2|DEPVAR=MRPCM|SAMPLES=R3|YEAR=2019|JURISDICTIONS=CA|C051651=9|STAT=PC:P2 || SUBJ=MAT|COHORT=2|DEPVAR=MRPCM|SAMPLES=R3|YEAR=2024|JURISDICTIONS=CA|C051651=9|STAT=PC:P2,https://www.nationsreportcard.gov/DataService/GetAdhocData.aspx?type=sigacrossyear&subject=mathematics&grade=8&subscale=MRPCM&variable=C051651&jurisdiction=CA&stattype=PC%3AP2&Year=2019%2C2022%2C2024&ShowDetails=true&QCData=true&RevealDataKeys=true
2026-09-19T02:11:11.189Z,NDE,MAT,Mathematics,8,MRPCM,Composite mathematics scale (0-500),CA,California,C051651,Percent eligible for National School Lunch Program,9,100%,PC:P5,percentile,50th percentile scale score,scale score,50.0,,2019,2024,243.226998901367,,,,,0,268437504,response rate below 85%; skipped-variable note,268435713,reporting standard not met; standard error not applicable; skipped-variable note,SUBJ=MAT|COHORT=2|DEPVAR=MRPCM|SAMPLES=R3|YEAR=2019|JURISDICTIONS=CA|C051651=9|STAT=PC:P5 || SUBJ=MAT|COHORT=2|DEPVAR=MRPCM|SAMPLES=R3|YEAR=2024|JURISDICTIONS=CA|C051651=9|STAT=PC:P5,https://www.nationsreportcard.gov/DataService/GetAdhocData.aspx?type=sigacrossyear&subject=mathematics&grade=8&subscale=MRPCM&variable=C051651&jurisdiction=CA&stattype=PC%3AP5&Year=2019%2C2022%2C2024&ShowDetails=true&QCData=true&RevealDataKeys=true
2026-09-19T02:11:11.189Z,NDE,MAT,Mathematics,8,MRPCM,Composite mathematics scale (0-500),CA,California,C051651,Percent eligible for National School Lunch Program,9,100%,PC:P7,percentile,75th percentile scale score,scale score,75.0,,2019,2024,267.607496643067,,,,,0,268437504,response rate below 85%; skipped-variable note,268435713,reporting standard not met; standard error not applicable; skipped-variable note,SUBJ=MAT|COHORT=2|DEPVAR=MRPCM|SAMPLES=R3|YEAR=2019|JURISDICTIONS=CA|C051651=9|STAT=PC:P7 || SUBJ=MAT|COHORT=2|DEPVAR=MRPCM|SAMPLES=R3|YEAR=2024|JURISDICTIONS=CA|C051651=9|STAT=PC:P7,https://www.nationsreportcard.gov/DataService/GetAdhocData.aspx?type=sigacrossyear&subject=mathematics&grade=8&subscale=MRPCM&variable=C051651&jurisdiction=CA&stattype=PC%3AP7&Year=2019%2C2022%2C2024&ShowDetails=true&QCData=true&RevealDataKeys=true
2026-09-19T02:11:11.189Z,NDE,MAT,Mathematics,8,MRPCM,Composite mathematics scale (0-500),CA,California,C051651,Percent eligible for National School Lunch Program,9,100%,PC:P9,percentile,90th percentile scale score,scale score,90.0,,2019,2024,291.945999145508,,,,,0,268437504,response rate below 85%; skipped-variable note,268435713,reporting standard not met; standard error not applicable; skipped-variable note,SUBJ=MAT|COHORT=2|DEPVAR=MRPCM|SAMPLES=R3|YEAR=2019|JURISDICTIONS=CA|C051651=9|STAT=PC:P9 || SUBJ=MAT|COHORT=2|DEPVAR=MRPCM|SAMPLES=R3|YEAR=2024|JURISDICTIONS=CA|C051651=9|STAT=PC:P9,https://www.nationsreportcard.gov/DataService/GetAdhocData.aspx?type=sigacrossyear&subject=mathematics&grade=8&subscale=MRPCM&variable=C051651&jurisdiction=CA&stattype=PC%3AP9&Year=2019%2C2022%2C2024&ShowDetails=true&QCData=true&RevealDataKeys=true
2026-09-19T02:11:11.189Z,NDE,MAT,Mathematics,8,MRPCM,Composite mathematics scale (0-500),CA,California,C051651,Percent eligible for National School Lunch Program,9,100%,ALD:BA,achievement level,Percent at NAEP Basic,percent,,at NAEP Basic,2019,2024,22.6140388124094,,,,,0,268437504,response rate below 85%; skipped-variable note,268435713,reporting standard not met; standard error not applicable; skipped-variable note,SUBJ=MAT|COHORT=2|DEPVAR=MRPCM|SAMPLES=R3|YEAR=2019|JURISDICTIONS=CA|C051651=9|STAT=ALD:BA || SUBJ=MAT|COHORT=2|DEPVAR=MRPCM|SAMPLES=R3|YEAR=2024|JURISDICTIONS=CA|C051651=9|STAT=ALD:BA,https://www.nationsreportcard.gov/DataService/GetAdhocData.aspx?type=sigacrossyear&subject=mathematics&grade=8&subscale=MRPCM&variable=C051651&jurisdiction=CA&stattype=ALD%3ABA&Year=2019%2C2022%2C2024&ShowDetails=true&QCData=true&RevealDataKeys=true
2026-09-19T02:11:11.189Z,NDE,MAT,Mathematics,8,MRPCM,Composite mathematics scale (0-500),CA,California,C051651,Percent eligible for National School Lunch Program,9,100%,ALD:PR,achievement level,Percent at NAEP Proficient,percent,,at NAEP Proficient,2019,2024,6.1761258133221,,,,,0,268437504,response rate below 85%; skipped-variable note,268435713,reporting standard not met; standard error not applicable; skipped-variable note,SUBJ=MAT|COHORT=2|DEPVAR=MRPCM|SAMPLES=R3|YEAR=2019|JURISDICTIONS=CA|C051651=9|STAT=ALD:PR || SUBJ=MAT|COHORT=2|DEPVAR=MRPCM|SAMPLES=R3|YEAR=2024|JURISDICTIONS=CA|C051651=9|STAT=ALD:PR,https://www.nationsreportcard.gov/DataService/GetAdhocData.aspx?type=sigacrossyear&subject=mathematics&grade=8&subscale=MRPCM&variable=C051651&jurisdiction=CA&stattype=ALD%3APR&Year=2019%2C2022%2C2024&ShowDetails=true&QCData=true&RevealDataKeys=true
2026-09-19T02:11:11.189Z,NDE,MAT,Mathematics,8,MRPCM,Composite mathematics scale (0-500),CA,California,C051651,Percent eligible for National School Lunch Program,9,100%,ALD:AD,achievement level,Percent at NAEP Advanced,percent,,at NAEP Advanced,2019,2024,1.25056870551385,,,,,0,268437762,extreme percentage; standard error not applicable; response rate below 85%; skipped-variable note,268435713,reporting standard not met; standard error not applicable; skipped-variable note,SUBJ=MAT|COHORT=2|DEPVAR=MRPCM|SAMPLES=R3|YEAR=2019|JURISDICTIONS=CA|C051651=9|STAT=ALD:AD || SUBJ=MAT|COHORT=2|DEPVAR=MRPCM|SAMPLES=R3|YEAR=2024|JURISDICTIONS=CA|C051651=9|STAT=ALD:AD,https://www.nationsreportcard.gov/DataService/GetAdhocData.aspx?type=sigacrossyear&subject=mathematics&grade=8&subscale=MRPCM&variable=C051651&jurisdiction=CA&stattype=ALD%3AAD&Year=2019%2C2022%2C2024&ShowDetails=true&QCData=true&RevealDataKeys=true
2026-09-19T02:11:11.189Z,NDE,MAT,Mathematics,8,MRPCM,Composite mathematics scale (0-500),CA,California,C051651,Percent eligible for National School Lunch Program,9,100%,ALC:BB,achievement level,Percent below NAEP Basic,percent,,below NAEP Basic,2019,2024,69.9592666687546,,,,,0,268437504,response rate below 85%; skipped-variable note,268435713,reporting standard not met; standard error not applicable; skipped-variable note,SUBJ=MAT|COHORT=2|DEPVAR=MRPCM|SAMPLES=R3|YEAR=2019|JURISDICTIONS=CA|C051651=9|STAT=ALC:BB || SUBJ=MAT|COHORT=2|DEPVAR=MRPCM|SAMPLES=R3|YEAR=2024|JURISDICTIONS=CA|C051651=9|STAT=ALC:BB,https://www.nationsreportcard.gov/DataService/GetAdhocData.aspx?type=sigacrossyear&subject=mathematics&grade=8&subscale=MRPCM&variable=C051651&jurisdiction=CA&stattype=ALC%3ABB&Year=2019%2C2022%2C2024&ShowDetails=true&QCData=true&RevealDataKeys=true
2026-09-19T02:11:11.189Z,NDE,MAT,Mathematics,8,MRPCM,Composite mathematics scale (0-500),CA,California,C051651,Percent eligible for National School Lunch Program,9,100%,ALC:AB,achievement level,Percent at or above NAEP Basic,percent,,at or above NAEP Basic,2019,2024,30.0407333312454,,,,,0,268437504,response rate below 85%; skipped-variable note,268435713,reporting standard not met; standard error not applicable; skipped-variable note,SUBJ=MAT|COHORT=2|DEPVAR=MRPCM|SAMPLES=R3|YEAR=2019|JURISDICTIONS=CA|C051651=9|STAT=ALC:AB || SUBJ=MAT|COHORT=2|DEPVAR=MRPCM|SAMPLES=R3|YEAR=2024|JURISDICTIONS=CA|C051651=9|STAT=ALC:AB,https://www.nationsreportcard.gov/DataService/GetAdhocData.aspx?type=sigacrossyear&subject=mathematics&grade=8&subscale=MRPCM&variable=C051651&jurisdiction=CA&stattype=ALC%3AAB&Year=2019%2C2022%2C2024&ShowDetails=true&QCData=true&RevealDataKeys=true
2026-09-19T02:11:11.189Z,NDE,MAT,Mathematics,8,MRPCM,Composite mathematics scale (0-500),CA,California,C051651,Percent eligible for National School Lunch Program,9,100%,ALC:AP,achievement level,Percent at or above NAEP Proficient,percent,,at or above NAEP Proficient,2019,2024,7.42669451883595,,,,,0,268437504,response rate below 85%; skipped-variable note,268435713,reporting standard not met; standard error not applicable; skipped-variable note,SUBJ=MAT|COHORT=2|DEPVAR=MRPCM|SAMPLES=R3|YEAR=2019|JURISDICTIONS=CA|C051651=9|STAT=ALC:AP || SUBJ=MAT|COHORT=2|DEPVAR=MRPCM|SAMPLES=R3|YEAR=2024|JURISDICTIONS=CA|C051651=9|STAT=ALC:AP,https://www.nationsreportcard.gov/DataService/GetAdhocData.aspx?type=sigacrossyear&subject=mathematics&grade=8&subscale=MRPCM&variable=C051651&jurisdiction=CA&stattype=ALC%3AAP&Year=2019%2C2022%2C2024&ShowDetails=true&QCData=true&RevealDataKeys=true
2026-09-19T02:11:11.189Z,NDE,MAT,Mathematics,8,MRPCM,Composite mathematics scale (0-500),CA,California,C051651,Percent eligible for National School Lunch Program,9,100%,ALC:AD,achievement level,Percent at NAEP Advanced (cumulative code),percent,,at NAEP Advanced (cumulative code),2019,2024,1.25056870551385,,,,,0,268437762,extreme percentage; standard error not applicable; response rate below 85%; skipped-variable note,268435713,reporting standard not met; standard error not applicable; skipped-variable note,SUBJ=MAT|COHORT=2|DEPVAR=MRPCM|SAMPLES=R3|YEAR=2019|JURISDICTIONS=CA|C051651=9|STAT=ALC:AD || SUBJ=MAT|COHORT=2|DEPVAR=MRPCM|SAMPLES=R3|YEAR=2024|JURISDICTIONS=CA|C051651=9|STAT=ALC:AD,https://www.nationsreportcard.gov/DataService/GetAdhocData.aspx?type=sigacrossyear&subject=mathematics&grade=8&subscale=MRPCM&variable=C051651&jurisdiction=CA&stattype=ALC%3AAD&Year=2019%2C2022%2C2024&ShowDetails=true&QCData=true&RevealDataKeys=true
2026-09-19T02:11:11.189Z,NDE,MAT,Mathematics,8,MRPCM,Composite mathematics scale (0-500),CA,California,TOTAL,All students,1,All students,MN:MN,location,Average scale score,scale score,,,2022,2024,269.80832014388,268.779817602202,-1.0285025416779945,no statistically significant difference,EQUAL,1,0,,0,,SUBJ=MAT|COHORT=2|DEPVAR=MRPCM|SAMPLES=R3|YEAR=2022|JURISDICTIONS=CA|TOTAL=1|STAT=MN:MN || SUBJ=MAT|COHORT=2|DEPVAR=MRPCM|SAMPLES=R3|YEAR=2024|JURISDICTIONS=CA|TOTAL=1|STAT=MN:MN,https://www.nationsreportcard.gov/DataService/GetAdhocData.aspx?type=sigacrossyear&subject=mathematics&grade=8&subscale=MRPCM&variable=TOTAL&jurisdiction=CA&stattype=MN%3AMN&Year=2019%2C2022%2C2024&ShowDetails=true&QCData=true&RevealDataKeys=true
2026-09-19T02:11:11.189Z,NDE,MAT,Mathematics,8,MRPCM,Composite mathematics scale (0-500),CA,California,TOTAL,All students,1,All students,PC:P1,percentile,10th percentile scale score,scale score,10.0,,2022,2024,218.207998657227,211.062500762939,-7.145497894287985,follow-up lower,HIGHER,1,0,,0,,SUBJ=MAT|COHORT=2|DEPVAR=MRPCM|SAMPLES=R3|YEAR=2022|JURISDICTIONS=CA|TOTAL=1|STAT=PC:P1 || SUBJ=MAT|COHORT=2|DEPVAR=MRPCM|SAMPLES=R3|YEAR=2024|JURISDICTIONS=CA|TOTAL=1|STAT=PC:P1,https://www.nationsreportcard.gov/DataService/GetAdhocData.aspx?type=sigacrossyear&subject=mathematics&grade=8&subscale=MRPCM&variable=TOTAL&jurisdiction=CA&stattype=PC%3AP1&Year=2019%2C2022%2C2024&ShowDetails=true&QCData=true&RevealDataKeys=true
2026-09-19T02:11:11.189Z,NDE,MAT,Mathematics,8,MRPCM,Composite mathematics scale (0-500),CA,California,TOTAL,All students,1,All students,PC:P2,percentile,25th percentile scale score,scale score,25.0,,2022,2024,240.744499206543,237.00599899292,-3.738500213622984,no statistically significant difference,EQUAL,1,0,,0,,SUBJ=MAT|COHORT=2|DEPVAR=MRPCM|SAMPLES=R3|YEAR=2022|JURISDICTIONS=CA|TOTAL=1|STAT=PC:P2 || SUBJ=MAT|COHORT=2|DEPVAR=MRPCM|SAMPLES=R3|YEAR=2024|JURISDICTIONS=CA|TOTAL=1|STAT=PC:P2,https://www.nationsreportcard.gov/DataService/GetAdhocData.aspx?type=sigacrossyear&subject=mathematics&grade=8&subscale=MRPCM&variable=TOTAL&jurisdiction=CA&stattype=PC%3AP2&Year=2019%2C2022%2C2024&ShowDetails=true&QCData=true&RevealDataKeys=true
2026-09-19T02:11:11.189Z,NDE,MAT,Mathematics,8,MRPCM,Composite mathematics scale (0-500),CA,California,TOTAL,All students,1,All students,PC:P5,percentile,50th percentile scale score,scale score,50.0,,2022,2024,268.09049987793,267.094000244141,-0.9964996337889716,no statistically significant difference,EQUAL,1,0,,0,,SUBJ=MAT|COHORT=2|DEPVAR=MRPCM|SAMPLES=R3|YEAR=2022|JURISDICTIONS=CA|TOTAL=1|STAT=PC:P5 || SUBJ=MAT|COHORT=2|DEPVAR=MRPCM|SAMPLES=R3|YEAR=2024|JURISDICTIONS=CA|TOTAL=1|STAT=PC:P5,https://www.nationsreportcard.gov/DataService/GetAdhocData.aspx?type=sigacrossyear&subject=mathematics&grade=8&subscale=MRPCM&variable=TOTAL&jurisdiction=CA&stattype=PC%3AP5&Year=2019%2C2022%2C2024&ShowDetails=true&QCData=true&RevealDataKeys=true
2026-09-19T02:11:11.189Z,NDE,MAT,Mathematics,8,MRPCM,Composite mathematics scale (0-500),CA,California,TOTAL,All students,1,All students,PC:P7,percentile,75th percentile scale score,scale score,75.0,,2022,2024,296.102500915527,299.379998779297,3.2774978637700087,no statistically significant difference,EQUAL,1,0,,0,,SUBJ=MAT|COHORT=2|DEPVAR=MRPCM|SAMPLES=R3|YEAR=2022|JURISDICTIONS=CA|TOTAL=1|STAT=PC:P7 || SUBJ=MAT|COHORT=2|DEPVAR=MRPCM|SAMPLES=R3|YEAR=2024|JURISDICTIONS=CA|TOTAL=1|STAT=PC:P7,https://www.nationsreportcard.gov/DataService/GetAdhocData.aspx?type=sigacrossyear&subject=mathematics&grade=8&subscale=MRPCM&variable=TOTAL&jurisdiction=CA&stattype=PC%3AP7&Year=2019%2C2022%2C2024&ShowDetails=true&QCData=true&RevealDataKeys=true
2026-09-19T02:11:11.189Z,NDE,MAT,Mathematics,8,MRPCM,Composite mathematics scale (0-500),CA,California,TOTAL,All students,1,All students,PC:P9,percentile,90th percentile scale score,scale score,90.0,,2022,2024,325.328001403809,328.970498657227,3.642497253417957,no statistically significant difference,EQUAL,1,0,,0,,SUBJ=MAT|COHORT=2|DEPVAR=MRPCM|SAMPLES=R3|YEAR=2022|JURISDICTIONS=CA|TOTAL=1|STAT=PC:P9 || SUBJ=MAT|COHORT=2|DEPVAR=MRPCM|SAMPLES=R3|YEAR=2024|JURISDICTIONS=CA|TOTAL=1|STAT=PC:P9,https://www.nationsreportcard.gov/DataService/GetAdhocData.aspx?type=sigacrossyear&subject=mathematics&grade=8&subscale=MRPCM&variable=TOTAL&jurisdiction=CA&stattype=PC%3AP9&Year=2019%2C2022%2C2024&ShowDetails=true&QCData=true&RevealDataKeys=true
2026-09-19T02:11:11.189Z,NDE,MAT,Mathematics,8,MRPCM,Composite mathematics scale (0-500),CA,California,TOTAL,All students,1,All students,ALD:BA,achievement level,Percent at NAEP Basic,percent,,at NAEP Basic,2022,2024,32.5942445676779,29.0575699406455,-3.536674627032397,no statistically significant difference,EQUAL,1,0,,0,,SUBJ=MAT|COHORT=2|DEPVAR=MRPCM|SAMPLES=R3|YEAR=2022|JURISDICTIONS=CA|TOTAL=1|STAT=ALD:BA || SUBJ=MAT|COHORT=2|DEPVAR=MRPCM|SAMPLES=R3|YEAR=2024|JURISDICTIONS=CA|TOTAL=1|STAT=ALD:BA,https://www.nationsreportcard.gov/DataService/GetAdhocData.aspx?type=sigacrossyear&subject=mathematics&grade=8&subscale=MRPCM&variable=TOTAL&jurisdiction=CA&stattype=ALD%3ABA&Year=2019%2C2022%2C2024&ShowDetails=true&QCData=true&RevealDataKeys=true
2026-09-19T02:11:11.189Z,NDE,MAT,Mathematics,8,MRPCM,Composite mathematics scale (0-500),CA,California,TOTAL,All students,1,All students,ALD:PR,achievement level,Percent at NAEP Proficient,percent,,at NAEP Proficient,2022,2024,15.3284058416494,16.635648128212,1.3072422865626017,no statistically significant difference,EQUAL,1,0,,0,,SUBJ=MAT|COHORT=2|DEPVAR=MRPCM|SAMPLES=R3|YEAR=2022|JURISDICTIONS=CA|TOTAL=1|STAT=ALD:PR || SUBJ=MAT|COHORT=2|DEPVAR=MRPCM|SAMPLES=R3|YEAR=2024|JURISDICTIONS=CA|TOTAL=1|STAT=ALD:PR,https://www.nationsreportcard.gov/DataService/GetAdhocData.aspx?type=sigacrossyear&subject=mathematics&grade=8&subscale=MRPCM&variable=TOTAL&jurisdiction=CA&stattype=ALD%3APR&Year=2019%2C2022%2C2024&ShowDetails=true&QCData=true&RevealDataKeys=true
2026-09-19T02:11:11.189Z,NDE,MAT,Mathematics,8,MRPCM,Composite mathematics scale (0-500),CA,California,TOTAL,All students,1,All students,ALD:AD,achievement level,Percent at NAEP Advanced,percent,,at NAEP Advanced,2022,2024,7.6449080181665,8.61701571134388,0.9721076931773798,no statistically significant difference,EQUAL,1,0,,0,,SUBJ=MAT|COHORT=2|DEPVAR=MRPCM|SAMPLES=R3|YEAR=2022|JURISDICTIONS=CA|TOTAL=1|STAT=ALD:AD || SUBJ=MAT|COHORT=2|DEPVAR=MRPCM|SAMPLES=R3|YEAR=2024|JURISDICTIONS=CA|TOTAL=1|STAT=ALD:AD,https://www.nationsreportcard.gov/DataService/GetAdhocData.aspx?type=sigacrossyear&subject=mathematics&grade=8&subscale=MRPCM&variable=TOTAL&jurisdiction=CA&stattype=ALD%3AAD&Year=2019%2C2022%2C2024&ShowDetails=true&QCData=true&RevealDataKeys=true
2026-09-19T02:11:11.189Z,NDE,MAT,Mathematics,8,MRPCM,Composite mathematics scale (0-500),CA,California,TOTAL,All students,1,All students,ALC:BB,achievement level,Percent below NAEP Basic,percent,,below NAEP Basic,2022,2024,44.4324415725062,45.6897662197986,1.2573246472923998,no statistically significant difference,EQUAL,1,0,,0,,SUBJ=MAT|COHORT=2|DEPVAR=MRPCM|SAMPLES=R3|YEAR=2022|JURISDICTIONS=CA|TOTAL=1|STAT=ALC:BB || SUBJ=MAT|COHORT=2|DEPVAR=MRPCM|SAMPLES=R3|YEAR=2024|JURISDICTIONS=CA|TOTAL=1|STAT=ALC:BB,https://www.nationsreportcard.gov/DataService/GetAdhocData.aspx?type=sigacrossyear&subject=mathematics&grade=8&subscale=MRPCM&variable=TOTAL&jurisdiction=CA&stattype=ALC%3ABB&Year=2019%2C2022%2C2024&ShowDetails=true&QCData=true&RevealDataKeys=true
2026-09-19T02:11:11.189Z,NDE,MAT,Mathematics,8,MRPCM,Composite mathematics scale (0-500),CA,California,TOTAL,All students,1,All students,ALC:AB,achievement level,Percent at or above NAEP Basic,percent,,at or above NAEP Basic,2022,2024,55.5675584274938,54.3102337802014,-1.2573246472923998,no statistically significant difference,EQUAL,1,0,,0,,SUBJ=MAT|COHORT=2|DEPVAR=MRPCM|SAMPLES=R3|YEAR=2022|JURISDICTIONS=CA|TOTAL=1|STAT=ALC:AB || SUBJ=MAT|COHORT=2|DEPVAR=MRPCM|SAMPLES=R3|YEAR=2024|JURISDICTIONS=CA|TOTAL=1|STAT=ALC:AB,https://www.nationsreportcard.gov/DataService/GetAdhocData.aspx?type=sigacrossyear&subject=mathematics&grade=8&subscale=MRPCM&variable=TOTAL&jurisdiction=CA&stattype=ALC%3AAB&Year=2019%2C2022%2C2024&ShowDetails=true&QCData=true&RevealDataKeys=true
2026-09-19T02:11:11.189Z,NDE,MAT,Mathematics,8,MRPCM,Composite mathematics scale (0-500),CA,California,TOTAL,All students,1,All students,ALC:AP,achievement level,Percent at or above NAEP Proficient,percent,,at or above NAEP Proficient,2022,2024,22.9733138598159,25.2526638395559,2.279349979740001,no statistically significant difference,EQUAL,1,0,,0,,SUBJ=MAT|COHORT=2|DEPVAR=MRPCM|SAMPLES=R3|YEAR=2022|JURISDICTIONS=CA|TOTAL=1|STAT=ALC:AP || SUBJ=MAT|COHORT=2|DEPVAR=MRPCM|SAMPLES=R3|YEAR=2024|JURISDICTIONS=CA|TOTAL=1|STAT=ALC:AP,https://www.nationsreportcard.gov/DataService/GetAdhocData.aspx?type=sigacrossyear&subject=mathematics&grade=8&subscale=MRPCM&variable=TOTAL&jurisdiction=CA&stattype=ALC%3AAP&Year=2019%2C2022%2C2024&ShowDetails=true&QCData=true&RevealDataKeys=true
2026-09-19T02:11:11.189Z,NDE,MAT,Mathematics,8,MRPCM,Composite mathematics scale (0-500),CA,California,TOTAL,All students,1,All students,ALC:AD,achievement level,Percent at NAEP Advanced (cumulative code),percent,,at NAEP Advanced (cumulative code),2022,2024,7.6449080181665,8.61701571134388,0.9721076931773798,no statistically significant difference,EQUAL,1,0,,0,,SUBJ=MAT|COHORT=2|DEPVAR=MRPCM|SAMPLES=R3|YEAR=2022|JURISDICTIONS=CA|TOTAL=1|STAT=ALC:AD || SUBJ=MAT|COHORT=2|DEPVAR=MRPCM|SAMPLES=R3|YEAR=2024|JURISDICTIONS=CA|TOTAL=1|STAT=ALC:AD,https://www.nationsreportcard.gov/DataService/GetAdhocData.aspx?type=sigacrossyear&subject=mathematics&grade=8&subscale=MRPCM&variable=TOTAL&jurisdiction=CA&stattype=ALC%3AAD&Year=2019%2C2022%2C2024&ShowDetails=true&QCData=true&RevealDataKeys=true
2026-09-19T02:11:11.189Z,NDE,MAT,Mathematics,8,MRPCM,Composite mathematics scale (0-500),CA,California,ECONDIS,Economically disadvantaged status,1,Economically disadvantaged,MN:MN,location,Average scale score,scale score,,,2022,2024,255.740508918023,253.539171807345,-2.201337110677997,no statistically significant difference,EQUAL,1,0,,0,,SUBJ=MAT|COHORT=2|DEPVAR=MRPCM|SAMPLES=R3|YEAR=2022|JURISDICTIONS=CA|ECONDIS=1|STAT=MN:MN || SUBJ=MAT|COHORT=2|DEPVAR=MRPCM|SAMPLES=R3|YEAR=2024|JURISDICTIONS=CA|ECONDIS=1|STAT=MN:MN,https://www.nationsreportcard.gov/DataService/GetAdhocData.aspx?type=sigacrossyear&subject=mathematics&grade=8&subscale=MRPCM&variable=ECONDIS&jurisdiction=CA&stattype=MN%3AMN&Year=2019%2C2022%2C2024&ShowDetails=true&QCData=true&RevealDataKeys=true
2026-09-19T02:11:11.189Z,NDE,MAT,Mathematics,8,MRPCM,Composite mathematics scale (0-500),CA,California,ECONDIS,Economically disadvantaged status,1,Economically disadvantaged,PC:P1,percentile,10th percentile scale score,scale score,10.0,,2022,2024,211.185499572754,202.492499542236,-8.693000030517993,no statistically significant difference,EQUAL,1,0,,0,,SUBJ=MAT|COHORT=2|DEPVAR=MRPCM|SAMPLES=R3|YEAR=2022|JURISDICTIONS=CA|ECONDIS=1|STAT=PC:P1 || SUBJ=MAT|COHORT=2|DEPVAR=MRPCM|SAMPLES=R3|YEAR=2024|JURISDICTIONS=CA|ECONDIS=1|STAT=PC:P1,https://www.nationsreportcard.gov/DataService/GetAdhocData.aspx?type=sigacrossyear&subject=mathematics&grade=8&subscale=MRPCM&variable=ECONDIS&jurisdiction=CA&stattype=PC%3AP1&Year=2019%2C2022%2C2024&ShowDetails=true&QCData=true&RevealDataKeys=true
2026-09-19T02:11:11.189Z,NDE,MAT,Mathematics,8,MRPCM,Composite mathematics scale (0-500),CA,California,ECONDIS,Economically disadvantaged status,1,Economically disadvantaged,PC:P2,percentile,25th percentile scale score,scale score,25.0,,2022,2024,231.068001556396,226.804499816895,-4.2635017395010095,no statistically significant difference,EQUAL,1,0,,0,,SUBJ=MAT|COHORT=2|DEPVAR=MRPCM|SAMPLES=R3|YEAR=2022|JURISDICTIONS=CA|ECONDIS=1|STAT=PC:P2 || SUBJ=MAT|COHORT=2|DEPVAR=MRPCM|SAMPLES=R3|YEAR=2024|JURISDICTIONS=CA|ECONDIS=1|STAT=PC:P2,https://www.nationsreportcard.gov/DataService/GetAdhocData.aspx?type=sigacrossyear&subject=mathematics&grade=8&subscale=MRPCM&variable=ECONDIS&jurisdiction=CA&stattype=PC%3AP2&Year=2019%2C2022%2C2024&ShowDetails=true&QCData=true&RevealDataKeys=true
2026-09-19T02:11:11.189Z,NDE,MAT,Mathematics,8,MRPCM,Composite mathematics scale (0-500),CA,California,ECONDIS,Economically disadvantaged status,1,Economically disadvantaged,PC:P5,percentile,50th percentile scale score,scale score,50.0,,2022,2024,254.402499389649,252.98099899292,-1.4215003967289874,no statistically significant difference,EQUAL,1,0,,0,,SUBJ=MAT|COHORT=2|DEPVAR=MRPCM|SAMPLES=R3|YEAR=2022|JURISDICTIONS=CA|ECONDIS=1|STAT=PC:P5 || SUBJ=MAT|COHORT=2|DEPVAR=MRPCM|SAMPLES=R3|YEAR=2024|JURISDICTIONS=CA|ECONDIS=1|STAT=PC:P5,https://www.nationsreportcard.gov/DataService/GetAdhocData.aspx?type=sigacrossyear&subject=mathematics&grade=8&subscale=MRPCM&variable=ECONDIS&jurisdiction=CA&stattype=PC%3AP5&Year=2019%2C2022%2C2024&ShowDetails=true&QCData=true&RevealDataKeys=true
2026-09-19T02:11:11.189Z,NDE,MAT,Mathematics,8,MRPCM,Composite mathematics scale (0-500),CA,California,ECONDIS,Economically disadvantaged status,1,Economically disadvantaged,PC:P7,percentile,75th percentile scale score,scale score,75.0,,2022,2024,279.485499572754,279.228497314453,-0.2570022583009859,no statistically significant difference,EQUAL,1,0,,0,,SUBJ=MAT|COHORT=2|DEPVAR=MRPCM|SAMPLES=R3|YEAR=2022|JURISDICTIONS=CA|ECONDIS=1|STAT=PC:P7 || SUBJ=MAT|COHORT=2|DEPVAR=MRPCM|SAMPLES=R3|YEAR=2024|JURISDICTIONS=CA|ECONDIS=1|STAT=PC:P7,https://www.nationsreportcard.gov/DataService/GetAdhocData.aspx?type=sigacrossyear&subject=mathematics&grade=8&subscale=MRPCM&variable=ECONDIS&jurisdiction=CA&stattype=PC%3AP7&Year=2019%2C2022%2C2024&ShowDetails=true&QCData=true&RevealDataKeys=true
2026-09-19T02:11:11.189Z,NDE,MAT,Mathematics,8,MRPCM,Composite mathematics scale (0-500),CA,California,ECONDIS,Economically disadvantaged status,1,Economically disadvantaged,PC:P9,percentile,90th percentile scale score,scale score,90.0,,2022,2024,301.55950012207,305.512501525879,3.953001403808969,no statistically significant difference,EQUAL,1,0,,0,,SUBJ=MAT|COHORT=2|DEPVAR=MRPCM|SAMPLES=R3|YEAR=2022|JURISDICTIONS=CA|ECONDIS=1|STAT=PC:P9 || SUBJ=MAT|COHORT=2|DEPVAR=MRPCM|SAMPLES=R3|YEAR=2024|JURISDICTIONS=CA|ECONDIS=1|STAT=PC:P9,https://www.nationsreportcard.gov/DataService/GetAdhocData.aspx?type=sigacrossyear&subject=mathematics&grade=8&subscale=MRPCM&variable=ECONDIS&jurisdiction=CA&stattype=PC%3AP9&Year=2019%2C2022%2C2024&ShowDetails=true&QCData=true&RevealDataKeys=true
2026-09-19T02:11:11.189Z,NDE,MAT,Mathematics,8,MRPCM,Composite mathematics scale (0-500),CA,California,ECONDIS,Economically disadvantaged status,1,Economically disadvantaged,ALD:BA,achievement level,Percent at NAEP Basic,percent,,at NAEP Basic,2022,2024,30.4955119742673,28.22159543806,-2.273916536207299,no statistically significant difference,EQUAL,1,0,,0,,SUBJ=MAT|COHORT=2|DEPVAR=MRPCM|SAMPLES=R3|YEAR=2022|JURISDICTIONS=CA|ECONDIS=1|STAT=ALD:BA || SUBJ=MAT|COHORT=2|DEPVAR=MRPCM|SAMPLES=R3|YEAR=2024|JURISDICTIONS=CA|ECONDIS=1|STAT=ALD:BA,https://www.nationsreportcard.gov/DataService/GetAdhocData.aspx?type=sigacrossyear&subject=mathematics&grade=8&subscale=MRPCM&variable=ECONDIS&jurisdiction=CA&stattype=ALD%3ABA&Year=2019%2C2022%2C2024&ShowDetails=true&QCData=true&RevealDataKeys=true
2026-09-19T02:11:11.189Z,NDE,MAT,Mathematics,8,MRPCM,Composite mathematics scale (0-500),CA,California,ECONDIS,Economically disadvantaged status,1,Economically disadvantaged,ALD:PR,achievement level,Percent at NAEP Proficient,percent,,at NAEP Proficient,2022,2024,9.33914752403507,9.80563456151708,0.4664870374820093,no statistically significant difference,EQUAL,1,0,,0,,SUBJ=MAT|COHORT=2|DEPVAR=MRPCM|SAMPLES=R3|YEAR=2022|JURISDICTIONS=CA|ECONDIS=1|STAT=ALD:PR || SUBJ=MAT|COHORT=2|DEPVAR=MRPCM|SAMPLES=R3|YEAR=2024|JURISDICTIONS=CA|ECONDIS=1|STAT=ALD:PR,https://www.nationsreportcard.gov/DataService/GetAdhocData.aspx?type=sigacrossyear&subject=mathematics&grade=8&subscale=MRPCM&variable=ECONDIS&jurisdiction=CA&stattype=ALD%3APR&Year=2019%2C2022%2C2024&ShowDetails=true&QCData=true&RevealDataKeys=true
2026-09-19T02:11:11.189Z,NDE,MAT,Mathematics,8,MRPCM,Composite mathematics scale (0-500),CA,California,ECONDIS,Economically disadvantaged status,1,Economically disadvantaged,ALD:AD,achievement level,Percent at NAEP Advanced,percent,,at NAEP Advanced,2022,2024,1.94162599848013,2.82106707491308,0.8794410764329499,no statistically significant difference,EQUAL,1,0,,0,,SUBJ=MAT|COHORT=2|DEPVAR=MRPCM|SAMPLES=R3|YEAR=2022|JURISDICTIONS=CA|ECONDIS=1|STAT=ALD:AD || SUBJ=MAT|COHORT=2|DEPVAR=MRPCM|SAMPLES=R3|YEAR=2024|JURISDICTIONS=CA|ECONDIS=1|STAT=ALD:AD,https://www.nationsreportcard.gov/DataService/GetAdhocData.aspx?type=sigacrossyear&subject=mathematics&grade=8&subscale=MRPCM&variable=ECONDIS&jurisdiction=CA&stattype=ALD%3AAD&Year=2019%2C2022%2C2024&ShowDetails=true&QCData=true&RevealDataKeys=true
2026-09-19T02:11:11.189Z,NDE,MAT,Mathematics,8,MRPCM,Composite mathematics scale (0-500),CA,California,ECONDIS,Economically disadvantaged status,1,Economically disadvantaged,ALC:BB,achievement level,Percent below NAEP Basic,percent,,below NAEP Basic,2022,2024,58.2237145032175,59.1517029255099,0.9279884222924012,no statistically significant difference,EQUAL,1,0,,0,,SUBJ=MAT|COHORT=2|DEPVAR=MRPCM|SAMPLES=R3|YEAR=2022|JURISDICTIONS=CA|ECONDIS=1|STAT=ALC:BB || SUBJ=MAT|COHORT=2|DEPVAR=MRPCM|SAMPLES=R3|YEAR=2024|JURISDICTIONS=CA|ECONDIS=1|STAT=ALC:BB,https://www.nationsreportcard.gov/DataService/GetAdhocData.aspx?type=sigacrossyear&subject=mathematics&grade=8&subscale=MRPCM&variable=ECONDIS&jurisdiction=CA&stattype=ALC%3ABB&Year=2019%2C2022%2C2024&ShowDetails=true&QCData=true&RevealDataKeys=true
2026-09-19T02:11:11.189Z,NDE,MAT,Mathematics,8,MRPCM,Composite mathematics scale (0-500),CA,California,ECONDIS,Economically disadvantaged status,1,Economically disadvantaged,ALC:AB,achievement level,Percent at or above NAEP Basic,percent,,at or above NAEP Basic,2022,2024,41.7762854967825,40.8482970744901,-0.9279884222924012,no statistically significant difference,EQUAL,1,0,,0,,SUBJ=MAT|COHORT=2|DEPVAR=MRPCM|SAMPLES=R3|YEAR=2022|JURISDICTIONS=CA|ECONDIS=1|STAT=ALC:AB || SUBJ=MAT|COHORT=2|DEPVAR=MRPCM|SAMPLES=R3|YEAR=2024|JURISDICTIONS=CA|ECONDIS=1|STAT=ALC:AB,https://www.nationsreportcard.gov/DataService/GetAdhocData.aspx?type=sigacrossyear&subject=mathematics&grade=8&subscale=MRPCM&variable=ECONDIS&jurisdiction=CA&stattype=ALC%3AAB&Year=2019%2C2022%2C2024&ShowDetails=true&QCData=true&RevealDataKeys=true
2026-09-19T02:11:11.189Z,NDE,MAT,Mathematics,8,MRPCM,Composite mathematics scale (0-500),CA,California,ECONDIS,Economically disadvantaged status,1,Economically disadvantaged,ALC:AP,achievement level,Percent at or above NAEP Proficient,percent,,at or above NAEP Proficient,2022,2024,11.2807735225152,12.6267016364302,1.345928113914999,no statistically significant difference,EQUAL,1,0,,0,,SUBJ=MAT|COHORT=2|DEPVAR=MRPCM|SAMPLES=R3|YEAR=2022|JURISDICTIONS=CA|ECONDIS=1|STAT=ALC:AP || SUBJ=MAT|COHORT=2|DEPVAR=MRPCM|SAMPLES=R3|YEAR=2024|JURISDICTIONS=CA|ECONDIS=1|STAT=ALC:AP,https://www.nationsreportcard.gov/DataService/GetAdhocData.aspx?type=sigacrossyear&subject=mathematics&grade=8&subscale=MRPCM&variable=ECONDIS&jurisdiction=CA&stattype=ALC%3AAP&Year=2019%2C2022%2C2024&ShowDetails=true&QCData=true&RevealDataKeys=true
2026-09-19T02:11:11.189Z,NDE,MAT,Mathematics,8,MRPCM,Composite mathematics scale (0-500),CA,California,ECONDIS,Economically disadvantaged status,1,Economically disadvantaged,ALC:AD,achievement level,Percent at NAEP Advanced (cumulative code),percent,,at NAEP Advanced (cumulative code),2022,2024,1.94162599848013,2.82106707491308,0.8794410764329499,no statistically significant difference,EQUAL,1,0,,0,,SUBJ=MAT|COHORT=2|DEPVAR=MRPCM|SAMPLES=R3|YEAR=2022|JURISDICTIONS=CA|ECONDIS=1|STAT=ALC:AD || SUBJ=MAT|COHORT=2|DEPVAR=MRPCM|SAMPLES=R3|YEAR=2024|JURISDICTIONS=CA|ECONDIS=1|STAT=ALC:AD,https://www.nationsreportcard.gov/DataService/GetAdhocData.aspx?type=sigacrossyear&subject=mathematics&grade=8&subscale=MRPCM&variable=ECONDIS&jurisdiction=CA&stattype=ALC%3AAD&Year=2019%2C2022%2C2024&ShowDetails=true&QCData=true&RevealDataKeys=true
2026-09-19T02:11:11.189Z,NDE,MAT,Mathematics,8,MRPCM,Composite mathematics scale (0-500),CA,California,ECONDIS,Economically disadvantaged status,2,Not economically disadvantaged,MN:MN,location,Average scale score,scale score,,,2022,2024,291.532638129118,292.538438166108,1.0058000369899671,no statistically significant difference,EQUAL,1,0,,0,,SUBJ=MAT|COHORT=2|DEPVAR=MRPCM|SAMPLES=R3|YEAR=2022|JURISDICTIONS=CA|ECONDIS=2|STAT=MN:MN || SUBJ=MAT|COHORT=2|DEPVAR=MRPCM|SAMPLES=R3|YEAR=2024|JURISDICTIONS=CA|ECONDIS=2|STAT=MN:MN,https://www.nationsreportcard.gov/DataService/GetAdhocData.aspx?type=sigacrossyear&subject=mathematics&grade=8&subscale=MRPCM&variable=ECONDIS&jurisdiction=CA&stattype=MN%3AMN&Year=2019%2C2022%2C2024&ShowDetails=true&QCData=true&RevealDataKeys=true
2026-09-19T02:11:11.189Z,NDE,MAT,Mathematics,8,MRPCM,Composite mathematics scale (0-500),CA,California,ECONDIS,Economically disadvantaged status,2,Not economically disadvantaged,PC:P1,percentile,10th percentile scale score,scale score,10.0,,2022,2024,240.655499267578,235.900499725342,-4.754999542235993,no statistically significant difference,EQUAL,1,0,,0,,SUBJ=MAT|COHORT=2|DEPVAR=MRPCM|SAMPLES=R3|YEAR=2022|JURISDICTIONS=CA|ECONDIS=2|STAT=PC:P1 || SUBJ=MAT|COHORT=2|DEPVAR=MRPCM|SAMPLES=R3|YEAR=2024|JURISDICTIONS=CA|ECONDIS=2|STAT=PC:P1,https://www.nationsreportcard.gov/DataService/GetAdhocData.aspx?type=sigacrossyear&subject=mathematics&grade=8&subscale=MRPCM&variable=ECONDIS&jurisdiction=CA&stattype=PC%3AP1&Year=2019%2C2022%2C2024&ShowDetails=true&QCData=true&RevealDataKeys=true
2026-09-19T02:11:11.189Z,NDE,MAT,Mathematics,8,MRPCM,Composite mathematics scale (0-500),CA,California,ECONDIS,Economically disadvantaged status,2,Not economically disadvantaged,PC:P2,percentile,25th percentile scale score,scale score,25.0,,2022,2024,264.600999450684,262.359001159668,-2.241998291015989,no statistically significant difference,EQUAL,1,0,,0,,SUBJ=MAT|COHORT=2|DEPVAR=MRPCM|SAMPLES=R3|YEAR=2022|JURISDICTIONS=CA|ECONDIS=2|STAT=PC:P2 || SUBJ=MAT|COHORT=2|DEPVAR=MRPCM|SAMPLES=R3|YEAR=2024|JURISDICTIONS=CA|ECONDIS=2|STAT=PC:P2,https://www.nationsreportcard.gov/DataService/GetAdhocData.aspx?type=sigacrossyear&subject=mathematics&grade=8&subscale=MRPCM&variable=ECONDIS&jurisdiction=CA&stattype=PC%3AP2&Year=2019%2C2022%2C2024&ShowDetails=true&QCData=true&RevealDataKeys=true
2026-09-19T02:11:11.189Z,NDE,MAT,Mathematics,8,MRPCM,Composite mathematics scale (0-500),CA,California,ECONDIS,Economically disadvantaged status,2,Not economically disadvantaged,PC:P5,percentile,50th percentile scale score,scale score,50.0,,2022,2024,289.560997009278,293.570999145508,4.010002136229957,no statistically significant difference,EQUAL,1,0,,0,,SUBJ=MAT|COHORT=2|DEPVAR=MRPCM|SAMPLES=R3|YEAR=2022|JURISDICTIONS=CA|ECONDIS=2|STAT=PC:P5 || SUBJ=MAT|COHORT=2|DEPVAR=MRPCM|SAMPLES=R3|YEAR=2024|JURISDICTIONS=CA|ECONDIS=2|STAT=PC:P5,https://www.nationsreportcard.gov/DataService/GetAdhocData.aspx?type=sigacrossyear&subject=mathematics&grade=8&subscale=MRPCM&variable=ECONDIS&jurisdiction=CA&stattype=PC%3AP5&Year=2019%2C2022%2C2024&ShowDetails=true&QCData=true&RevealDataKeys=true
2026-09-19T02:11:11.189Z,NDE,MAT,Mathematics,8,MRPCM,Composite mathematics scale (0-500),CA,California,ECONDIS,Economically disadvantaged status,2,Not economically disadvantaged,PC:P7,percentile,75th percentile scale score,scale score,75.0,,2022,2024,319.517994689942,321.876501464844,2.358506774902025,no statistically significant difference,EQUAL,1,0,,0,,SUBJ=MAT|COHORT=2|DEPVAR=MRPCM|SAMPLES=R3|YEAR=2022|JURISDICTIONS=CA|ECONDIS=2|STAT=PC:P7 || SUBJ=MAT|COHORT=2|DEPVAR=MRPCM|SAMPLES=R3|YEAR=2024|JURISDICTIONS=CA|ECONDIS=2|STAT=PC:P7,https://www.nationsreportcard.gov/DataService/GetAdhocData.aspx?type=sigacrossyear&subject=mathematics&grade=8&subscale=MRPCM&variable=ECONDIS&jurisdiction=CA&stattype=PC%3AP7&Year=2019%2C2022%2C2024&ShowDetails=true&QCData=true&RevealDataKeys=true
2026-09-19T02:11:11.189Z,NDE,MAT,Mathematics,8,MRPCM,Composite mathematics scale (0-500),CA,California,ECONDIS,Economically disadvantaged status,2,Not economically disadvantaged,PC:P9,percentile,90th percentile scale score,scale score,90.0,,2022,2024,345.800001525879,348.155502319336,2.355500793456997,no statistically significant difference,EQUAL,1,0,,0,,SUBJ=MAT|COHORT=2|DEPVAR=MRPCM|SAMPLES=R3|YEAR=2022|JURISDICTIONS=CA|ECONDIS=2|STAT=PC:P9 || SUBJ=MAT|COHORT=2|DEPVAR=MRPCM|SAMPLES=R3|YEAR=2024|JURISDICTIONS=CA|ECONDIS=2|STAT=PC:P9,https://www.nationsreportcard.gov/DataService/GetAdhocData.aspx?type=sigacrossyear&subject=mathematics&grade=8&subscale=MRPCM&variable=ECONDIS&jurisdiction=CA&stattype=PC%3AP9&Year=2019%2C2022%2C2024&ShowDetails=true&QCData=true&RevealDataKeys=true
2026-09-19T02:11:11.189Z,NDE,MAT,Mathematics,8,MRPCM,Composite mathematics scale (0-500),CA,California,ECONDIS,Economically disadvantaged status,2,Not economically disadvantaged,ALD:BA,achievement level,Percent at NAEP Basic,percent,,at NAEP Basic,2022,2024,35.9253609256918,30.374335238063,-5.5510256876287976,no statistically significant difference,EQUAL,1,0,,0,,SUBJ=MAT|COHORT=2|DEPVAR=MRPCM|SAMPLES=R3|YEAR=2022|JURISDICTIONS=CA|ECONDIS=2|STAT=ALD:BA || SUBJ=MAT|COHORT=2|DEPVAR=MRPCM|SAMPLES=R3|YEAR=2024|JURISDICTIONS=CA|ECONDIS=2|STAT=ALD:BA,https://www.nationsreportcard.gov/DataService/GetAdhocData.aspx?type=sigacrossyear&subject=mathematics&grade=8&subscale=MRPCM&variable=ECONDIS&jurisdiction=CA&stattype=ALD%3ABA&Year=2019%2C2022%2C2024&ShowDetails=true&QCData=true&RevealDataKeys=true
2026-09-19T02:11:11.189Z,NDE,MAT,Mathematics,8,MRPCM,Composite mathematics scale (0-500),CA,California,ECONDIS,Economically disadvantaged status,2,Not economically disadvantaged,ALD:PR,achievement level,Percent at NAEP Proficient,percent,,at NAEP Proficient,2022,2024,24.525369391819,27.2803339559332,2.7549645641142,no statistically significant difference,EQUAL,1,0,,0,,SUBJ=MAT|COHORT=2|DEPVAR=MRPCM|SAMPLES=R3|YEAR=2022|JURISDICTIONS=CA|ECONDIS=2|STAT=ALD:PR || SUBJ=MAT|COHORT=2|DEPVAR=MRPCM|SAMPLES=R3|YEAR=2024|JURISDICTIONS=CA|ECONDIS=2|STAT=ALD:PR,https://www.nationsreportcard.gov/DataService/GetAdhocData.aspx?type=sigacrossyear&subject=mathematics&grade=8&subscale=MRPCM&variable=ECONDIS&jurisdiction=CA&stattype=ALD%3APR&Year=2019%2C2022%2C2024&ShowDetails=true&QCData=true&RevealDataKeys=true
2026-09-19T02:11:11.189Z,NDE,MAT,Mathematics,8,MRPCM,Composite mathematics scale (0-500),CA,California,ECONDIS,Economically disadvantaged status,2,Not economically disadvantaged,ALD:AD,achievement level,Percent at NAEP Advanced,percent,,at NAEP Advanced,2022,2024,16.4669239451558,17.6470016648392,1.1800777196833998,no statistically significant difference,EQUAL,1,0,,0,,SUBJ=MAT|COHORT=2|DEPVAR=MRPCM|SAMPLES=R3|YEAR=2022|JURISDICTIONS=CA|ECONDIS=2|STAT=ALD:AD || SUBJ=MAT|COHORT=2|DEPVAR=MRPCM|SAMPLES=R3|YEAR=2024|JURISDICTIONS=CA|ECONDIS=2|STAT=ALD:AD,https://www.nationsreportcard.gov/DataService/GetAdhocData.aspx?type=sigacrossyear&subject=mathematics&grade=8&subscale=MRPCM&variable=ECONDIS&jurisdiction=CA&stattype=ALD%3AAD&Year=2019%2C2022%2C2024&ShowDetails=true&QCData=true&RevealDataKeys=true
2026-09-19T02:11:11.189Z,NDE,MAT,Mathematics,8,MRPCM,Composite mathematics scale (0-500),CA,California,ECONDIS,Economically disadvantaged status,2,Not economically disadvantaged,ALC:BB,achievement level,Percent below NAEP Basic,percent,,below NAEP Basic,2022,2024,23.0823457373334,24.6983291411646,1.6159834038311978,no statistically significant difference,EQUAL,1,0,,0,,SUBJ=MAT|COHORT=2|DEPVAR=MRPCM|SAMPLES=R3|YEAR=2022|JURISDICTIONS=CA|ECONDIS=2|STAT=ALC:BB || SUBJ=MAT|COHORT=2|DEPVAR=MRPCM|SAMPLES=R3|YEAR=2024|JURISDICTIONS=CA|ECONDIS=2|STAT=ALC:BB,https://www.nationsreportcard.gov/DataService/GetAdhocData.aspx?type=sigacrossyear&subject=mathematics&grade=8&subscale=MRPCM&variable=ECONDIS&jurisdiction=CA&stattype=ALC%3ABB&Year=2019%2C2022%2C2024&ShowDetails=true&QCData=true&RevealDataKeys=true
2026-09-19T02:11:11.189Z,NDE,MAT,Mathematics,8,MRPCM,Composite mathematics scale (0-500),CA,California,ECONDIS,Economically disadvantaged status,2,Not economically disadvantaged,ALC:AB,achievement level,Percent at or above NAEP Basic,percent,,at or above NAEP Basic,2022,2024,76.9176542626666,75.3016708588354,-1.6159834038312084,no statistically significant difference,EQUAL,1,0,,0,,SUBJ=MAT|COHORT=2|DEPVAR=MRPCM|SAMPLES=R3|YEAR=2022|JURISDICTIONS=CA|ECONDIS=2|STAT=ALC:AB || SUBJ=MAT|COHORT=2|DEPVAR=MRPCM|SAMPLES=R3|YEAR=2024|JURISDICTIONS=CA|ECONDIS=2|STAT=ALC:AB,https://www.nationsreportcard.gov/DataService/GetAdhocData.aspx?type=sigacrossyear&subject=mathematics&grade=8&subscale=MRPCM&variable=ECONDIS&jurisdiction=CA&stattype=ALC%3AAB&Year=2019%2C2022%2C2024&ShowDetails=true&QCData=true&RevealDataKeys=true
2026-09-19T02:11:11.189Z,NDE,MAT,Mathematics,8,MRPCM,Composite mathematics scale (0-500),CA,California,ECONDIS,Economically disadvantaged status,2,Not economically disadvantaged,ALC:AP,achievement level,Percent at or above NAEP Proficient,percent,,at or above NAEP Proficient,2022,2024,40.9922933369749,44.9273356207724,3.9350422837975,no statistically significant difference,EQUAL,1,0,,0,,SUBJ=MAT|COHORT=2|DEPVAR=MRPCM|SAMPLES=R3|YEAR=2022|JURISDICTIONS=CA|ECONDIS=2|STAT=ALC:AP || SUBJ=MAT|COHORT=2|DEPVAR=MRPCM|SAMPLES=R3|YEAR=2024|JURISDICTIONS=CA|ECONDIS=2|STAT=ALC:AP,https://www.nationsreportcard.gov/DataService/GetAdhocData.aspx?type=sigacrossyear&subject=mathematics&grade=8&subscale=MRPCM&variable=ECONDIS&jurisdiction=CA&stattype=ALC%3AAP&Year=2019%2C2022%2C2024&ShowDetails=true&QCData=true&RevealDataKeys=true
2026-09-19T02:11:11.189Z,NDE,MAT,Mathematics,8,MRPCM,Composite mathematics scale (0-500),CA,California,ECONDIS,Economically disadvantaged status,2,Not economically disadvantaged,ALC:AD,achievement level,Percent at NAEP Advanced (cumulative code),percent,,at NAEP Advanced (cumulative code),2022,2024,16.4669239451558,17.6470016648392,1.1800777196833998,no statistically significant difference,EQUAL,1,0,,0,,SUBJ=MAT|COHORT=2|DEPVAR=MRPCM|SAMPLES=R3|YEAR=2022|JURISDICTIONS=CA|ECONDIS=2|STAT=ALC:AD || SUBJ=MAT|COHORT=2|DEPVAR=MRPCM|SAMPLES=R3|YEAR=2024|JURISDICTIONS=CA|ECONDIS=2|STAT=ALC:AD,https://www.nationsreportcard.gov/DataService/GetAdhocData.aspx?type=sigacrossyear&subject=mathematics&grade=8&subscale=MRPCM&variable=ECONDIS&jurisdiction=CA&stattype=ALC%3AAD&Year=2019%2C2022%2C2024&ShowDetails=true&QCData=true&RevealDataKeys=true
2026-09-19T02:11:11.189Z,NDE,MAT,Mathematics,8,MRPCM,Composite mathematics scale (0-500),CA,California,ECONDIS,Economically disadvantaged status,3,Information not available,MN:MN,location,Average scale score,scale score,,,2022,2024,263.807207917865,,,,,0,0,,257,reporting standard not met; standard error not applicable,SUBJ=MAT|COHORT=2|DEPVAR=MRPCM|SAMPLES=R3|YEAR=2022|JURISDICTIONS=CA|ECONDIS=3|STAT=MN:MN || SUBJ=MAT|COHORT=2|DEPVAR=MRPCM|SAMPLES=R3|YEAR=2024|JURISDICTIONS=CA|ECONDIS=3|STAT=MN:MN,https://www.nationsreportcard.gov/DataService/GetAdhocData.aspx?type=sigacrossyear&subject=mathematics&grade=8&subscale=MRPCM&variable=ECONDIS&jurisdiction=CA&stattype=MN%3AMN&Year=2019%2C2022%2C2024&ShowDetails=true&QCData=true&RevealDataKeys=true
2026-09-19T02:11:11.189Z,NDE,MAT,Mathematics,8,MRPCM,Composite mathematics scale (0-500),CA,California,ECONDIS,Economically disadvantaged status,3,Information not available,PC:P1,percentile,10th percentile scale score,scale score,10.0,,2022,2024,216.338999176025,,,,,0,0,,257,reporting standard not met; standard error not applicable,SUBJ=MAT|COHORT=2|DEPVAR=MRPCM|SAMPLES=R3|YEAR=2022|JURISDICTIONS=CA|ECONDIS=3|STAT=PC:P1 || SUBJ=MAT|COHORT=2|DEPVAR=MRPCM|SAMPLES=R3|YEAR=2024|JURISDICTIONS=CA|ECONDIS=3|STAT=PC:P1,https://www.nationsreportcard.gov/DataService/GetAdhocData.aspx?type=sigacrossyear&subject=mathematics&grade=8&subscale=MRPCM&variable=ECONDIS&jurisdiction=CA&stattype=PC%3AP1&Year=2019%2C2022%2C2024&ShowDetails=true&QCData=true&RevealDataKeys=true
2026-09-19T02:11:11.189Z,NDE,MAT,Mathematics,8,MRPCM,Composite mathematics scale (0-500),CA,California,ECONDIS,Economically disadvantaged status,3,Information not available,PC:P2,percentile,25th percentile scale score,scale score,25.0,,2022,2024,237.405502319336,,,,,0,0,,257,reporting standard not met; standard error not applicable,SUBJ=MAT|COHORT=2|DEPVAR=MRPCM|SAMPLES=R3|YEAR=2022|JURISDICTIONS=CA|ECONDIS=3|STAT=PC:P2 || SUBJ=MAT|COHORT=2|DEPVAR=MRPCM|SAMPLES=R3|YEAR=2024|JURISDICTIONS=CA|ECONDIS=3|STAT=PC:P2,https://www.nationsreportcard.gov/DataService/GetAdhocData.aspx?type=sigacrossyear&subject=mathematics&grade=8&subscale=MRPCM&variable=ECONDIS&jurisdiction=CA&stattype=PC%3AP2&Year=2019%2C2022%2C2024&ShowDetails=true&QCData=true&RevealDataKeys=true
2026-09-19T02:11:11.189Z,NDE,MAT,Mathematics,8,MRPCM,Composite mathematics scale (0-500),CA,California,ECONDIS,Economically disadvantaged status,3,Information not available,PC:P5,percentile,50th percentile scale score,scale score,50.0,,2022,2024,260.801502990723,,,,,0,0,,257,reporting standard not met; standard error not applicable,SUBJ=MAT|COHORT=2|DEPVAR=MRPCM|SAMPLES=R3|YEAR=2022|JURISDICTIONS=CA|ECONDIS=3|STAT=PC:P5 || SUBJ=MAT|COHORT=2|DEPVAR=MRPCM|SAMPLES=R3|YEAR=2024|JURISDICTIONS=CA|ECONDIS=3|STAT=PC:P5,https://www.nationsreportcard.gov/DataService/GetAdhocData.aspx?type=sigacrossyear&subject=mathematics&grade=8&subscale=MRPCM&variable=ECONDIS&jurisdiction=CA&stattype=PC%3AP5&Year=2019%2C2022%2C2024&ShowDetails=true&QCData=true&RevealDataKeys=true
2026-09-19T02:11:11.189Z,NDE,MAT,Mathematics,8,MRPCM,Composite mathematics scale (0-500),CA,California,ECONDIS,Economically disadvantaged status,3,Information not available,PC:P7,percentile,75th percentile scale score,scale score,75.0,,2022,2024,288.261500549317,,,,,0,0,,257,reporting standard not met; standard error not applicable,SUBJ=MAT|COHORT=2|DEPVAR=MRPCM|SAMPLES=R3|YEAR=2022|JURISDICTIONS=CA|ECONDIS=3|STAT=PC:P7 || SUBJ=MAT|COHORT=2|DEPVAR=MRPCM|SAMPLES=R3|YEAR=2024|JURISDICTIONS=CA|ECONDIS=3|STAT=PC:P7,https://www.nationsreportcard.gov/DataService/GetAdhocData.aspx?type=sigacrossyear&subject=mathematics&grade=8&subscale=MRPCM&variable=ECONDIS&jurisdiction=CA&stattype=PC%3AP7&Year=2019%2C2022%2C2024&ShowDetails=true&QCData=true&RevealDataKeys=true
2026-09-19T02:11:11.189Z,NDE,MAT,Mathematics,8,MRPCM,Composite mathematics scale (0-500),CA,California,ECONDIS,Economically disadvantaged status,3,Information not available,PC:P9,percentile,90th percentile scale score,scale score,90.0,,2022,2024,317.458502197266,,,,,0,0,,257,reporting standard not met; standard error not applicable,SUBJ=MAT|COHORT=2|DEPVAR=MRPCM|SAMPLES=R3|YEAR=2022|JURISDICTIONS=CA|ECONDIS=3|STAT=PC:P9 || SUBJ=MAT|COHORT=2|DEPVAR=MRPCM|SAMPLES=R3|YEAR=2024|JURISDICTIONS=CA|ECONDIS=3|STAT=PC:P9,https://www.nationsreportcard.gov/DataService/GetAdhocData.aspx?type=sigacrossyear&subject=mathematics&grade=8&subscale=MRPCM&variable=ECONDIS&jurisdiction=CA&stattype=PC%3AP9&Year=2019%2C2022%2C2024&ShowDetails=true&QCData=true&RevealDataKeys=true
2026-09-19T02:11:11.189Z,NDE,MAT,Mathematics,8,MRPCM,Composite mathematics scale (0-500),CA,California,ECONDIS,Economically disadvantaged status,3,Information not available,ALD:BA,achievement level,Percent at NAEP Basic,percent,,at NAEP Basic,2022,2024,29.9779709013685,,,,,0,0,,259,reporting standard not met; extreme percentage; standard error not applicable,SUBJ=MAT|COHORT=2|DEPVAR=MRPCM|SAMPLES=R3|YEAR=2022|JURISDICTIONS=CA|ECONDIS=3|STAT=ALD:BA || SUBJ=MAT|COHORT=2|DEPVAR=MRPCM|SAMPLES=R3|YEAR=2024|JURISDICTIONS=CA|ECONDIS=3|STAT=ALD:BA,https://www.nationsreportcard.gov/DataService/GetAdhocData.aspx?type=sigacrossyear&subject=mathematics&grade=8&subscale=MRPCM&variable=ECONDIS&jurisdiction=CA&stattype=ALD%3ABA&Year=2019%2C2022%2C2024&ShowDetails=true&QCData=true&RevealDataKeys=true
2026-09-19T02:11:11.189Z,NDE,MAT,Mathematics,8,MRPCM,Composite mathematics scale (0-500),CA,California,ECONDIS,Economically disadvantaged status,3,Information not available,ALD:PR,achievement level,Percent at NAEP Proficient,percent,,at NAEP Proficient,2022,2024,13.7661902971221,,,,,0,0,,259,reporting standard not met; extreme percentage; standard error not applicable,SUBJ=MAT|COHORT=2|DEPVAR=MRPCM|SAMPLES=R3|YEAR=2022|JURISDICTIONS=CA|ECONDIS=3|STAT=ALD:PR || SUBJ=MAT|COHORT=2|DEPVAR=MRPCM|SAMPLES=R3|YEAR=2024|JURISDICTIONS=CA|ECONDIS=3|STAT=ALD:PR,https://www.nationsreportcard.gov/DataService/GetAdhocData.aspx?type=sigacrossyear&subject=mathematics&grade=8&subscale=MRPCM&variable=ECONDIS&jurisdiction=CA&stattype=ALD%3APR&Year=2019%2C2022%2C2024&ShowDetails=true&QCData=true&RevealDataKeys=true
2026-09-19T02:11:11.189Z,NDE,MAT,Mathematics,8,MRPCM,Composite mathematics scale (0-500),CA,California,ECONDIS,Economically disadvantaged status,3,Information not available,ALD:AD,achievement level,Percent at NAEP Advanced,percent,,at NAEP Advanced,2022,2024,4.9316426754992,,,,,0,0,,259,reporting standard not met; extreme percentage; standard error not applicable,SUBJ=MAT|COHORT=2|DEPVAR=MRPCM|SAMPLES=R3|YEAR=2022|JURISDICTIONS=CA|ECONDIS=3|STAT=ALD:AD || SUBJ=MAT|COHORT=2|DEPVAR=MRPCM|SAMPLES=R3|YEAR=2024|JURISDICTIONS=CA|ECONDIS=3|STAT=ALD:AD,https://www.nationsreportcard.gov/DataService/GetAdhocData.aspx?type=sigacrossyear&subject=mathematics&grade=8&subscale=MRPCM&variable=ECONDIS&jurisdiction=CA&stattype=ALD%3AAD&Year=2019%2C2022%2C2024&ShowDetails=true&QCData=true&RevealDataKeys=true
2026-09-19T02:11:11.189Z,NDE,MAT,Mathematics,8,MRPCM,Composite mathematics scale (0-500),CA,California,ECONDIS,Economically disadvantaged status,3,Information not available,ALC:BB,achievement level,Percent below NAEP Basic,percent,,below NAEP Basic,2022,2024,51.3241961260103,,,,,0,0,,259,reporting standard not met; extreme percentage; standard error not applicable,SUBJ=MAT|COHORT=2|DEPVAR=MRPCM|SAMPLES=R3|YEAR=2022|JURISDICTIONS=CA|ECONDIS=3|STAT=ALC:BB || SUBJ=MAT|COHORT=2|DEPVAR=MRPCM|SAMPLES=R3|YEAR=2024|JURISDICTIONS=CA|ECONDIS=3|STAT=ALC:BB,https://www.nationsreportcard.gov/DataService/GetAdhocData.aspx?type=sigacrossyear&subject=mathematics&grade=8&subscale=MRPCM&variable=ECONDIS&jurisdiction=CA&stattype=ALC%3ABB&Year=2019%2C2022%2C2024&ShowDetails=true&QCData=true&RevealDataKeys=true
2026-09-19T02:11:11.189Z,NDE,MAT,Mathematics,8,MRPCM,Composite mathematics scale (0-500),CA,California,ECONDIS,Economically disadvantaged status,3,Information not available,ALC:AB,achievement level,Percent at or above NAEP Basic,percent,,at or above NAEP Basic,2022,2024,48.6758038739898,,,,,0,0,,259,reporting standard not met; extreme percentage; standard error not applicable,SUBJ=MAT|COHORT=2|DEPVAR=MRPCM|SAMPLES=R3|YEAR=2022|JURISDICTIONS=CA|ECONDIS=3|STAT=ALC:AB || SUBJ=MAT|COHORT=2|DEPVAR=MRPCM|SAMPLES=R3|YEAR=2024|JURISDICTIONS=CA|ECONDIS=3|STAT=ALC:AB,https://www.nationsreportcard.gov/DataService/GetAdhocData.aspx?type=sigacrossyear&subject=mathematics&grade=8&subscale=MRPCM&variable=ECONDIS&jurisdiction=CA&stattype=ALC%3AAB&Year=2019%2C2022%2C2024&ShowDetails=true&QCData=true&RevealDataKeys=true
2026-09-19T02:11:11.189Z,NDE,MAT,Mathematics,8,MRPCM,Composite mathematics scale (0-500),CA,California,ECONDIS,Economically disadvantaged status,3,Information not available,ALC:AP,achievement level,Percent at or above NAEP Proficient,percent,,at or above NAEP Proficient,2022,2024,18.6978329726213,,,,,0,0,,259,reporting standard not met; extreme percentage; standard error not applicable,SUBJ=MAT|COHORT=2|DEPVAR=MRPCM|SAMPLES=R3|YEAR=2022|JURISDICTIONS=CA|ECONDIS=3|STAT=ALC:AP || SUBJ=MAT|COHORT=2|DEPVAR=MRPCM|SAMPLES=R3|YEAR=2024|JURISDICTIONS=CA|ECONDIS=3|STAT=ALC:AP,https://www.nationsreportcard.gov/DataService/GetAdhocData.aspx?type=sigacrossyear&subject=mathematics&grade=8&subscale=MRPCM&variable=ECONDIS&jurisdiction=CA&stattype=ALC%3AAP&Year=2019%2C2022%2C2024&ShowDetails=true&QCData=true&RevealDataKeys=true
2026-09-19T02:11:11.189Z,NDE,MAT,Mathematics,8,MRPCM,Composite mathematics scale (0-500),CA,California,ECONDIS,Economically disadvantaged status,3,Information not available,ALC:AD,achievement level,Percent at NAEP Advanced (cumulative code),percent,,at NAEP Advanced (cumulative code),2022,2024,4.9316426754992,,,,,0,0,,259,reporting standard not met; extreme percentage; standard error not applicable,SUBJ=MAT|COHORT=2|DEPVAR=MRPCM|SAMPLES=R3|YEAR=2022|JURISDICTIONS=CA|ECONDIS=3|STAT=ALC:AD || SUBJ=MAT|COHORT=2|DEPVAR=MRPCM|SAMPLES=R3|YEAR=2024|JURISDICTIONS=CA|ECONDIS=3|STAT=ALC:AD,https://www.nationsreportcard.gov/DataService/GetAdhocData.aspx?type=sigacrossyear&subject=mathematics&grade=8&subscale=MRPCM&variable=ECONDIS&jurisdiction=CA&stattype=ALC%3AAD&Year=2019%2C2022%2C2024&ShowDetails=true&QCData=true&RevealDataKeys=true
2026-09-19T02:11:11.189Z,NDE,MAT,Mathematics,8,MRPCM,Composite mathematics scale (0-500),CA,California,PARED,"Parental education level, from 2 questions",1,Did not finish high school,MN:MN,location,Average scale score,scale score,,,2022,2024,251.399819908104,249.265594768283,-2.1342251398210124,no statistically significant difference,EQUAL,1,0,,0,,SUBJ=MAT|COHORT=2|DEPVAR=MRPCM|SAMPLES=R3|YEAR=2022|JURISDICTIONS=CA|PARED=1|STAT=MN:MN || SUBJ=MAT|COHORT=2|DEPVAR=MRPCM|SAMPLES=R3|YEAR=2024|JURISDICTIONS=CA|PARED=1|STAT=MN:MN,https://www.nationsreportcard.gov/DataService/GetAdhocData.aspx?type=sigacrossyear&subject=mathematics&grade=8&subscale=MRPCM&variable=PARED&jurisdiction=CA&stattype=MN%3AMN&Year=2019%2C2022%2C2024&ShowDetails=true&QCData=true&RevealDataKeys=true
2026-09-19T02:11:11.189Z,NDE,MAT,Mathematics,8,MRPCM,Composite mathematics scale (0-500),CA,California,PARED,"Parental education level, from 2 questions",1,Did not finish high school,PC:P1,percentile,10th percentile scale score,scale score,10.0,,2022,2024,210.818998718262,193.250000762939,-17.568997955323,no statistically significant difference,EQUAL,1,0,,0,,SUBJ=MAT|COHORT=2|DEPVAR=MRPCM|SAMPLES=R3|YEAR=2022|JURISDICTIONS=CA|PARED=1|STAT=PC:P1 || SUBJ=MAT|COHORT=2|DEPVAR=MRPCM|SAMPLES=R3|YEAR=2024|JURISDICTIONS=CA|PARED=1|STAT=PC:P1,https://www.nationsreportcard.gov/DataService/GetAdhocData.aspx?type=sigacrossyear&subject=mathematics&grade=8&subscale=MRPCM&variable=PARED&jurisdiction=CA&stattype=PC%3AP1&Year=2019%2C2022%2C2024&ShowDetails=true&QCData=true&RevealDataKeys=true
2026-09-19T02:11:11.189Z,NDE,MAT,Mathematics,8,MRPCM,Composite mathematics scale (0-500),CA,California,PARED,"Parental education level, from 2 questions",1,Did not finish high school,PC:P2,percentile,25th percentile scale score,scale score,25.0,,2022,2024,229.751999664307,223.713998413086,-6.038001251221004,no statistically significant difference,EQUAL,1,0,,0,,SUBJ=MAT|COHORT=2|DEPVAR=MRPCM|SAMPLES=R3|YEAR=2022|JURISDICTIONS=CA|PARED=1|STAT=PC:P2 || SUBJ=MAT|COHORT=2|DEPVAR=MRPCM|SAMPLES=R3|YEAR=2024|JURISDICTIONS=CA|PARED=1|STAT=PC:P2,https://www.nationsreportcard.gov/DataService/GetAdhocData.aspx?type=sigacrossyear&subject=mathematics&grade=8&subscale=MRPCM&variable=PARED&jurisdiction=CA&stattype=PC%3AP2&Year=2019%2C2022%2C2024&ShowDetails=true&QCData=true&RevealDataKeys=true
2026-09-19T02:11:11.189Z,NDE,MAT,Mathematics,8,MRPCM,Composite mathematics scale (0-500),CA,California,PARED,"Parental education level, from 2 questions",1,Did not finish high school,PC:P5,percentile,50th percentile scale score,scale score,50.0,,2022,2024,249.820500183106,252.244998168945,2.424497985838997,no statistically significant difference,EQUAL,1,0,,0,,SUBJ=MAT|COHORT=2|DEPVAR=MRPCM|SAMPLES=R3|YEAR=2022|JURISDICTIONS=CA|PARED=1|STAT=PC:P5 || SUBJ=MAT|COHORT=2|DEPVAR=MRPCM|SAMPLES=R3|YEAR=2024|JURISDICTIONS=CA|PARED=1|STAT=PC:P5,https://www.nationsreportcard.gov/DataService/GetAdhocData.aspx?type=sigacrossyear&subject=mathematics&grade=8&subscale=MRPCM&variable=PARED&jurisdiction=CA&stattype=PC%3AP5&Year=2019%2C2022%2C2024&ShowDetails=true&QCData=true&RevealDataKeys=true
2026-09-19T02:11:11.189Z,NDE,MAT,Mathematics,8,MRPCM,Composite mathematics scale (0-500),CA,California,PARED,"Parental education level, from 2 questions",1,Did not finish high school,PC:P7,percentile,75th percentile scale score,scale score,75.0,,2022,2024,273.599499511719,275.649501037598,2.050001525878997,no statistically significant difference,EQUAL,1,0,,0,,SUBJ=MAT|COHORT=2|DEPVAR=MRPCM|SAMPLES=R3|YEAR=2022|JURISDICTIONS=CA|PARED=1|STAT=PC:P7 || SUBJ=MAT|COHORT=2|DEPVAR=MRPCM|SAMPLES=R3|YEAR=2024|JURISDICTIONS=CA|PARED=1|STAT=PC:P7,https://www.nationsreportcard.gov/DataService/GetAdhocData.aspx?type=sigacrossyear&subject=mathematics&grade=8&subscale=MRPCM&variable=PARED&jurisdiction=CA&stattype=PC%3AP7&Year=2019%2C2022%2C2024&ShowDetails=true&QCData=true&RevealDataKeys=true
2026-09-19T02:11:11.189Z,NDE,MAT,Mathematics,8,MRPCM,Composite mathematics scale (0-500),CA,California,PARED,"Parental education level, from 2 questions",1,Did not finish high school,PC:P9,percentile,90th percentile scale score,scale score,90.0,,2022,2024,293.367500305176,298.488000488281,5.12050018310498,no statistically significant difference,EQUAL,1,0,,0,,SUBJ=MAT|COHORT=2|DEPVAR=MRPCM|SAMPLES=R3|YEAR=2022|JURISDICTIONS=CA|PARED=1|STAT=PC:P9 || SUBJ=MAT|COHORT=2|DEPVAR=MRPCM|SAMPLES=R3|YEAR=2024|JURISDICTIONS=CA|PARED=1|STAT=PC:P9,https://www.nationsreportcard.gov/DataService/GetAdhocData.aspx?type=sigacrossyear&subject=mathematics&grade=8&subscale=MRPCM&variable=PARED&jurisdiction=CA&stattype=PC%3AP9&Year=2019%2C2022%2C2024&ShowDetails=true&QCData=true&RevealDataKeys=true
2026-09-19T02:11:11.189Z,NDE,MAT,Mathematics,8,MRPCM,Composite mathematics scale (0-500),CA,California,PARED,"Parental education level, from 2 questions",1,Did not finish high school,ALD:BA,achievement level,Percent at NAEP Basic,percent,,at NAEP Basic,2022,2024,28.386292426021,29.7356309425773,1.3493385165562977,no statistically significant difference,EQUAL,1,0,,0,,SUBJ=MAT|COHORT=2|DEPVAR=MRPCM|SAMPLES=R3|YEAR=2022|JURISDICTIONS=CA|PARED=1|STAT=ALD:BA || SUBJ=MAT|COHORT=2|DEPVAR=MRPCM|SAMPLES=R3|YEAR=2024|JURISDICTIONS=CA|PARED=1|STAT=ALD:BA,https://www.nationsreportcard.gov/DataService/GetAdhocData.aspx?type=sigacrossyear&subject=mathematics&grade=8&subscale=MRPCM&variable=PARED&jurisdiction=CA&stattype=ALD%3ABA&Year=2019%2C2022%2C2024&ShowDetails=true&QCData=true&RevealDataKeys=true
2026-09-19T02:11:11.189Z,NDE,MAT,Mathematics,8,MRPCM,Composite mathematics scale (0-500),CA,California,PARED,"Parental education level, from 2 questions",1,Did not finish high school,ALD:PR,achievement level,Percent at NAEP Proficient,percent,,at NAEP Proficient,2022,2024,6.64105040498176,8.82366227255427,2.182611867572509,no statistically significant difference,EQUAL,1,0,,0,,SUBJ=MAT|COHORT=2|DEPVAR=MRPCM|SAMPLES=R3|YEAR=2022|JURISDICTIONS=CA|PARED=1|STAT=ALD:PR || SUBJ=MAT|COHORT=2|DEPVAR=MRPCM|SAMPLES=R3|YEAR=2024|JURISDICTIONS=CA|PARED=1|STAT=ALD:PR,https://www.nationsreportcard.gov/DataService/GetAdhocData.aspx?type=sigacrossyear&subject=mathematics&grade=8&subscale=MRPCM&variable=PARED&jurisdiction=CA&stattype=ALD%3APR&Year=2019%2C2022%2C2024&ShowDetails=true&QCData=true&RevealDataKeys=true
2026-09-19T02:11:11.189Z,NDE,MAT,Mathematics,8,MRPCM,Composite mathematics scale (0-500),CA,California,PARED,"Parental education level, from 2 questions",1,Did not finish high school,ALD:AD,achievement level,Percent at NAEP Advanced,percent,,at NAEP Advanced,2022,2024,0.660804149099134,0.995173597751951,0.334369448652817,,,0,258,extreme percentage; standard error not applicable,258,extreme percentage; standard error not applicable,SUBJ=MAT|COHORT=2|DEPVAR=MRPCM|SAMPLES=R3|YEAR=2022|JURISDICTIONS=CA|PARED=1|STAT=ALD:AD || SUBJ=MAT|COHORT=2|DEPVAR=MRPCM|SAMPLES=R3|YEAR=2024|JURISDICTIONS=CA|PARED=1|STAT=ALD:AD,https://www.nationsreportcard.gov/DataService/GetAdhocData.aspx?type=sigacrossyear&subject=mathematics&grade=8&subscale=MRPCM&variable=PARED&jurisdiction=CA&stattype=ALD%3AAD&Year=2019%2C2022%2C2024&ShowDetails=true&QCData=true&RevealDataKeys=true
2026-09-19T02:11:11.189Z,NDE,MAT,Mathematics,8,MRPCM,Composite mathematics scale (0-500),CA,California,PARED,"Parental education level, from 2 questions",1,Did not finish high school,ALC:BB,achievement level,Percent below NAEP Basic,percent,,below NAEP Basic,2022,2024,64.3118530198981,60.4455331871165,-3.866319832781592,no statistically significant difference,EQUAL,1,0,,0,,SUBJ=MAT|COHORT=2|DEPVAR=MRPCM|SAMPLES=R3|YEAR=2022|JURISDICTIONS=CA|PARED=1|STAT=ALC:BB || SUBJ=MAT|COHORT=2|DEPVAR=MRPCM|SAMPLES=R3|YEAR=2024|JURISDICTIONS=CA|PARED=1|STAT=ALC:BB,https://www.nationsreportcard.gov/DataService/GetAdhocData.aspx?type=sigacrossyear&subject=mathematics&grade=8&subscale=MRPCM&variable=PARED&jurisdiction=CA&stattype=ALC%3ABB&Year=2019%2C2022%2C2024&ShowDetails=true&QCData=true&RevealDataKeys=true
2026-09-19T02:11:11.189Z,NDE,MAT,Mathematics,8,MRPCM,Composite mathematics scale (0-500),CA,California,PARED,"Parental education level, from 2 questions",1,Did not finish high school,ALC:AB,achievement level,Percent at or above NAEP Basic,percent,,at or above NAEP Basic,2022,2024,35.6881469801019,39.5544668128835,3.866319832781599,no statistically significant difference,EQUAL,1,0,,0,,SUBJ=MAT|COHORT=2|DEPVAR=MRPCM|SAMPLES=R3|YEAR=2022|JURISDICTIONS=CA|PARED=1|STAT=ALC:AB || SUBJ=MAT|COHORT=2|DEPVAR=MRPCM|SAMPLES=R3|YEAR=2024|JURISDICTIONS=CA|PARED=1|STAT=ALC:AB,https://www.nationsreportcard.gov/DataService/GetAdhocData.aspx?type=sigacrossyear&subject=mathematics&grade=8&subscale=MRPCM&variable=PARED&jurisdiction=CA&stattype=ALC%3AAB&Year=2019%2C2022%2C2024&ShowDetails=true&QCData=true&RevealDataKeys=true
2026-09-19T02:11:11.189Z,NDE,MAT,Mathematics,8,MRPCM,Composite mathematics scale (0-500),CA,California,PARED,"Parental education level, from 2 questions",1,Did not finish high school,ALC:AP,achievement level,Percent at or above NAEP Proficient,percent,,at or above NAEP Proficient,2022,2024,7.30185455408089,9.81883587030623,2.5169813162253405,no statistically significant difference,EQUAL,1,0,,0,,SUBJ=MAT|COHORT=2|DEPVAR=MRPCM|SAMPLES=R3|YEAR=2022|JURISDICTIONS=CA|PARED=1|STAT=ALC:AP || SUBJ=MAT|COHORT=2|DEPVAR=MRPCM|SAMPLES=R3|YEAR=2024|JURISDICTIONS=CA|PARED=1|STAT=ALC:AP,https://www.nationsreportcard.gov/DataService/GetAdhocData.aspx?type=sigacrossyear&subject=mathematics&grade=8&subscale=MRPCM&variable=PARED&jurisdiction=CA&stattype=ALC%3AAP&Year=2019%2C2022%2C2024&ShowDetails=true&QCData=true&RevealDataKeys=true
2026-09-19T02:11:11.189Z,NDE,MAT,Mathematics,8,MRPCM,Composite mathematics scale (0-500),CA,California,PARED,"Parental education level, from 2 questions",1,Did not finish high school,ALC:AD,achievement level,Percent at NAEP Advanced (cumulative code),percent,,at NAEP Advanced (cumulative code),2022,2024,0.660804149099134,0.995173597751951,0.334369448652817,,,0,258,extreme percentage; standard error not applicable,258,extreme percentage; standard error not applicable,SUBJ=MAT|COHORT=2|DEPVAR=MRPCM|SAMPLES=R3|YEAR=2022|JURISDICTIONS=CA|PARED=1|STAT=ALC:AD || SUBJ=MAT|COHORT=2|DEPVAR=MRPCM|SAMPLES=R3|YEAR=2024|JURISDICTIONS=CA|PARED=1|STAT=ALC:AD,https://www.nationsreportcard.gov/DataService/GetAdhocData.aspx?type=sigacrossyear&subject=mathematics&grade=8&subscale=MRPCM&variable=PARED&jurisdiction=CA&stattype=ALC%3AAD&Year=2019%2C2022%2C2024&ShowDetails=true&QCData=true&RevealDataKeys=true
2026-09-19T02:11:11.189Z,NDE,MAT,Mathematics,8,MRPCM,Composite mathematics scale (0-500),CA,California,PARED,"Parental education level, from 2 questions",2,Graduated high school,MN:MN,location,Average scale score,scale score,,,2022,2024,253.758165004302,249.899463278803,-3.858701725498975,no statistically significant difference,EQUAL,1,0,,0,,SUBJ=MAT|COHORT=2|DEPVAR=MRPCM|SAMPLES=R3|YEAR=2022|JURISDICTIONS=CA|PARED=2|STAT=MN:MN || SUBJ=MAT|COHORT=2|DEPVAR=MRPCM|SAMPLES=R3|YEAR=2024|JURISDICTIONS=CA|PARED=2|STAT=MN:MN,https://www.nationsreportcard.gov/DataService/GetAdhocData.aspx?type=sigacrossyear&subject=mathematics&grade=8&subscale=MRPCM&variable=PARED&jurisdiction=CA&stattype=MN%3AMN&Year=2019%2C2022%2C2024&ShowDetails=true&QCData=true&RevealDataKeys=true
2026-09-19T02:11:11.189Z,NDE,MAT,Mathematics,8,MRPCM,Composite mathematics scale (0-500),CA,California,PARED,"Parental education level, from 2 questions",2,Graduated high school,PC:P1,percentile,10th percentile scale score,scale score,10.0,,2022,2024,211.216999816895,199.68750076294,-11.529499053954993,no statistically significant difference,EQUAL,1,0,,0,,SUBJ=MAT|COHORT=2|DEPVAR=MRPCM|SAMPLES=R3|YEAR=2022|JURISDICTIONS=CA|PARED=2|STAT=PC:P1 || SUBJ=MAT|COHORT=2|DEPVAR=MRPCM|SAMPLES=R3|YEAR=2024|JURISDICTIONS=CA|PARED=2|STAT=PC:P1,https://www.nationsreportcard.gov/DataService/GetAdhocData.aspx?type=sigacrossyear&subject=mathematics&grade=8&subscale=MRPCM&variable=PARED&jurisdiction=CA&stattype=PC%3AP1&Year=2019%2C2022%2C2024&ShowDetails=true&QCData=true&RevealDataKeys=true
2026-09-19T02:11:11.189Z,NDE,MAT,Mathematics,8,MRPCM,Composite mathematics scale (0-500),CA,California,PARED,"Parental education level, from 2 questions",2,Graduated high school,PC:P2,percentile,25th percentile scale score,scale score,25.0,,2022,2024,231.005500793457,222.701500701904,-8.304000091553007,no statistically significant difference,EQUAL,1,0,,0,,SUBJ=MAT|COHORT=2|DEPVAR=MRPCM|SAMPLES=R3|YEAR=2022|JURISDICTIONS=CA|PARED=2|STAT=PC:P2 || SUBJ=MAT|COHORT=2|DEPVAR=MRPCM|SAMPLES=R3|YEAR=2024|JURISDICTIONS=CA|PARED=2|STAT=PC:P2,https://www.nationsreportcard.gov/DataService/GetAdhocData.aspx?type=sigacrossyear&subject=mathematics&grade=8&subscale=MRPCM&variable=PARED&jurisdiction=CA&stattype=PC%3AP2&Year=2019%2C2022%2C2024&ShowDetails=true&QCData=true&RevealDataKeys=true
2026-09-19T02:11:11.189Z,NDE,MAT,Mathematics,8,MRPCM,Composite mathematics scale (0-500),CA,California,PARED,"Parental education level, from 2 questions",2,Graduated high school,PC:P5,percentile,50th percentile scale score,scale score,50.0,,2022,2024,253.766500091553,249.319499206543,-4.447000885010027,no statistically significant difference,EQUAL,1,0,,0,,SUBJ=MAT|COHORT=2|DEPVAR=MRPCM|SAMPLES=R3|YEAR=2022|JURISDICTIONS=CA|PARED=2|STAT=PC:P5 || SUBJ=MAT|COHORT=2|DEPVAR=MRPCM|SAMPLES=R3|YEAR=2024|JURISDICTIONS=CA|PARED=2|STAT=PC:P5,https://www.nationsreportcard.gov/DataService/GetAdhocData.aspx?type=sigacrossyear&subject=mathematics&grade=8&subscale=MRPCM&variable=PARED&jurisdiction=CA&stattype=PC%3AP5&Year=2019%2C2022%2C2024&ShowDetails=true&QCData=true&RevealDataKeys=true
2026-09-19T02:11:11.189Z,NDE,MAT,Mathematics,8,MRPCM,Composite mathematics scale (0-500),CA,California,PARED,"Parental education level, from 2 questions",2,Graduated high school,PC:P7,percentile,75th percentile scale score,scale score,75.0,,2022,2024,276.434997558594,275.837001037598,-0.5979965209959914,no statistically significant difference,EQUAL,1,0,,0,,SUBJ=MAT|COHORT=2|DEPVAR=MRPCM|SAMPLES=R3|YEAR=2022|JURISDICTIONS=CA|PARED=2|STAT=PC:P7 || SUBJ=MAT|COHORT=2|DEPVAR=MRPCM|SAMPLES=R3|YEAR=2024|JURISDICTIONS=CA|PARED=2|STAT=PC:P7,https://www.nationsreportcard.gov/DataService/GetAdhocData.aspx?type=sigacrossyear&subject=mathematics&grade=8&subscale=MRPCM&variable=PARED&jurisdiction=CA&stattype=PC%3AP7&Year=2019%2C2022%2C2024&ShowDetails=true&QCData=true&RevealDataKeys=true
2026-09-19T02:11:11.189Z,NDE,MAT,Mathematics,8,MRPCM,Composite mathematics scale (0-500),CA,California,PARED,"Parental education level, from 2 questions",2,Graduated high school,PC:P9,percentile,90th percentile scale score,scale score,90.0,,2022,2024,296.841499328613,301.247998046875,4.406498718262014,no statistically significant difference,EQUAL,1,0,,0,,SUBJ=MAT|COHORT=2|DEPVAR=MRPCM|SAMPLES=R3|YEAR=2022|JURISDICTIONS=CA|PARED=2|STAT=PC:P9 || SUBJ=MAT|COHORT=2|DEPVAR=MRPCM|SAMPLES=R3|YEAR=2024|JURISDICTIONS=CA|PARED=2|STAT=PC:P9,https://www.nationsreportcard.gov/DataService/GetAdhocData.aspx?type=sigacrossyear&subject=mathematics&grade=8&subscale=MRPCM&variable=PARED&jurisdiction=CA&stattype=PC%3AP9&Year=2019%2C2022%2C2024&ShowDetails=true&QCData=true&RevealDataKeys=true
2026-09-19T02:11:11.189Z,NDE,MAT,Mathematics,8,MRPCM,Composite mathematics scale (0-500),CA,California,PARED,"Parental education level, from 2 questions",2,Graduated high school,ALD:BA,achievement level,Percent at NAEP Basic,percent,,at NAEP Basic,2022,2024,32.2926727948492,26.7308943381941,-5.561778456655102,no statistically significant difference,EQUAL,1,0,,0,,SUBJ=MAT|COHORT=2|DEPVAR=MRPCM|SAMPLES=R3|YEAR=2022|JURISDICTIONS=CA|PARED=2|STAT=ALD:BA || SUBJ=MAT|COHORT=2|DEPVAR=MRPCM|SAMPLES=R3|YEAR=2024|JURISDICTIONS=CA|PARED=2|STAT=ALD:BA,https://www.nationsreportcard.gov/DataService/GetAdhocData.aspx?type=sigacrossyear&subject=mathematics&grade=8&subscale=MRPCM&variable=PARED&jurisdiction=CA&stattype=ALD%3ABA&Year=2019%2C2022%2C2024&ShowDetails=true&QCData=true&RevealDataKeys=true
2026-09-19T02:11:11.189Z,NDE,MAT,Mathematics,8,MRPCM,Composite mathematics scale (0-500),CA,California,PARED,"Parental education level, from 2 questions",2,Graduated high school,ALD:PR,achievement level,Percent at NAEP Proficient,percent,,at NAEP Proficient,2022,2024,8.39106926978815,8.60244198004145,0.2113727102532987,no statistically significant difference,EQUAL,1,0,,0,,SUBJ=MAT|COHORT=2|DEPVAR=MRPCM|SAMPLES=R3|YEAR=2022|JURISDICTIONS=CA|PARED=2|STAT=ALD:PR || SUBJ=MAT|COHORT=2|DEPVAR=MRPCM|SAMPLES=R3|YEAR=2024|JURISDICTIONS=CA|PARED=2|STAT=ALD:PR,https://www.nationsreportcard.gov/DataService/GetAdhocData.aspx?type=sigacrossyear&subject=mathematics&grade=8&subscale=MRPCM&variable=PARED&jurisdiction=CA&stattype=ALD%3APR&Year=2019%2C2022%2C2024&ShowDetails=true&QCData=true&RevealDataKeys=true
2026-09-19T02:11:11.189Z,NDE,MAT,Mathematics,8,MRPCM,Composite mathematics scale (0-500),CA,California,PARED,"Parental education level, from 2 questions",2,Graduated high school,ALD:AD,achievement level,Percent at NAEP Advanced,percent,,at NAEP Advanced,2022,2024,0.500046807666491,2.25906369105618,1.759016883389689,,,0,258,extreme percentage; standard error not applicable,0,,SUBJ=MAT|COHORT=2|DEPVAR=MRPCM|SAMPLES=R3|YEAR=2022|JURISDICTIONS=CA|PARED=2|STAT=ALD:AD || SUBJ=MAT|COHORT=2|DEPVAR=MRPCM|SAMPLES=R3|YEAR=2024|JURISDICTIONS=CA|PARED=2|STAT=ALD:AD,https://www.nationsreportcard.gov/DataService/GetAdhocData.aspx?type=sigacrossyear&subject=mathematics&grade=8&subscale=MRPCM&variable=PARED&jurisdiction=CA&stattype=ALD%3AAD&Year=2019%2C2022%2C2024&ShowDetails=true&QCData=true&RevealDataKeys=true
2026-09-19T02:11:11.189Z,NDE,MAT,Mathematics,8,MRPCM,Composite mathematics scale (0-500),CA,California,PARED,"Parental education level, from 2 questions",2,Graduated high school,ALC:BB,achievement level,Percent below NAEP Basic,percent,,below NAEP Basic,2022,2024,58.8162111276961,62.4075999907083,3.591388863012199,no statistically significant difference,EQUAL,1,0,,0,,SUBJ=MAT|COHORT=2|DEPVAR=MRPCM|SAMPLES=R3|YEAR=2022|JURISDICTIONS=CA|PARED=2|STAT=ALC:BB || SUBJ=MAT|COHORT=2|DEPVAR=MRPCM|SAMPLES=R3|YEAR=2024|JURISDICTIONS=CA|PARED=2|STAT=ALC:BB,https://www.nationsreportcard.gov/DataService/GetAdhocData.aspx?type=sigacrossyear&subject=mathematics&grade=8&subscale=MRPCM&variable=PARED&jurisdiction=CA&stattype=ALC%3ABB&Year=2019%2C2022%2C2024&ShowDetails=true&QCData=true&RevealDataKeys=true
2026-09-19T02:11:11.189Z,NDE,MAT,Mathematics,8,MRPCM,Composite mathematics scale (0-500),CA,California,PARED,"Parental education level, from 2 questions",2,Graduated high school,ALC:AB,achievement level,Percent at or above NAEP Basic,percent,,at or above NAEP Basic,2022,2024,41.1837888723039,37.5924000092917,-3.591388863012199,no statistically significant difference,EQUAL,1,0,,0,,SUBJ=MAT|COHORT=2|DEPVAR=MRPCM|SAMPLES=R3|YEAR=2022|JURISDICTIONS=CA|PARED=2|STAT=ALC:AB || SUBJ=MAT|COHORT=2|DEPVAR=MRPCM|SAMPLES=R3|YEAR=2024|JURISDICTIONS=CA|PARED=2|STAT=ALC:AB,https://www.nationsreportcard.gov/DataService/GetAdhocData.aspx?type=sigacrossyear&subject=mathematics&grade=8&subscale=MRPCM&variable=PARED&jurisdiction=CA&stattype=ALC%3AAB&Year=2019%2C2022%2C2024&ShowDetails=true&QCData=true&RevealDataKeys=true
2026-09-19T02:11:11.189Z,NDE,MAT,Mathematics,8,MRPCM,Composite mathematics scale (0-500),CA,California,PARED,"Parental education level, from 2 questions",2,Graduated high school,ALC:AP,achievement level,Percent at or above NAEP Proficient,percent,,at or above NAEP Proficient,2022,2024,8.89111607745464,10.8615056710976,1.97038959364296,no statistically significant difference,EQUAL,1,0,,0,,SUBJ=MAT|COHORT=2|DEPVAR=MRPCM|SAMPLES=R3|YEAR=2022|JURISDICTIONS=CA|PARED=2|STAT=ALC:AP || SUBJ=MAT|COHORT=2|DEPVAR=MRPCM|SAMPLES=R3|YEAR=2024|JURISDICTIONS=CA|PARED=2|STAT=ALC:AP,https://www.nationsreportcard.gov/DataService/GetAdhocData.aspx?type=sigacrossyear&subject=mathematics&grade=8&subscale=MRPCM&variable=PARED&jurisdiction=CA&stattype=ALC%3AAP&Year=2019%2C2022%2C2024&ShowDetails=true&QCData=true&RevealDataKeys=true
2026-09-19T02:11:11.189Z,NDE,MAT,Mathematics,8,MRPCM,Composite mathematics scale (0-500),CA,California,PARED,"Parental education level, from 2 questions",2,Graduated high school,ALC:AD,achievement level,Percent at NAEP Advanced (cumulative code),percent,,at NAEP Advanced (cumulative code),2022,2024,0.500046807666491,2.25906369105618,1.759016883389689,,,0,258,extreme percentage; standard error not applicable,0,,SUBJ=MAT|COHORT=2|DEPVAR=MRPCM|SAMPLES=R3|YEAR=2022|JURISDICTIONS=CA|PARED=2|STAT=ALC:AD || SUBJ=MAT|COHORT=2|DEPVAR=MRPCM|SAMPLES=R3|YEAR=2024|JURISDICTIONS=CA|PARED=2|STAT=ALC:AD,https://www.nationsreportcard.gov/DataService/GetAdhocData.aspx?type=sigacrossyear&subject=mathematics&grade=8&subscale=MRPCM&variable=PARED&jurisdiction=CA&stattype=ALC%3AAD&Year=2019%2C2022%2C2024&ShowDetails=true&QCData=true&RevealDataKeys=true
2026-09-19T02:11:11.189Z,NDE,MAT,Mathematics,8,MRPCM,Composite mathematics scale (0-500),CA,California,PARED,"Parental education level, from 2 questions",3,Some education after high school,MN:MN,location,Average scale score,scale score,,,2022,2024,269.611802906193,266.937853965439,-2.6739489407540304,no statistically significant difference,EQUAL,1,0,,0,,SUBJ=MAT|COHORT=2|DEPVAR=MRPCM|SAMPLES=R3|YEAR=2022|JURISDICTIONS=CA|PARED=3|STAT=MN:MN || SUBJ=MAT|COHORT=2|DEPVAR=MRPCM|SAMPLES=R3|YEAR=2024|JURISDICTIONS=CA|PARED=3|STAT=MN:MN,https://www.nationsreportcard.gov/DataService/GetAdhocData.aspx?type=sigacrossyear&subject=mathematics&grade=8&subscale=MRPCM&variable=PARED&jurisdiction=CA&stattype=MN%3AMN&Year=2019%2C2022%2C2024&ShowDetails=true&QCData=true&RevealDataKeys=true
2026-09-19T02:11:11.189Z,NDE,MAT,Mathematics,8,MRPCM,Composite mathematics scale (0-500),CA,California,PARED,"Parental education level, from 2 questions",3,Some education after high school,PC:P1,percentile,10th percentile scale score,scale score,10.0,,2022,2024,227.477500152588,218.421500396729,-9.055999755859006,no statistically significant difference,EQUAL,1,0,,0,,SUBJ=MAT|COHORT=2|DEPVAR=MRPCM|SAMPLES=R3|YEAR=2022|JURISDICTIONS=CA|PARED=3|STAT=PC:P1 || SUBJ=MAT|COHORT=2|DEPVAR=MRPCM|SAMPLES=R3|YEAR=2024|JURISDICTIONS=CA|PARED=3|STAT=PC:P1,https://www.nationsreportcard.gov/DataService/GetAdhocData.aspx?type=sigacrossyear&subject=mathematics&grade=8&subscale=MRPCM&variable=PARED&jurisdiction=CA&stattype=PC%3AP1&Year=2019%2C2022%2C2024&ShowDetails=true&QCData=true&RevealDataKeys=true
2026-09-19T02:11:11.189Z,NDE,MAT,Mathematics,8,MRPCM,Composite mathematics scale (0-500),CA,California,PARED,"Parental education level, from 2 questions",3,Some education after high school,PC:P2,percentile,25th percentile scale score,scale score,25.0,,2022,2024,249.352498626709,241.893999481201,-7.458499145508,no statistically significant difference,EQUAL,1,0,,0,,SUBJ=MAT|COHORT=2|DEPVAR=MRPCM|SAMPLES=R3|YEAR=2022|JURISDICTIONS=CA|PARED=3|STAT=PC:P2 || SUBJ=MAT|COHORT=2|DEPVAR=MRPCM|SAMPLES=R3|YEAR=2024|JURISDICTIONS=CA|PARED=3|STAT=PC:P2,https://www.nationsreportcard.gov/DataService/GetAdhocData.aspx?type=sigacrossyear&subject=mathematics&grade=8&subscale=MRPCM&variable=PARED&jurisdiction=CA&stattype=PC%3AP2&Year=2019%2C2022%2C2024&ShowDetails=true&QCData=true&RevealDataKeys=true
2026-09-19T02:11:11.189Z,NDE,MAT,Mathematics,8,MRPCM,Composite mathematics scale (0-500),CA,California,PARED,"Parental education level, from 2 questions",3,Some education after high school,PC:P5,percentile,50th percentile scale score,scale score,50.0,,2022,2024,270.467498779297,265.355998229981,-5.111500549315963,no statistically significant difference,EQUAL,1,0,,0,,SUBJ=MAT|COHORT=2|DEPVAR=MRPCM|SAMPLES=R3|YEAR=2022|JURISDICTIONS=CA|PARED=3|STAT=PC:P5 || SUBJ=MAT|COHORT=2|DEPVAR=MRPCM|SAMPLES=R3|YEAR=2024|JURISDICTIONS=CA|PARED=3|STAT=PC:P5,https://www.nationsreportcard.gov/DataService/GetAdhocData.aspx?type=sigacrossyear&subject=mathematics&grade=8&subscale=MRPCM&variable=PARED&jurisdiction=CA&stattype=PC%3AP5&Year=2019%2C2022%2C2024&ShowDetails=true&QCData=true&RevealDataKeys=true
2026-09-19T02:11:11.189Z,NDE,MAT,Mathematics,8,MRPCM,Composite mathematics scale (0-500),CA,California,PARED,"Parental education level, from 2 questions",3,Some education after high school,PC:P7,percentile,75th percentile scale score,scale score,75.0,,2022,2024,291.90249786377,293.37850189209,1.4760040283200055,no statistically significant difference,EQUAL,1,0,,0,,SUBJ=MAT|COHORT=2|DEPVAR=MRPCM|SAMPLES=R3|YEAR=2022|JURISDICTIONS=CA|PARED=3|STAT=PC:P7 || SUBJ=MAT|COHORT=2|DEPVAR=MRPCM|SAMPLES=R3|YEAR=2024|JURISDICTIONS=CA|PARED=3|STAT=PC:P7,https://www.nationsreportcard.gov/DataService/GetAdhocData.aspx?type=sigacrossyear&subject=mathematics&grade=8&subscale=MRPCM&variable=PARED&jurisdiction=CA&stattype=PC%3AP7&Year=2019%2C2022%2C2024&ShowDetails=true&QCData=true&RevealDataKeys=true
2026-09-19T02:11:11.189Z,NDE,MAT,Mathematics,8,MRPCM,Composite mathematics scale (0-500),CA,California,PARED,"Parental education level, from 2 questions",3,Some education after high school,PC:P9,percentile,90th percentile scale score,scale score,90.0,,2022,2024,310.464999389648,314.715498352051,4.250498962402958,no statistically significant difference,EQUAL,1,0,,0,,SUBJ=MAT|COHORT=2|DEPVAR=MRPCM|SAMPLES=R3|YEAR=2022|JURISDICTIONS=CA|PARED=3|STAT=PC:P9 || SUBJ=MAT|COHORT=2|DEPVAR=MRPCM|SAMPLES=R3|YEAR=2024|JURISDICTIONS=CA|PARED=3|STAT=PC:P9,https://www.nationsreportcard.gov/DataService/GetAdhocData.aspx?type=sigacrossyear&subject=mathematics&grade=8&subscale=MRPCM&variable=PARED&jurisdiction=CA&stattype=PC%3AP9&Year=2019%2C2022%2C2024&ShowDetails=true&QCData=true&RevealDataKeys=true
2026-09-19T02:11:11.189Z,NDE,MAT,Mathematics,8,MRPCM,Composite mathematics scale (0-500),CA,California,PARED,"Parental education level, from 2 questions",3,Some education after high school,ALD:BA,achievement level,Percent at NAEP Basic,percent,,at NAEP Basic,2022,2024,42.5164398101906,32.5771484119346,-9.939291398255996,no statistically significant difference,EQUAL,1,0,,0,,SUBJ=MAT|COHORT=2|DEPVAR=MRPCM|SAMPLES=R3|YEAR=2022|JURISDICTIONS=CA|PARED=3|STAT=ALD:BA || SUBJ=MAT|COHORT=2|DEPVAR=MRPCM|SAMPLES=R3|YEAR=2024|JURISDICTIONS=CA|PARED=3|STAT=ALD:BA,https://www.nationsreportcard.gov/DataService/GetAdhocData.aspx?type=sigacrossyear&subject=mathematics&grade=8&subscale=MRPCM&variable=PARED&jurisdiction=CA&stattype=ALD%3ABA&Year=2019%2C2022%2C2024&ShowDetails=true&QCData=true&RevealDataKeys=true
2026-09-19T02:11:11.189Z,NDE,MAT,Mathematics,8,MRPCM,Composite mathematics scale (0-500),CA,California,PARED,"Parental education level, from 2 questions",3,Some education after high school,ALD:PR,achievement level,Percent at NAEP Proficient,percent,,at NAEP Proficient,2022,2024,16.3791560953978,16.9067703028271,0.5276142074292984,no statistically significant difference,EQUAL,1,0,,0,,SUBJ=MAT|COHORT=2|DEPVAR=MRPCM|SAMPLES=R3|YEAR=2022|JURISDICTIONS=CA|PARED=3|STAT=ALD:PR || SUBJ=MAT|COHORT=2|DEPVAR=MRPCM|SAMPLES=R3|YEAR=2024|JURISDICTIONS=CA|PARED=3|STAT=ALD:PR,https://www.nationsreportcard.gov/DataService/GetAdhocData.aspx?type=sigacrossyear&subject=mathematics&grade=8&subscale=MRPCM&variable=PARED&jurisdiction=CA&stattype=ALD%3APR&Year=2019%2C2022%2C2024&ShowDetails=true&QCData=true&RevealDataKeys=true
2026-09-19T02:11:11.189Z,NDE,MAT,Mathematics,8,MRPCM,Composite mathematics scale (0-500),CA,California,PARED,"Parental education level, from 2 questions",3,Some education after high school,ALD:AD,achievement level,Percent at NAEP Advanced,percent,,at NAEP Advanced,2022,2024,1.98022995956636,4.08203888707765,2.10180892751129,no statistically significant difference,EQUAL,1,0,,0,,SUBJ=MAT|COHORT=2|DEPVAR=MRPCM|SAMPLES=R3|YEAR=2022|JURISDICTIONS=CA|PARED=3|STAT=ALD:AD || SUBJ=MAT|COHORT=2|DEPVAR=MRPCM|SAMPLES=R3|YEAR=2024|JURISDICTIONS=CA|PARED=3|STAT=ALD:AD,https://www.nationsreportcard.gov/DataService/GetAdhocData.aspx?type=sigacrossyear&subject=mathematics&grade=8&subscale=MRPCM&variable=PARED&jurisdiction=CA&stattype=ALD%3AAD&Year=2019%2C2022%2C2024&ShowDetails=true&QCData=true&RevealDataKeys=true
2026-09-19T02:11:11.189Z,NDE,MAT,Mathematics,8,MRPCM,Composite mathematics scale (0-500),CA,California,PARED,"Parental education level, from 2 questions",3,Some education after high school,ALC:BB,achievement level,Percent below NAEP Basic,percent,,below NAEP Basic,2022,2024,39.1241741348452,46.4340423981607,7.309868263315501,no statistically significant difference,EQUAL,1,0,,0,,SUBJ=MAT|COHORT=2|DEPVAR=MRPCM|SAMPLES=R3|YEAR=2022|JURISDICTIONS=CA|PARED=3|STAT=ALC:BB || SUBJ=MAT|COHORT=2|DEPVAR=MRPCM|SAMPLES=R3|YEAR=2024|JURISDICTIONS=CA|PARED=3|STAT=ALC:BB,https://www.nationsreportcard.gov/DataService/GetAdhocData.aspx?type=sigacrossyear&subject=mathematics&grade=8&subscale=MRPCM&variable=PARED&jurisdiction=CA&stattype=ALC%3ABB&Year=2019%2C2022%2C2024&ShowDetails=true&QCData=true&RevealDataKeys=true
2026-09-19T02:11:11.189Z,NDE,MAT,Mathematics,8,MRPCM,Composite mathematics scale (0-500),CA,California,PARED,"Parental education level, from 2 questions",3,Some education after high school,ALC:AB,achievement level,Percent at or above NAEP Basic,percent,,at or above NAEP Basic,2022,2024,60.8758258651548,53.5659576018393,-7.309868263315501,no statistically significant difference,EQUAL,1,0,,0,,SUBJ=MAT|COHORT=2|DEPVAR=MRPCM|SAMPLES=R3|YEAR=2022|JURISDICTIONS=CA|PARED=3|STAT=ALC:AB || SUBJ=MAT|COHORT=2|DEPVAR=MRPCM|SAMPLES=R3|YEAR=2024|JURISDICTIONS=CA|PARED=3|STAT=ALC:AB,https://www.nationsreportcard.gov/DataService/GetAdhocData.aspx?type=sigacrossyear&subject=mathematics&grade=8&subscale=MRPCM&variable=PARED&jurisdiction=CA&stattype=ALC%3AAB&Year=2019%2C2022%2C2024&ShowDetails=true&QCData=true&RevealDataKeys=true
2026-09-19T02:11:11.189Z,NDE,MAT,Mathematics,8,MRPCM,Composite mathematics scale (0-500),CA,California,PARED,"Parental education level, from 2 questions",3,Some education after high school,ALC:AP,achievement level,Percent at or above NAEP Proficient,percent,,at or above NAEP Proficient,2022,2024,18.3593860549642,20.9888091899047,2.629423134940499,no statistically significant difference,EQUAL,1,0,,0,,SUBJ=MAT|COHORT=2|DEPVAR=MRPCM|SAMPLES=R3|YEAR=2022|JURISDICTIONS=CA|PARED=3|STAT=ALC:AP || SUBJ=MAT|COHORT=2|DEPVAR=MRPCM|SAMPLES=R3|YEAR=2024|JURISDICTIONS=CA|PARED=3|STAT=ALC:AP,https://www.nationsreportcard.gov/DataService/GetAdhocData.aspx?type=sigacrossyear&subject=mathematics&grade=8&subscale=MRPCM&variable=PARED&jurisdiction=CA&stattype=ALC%3AAP&Year=2019%2C2022%2C2024&ShowDetails=true&QCData=true&RevealDataKeys=true
2026-09-19T02:11:11.189Z,NDE,MAT,Mathematics,8,MRPCM,Composite mathematics scale (0-500),CA,California,PARED,"Parental education level, from 2 questions",3,Some education after high school,ALC:AD,achievement level,Percent at NAEP Advanced (cumulative code),percent,,at NAEP Advanced (cumulative code),2022,2024,1.98022995956636,4.08203888707765,2.10180892751129,no statistically significant difference,EQUAL,1,0,,0,,SUBJ=MAT|COHORT=2|DEPVAR=MRPCM|SAMPLES=R3|YEAR=2022|JURISDICTIONS=CA|PARED=3|STAT=ALC:AD || SUBJ=MAT|COHORT=2|DEPVAR=MRPCM|SAMPLES=R3|YEAR=2024|JURISDICTIONS=CA|PARED=3|STAT=ALC:AD,https://www.nationsreportcard.gov/DataService/GetAdhocData.aspx?type=sigacrossyear&subject=mathematics&grade=8&subscale=MRPCM&variable=PARED&jurisdiction=CA&stattype=ALC%3AAD&Year=2019%2C2022%2C2024&ShowDetails=true&QCData=true&RevealDataKeys=true
2026-09-19T02:11:11.189Z,NDE,MAT,Mathematics,8,MRPCM,Composite mathematics scale (0-500),CA,California,PARED,"Parental education level, from 2 questions",4,Graduated college,MN:MN,location,Average scale score,scale score,,,2022,2024,288.905671334257,288.23381361387,-0.6718577203870382,no statistically significant difference,EQUAL,1,0,,0,,SUBJ=MAT|COHORT=2|DEPVAR=MRPCM|SAMPLES=R3|YEAR=2022|JURISDICTIONS=CA|PARED=4|STAT=MN:MN || SUBJ=MAT|COHORT=2|DEPVAR=MRPCM|SAMPLES=R3|YEAR=2024|JURISDICTIONS=CA|PARED=4|STAT=MN:MN,https://www.nationsreportcard.gov/DataService/GetAdhocData.aspx?type=sigacrossyear&subject=mathematics&grade=8&subscale=MRPCM&variable=PARED&jurisdiction=CA&stattype=MN%3AMN&Year=2019%2C2022%2C2024&ShowDetails=true&QCData=true&RevealDataKeys=true
2026-09-19T02:11:11.189Z,NDE,MAT,Mathematics,8,MRPCM,Composite mathematics scale (0-500),CA,California,PARED,"Parental education level, from 2 questions",4,Graduated college,PC:P1,percentile,10th percentile scale score,scale score,10.0,,2022,2024,233.38450088501,229.920001220703,-3.4644996643069987,no statistically significant difference,EQUAL,1,0,,0,,SUBJ=MAT|COHORT=2|DEPVAR=MRPCM|SAMPLES=R3|YEAR=2022|JURISDICTIONS=CA|PARED=4|STAT=PC:P1 || SUBJ=MAT|COHORT=2|DEPVAR=MRPCM|SAMPLES=R3|YEAR=2024|JURISDICTIONS=CA|PARED=4|STAT=PC:P1,https://www.nationsreportcard.gov/DataService/GetAdhocData.aspx?type=sigacrossyear&subject=mathematics&grade=8&subscale=MRPCM&variable=PARED&jurisdiction=CA&stattype=PC%3AP1&Year=2019%2C2022%2C2024&ShowDetails=true&QCData=true&RevealDataKeys=true
2026-09-19T02:11:11.189Z,NDE,MAT,Mathematics,8,MRPCM,Composite mathematics scale (0-500),CA,California,PARED,"Parental education level, from 2 questions",4,Graduated college,PC:P2,percentile,25th percentile scale score,scale score,25.0,,2022,2024,258.950997924805,257.323000335693,-1.6279975891119989,no statistically significant difference,EQUAL,1,0,,0,,SUBJ=MAT|COHORT=2|DEPVAR=MRPCM|SAMPLES=R3|YEAR=2022|JURISDICTIONS=CA|PARED=4|STAT=PC:P2 || SUBJ=MAT|COHORT=2|DEPVAR=MRPCM|SAMPLES=R3|YEAR=2024|JURISDICTIONS=CA|PARED=4|STAT=PC:P2,https://www.nationsreportcard.gov/DataService/GetAdhocData.aspx?type=sigacrossyear&subject=mathematics&grade=8&subscale=MRPCM&variable=PARED&jurisdiction=CA&stattype=PC%3AP2&Year=2019%2C2022%2C2024&ShowDetails=true&QCData=true&RevealDataKeys=true
2026-09-19T02:11:11.189Z,NDE,MAT,Mathematics,8,MRPCM,Composite mathematics scale (0-500),CA,California,PARED,"Parental education level, from 2 questions",4,Graduated college,PC:P5,percentile,50th percentile scale score,scale score,50.0,,2022,2024,287.558000183105,289.065000915527,1.507000732422,no statistically significant difference,EQUAL,1,0,,0,,SUBJ=MAT|COHORT=2|DEPVAR=MRPCM|SAMPLES=R3|YEAR=2022|JURISDICTIONS=CA|PARED=4|STAT=PC:P5 || SUBJ=MAT|COHORT=2|DEPVAR=MRPCM|SAMPLES=R3|YEAR=2024|JURISDICTIONS=CA|PARED=4|STAT=PC:P5,https://www.nationsreportcard.gov/DataService/GetAdhocData.aspx?type=sigacrossyear&subject=mathematics&grade=8&subscale=MRPCM&variable=PARED&jurisdiction=CA&stattype=PC%3AP5&Year=2019%2C2022%2C2024&ShowDetails=true&QCData=true&RevealDataKeys=true
2026-09-19T02:11:11.189Z,NDE,MAT,Mathematics,8,MRPCM,Composite mathematics scale (0-500),CA,California,PARED,"Parental education level, from 2 questions",4,Graduated college,PC:P7,percentile,75th percentile scale score,scale score,75.0,,2022,2024,319.164999389649,319.354998779297,0.1899993896479941,no statistically significant difference,EQUAL,1,0,,0,,SUBJ=MAT|COHORT=2|DEPVAR=MRPCM|SAMPLES=R3|YEAR=2022|JURISDICTIONS=CA|PARED=4|STAT=PC:P7 || SUBJ=MAT|COHORT=2|DEPVAR=MRPCM|SAMPLES=R3|YEAR=2024|JURISDICTIONS=CA|PARED=4|STAT=PC:P7,https://www.nationsreportcard.gov/DataService/GetAdhocData.aspx?type=sigacrossyear&subject=mathematics&grade=8&subscale=MRPCM&variable=PARED&jurisdiction=CA&stattype=PC%3AP7&Year=2019%2C2022%2C2024&ShowDetails=true&QCData=true&RevealDataKeys=true
2026-09-19T02:11:11.189Z,NDE,MAT,Mathematics,8,MRPCM,Composite mathematics scale (0-500),CA,California,PARED,"Parental education level, from 2 questions",4,Graduated college,PC:P9,percentile,90th percentile scale score,scale score,90.0,,2022,2024,346.177502441406,345.981500244141,-0.1960021972649883,no statistically significant difference,EQUAL,1,0,,0,,SUBJ=MAT|COHORT=2|DEPVAR=MRPCM|SAMPLES=R3|YEAR=2022|JURISDICTIONS=CA|PARED=4|STAT=PC:P9 || SUBJ=MAT|COHORT=2|DEPVAR=MRPCM|SAMPLES=R3|YEAR=2024|JURISDICTIONS=CA|PARED=4|STAT=PC:P9,https://www.nationsreportcard.gov/DataService/GetAdhocData.aspx?type=sigacrossyear&subject=mathematics&grade=8&subscale=MRPCM&variable=PARED&jurisdiction=CA&stattype=PC%3AP9&Year=2019%2C2022%2C2024&ShowDetails=true&QCData=true&RevealDataKeys=true
2026-09-19T02:11:11.189Z,NDE,MAT,Mathematics,8,MRPCM,Composite mathematics scale (0-500),CA,California,PARED,"Parental education level, from 2 questions",4,Graduated college,ALD:BA,achievement level,Percent at NAEP Basic,percent,,at NAEP Basic,2022,2024,33.3724564243651,30.8422529609005,-2.5302034634645985,no statistically significant difference,EQUAL,1,0,,0,,SUBJ=MAT|COHORT=2|DEPVAR=MRPCM|SAMPLES=R3|YEAR=2022|JURISDICTIONS=CA|PARED=4|STAT=ALD:BA || SUBJ=MAT|COHORT=2|DEPVAR=MRPCM|SAMPLES=R3|YEAR=2024|JURISDICTIONS=CA|PARED=4|STAT=ALD:BA,https://www.nationsreportcard.gov/DataService/GetAdhocData.aspx?type=sigacrossyear&subject=mathematics&grade=8&subscale=MRPCM&variable=PARED&jurisdiction=CA&stattype=ALD%3ABA&Year=2019%2C2022%2C2024&ShowDetails=true&QCData=true&RevealDataKeys=true
2026-09-19T02:11:11.189Z,NDE,MAT,Mathematics,8,MRPCM,Composite mathematics scale (0-500),CA,California,PARED,"Parental education level, from 2 questions",4,Graduated college,ALD:PR,achievement level,Percent at NAEP Proficient,percent,,at NAEP Proficient,2022,2024,22.948238234177,24.560406733222,1.6121684990449978,no statistically significant difference,EQUAL,1,0,,0,,SUBJ=MAT|COHORT=2|DEPVAR=MRPCM|SAMPLES=R3|YEAR=2022|JURISDICTIONS=CA|PARED=4|STAT=ALD:PR || SUBJ=MAT|COHORT=2|DEPVAR=MRPCM|SAMPLES=R3|YEAR=2024|JURISDICTIONS=CA|PARED=4|STAT=ALD:PR,https://www.nationsreportcard.gov/DataService/GetAdhocData.aspx?type=sigacrossyear&subject=mathematics&grade=8&subscale=MRPCM&variable=PARED&jurisdiction=CA&stattype=ALD%3APR&Year=2019%2C2022%2C2024&ShowDetails=true&QCData=true&RevealDataKeys=true
2026-09-19T02:11:11.189Z,NDE,MAT,Mathematics,8,MRPCM,Composite mathematics scale (0-500),CA,California,PARED,"Parental education level, from 2 questions",4,Graduated college,ALD:AD,achievement level,Percent at NAEP Advanced,percent,,at NAEP Advanced,2022,2024,16.4985593930475,16.2624777376447,-0.2360816554027991,no statistically significant difference,EQUAL,1,0,,0,,SUBJ=MAT|COHORT=2|DEPVAR=MRPCM|SAMPLES=R3|YEAR=2022|JURISDICTIONS=CA|PARED=4|STAT=ALD:AD || SUBJ=MAT|COHORT=2|DEPVAR=MRPCM|SAMPLES=R3|YEAR=2024|JURISDICTIONS=CA|PARED=4|STAT=ALD:AD,https://www.nationsreportcard.gov/DataService/GetAdhocData.aspx?type=sigacrossyear&subject=mathematics&grade=8&subscale=MRPCM&variable=PARED&jurisdiction=CA&stattype=ALD%3AAD&Year=2019%2C2022%2C2024&ShowDetails=true&QCData=true&RevealDataKeys=true
2026-09-19T02:11:11.189Z,NDE,MAT,Mathematics,8,MRPCM,Composite mathematics scale (0-500),CA,California,PARED,"Parental education level, from 2 questions",4,Graduated college,ALC:BB,achievement level,Percent below NAEP Basic,percent,,below NAEP Basic,2022,2024,27.1807459484103,28.3348625682328,1.1541166198224992,no statistically significant difference,EQUAL,1,0,,0,,SUBJ=MAT|COHORT=2|DEPVAR=MRPCM|SAMPLES=R3|YEAR=2022|JURISDICTIONS=CA|PARED=4|STAT=ALC:BB || SUBJ=MAT|COHORT=2|DEPVAR=MRPCM|SAMPLES=R3|YEAR=2024|JURISDICTIONS=CA|PARED=4|STAT=ALC:BB,https://www.nationsreportcard.gov/DataService/GetAdhocData.aspx?type=sigacrossyear&subject=mathematics&grade=8&subscale=MRPCM&variable=PARED&jurisdiction=CA&stattype=ALC%3ABB&Year=2019%2C2022%2C2024&ShowDetails=true&QCData=true&RevealDataKeys=true
2026-09-19T02:11:11.189Z,NDE,MAT,Mathematics,8,MRPCM,Composite mathematics scale (0-500),CA,California,PARED,"Parental education level, from 2 questions",4,Graduated college,ALC:AB,achievement level,Percent at or above NAEP Basic,percent,,at or above NAEP Basic,2022,2024,72.8192540515897,71.6651374317671,-1.154116619822588,no statistically significant difference,EQUAL,1,0,,0,,SUBJ=MAT|COHORT=2|DEPVAR=MRPCM|SAMPLES=R3|YEAR=2022|JURISDICTIONS=CA|PARED=4|STAT=ALC:AB || SUBJ=MAT|COHORT=2|DEPVAR=MRPCM|SAMPLES=R3|YEAR=2024|JURISDICTIONS=CA|PARED=4|STAT=ALC:AB,https://www.nationsreportcard.gov/DataService/GetAdhocData.aspx?type=sigacrossyear&subject=mathematics&grade=8&subscale=MRPCM&variable=PARED&jurisdiction=CA&stattype=ALC%3AAB&Year=2019%2C2022%2C2024&ShowDetails=true&QCData=true&RevealDataKeys=true
2026-09-19T02:11:11.189Z,NDE,MAT,Mathematics,8,MRPCM,Composite mathematics scale (0-500),CA,California,PARED,"Parental education level, from 2 questions",4,Graduated college,ALC:AP,achievement level,Percent at or above NAEP Proficient,percent,,at or above NAEP Proficient,2022,2024,39.4467976272245,40.8228844708667,1.376086843642199,no statistically significant difference,EQUAL,1,0,,0,,SUBJ=MAT|COHORT=2|DEPVAR=MRPCM|SAMPLES=R3|YEAR=2022|JURISDICTIONS=CA|PARED=4|STAT=ALC:AP || SUBJ=MAT|COHORT=2|DEPVAR=MRPCM|SAMPLES=R3|YEAR=2024|JURISDICTIONS=CA|PARED=4|STAT=ALC:AP,https://www.nationsreportcard.gov/DataService/GetAdhocData.aspx?type=sigacrossyear&subject=mathematics&grade=8&subscale=MRPCM&variable=PARED&jurisdiction=CA&stattype=ALC%3AAP&Year=2019%2C2022%2C2024&ShowDetails=true&QCData=true&RevealDataKeys=true
2026-09-19T02:11:11.189Z,NDE,MAT,Mathematics,8,MRPCM,Composite mathematics scale (0-500),CA,California,PARED,"Parental education level, from 2 questions",4,Graduated college,ALC:AD,achievement level,Percent at NAEP Advanced (cumulative code),percent,,at NAEP Advanced (cumulative code),2022,2024,16.4985593930475,16.2624777376447,-0.2360816554027991,no statistically significant difference,EQUAL,1,0,,0,,SUBJ=MAT|COHORT=2|DEPVAR=MRPCM|SAMPLES=R3|YEAR=2022|JURISDICTIONS=CA|PARED=4|STAT=ALC:AD || SUBJ=MAT|COHORT=2|DEPVAR=MRPCM|SAMPLES=R3|YEAR=2024|JURISDICTIONS=CA|PARED=4|STAT=ALC:AD,https://www.nationsreportcard.gov/DataService/GetAdhocData.aspx?type=sigacrossyear&subject=mathematics&grade=8&subscale=MRPCM&variable=PARED&jurisdiction=CA&stattype=ALC%3AAD&Year=2019%2C2022%2C2024&ShowDetails=true&QCData=true&RevealDataKeys=true
2026-09-19T02:11:11.189Z,NDE,MAT,Mathematics,8,MRPCM,Composite mathematics scale (0-500),CA,California,PARED,"Parental education level, from 2 questions",5,Unknown,MN:MN,location,Average scale score,scale score,,,2022,2024,253.165617071406,249.111030729373,-4.054586342032991,no statistically significant difference,EQUAL,1,0,,0,,SUBJ=MAT|COHORT=2|DEPVAR=MRPCM|SAMPLES=R3|YEAR=2022|JURISDICTIONS=CA|PARED=5|STAT=MN:MN || SUBJ=MAT|COHORT=2|DEPVAR=MRPCM|SAMPLES=R3|YEAR=2024|JURISDICTIONS=CA|PARED=5|STAT=MN:MN,https://www.nationsreportcard.gov/DataService/GetAdhocData.aspx?type=sigacrossyear&subject=mathematics&grade=8&subscale=MRPCM&variable=PARED&jurisdiction=CA&stattype=MN%3AMN&Year=2019%2C2022%2C2024&ShowDetails=true&QCData=true&RevealDataKeys=true
2026-09-19T02:11:11.189Z,NDE,MAT,Mathematics,8,MRPCM,Composite mathematics scale (0-500),CA,California,PARED,"Parental education level, from 2 questions",5,Unknown,PC:P1,percentile,10th percentile scale score,scale score,10.0,,2022,2024,208.486000823975,200.236499023438,-8.24950180053699,no statistically significant difference,EQUAL,1,0,,0,,SUBJ=MAT|COHORT=2|DEPVAR=MRPCM|SAMPLES=R3|YEAR=2022|JURISDICTIONS=CA|PARED=5|STAT=PC:P1 || SUBJ=MAT|COHORT=2|DEPVAR=MRPCM|SAMPLES=R3|YEAR=2024|JURISDICTIONS=CA|PARED=5|STAT=PC:P1,https://www.nationsreportcard.gov/DataService/GetAdhocData.aspx?type=sigacrossyear&subject=mathematics&grade=8&subscale=MRPCM&variable=PARED&jurisdiction=CA&stattype=PC%3AP1&Year=2019%2C2022%2C2024&ShowDetails=true&QCData=true&RevealDataKeys=true
2026-09-19T02:11:11.189Z,NDE,MAT,Mathematics,8,MRPCM,Composite mathematics scale (0-500),CA,California,PARED,"Parental education level, from 2 questions",5,Unknown,PC:P2,percentile,25th percentile scale score,scale score,25.0,,2022,2024,227.851500701904,221.516998291016,-6.334502410888007,no statistically significant difference,EQUAL,1,0,,0,,SUBJ=MAT|COHORT=2|DEPVAR=MRPCM|SAMPLES=R3|YEAR=2022|JURISDICTIONS=CA|PARED=5|STAT=PC:P2 || SUBJ=MAT|COHORT=2|DEPVAR=MRPCM|SAMPLES=R3|YEAR=2024|JURISDICTIONS=CA|PARED=5|STAT=PC:P2,https://www.nationsreportcard.gov/DataService/GetAdhocData.aspx?type=sigacrossyear&subject=mathematics&grade=8&subscale=MRPCM&variable=PARED&jurisdiction=CA&stattype=PC%3AP2&Year=2019%2C2022%2C2024&ShowDetails=true&QCData=true&RevealDataKeys=true
2026-09-19T02:11:11.189Z,NDE,MAT,Mathematics,8,MRPCM,Composite mathematics scale (0-500),CA,California,PARED,"Parental education level, from 2 questions",5,Unknown,PC:P5,percentile,50th percentile scale score,scale score,50.0,,2022,2024,251.890000152588,246.935499572754,-4.95450057983399,no statistically significant difference,EQUAL,1,0,,0,,SUBJ=MAT|COHORT=2|DEPVAR=MRPCM|SAMPLES=R3|YEAR=2022|JURISDICTIONS=CA|PARED=5|STAT=PC:P5 || SUBJ=MAT|COHORT=2|DEPVAR=MRPCM|SAMPLES=R3|YEAR=2024|JURISDICTIONS=CA|PARED=5|STAT=PC:P5,https://www.nationsreportcard.gov/DataService/GetAdhocData.aspx?type=sigacrossyear&subject=mathematics&grade=8&subscale=MRPCM&variable=PARED&jurisdiction=CA&stattype=PC%3AP5&Year=2019%2C2022%2C2024&ShowDetails=true&QCData=true&RevealDataKeys=true
2026-09-19T02:11:11.189Z,NDE,MAT,Mathematics,8,MRPCM,Composite mathematics scale (0-500),CA,California,PARED,"Parental education level, from 2 questions",5,Unknown,PC:P7,percentile,75th percentile scale score,scale score,75.0,,2022,2024,277.847996520996,274.886003112793,-2.961993408203,no statistically significant difference,EQUAL,1,0,,0,,SUBJ=MAT|COHORT=2|DEPVAR=MRPCM|SAMPLES=R3|YEAR=2022|JURISDICTIONS=CA|PARED=5|STAT=PC:P7 || SUBJ=MAT|COHORT=2|DEPVAR=MRPCM|SAMPLES=R3|YEAR=2024|JURISDICTIONS=CA|PARED=5|STAT=PC:P7,https://www.nationsreportcard.gov/DataService/GetAdhocData.aspx?type=sigacrossyear&subject=mathematics&grade=8&subscale=MRPCM&variable=PARED&jurisdiction=CA&stattype=PC%3AP7&Year=2019%2C2022%2C2024&ShowDetails=true&QCData=true&RevealDataKeys=true
2026-09-19T02:11:11.189Z,NDE,MAT,Mathematics,8,MRPCM,Composite mathematics scale (0-500),CA,California,PARED,"Parental education level, from 2 questions",5,Unknown,PC:P9,percentile,90th percentile scale score,scale score,90.0,,2022,2024,299.931497192383,302.269500732422,2.338003540038983,no statistically significant difference,EQUAL,1,0,,0,,SUBJ=MAT|COHORT=2|DEPVAR=MRPCM|SAMPLES=R3|YEAR=2022|JURISDICTIONS=CA|PARED=5|STAT=PC:P9 || SUBJ=MAT|COHORT=2|DEPVAR=MRPCM|SAMPLES=R3|YEAR=2024|JURISDICTIONS=CA|PARED=5|STAT=PC:P9,https://www.nationsreportcard.gov/DataService/GetAdhocData.aspx?type=sigacrossyear&subject=mathematics&grade=8&subscale=MRPCM&variable=PARED&jurisdiction=CA&stattype=PC%3AP9&Year=2019%2C2022%2C2024&ShowDetails=true&QCData=true&RevealDataKeys=true
2026-09-19T02:11:11.189Z,NDE,MAT,Mathematics,8,MRPCM,Composite mathematics scale (0-500),CA,California,PARED,"Parental education level, from 2 questions",5,Unknown,ALD:BA,achievement level,Percent at NAEP Basic,percent,,at NAEP Basic,2022,2024,28.1723196379252,24.8163666732111,-3.355952964714099,no statistically significant difference,EQUAL,1,0,,0,,SUBJ=MAT|COHORT=2|DEPVAR=MRPCM|SAMPLES=R3|YEAR=2022|JURISDICTIONS=CA|PARED=5|STAT=ALD:BA || SUBJ=MAT|COHORT=2|DEPVAR=MRPCM|SAMPLES=R3|YEAR=2024|JURISDICTIONS=CA|PARED=5|STAT=ALD:BA,https://www.nationsreportcard.gov/DataService/GetAdhocData.aspx?type=sigacrossyear&subject=mathematics&grade=8&subscale=MRPCM&variable=PARED&jurisdiction=CA&stattype=ALD%3ABA&Year=2019%2C2022%2C2024&ShowDetails=true&QCData=true&RevealDataKeys=true
2026-09-19T02:11:11.189Z,NDE,MAT,Mathematics,8,MRPCM,Composite mathematics scale (0-500),CA,California,PARED,"Parental education level, from 2 questions",5,Unknown,ALD:PR,achievement level,Percent at NAEP Proficient,percent,,at NAEP Proficient,2022,2024,8.59782637375566,8.50297629840398,-0.0948500753516814,no statistically significant difference,EQUAL,1,0,,0,,SUBJ=MAT|COHORT=2|DEPVAR=MRPCM|SAMPLES=R3|YEAR=2022|JURISDICTIONS=CA|PARED=5|STAT=ALD:PR || SUBJ=MAT|COHORT=2|DEPVAR=MRPCM|SAMPLES=R3|YEAR=2024|JURISDICTIONS=CA|PARED=5|STAT=ALD:PR,https://www.nationsreportcard.gov/DataService/GetAdhocData.aspx?type=sigacrossyear&subject=mathematics&grade=8&subscale=MRPCM&variable=PARED&jurisdiction=CA&stattype=ALD%3APR&Year=2019%2C2022%2C2024&ShowDetails=true&QCData=true&RevealDataKeys=true
2026-09-19T02:11:11.189Z,NDE,MAT,Mathematics,8,MRPCM,Composite mathematics scale (0-500),CA,California,PARED,"Parental education level, from 2 questions",5,Unknown,ALD:AD,achievement level,Percent at NAEP Advanced,percent,,at NAEP Advanced,2022,2024,2.09603068175702,2.44618709992864,0.3501564181716201,no statistically significant difference,EQUAL,1,0,,0,,SUBJ=MAT|COHORT=2|DEPVAR=MRPCM|SAMPLES=R3|YEAR=2022|JURISDICTIONS=CA|PARED=5|STAT=ALD:AD || SUBJ=MAT|COHORT=2|DEPVAR=MRPCM|SAMPLES=R3|YEAR=2024|JURISDICTIONS=CA|PARED=5|STAT=ALD:AD,https://www.nationsreportcard.gov/DataService/GetAdhocData.aspx?type=sigacrossyear&subject=mathematics&grade=8&subscale=MRPCM&variable=PARED&jurisdiction=CA&stattype=ALD%3AAD&Year=2019%2C2022%2C2024&ShowDetails=true&QCData=true&RevealDataKeys=true
2026-09-19T02:11:11.189Z,NDE,MAT,Mathematics,8,MRPCM,Composite mathematics scale (0-500),CA,California,PARED,"Parental education level, from 2 questions",5,Unknown,ALC:BB,achievement level,Percent below NAEP Basic,percent,,below NAEP Basic,2022,2024,61.1338233065621,64.2344699284562,3.100646621894107,no statistically significant difference,EQUAL,1,0,,0,,SUBJ=MAT|COHORT=2|DEPVAR=MRPCM|SAMPLES=R3|YEAR=2022|JURISDICTIONS=CA|PARED=5|STAT=ALC:BB || SUBJ=MAT|COHORT=2|DEPVAR=MRPCM|SAMPLES=R3|YEAR=2024|JURISDICTIONS=CA|PARED=5|STAT=ALC:BB,https://www.nationsreportcard.gov/DataService/GetAdhocData.aspx?type=sigacrossyear&subject=mathematics&grade=8&subscale=MRPCM&variable=PARED&jurisdiction=CA&stattype=ALC%3ABB&Year=2019%2C2022%2C2024&ShowDetails=true&QCData=true&RevealDataKeys=true
2026-09-19T02:11:11.189Z,NDE,MAT,Mathematics,8,MRPCM,Composite mathematics scale (0-500),CA,California,PARED,"Parental education level, from 2 questions",5,Unknown,ALC:AB,achievement level,Percent at or above NAEP Basic,percent,,at or above NAEP Basic,2022,2024,38.8661766934379,35.7655300715438,-3.1006466218941,no statistically significant difference,EQUAL,1,0,,0,,SUBJ=MAT|COHORT=2|DEPVAR=MRPCM|SAMPLES=R3|YEAR=2022|JURISDICTIONS=CA|PARED=5|STAT=ALC:AB || SUBJ=MAT|COHORT=2|DEPVAR=MRPCM|SAMPLES=R3|YEAR=2024|JURISDICTIONS=CA|PARED=5|STAT=ALC:AB,https://www.nationsreportcard.gov/DataService/GetAdhocData.aspx?type=sigacrossyear&subject=mathematics&grade=8&subscale=MRPCM&variable=PARED&jurisdiction=CA&stattype=ALC%3AAB&Year=2019%2C2022%2C2024&ShowDetails=true&QCData=true&RevealDataKeys=true
2026-09-19T02:11:11.189Z,NDE,MAT,Mathematics,8,MRPCM,Composite mathematics scale (0-500),CA,California,PARED,"Parental education level, from 2 questions",5,Unknown,ALC:AP,achievement level,Percent at or above NAEP Proficient,percent,,at or above NAEP Proficient,2022,2024,10.6938570555127,10.9491633983326,0.2553063428198996,no statistically significant difference,EQUAL,1,0,,0,,SUBJ=MAT|COHORT=2|DEPVAR=MRPCM|SAMPLES=R3|YEAR=2022|JURISDICTIONS=CA|PARED=5|STAT=ALC:AP || SUBJ=MAT|COHORT=2|DEPVAR=MRPCM|SAMPLES=R3|YEAR=2024|JURISDICTIONS=CA|PARED=5|STAT=ALC:AP,https://www.nationsreportcard.gov/DataService/GetAdhocData.aspx?type=sigacrossyear&subject=mathematics&grade=8&subscale=MRPCM&variable=PARED&jurisdiction=CA&stattype=ALC%3AAP&Year=2019%2C2022%2C2024&ShowDetails=true&QCData=true&RevealDataKeys=true
2026-09-19T02:11:11.189Z,NDE,MAT,Mathematics,8,MRPCM,Composite mathematics scale (0-500),CA,California,PARED,"Parental education level, from 2 questions",5,Unknown,ALC:AD,achievement level,Percent at NAEP Advanced (cumulative code),percent,,at NAEP Advanced (cumulative code),2022,2024,2.09603068175702,2.44618709992864,0.3501564181716201,no statistically significant difference,EQUAL,1,0,,0,,SUBJ=MAT|COHORT=2|DEPVAR=MRPCM|SAMPLES=R3|YEAR=2022|JURISDICTIONS=CA|PARED=5|STAT=ALC:AD || SUBJ=MAT|COHORT=2|DEPVAR=MRPCM|SAMPLES=R3|YEAR=2024|JURISDICTIONS=CA|PARED=5|STAT=ALC:AD,https://www.nationsreportcard.gov/DataService/GetAdhocData.aspx?type=sigacrossyear&subject=mathematics&grade=8&subscale=MRPCM&variable=PARED&jurisdiction=CA&stattype=ALC%3AAD&Year=2019%2C2022%2C2024&ShowDetails=true&QCData=true&RevealDataKeys=true
2026-09-19T02:11:11.189Z,NDE,MAT,Mathematics,8,MRPCM,Composite mathematics scale (0-500),CA,California,C051651,Percent eligible for National School Lunch Program,1,0%,MN:MN,location,Average scale score,scale score,,,2022,2024,,,,,,0,268435713,reporting standard not met; standard error not applicable; skipped-variable note,268435713,reporting standard not met; standard error not applicable; skipped-variable note,SUBJ=MAT|COHORT=2|DEPVAR=MRPCM|SAMPLES=R3|YEAR=2022|JURISDICTIONS=CA|C051651=1|STAT=MN:MN || SUBJ=MAT|COHORT=2|DEPVAR=MRPCM|SAMPLES=R3|YEAR=2024|JURISDICTIONS=CA|C051651=1|STAT=MN:MN,https://www.nationsreportcard.gov/DataService/GetAdhocData.aspx?type=sigacrossyear&subject=mathematics&grade=8&subscale=MRPCM&variable=C051651&jurisdiction=CA&stattype=MN%3AMN&Year=2019%2C2022%2C2024&ShowDetails=true&QCData=true&RevealDataKeys=true
2026-09-19T02:11:11.189Z,NDE,MAT,Mathematics,8,MRPCM,Composite mathematics scale (0-500),CA,California,C051651,Percent eligible for National School Lunch Program,1,0%,PC:P1,percentile,10th percentile scale score,scale score,10.0,,2022,2024,,,,,,0,268435713,reporting standard not met; standard error not applicable; skipped-variable note,268435713,reporting standard not met; standard error not applicable; skipped-variable note,SUBJ=MAT|COHORT=2|DEPVAR=MRPCM|SAMPLES=R3|YEAR=2022|JURISDICTIONS=CA|C051651=1|STAT=PC:P1 || SUBJ=MAT|COHORT=2|DEPVAR=MRPCM|SAMPLES=R3|YEAR=2024|JURISDICTIONS=CA|C051651=1|STAT=PC:P1,https://www.nationsreportcard.gov/DataService/GetAdhocData.aspx?type=sigacrossyear&subject=mathematics&grade=8&subscale=MRPCM&variable=C051651&jurisdiction=CA&stattype=PC%3AP1&Year=2019%2C2022%2C2024&ShowDetails=true&QCData=true&RevealDataKeys=true
2026-09-19T02:11:11.189Z,NDE,MAT,Mathematics,8,MRPCM,Composite mathematics scale (0-500),CA,California,C051651,Percent eligible for National School Lunch Program,1,0%,PC:P2,percentile,25th percentile scale score,scale score,25.0,,2022,2024,,,,,,0,268435713,reporting standard not met; standard error not applicable; skipped-variable note,268435713,reporting standard not met; standard error not applicable; skipped-variable note,SUBJ=MAT|COHORT=2|DEPVAR=MRPCM|SAMPLES=R3|YEAR=2022|JURISDICTIONS=CA|C051651=1|STAT=PC:P2 || SUBJ=MAT|COHORT=2|DEPVAR=MRPCM|SAMPLES=R3|YEAR=2024|JURISDICTIONS=CA|C051651=1|STAT=PC:P2,https://www.nationsreportcard.gov/DataService/GetAdhocData.aspx?type=sigacrossyear&subject=mathematics&grade=8&subscale=MRPCM&variable=C051651&jurisdiction=CA&stattype=PC%3AP2&Year=2019%2C2022%2C2024&ShowDetails=true&QCData=true&RevealDataKeys=true
2026-09-19T02:11:11.189Z,NDE,MAT,Mathematics,8,MRPCM,Composite mathematics scale (0-500),CA,California,C051651,Percent eligible for National School Lunch Program,1,0%,PC:P5,percentile,50th percentile scale score,scale score,50.0,,2022,2024,,,,,,0,268435713,reporting standard not met; standard error not applicable; skipped-variable note,268435713,reporting standard not met; standard error not applicable; skipped-variable note,SUBJ=MAT|COHORT=2|DEPVAR=MRPCM|SAMPLES=R3|YEAR=2022|JURISDICTIONS=CA|C051651=1|STAT=PC:P5 || SUBJ=MAT|COHORT=2|DEPVAR=MRPCM|SAMPLES=R3|YEAR=2024|JURISDICTIONS=CA|C051651=1|STAT=PC:P5,https://www.nationsreportcard.gov/DataService/GetAdhocData.aspx?type=sigacrossyear&subject=mathematics&grade=8&subscale=MRPCM&variable=C051651&jurisdiction=CA&stattype=PC%3AP5&Year=2019%2C2022%2C2024&ShowDetails=true&QCData=true&RevealDataKeys=true
2026-09-19T02:11:11.189Z,NDE,MAT,Mathematics,8,MRPCM,Composite mathematics scale (0-500),CA,California,C051651,Percent eligible for National School Lunch Program,1,0%,PC:P7,percentile,75th percentile scale score,scale score,75.0,,2022,2024,,,,,,0,268435713,reporting standard not met; standard error not applicable; skipped-variable note,268435713,reporting standard not met; standard error not applicable; skipped-variable note,SUBJ=MAT|COHORT=2|DEPVAR=MRPCM|SAMPLES=R3|YEAR=2022|JURISDICTIONS=CA|C051651=1|STAT=PC:P7 || SUBJ=MAT|COHORT=2|DEPVAR=MRPCM|SAMPLES=R3|YEAR=2024|JURISDICTIONS=CA|C051651=1|STAT=PC:P7,https://www.nationsreportcard.gov/DataService/GetAdhocData.aspx?type=sigacrossyear&subject=mathematics&grade=8&subscale=MRPCM&variable=C051651&jurisdiction=CA&stattype=PC%3AP7&Year=2019%2C2022%2C2024&ShowDetails=true&QCData=true&RevealDataKeys=true
2026-09-19T02:11:11.189Z,NDE,MAT,Mathematics,8,MRPCM,Composite mathematics scale (0-500),CA,California,C051651,Percent eligible for National School Lunch Program,1,0%,PC:P9,percentile,90th percentile scale score,scale score,90.0,,2022,2024,,,,,,0,268435713,reporting standard not met; standard error not applicable; skipped-variable note,268435713,reporting standard not met; standard error not applicable; skipped-variable note,SUBJ=MAT|COHORT=2|DEPVAR=MRPCM|SAMPLES=R3|YEAR=2022|JURISDICTIONS=CA|C051651=1|STAT=PC:P9 || SUBJ=MAT|COHORT=2|DEPVAR=MRPCM|SAMPLES=R3|YEAR=2024|JURISDICTIONS=CA|C051651=1|STAT=PC:P9,https://www.nationsreportcard.gov/DataService/GetAdhocData.aspx?type=sigacrossyear&subject=mathematics&grade=8&subscale=MRPCM&variable=C051651&jurisdiction=CA&stattype=PC%3AP9&Year=2019%2C2022%2C2024&ShowDetails=true&QCData=true&RevealDataKeys=true
2026-09-19T02:11:11.189Z,NDE,MAT,Mathematics,8,MRPCM,Composite mathematics scale (0-500),CA,California,C051651,Percent eligible for National School Lunch Program,1,0%,ALD:BA,achievement level,Percent at NAEP Basic,percent,,at NAEP Basic,2022,2024,,,,,,0,268435715,reporting standard not met; extreme percentage; standard error not applicable; skipped-variable note,268435715,reporting standard not met; extreme percentage; standard error not applicable; skipped-variable note,SUBJ=MAT|COHORT=2|DEPVAR=MRPCM|SAMPLES=R3|YEAR=2022|JURISDICTIONS=CA|C051651=1|STAT=ALD:BA || SUBJ=MAT|COHORT=2|DEPVAR=MRPCM|SAMPLES=R3|YEAR=2024|JURISDICTIONS=CA|C051651=1|STAT=ALD:BA,https://www.nationsreportcard.gov/DataService/GetAdhocData.aspx?type=sigacrossyear&subject=mathematics&grade=8&subscale=MRPCM&variable=C051651&jurisdiction=CA&stattype=ALD%3ABA&Year=2019%2C2022%2C2024&ShowDetails=true&QCData=true&RevealDataKeys=true
2026-09-19T02:11:11.189Z,NDE,MAT,Mathematics,8,MRPCM,Composite mathematics scale (0-500),CA,California,C051651,Percent eligible for National School Lunch Program,1,0%,ALD:PR,achievement level,Percent at NAEP Proficient,percent,,at NAEP Proficient,2022,2024,,,,,,0,268435715,reporting standard not met; extreme percentage; standard error not applicable; skipped-variable note,268435715,reporting standard not met; extreme percentage; standard error not applicable; skipped-variable note,SUBJ=MAT|COHORT=2|DEPVAR=MRPCM|SAMPLES=R3|YEAR=2022|JURISDICTIONS=CA|C051651=1|STAT=ALD:PR || SUBJ=MAT|COHORT=2|DEPVAR=MRPCM|SAMPLES=R3|YEAR=2024|JURISDICTIONS=CA|C051651=1|STAT=ALD:PR,https://www.nationsreportcard.gov/DataService/GetAdhocData.aspx?type=sigacrossyear&subject=mathematics&grade=8&subscale=MRPCM&variable=C051651&jurisdiction=CA&stattype=ALD%3APR&Year=2019%2C2022%2C2024&ShowDetails=true&QCData=true&RevealDataKeys=true
2026-09-19T02:11:11.189Z,NDE,MAT,Mathematics,8,MRPCM,Composite mathematics scale (0-500),CA,California,C051651,Percent eligible for National School Lunch Program,1,0%,ALD:AD,achievement level,Percent at NAEP Advanced,percent,,at NAEP Advanced,2022,2024,,,,,,0,268435715,reporting standard not met; extreme percentage; standard error not applicable; skipped-variable note,268435715,reporting standard not met; extreme percentage; standard error not applicable; skipped-variable note,SUBJ=MAT|COHORT=2|DEPVAR=MRPCM|SAMPLES=R3|YEAR=2022|JURISDICTIONS=CA|C051651=1|STAT=ALD:AD || SUBJ=MAT|COHORT=2|DEPVAR=MRPCM|SAMPLES=R3|YEAR=2024|JURISDICTIONS=CA|C051651=1|STAT=ALD:AD,https://www.nationsreportcard.gov/DataService/GetAdhocData.aspx?type=sigacrossyear&subject=mathematics&grade=8&subscale=MRPCM&variable=C051651&jurisdiction=CA&stattype=ALD%3AAD&Year=2019%2C2022%2C2024&ShowDetails=true&QCData=true&RevealDataKeys=true
2026-09-19T02:11:11.189Z,NDE,MAT,Mathematics,8,MRPCM,Composite mathematics scale (0-500),CA,California,C051651,Percent eligible for National School Lunch Program,1,0%,ALC:BB,achievement level,Percent below NAEP Basic,percent,,below NAEP Basic,2022,2024,,,,,,0,268435715,reporting standard not met; extreme percentage; standard error not applicable; skipped-variable note,268435715,reporting standard not met; extreme percentage; standard error not applicable; skipped-variable note,SUBJ=MAT|COHORT=2|DEPVAR=MRPCM|SAMPLES=R3|YEAR=2022|JURISDICTIONS=CA|C051651=1|STAT=ALC:BB || SUBJ=MAT|COHORT=2|DEPVAR=MRPCM|SAMPLES=R3|YEAR=2024|JURISDICTIONS=CA|C051651=1|STAT=ALC:BB,https://www.nationsreportcard.gov/DataService/GetAdhocData.aspx?type=sigacrossyear&subject=mathematics&grade=8&subscale=MRPCM&variable=C051651&jurisdiction=CA&stattype=ALC%3ABB&Year=2019%2C2022%2C2024&ShowDetails=true&QCData=true&RevealDataKeys=true
2026-09-19T02:11:11.189Z,NDE,MAT,Mathematics,8,MRPCM,Composite mathematics scale (0-500),CA,California,C051651,Percent eligible for National School Lunch Program,1,0%,ALC:AB,achievement level,Percent at or above NAEP Basic,percent,,at or above NAEP Basic,2022,2024,,,,,,0,268435715,reporting standard not met; extreme percentage; standard error not applicable; skipped-variable note,268435715,reporting standard not met; extreme percentage; standard error not applicable; skipped-variable note,SUBJ=MAT|COHORT=2|DEPVAR=MRPCM|SAMPLES=R3|YEAR=2022|JURISDICTIONS=CA|C051651=1|STAT=ALC:AB || SUBJ=MAT|COHORT=2|DEPVAR=MRPCM|SAMPLES=R3|YEAR=2024|JURISDICTIONS=CA|C051651=1|STAT=ALC:AB,https://www.nationsreportcard.gov/DataService/GetAdhocData.aspx?type=sigacrossyear&subject=mathematics&grade=8&subscale=MRPCM&variable=C051651&jurisdiction=CA&stattype=ALC%3AAB&Year=2019%2C2022%2C2024&ShowDetails=true&QCData=true&RevealDataKeys=true
2026-09-19T02:11:11.189Z,NDE,MAT,Mathematics,8,MRPCM,Composite mathematics scale (0-500),CA,California,C051651,Percent eligible for National School Lunch Program,1,0%,ALC:AP,achievement level,Percent at or above NAEP Proficient,percent,,at or above NAEP Proficient,2022,2024,,,,,,0,268435715,reporting standard not met; extreme percentage; standard error not applicable; skipped-variable note,268435715,reporting standard not met; extreme percentage; standard error not applicable; skipped-variable note,SUBJ=MAT|COHORT=2|DEPVAR=MRPCM|SAMPLES=R3|YEAR=2022|JURISDICTIONS=CA|C051651=1|STAT=ALC:AP || SUBJ=MAT|COHORT=2|DEPVAR=MRPCM|SAMPLES=R3|YEAR=2024|JURISDICTIONS=CA|C051651=1|STAT=ALC:AP,https://www.nationsreportcard.gov/DataService/GetAdhocData.aspx?type=sigacrossyear&subject=mathematics&grade=8&subscale=MRPCM&variable=C051651&jurisdiction=CA&stattype=ALC%3AAP&Year=2019%2C2022%2C2024&ShowDetails=true&QCData=true&RevealDataKeys=true
2026-09-19T02:11:11.189Z,NDE,MAT,Mathematics,8,MRPCM,Composite mathematics scale (0-500),CA,California,C051651,Percent eligible for National School Lunch Program,1,0%,ALC:AD,achievement level,Percent at NAEP Advanced (cumulative code),percent,,at NAEP Advanced (cumulative code),2022,2024,,,,,,0,268435715,reporting standard not met; extreme percentage; standard error not applicable; skipped-variable note,268435715,reporting standard not met; extreme percentage; standard error not applicable; skipped-variable note,SUBJ=MAT|COHORT=2|DEPVAR=MRPCM|SAMPLES=R3|YEAR=2022|JURISDICTIONS=CA|C051651=1|STAT=ALC:AD || SUBJ=MAT|COHORT=2|DEPVAR=MRPCM|SAMPLES=R3|YEAR=2024|JURISDICTIONS=CA|C051651=1|STAT=ALC:AD,https://www.nationsreportcard.gov/DataService/GetAdhocData.aspx?type=sigacrossyear&subject=mathematics&grade=8&subscale=MRPCM&variable=C051651&jurisdiction=CA&stattype=ALC%3AAD&Year=2019%2C2022%2C2024&ShowDetails=true&QCData=true&RevealDataKeys=true
2026-09-19T02:11:11.189Z,NDE,MAT,Mathematics,8,MRPCM,Composite mathematics scale (0-500),CA,California,C051651,Percent eligible for National School Lunch Program,2,1-5%,MN:MN,location,Average scale score,scale score,,,2022,2024,,,,,,0,268435713,reporting standard not met; standard error not applicable; skipped-variable note,268435713,reporting standard not met; standard error not applicable; skipped-variable note,SUBJ=MAT|COHORT=2|DEPVAR=MRPCM|SAMPLES=R3|YEAR=2022|JURISDICTIONS=CA|C051651=2|STAT=MN:MN || SUBJ=MAT|COHORT=2|DEPVAR=MRPCM|SAMPLES=R3|YEAR=2024|JURISDICTIONS=CA|C051651=2|STAT=MN:MN,https://www.nationsreportcard.gov/DataService/GetAdhocData.aspx?type=sigacrossyear&subject=mathematics&grade=8&subscale=MRPCM&variable=C051651&jurisdiction=CA&stattype=MN%3AMN&Year=2019%2C2022%2C2024&ShowDetails=true&QCData=true&RevealDataKeys=true
2026-09-19T02:11:11.189Z,NDE,MAT,Mathematics,8,MRPCM,Composite mathematics scale (0-500),CA,California,C051651,Percent eligible for National School Lunch Program,2,1-5%,PC:P1,percentile,10th percentile scale score,scale score,10.0,,2022,2024,,,,,,0,268435713,reporting standard not met; standard error not applicable; skipped-variable note,268435713,reporting standard not met; standard error not applicable; skipped-variable note,SUBJ=MAT|COHORT=2|DEPVAR=MRPCM|SAMPLES=R3|YEAR=2022|JURISDICTIONS=CA|C051651=2|STAT=PC:P1 || SUBJ=MAT|COHORT=2|DEPVAR=MRPCM|SAMPLES=R3|YEAR=2024|JURISDICTIONS=CA|C051651=2|STAT=PC:P1,https://www.nationsreportcard.gov/DataService/GetAdhocData.aspx?type=sigacrossyear&subject=mathematics&grade=8&subscale=MRPCM&variable=C051651&jurisdiction=CA&stattype=PC%3AP1&Year=2019%2C2022%2C2024&ShowDetails=true&QCData=true&RevealDataKeys=true
2026-09-19T02:11:11.189Z,NDE,MAT,Mathematics,8,MRPCM,Composite mathematics scale (0-500),CA,California,C051651,Percent eligible for National School Lunch Program,2,1-5%,PC:P2,percentile,25th percentile scale score,scale score,25.0,,2022,2024,,,,,,0,268435713,reporting standard not met; standard error not applicable; skipped-variable note,268435713,reporting standard not met; standard error not applicable; skipped-variable note,SUBJ=MAT|COHORT=2|DEPVAR=MRPCM|SAMPLES=R3|YEAR=2022|JURISDICTIONS=CA|C051651=2|STAT=PC:P2 || SUBJ=MAT|COHORT=2|DEPVAR=MRPCM|SAMPLES=R3|YEAR=2024|JURISDICTIONS=CA|C051651=2|STAT=PC:P2,https://www.nationsreportcard.gov/DataService/GetAdhocData.aspx?type=sigacrossyear&subject=mathematics&grade=8&subscale=MRPCM&variable=C051651&jurisdiction=CA&stattype=PC%3AP2&Year=2019%2C2022%2C2024&ShowDetails=true&QCData=true&RevealDataKeys=true
2026-09-19T02:11:11.189Z,NDE,MAT,Mathematics,8,MRPCM,Composite mathematics scale (0-500),CA,California,C051651,Percent eligible for National School Lunch Program,2,1-5%,PC:P5,percentile,50th percentile scale score,scale score,50.0,,2022,2024,,,,,,0,268435713,reporting standard not met; standard error not applicable; skipped-variable note,268435713,reporting standard not met; standard error not applicable; skipped-variable note,SUBJ=MAT|COHORT=2|DEPVAR=MRPCM|SAMPLES=R3|YEAR=2022|JURISDICTIONS=CA|C051651=2|STAT=PC:P5 || SUBJ=MAT|COHORT=2|DEPVAR=MRPCM|SAMPLES=R3|YEAR=2024|JURISDICTIONS=CA|C051651=2|STAT=PC:P5,https://www.nationsreportcard.gov/DataService/GetAdhocData.aspx?type=sigacrossyear&subject=mathematics&grade=8&subscale=MRPCM&variable=C051651&jurisdiction=CA&stattype=PC%3AP5&Year=2019%2C2022%2C2024&ShowDetails=true&QCData=true&RevealDataKeys=true
2026-09-19T02:11:11.189Z,NDE,MAT,Mathematics,8,MRPCM,Composite mathematics scale (0-500),CA,California,C051651,Percent eligible for National School Lunch Program,2,1-5%,PC:P7,percentile,75th percentile scale score,scale score,75.0,,2022,2024,,,,,,0,268435713,reporting standard not met; standard error not applicable; skipped-variable note,268435713,reporting standard not met; standard error not applicable; skipped-variable note,SUBJ=MAT|COHORT=2|DEPVAR=MRPCM|SAMPLES=R3|YEAR=2022|JURISDICTIONS=CA|C051651=2|STAT=PC:P7 || SUBJ=MAT|COHORT=2|DEPVAR=MRPCM|SAMPLES=R3|YEAR=2024|JURISDICTIONS=CA|C051651=2|STAT=PC:P7,https://www.nationsreportcard.gov/DataService/GetAdhocData.aspx?type=sigacrossyear&subject=mathematics&grade=8&subscale=MRPCM&variable=C051651&jurisdiction=CA&stattype=PC%3AP7&Year=2019%2C2022%2C2024&ShowDetails=true&QCData=true&RevealDataKeys=true
2026-09-19T02:11:11.189Z,NDE,MAT,Mathematics,8,MRPCM,Composite mathematics scale (0-500),CA,California,C051651,Percent eligible for National School Lunch Program,2,1-5%,PC:P9,percentile,90th percentile scale score,scale score,90.0,,2022,2024,,,,,,0,268435713,reporting standard not met; standard error not applicable; skipped-variable note,268435713,reporting standard not met; standard error not applicable; skipped-variable note,SUBJ=MAT|COHORT=2|DEPVAR=MRPCM|SAMPLES=R3|YEAR=2022|JURISDICTIONS=CA|C051651=2|STAT=PC:P9 || SUBJ=MAT|COHORT=2|DEPVAR=MRPCM|SAMPLES=R3|YEAR=2024|JURISDICTIONS=CA|C051651=2|STAT=PC:P9,https://www.nationsreportcard.gov/DataService/GetAdhocData.aspx?type=sigacrossyear&subject=mathematics&grade=8&subscale=MRPCM&variable=C051651&jurisdiction=CA&stattype=PC%3AP9&Year=2019%2C2022%2C2024&ShowDetails=true&QCData=true&RevealDataKeys=true
2026-09-19T02:11:11.189Z,NDE,MAT,Mathematics,8,MRPCM,Composite mathematics scale (0-500),CA,California,C051651,Percent eligible for National School Lunch Program,2,1-5%,ALD:BA,achievement level,Percent at NAEP Basic,percent,,at NAEP Basic,2022,2024,,,,,,0,268435713,reporting standard not met; standard error not applicable; skipped-variable note,268435715,reporting standard not met; extreme percentage; standard error not applicable; skipped-variable note,SUBJ=MAT|COHORT=2|DEPVAR=MRPCM|SAMPLES=R3|YEAR=2022|JURISDICTIONS=CA|C051651=2|STAT=ALD:BA || SUBJ=MAT|COHORT=2|DEPVAR=MRPCM|SAMPLES=R3|YEAR=2024|JURISDICTIONS=CA|C051651=2|STAT=ALD:BA,https://www.nationsreportcard.gov/DataService/GetAdhocData.aspx?type=sigacrossyear&subject=mathematics&grade=8&subscale=MRPCM&variable=C051651&jurisdiction=CA&stattype=ALD%3ABA&Year=2019%2C2022%2C2024&ShowDetails=true&QCData=true&RevealDataKeys=true
2026-09-19T02:11:11.189Z,NDE,MAT,Mathematics,8,MRPCM,Composite mathematics scale (0-500),CA,California,C051651,Percent eligible for National School Lunch Program,2,1-5%,ALD:PR,achievement level,Percent at NAEP Proficient,percent,,at NAEP Proficient,2022,2024,,,,,,0,268435713,reporting standard not met; standard error not applicable; skipped-variable note,268435715,reporting standard not met; extreme percentage; standard error not applicable; skipped-variable note,SUBJ=MAT|COHORT=2|DEPVAR=MRPCM|SAMPLES=R3|YEAR=2022|JURISDICTIONS=CA|C051651=2|STAT=ALD:PR || SUBJ=MAT|COHORT=2|DEPVAR=MRPCM|SAMPLES=R3|YEAR=2024|JURISDICTIONS=CA|C051651=2|STAT=ALD:PR,https://www.nationsreportcard.gov/DataService/GetAdhocData.aspx?type=sigacrossyear&subject=mathematics&grade=8&subscale=MRPCM&variable=C051651&jurisdiction=CA&stattype=ALD%3APR&Year=2019%2C2022%2C2024&ShowDetails=true&QCData=true&RevealDataKeys=true
2026-09-19T02:11:11.189Z,NDE,MAT,Mathematics,8,MRPCM,Composite mathematics scale (0-500),CA,California,C051651,Percent eligible for National School Lunch Program,2,1-5%,ALD:AD,achievement level,Percent at NAEP Advanced,percent,,at NAEP Advanced,2022,2024,,,,,,0,268435713,reporting standard not met; standard error not applicable; skipped-variable note,268435715,reporting standard not met; extreme percentage; standard error not applicable; skipped-variable note,SUBJ=MAT|COHORT=2|DEPVAR=MRPCM|SAMPLES=R3|YEAR=2022|JURISDICTIONS=CA|C051651=2|STAT=ALD:AD || SUBJ=MAT|COHORT=2|DEPVAR=MRPCM|SAMPLES=R3|YEAR=2024|JURISDICTIONS=CA|C051651=2|STAT=ALD:AD,https://www.nationsreportcard.gov/DataService/GetAdhocData.aspx?type=sigacrossyear&subject=mathematics&grade=8&subscale=MRPCM&variable=C051651&jurisdiction=CA&stattype=ALD%3AAD&Year=2019%2C2022%2C2024&ShowDetails=true&QCData=true&RevealDataKeys=true
2026-09-19T02:11:11.189Z,NDE,MAT,Mathematics,8,MRPCM,Composite mathematics scale (0-500),CA,California,C051651,Percent eligible for National School Lunch Program,2,1-5%,ALC:BB,achievement level,Percent below NAEP Basic,percent,,below NAEP Basic,2022,2024,,,,,,0,268435713,reporting standard not met; standard error not applicable; skipped-variable note,268435715,reporting standard not met; extreme percentage; standard error not applicable; skipped-variable note,SUBJ=MAT|COHORT=2|DEPVAR=MRPCM|SAMPLES=R3|YEAR=2022|JURISDICTIONS=CA|C051651=2|STAT=ALC:BB || SUBJ=MAT|COHORT=2|DEPVAR=MRPCM|SAMPLES=R3|YEAR=2024|JURISDICTIONS=CA|C051651=2|STAT=ALC:BB,https://www.nationsreportcard.gov/DataService/GetAdhocData.aspx?type=sigacrossyear&subject=mathematics&grade=8&subscale=MRPCM&variable=C051651&jurisdiction=CA&stattype=ALC%3ABB&Year=2019%2C2022%2C2024&ShowDetails=true&QCData=true&RevealDataKeys=true
2026-09-19T02:11:11.189Z,NDE,MAT,Mathematics,8,MRPCM,Composite mathematics scale (0-500),CA,California,C051651,Percent eligible for National School Lunch Program,2,1-5%,ALC:AB,achievement level,Percent at or above NAEP Basic,percent,,at or above NAEP Basic,2022,2024,,,,,,0,268435713,reporting standard not met; standard error not applicable; skipped-variable note,268435715,reporting standard not met; extreme percentage; standard error not applicable; skipped-variable note,SUBJ=MAT|COHORT=2|DEPVAR=MRPCM|SAMPLES=R3|YEAR=2022|JURISDICTIONS=CA|C051651=2|STAT=ALC:AB || SUBJ=MAT|COHORT=2|DEPVAR=MRPCM|SAMPLES=R3|YEAR=2024|JURISDICTIONS=CA|C051651=2|STAT=ALC:AB,https://www.nationsreportcard.gov/DataService/GetAdhocData.aspx?type=sigacrossyear&subject=mathematics&grade=8&subscale=MRPCM&variable=C051651&jurisdiction=CA&stattype=ALC%3AAB&Year=2019%2C2022%2C2024&ShowDetails=true&QCData=true&RevealDataKeys=true
2026-09-19T02:11:11.189Z,NDE,MAT,Mathematics,8,MRPCM,Composite mathematics scale (0-500),CA,California,C051651,Percent eligible for National School Lunch Program,2,1-5%,ALC:AP,achievement level,Percent at or above NAEP Proficient,percent,,at or above NAEP Proficient,2022,2024,,,,,,0,268435713,reporting standard not met; standard error not applicable; skipped-variable note,268435715,reporting standard not met; extreme percentage; standard error not applicable; skipped-variable note,SUBJ=MAT|COHORT=2|DEPVAR=MRPCM|SAMPLES=R3|YEAR=2022|JURISDICTIONS=CA|C051651=2|STAT=ALC:AP || SUBJ=MAT|COHORT=2|DEPVAR=MRPCM|SAMPLES=R3|YEAR=2024|JURISDICTIONS=CA|C051651=2|STAT=ALC:AP,https://www.nationsreportcard.gov/DataService/GetAdhocData.aspx?type=sigacrossyear&subject=mathematics&grade=8&subscale=MRPCM&variable=C051651&jurisdiction=CA&stattype=ALC%3AAP&Year=2019%2C2022%2C2024&ShowDetails=true&QCData=true&RevealDataKeys=true
2026-09-19T02:11:11.189Z,NDE,MAT,Mathematics,8,MRPCM,Composite mathematics scale (0-500),CA,California,C051651,Percent eligible for National School Lunch Program,2,1-5%,ALC:AD,achievement level,Percent at NAEP Advanced (cumulative code),percent,,at NAEP Advanced (cumulative code),2022,2024,,,,,,0,268435713,reporting standard not met; standard error not applicable; skipped-variable note,268435715,reporting standard not met; extreme percentage; standard error not applicable; skipped-variable note,SUBJ=MAT|COHORT=2|DEPVAR=MRPCM|SAMPLES=R3|YEAR=2022|JURISDICTIONS=CA|C051651=2|STAT=ALC:AD || SUBJ=MAT|COHORT=2|DEPVAR=MRPCM|SAMPLES=R3|YEAR=2024|JURISDICTIONS=CA|C051651=2|STAT=ALC:AD,https://www.nationsreportcard.gov/DataService/GetAdhocData.aspx?type=sigacrossyear&subject=mathematics&grade=8&subscale=MRPCM&variable=C051651&jurisdiction=CA&stattype=ALC%3AAD&Year=2019%2C2022%2C2024&ShowDetails=true&QCData=true&RevealDataKeys=true
2026-09-19T02:11:11.189Z,NDE,MAT,Mathematics,8,MRPCM,Composite mathematics scale (0-500),CA,California,C051651,Percent eligible for National School Lunch Program,3,6-10%,MN:MN,location,Average scale score,scale score,,,2022,2024,,,,,,0,268435713,reporting standard not met; standard error not applicable; skipped-variable note,268435713,reporting standard not met; standard error not applicable; skipped-variable note,SUBJ=MAT|COHORT=2|DEPVAR=MRPCM|SAMPLES=R3|YEAR=2022|JURISDICTIONS=CA|C051651=3|STAT=MN:MN || SUBJ=MAT|COHORT=2|DEPVAR=MRPCM|SAMPLES=R3|YEAR=2024|JURISDICTIONS=CA|C051651=3|STAT=MN:MN,https://www.nationsreportcard.gov/DataService/GetAdhocData.aspx?type=sigacrossyear&subject=mathematics&grade=8&subscale=MRPCM&variable=C051651&jurisdiction=CA&stattype=MN%3AMN&Year=2019%2C2022%2C2024&ShowDetails=true&QCData=true&RevealDataKeys=true
2026-09-19T02:11:11.189Z,NDE,MAT,Mathematics,8,MRPCM,Composite mathematics scale (0-500),CA,California,C051651,Percent eligible for National School Lunch Program,3,6-10%,PC:P1,percentile,10th percentile scale score,scale score,10.0,,2022,2024,,,,,,0,268435713,reporting standard not met; standard error not applicable; skipped-variable note,268435713,reporting standard not met; standard error not applicable; skipped-variable note,SUBJ=MAT|COHORT=2|DEPVAR=MRPCM|SAMPLES=R3|YEAR=2022|JURISDICTIONS=CA|C051651=3|STAT=PC:P1 || SUBJ=MAT|COHORT=2|DEPVAR=MRPCM|SAMPLES=R3|YEAR=2024|JURISDICTIONS=CA|C051651=3|STAT=PC:P1,https://www.nationsreportcard.gov/DataService/GetAdhocData.aspx?type=sigacrossyear&subject=mathematics&grade=8&subscale=MRPCM&variable=C051651&jurisdiction=CA&stattype=PC%3AP1&Year=2019%2C2022%2C2024&ShowDetails=true&QCData=true&RevealDataKeys=true
2026-09-19T02:11:11.189Z,NDE,MAT,Mathematics,8,MRPCM,Composite mathematics scale (0-500),CA,California,C051651,Percent eligible for National School Lunch Program,3,6-10%,PC:P2,percentile,25th percentile scale score,scale score,25.0,,2022,2024,,,,,,0,268435713,reporting standard not met; standard error not applicable; skipped-variable note,268435713,reporting standard not met; standard error not applicable; skipped-variable note,SUBJ=MAT|COHORT=2|DEPVAR=MRPCM|SAMPLES=R3|YEAR=2022|JURISDICTIONS=CA|C051651=3|STAT=PC:P2 || SUBJ=MAT|COHORT=2|DEPVAR=MRPCM|SAMPLES=R3|YEAR=2024|JURISDICTIONS=CA|C051651=3|STAT=PC:P2,https://www.nationsreportcard.gov/DataService/GetAdhocData.aspx?type=sigacrossyear&subject=mathematics&grade=8&subscale=MRPCM&variable=C051651&jurisdiction=CA&stattype=PC%3AP2&Year=2019%2C2022%2C2024&ShowDetails=true&QCData=true&RevealDataKeys=true
2026-09-19T02:11:11.189Z,NDE,MAT,Mathematics,8,MRPCM,Composite mathematics scale (0-500),CA,California,C051651,Percent eligible for National School Lunch Program,3,6-10%,PC:P5,percentile,50th percentile scale score,scale score,50.0,,2022,2024,,,,,,0,268435713,reporting standard not met; standard error not applicable; skipped-variable note,268435713,reporting standard not met; standard error not applicable; skipped-variable note,SUBJ=MAT|COHORT=2|DEPVAR=MRPCM|SAMPLES=R3|YEAR=2022|JURISDICTIONS=CA|C051651=3|STAT=PC:P5 || SUBJ=MAT|COHORT=2|DEPVAR=MRPCM|SAMPLES=R3|YEAR=2024|JURISDICTIONS=CA|C051651=3|STAT=PC:P5,https://www.nationsreportcard.gov/DataService/GetAdhocData.aspx?type=sigacrossyear&subject=mathematics&grade=8&subscale=MRPCM&variable=C051651&jurisdiction=CA&stattype=PC%3AP5&Year=2019%2C2022%2C2024&ShowDetails=true&QCData=true&RevealDataKeys=true
2026-09-19T02:11:11.189Z,NDE,MAT,Mathematics,8,MRPCM,Composite mathematics scale (0-500),CA,California,C051651,Percent eligible for National School Lunch Program,3,6-10%,PC:P7,percentile,75th percentile scale score,scale score,75.0,,2022,2024,,,,,,0,268435713,reporting standard not met; standard error not applicable; skipped-variable note,268435713,reporting standard not met; standard error not applicable; skipped-variable note,SUBJ=MAT|COHORT=2|DEPVAR=MRPCM|SAMPLES=R3|YEAR=2022|JURISDICTIONS=CA|C051651=3|STAT=PC:P7 || SUBJ=MAT|COHORT=2|DEPVAR=MRPCM|SAMPLES=R3|YEAR=2024|JURISDICTIONS=CA|C051651=3|STAT=PC:P7,https://www.nationsreportcard.gov/DataService/GetAdhocData.aspx?type=sigacrossyear&subject=mathematics&grade=8&subscale=MRPCM&variable=C051651&jurisdiction=CA&stattype=PC%3AP7&Year=2019%2C2022%2C2024&ShowDetails=true&QCData=true&RevealDataKeys=true
2026-09-19T02:11:11.189Z,NDE,MAT,Mathematics,8,MRPCM,Composite mathematics scale (0-500),CA,California,C051651,Percent eligible for National School Lunch Program,3,6-10%,PC:P9,percentile,90th percentile scale score,scale score,90.0,,2022,2024,,,,,,0,268435713,reporting standard not met; standard error not applicable; skipped-variable note,268435713,reporting standard not met; standard error not applicable; skipped-variable note,SUBJ=MAT|COHORT=2|DEPVAR=MRPCM|SAMPLES=R3|YEAR=2022|JURISDICTIONS=CA|C051651=3|STAT=PC:P9 || SUBJ=MAT|COHORT=2|DEPVAR=MRPCM|SAMPLES=R3|YEAR=2024|JURISDICTIONS=CA|C051651=3|STAT=PC:P9,https://www.nationsreportcard.gov/DataService/GetAdhocData.aspx?type=sigacrossyear&subject=mathematics&grade=8&subscale=MRPCM&variable=C051651&jurisdiction=CA&stattype=PC%3AP9&Year=2019%2C2022%2C2024&ShowDetails=true&QCData=true&RevealDataKeys=true
2026-09-19T02:11:11.189Z,NDE,MAT,Mathematics,8,MRPCM,Composite mathematics scale (0-500),CA,California,C051651,Percent eligible for National School Lunch Program,3,6-10%,ALD:BA,achievement level,Percent at NAEP Basic,percent,,at NAEP Basic,2022,2024,,,,,,0,268435713,reporting standard not met; standard error not applicable; skipped-variable note,268435715,reporting standard not met; extreme percentage; standard error not applicable; skipped-variable note,SUBJ=MAT|COHORT=2|DEPVAR=MRPCM|SAMPLES=R3|YEAR=2022|JURISDICTIONS=CA|C051651=3|STAT=ALD:BA || SUBJ=MAT|COHORT=2|DEPVAR=MRPCM|SAMPLES=R3|YEAR=2024|JURISDICTIONS=CA|C051651=3|STAT=ALD:BA,https://www.nationsreportcard.gov/DataService/GetAdhocData.aspx?type=sigacrossyear&subject=mathematics&grade=8&subscale=MRPCM&variable=C051651&jurisdiction=CA&stattype=ALD%3ABA&Year=2019%2C2022%2C2024&ShowDetails=true&QCData=true&RevealDataKeys=true
2026-09-19T02:11:11.189Z,NDE,MAT,Mathematics,8,MRPCM,Composite mathematics scale (0-500),CA,California,C051651,Percent eligible for National School Lunch Program,3,6-10%,ALD:PR,achievement level,Percent at NAEP Proficient,percent,,at NAEP Proficient,2022,2024,,,,,,0,268435713,reporting standard not met; standard error not applicable; skipped-variable note,268435715,reporting standard not met; extreme percentage; standard error not applicable; skipped-variable note,SUBJ=MAT|COHORT=2|DEPVAR=MRPCM|SAMPLES=R3|YEAR=2022|JURISDICTIONS=CA|C051651=3|STAT=ALD:PR || SUBJ=MAT|COHORT=2|DEPVAR=MRPCM|SAMPLES=R3|YEAR=2024|JURISDICTIONS=CA|C051651=3|STAT=ALD:PR,https://www.nationsreportcard.gov/DataService/GetAdhocData.aspx?type=sigacrossyear&subject=mathematics&grade=8&subscale=MRPCM&variable=C051651&jurisdiction=CA&stattype=ALD%3APR&Year=2019%2C2022%2C2024&ShowDetails=true&QCData=true&RevealDataKeys=true
2026-09-19T02:11:11.189Z,NDE,MAT,Mathematics,8,MRPCM,Composite mathematics scale (0-500),CA,California,C051651,Percent eligible for National School Lunch Program,3,6-10%,ALD:AD,achievement level,Percent at NAEP Advanced,percent,,at NAEP Advanced,2022,2024,,,,,,0,268435713,reporting standard not met; standard error not applicable; skipped-variable note,268435715,reporting standard not met; extreme percentage; standard error not applicable; skipped-variable note,SUBJ=MAT|COHORT=2|DEPVAR=MRPCM|SAMPLES=R3|YEAR=2022|JURISDICTIONS=CA|C051651=3|STAT=ALD:AD || SUBJ=MAT|COHORT=2|DEPVAR=MRPCM|SAMPLES=R3|YEAR=2024|JURISDICTIONS=CA|C051651=3|STAT=ALD:AD,https://www.nationsreportcard.gov/DataService/GetAdhocData.aspx?type=sigacrossyear&subject=mathematics&grade=8&subscale=MRPCM&variable=C051651&jurisdiction=CA&stattype=ALD%3AAD&Year=2019%2C2022%2C2024&ShowDetails=true&QCData=true&RevealDataKeys=true
2026-09-19T02:11:11.189Z,NDE,MAT,Mathematics,8,MRPCM,Composite mathematics scale (0-500),CA,California,C051651,Percent eligible for National School Lunch Program,3,6-10%,ALC:BB,achievement level,Percent below NAEP Basic,percent,,below NAEP Basic,2022,2024,,,,,,0,268435713,reporting standard not met; standard error not applicable; skipped-variable note,268435715,reporting standard not met; extreme percentage; standard error not applicable; skipped-variable note,SUBJ=MAT|COHORT=2|DEPVAR=MRPCM|SAMPLES=R3|YEAR=2022|JURISDICTIONS=CA|C051651=3|STAT=ALC:BB || SUBJ=MAT|COHORT=2|DEPVAR=MRPCM|SAMPLES=R3|YEAR=2024|JURISDICTIONS=CA|C051651=3|STAT=ALC:BB,https://www.nationsreportcard.gov/DataService/GetAdhocData.aspx?type=sigacrossyear&subject=mathematics&grade=8&subscale=MRPCM&variable=C051651&jurisdiction=CA&stattype=ALC%3ABB&Year=2019%2C2022%2C2024&ShowDetails=true&QCData=true&RevealDataKeys=true
2026-09-19T02:11:11.189Z,NDE,MAT,Mathematics,8,MRPCM,Composite mathematics scale (0-500),CA,California,C051651,Percent eligible for National School Lunch Program,3,6-10%,ALC:AB,achievement level,Percent at or above NAEP Basic,percent,,at or above NAEP Basic,2022,2024,,,,,,0,268435713,reporting standard not met; standard error not applicable; skipped-variable note,268435715,reporting standard not met; extreme percentage; standard error not applicable; skipped-variable note,SUBJ=MAT|COHORT=2|DEPVAR=MRPCM|SAMPLES=R3|YEAR=2022|JURISDICTIONS=CA|C051651=3|STAT=ALC:AB || SUBJ=MAT|COHORT=2|DEPVAR=MRPCM|SAMPLES=R3|YEAR=2024|JURISDICTIONS=CA|C051651=3|STAT=ALC:AB,https://www.nationsreportcard.gov/DataService/GetAdhocData.aspx?type=sigacrossyear&subject=mathematics&grade=8&subscale=MRPCM&variable=C051651&jurisdiction=CA&stattype=ALC%3AAB&Year=2019%2C2022%2C2024&ShowDetails=true&QCData=true&RevealDataKeys=true
2026-09-19T02:11:11.189Z,NDE,MAT,Mathematics,8,MRPCM,Composite mathematics scale (0-500),CA,California,C051651,Percent eligible for National School Lunch Program,3,6-10%,ALC:AP,achievement level,Percent at or above NAEP Proficient,percent,,at or above NAEP Proficient,2022,2024,,,,,,0,268435713,reporting standard not met; standard error not applicable; skipped-variable note,268435715,reporting standard not met; extreme percentage; standard error not applicable; skipped-variable note,SUBJ=MAT|COHORT=2|DEPVAR=MRPCM|SAMPLES=R3|YEAR=2022|JURISDICTIONS=CA|C051651=3|STAT=ALC:AP || SUBJ=MAT|COHORT=2|DEPVAR=MRPCM|SAMPLES=R3|YEAR=2024|JURISDICTIONS=CA|C051651=3|STAT=ALC:AP,https://www.nationsreportcard.gov/DataService/GetAdhocData.aspx?type=sigacrossyear&subject=mathematics&grade=8&subscale=MRPCM&variable=C051651&jurisdiction=CA&stattype=ALC%3AAP&Year=2019%2C2022%2C2024&ShowDetails=true&QCData=true&RevealDataKeys=true
2026-09-19T02:11:11.189Z,NDE,MAT,Mathematics,8,MRPCM,Composite mathematics scale (0-500),CA,California,C051651,Percent eligible for National School Lunch Program,3,6-10%,ALC:AD,achievement level,Percent at NAEP Advanced (cumulative code),percent,,at NAEP Advanced (cumulative code),2022,2024,,,,,,0,268435713,reporting standard not met; standard error not applicable; skipped-variable note,268435715,reporting standard not met; extreme percentage; standard error not applicable; skipped-variable note,SUBJ=MAT|COHORT=2|DEPVAR=MRPCM|SAMPLES=R3|YEAR=2022|JURISDICTIONS=CA|C051651=3|STAT=ALC:AD || SUBJ=MAT|COHORT=2|DEPVAR=MRPCM|SAMPLES=R3|YEAR=2024|JURISDICTIONS=CA|C051651=3|STAT=ALC:AD,https://www.nationsreportcard.gov/DataService/GetAdhocData.aspx?type=sigacrossyear&subject=mathematics&grade=8&subscale=MRPCM&variable=C051651&jurisdiction=CA&stattype=ALC%3AAD&Year=2019%2C2022%2C2024&ShowDetails=true&QCData=true&RevealDataKeys=true
2026-09-19T02:11:11.189Z,NDE,MAT,Mathematics,8,MRPCM,Composite mathematics scale (0-500),CA,California,C051651,Percent eligible for National School Lunch Program,4,11-25%,MN:MN,location,Average scale score,scale score,,,2022,2024,,,,,,0,268435713,reporting standard not met; standard error not applicable; skipped-variable note,268435713,reporting standard not met; standard error not applicable; skipped-variable note,SUBJ=MAT|COHORT=2|DEPVAR=MRPCM|SAMPLES=R3|YEAR=2022|JURISDICTIONS=CA|C051651=4|STAT=MN:MN || SUBJ=MAT|COHORT=2|DEPVAR=MRPCM|SAMPLES=R3|YEAR=2024|JURISDICTIONS=CA|C051651=4|STAT=MN:MN,https://www.nationsreportcard.gov/DataService/GetAdhocData.aspx?type=sigacrossyear&subject=mathematics&grade=8&subscale=MRPCM&variable=C051651&jurisdiction=CA&stattype=MN%3AMN&Year=2019%2C2022%2C2024&ShowDetails=true&QCData=true&RevealDataKeys=true
2026-09-19T02:11:11.189Z,NDE,MAT,Mathematics,8,MRPCM,Composite mathematics scale (0-500),CA,California,C051651,Percent eligible for National School Lunch Program,4,11-25%,PC:P1,percentile,10th percentile scale score,scale score,10.0,,2022,2024,,,,,,0,268435713,reporting standard not met; standard error not applicable; skipped-variable note,268435713,reporting standard not met; standard error not applicable; skipped-variable note,SUBJ=MAT|COHORT=2|DEPVAR=MRPCM|SAMPLES=R3|YEAR=2022|JURISDICTIONS=CA|C051651=4|STAT=PC:P1 || SUBJ=MAT|COHORT=2|DEPVAR=MRPCM|SAMPLES=R3|YEAR=2024|JURISDICTIONS=CA|C051651=4|STAT=PC:P1,https://www.nationsreportcard.gov/DataService/GetAdhocData.aspx?type=sigacrossyear&subject=mathematics&grade=8&subscale=MRPCM&variable=C051651&jurisdiction=CA&stattype=PC%3AP1&Year=2019%2C2022%2C2024&ShowDetails=true&QCData=true&RevealDataKeys=true
2026-09-19T02:11:11.189Z,NDE,MAT,Mathematics,8,MRPCM,Composite mathematics scale (0-500),CA,California,C051651,Percent eligible for National School Lunch Program,4,11-25%,PC:P2,percentile,25th percentile scale score,scale score,25.0,,2022,2024,,,,,,0,268435713,reporting standard not met; standard error not applicable; skipped-variable note,268435713,reporting standard not met; standard error not applicable; skipped-variable note,SUBJ=MAT|COHORT=2|DEPVAR=MRPCM|SAMPLES=R3|YEAR=2022|JURISDICTIONS=CA|C051651=4|STAT=PC:P2 || SUBJ=MAT|COHORT=2|DEPVAR=MRPCM|SAMPLES=R3|YEAR=2024|JURISDICTIONS=CA|C051651=4|STAT=PC:P2,https://www.nationsreportcard.gov/DataService/GetAdhocData.aspx?type=sigacrossyear&subject=mathematics&grade=8&subscale=MRPCM&variable=C051651&jurisdiction=CA&stattype=PC%3AP2&Year=2019%2C2022%2C2024&ShowDetails=true&QCData=true&RevealDataKeys=true
2026-09-19T02:11:11.189Z,NDE,MAT,Mathematics,8,MRPCM,Composite mathematics scale (0-500),CA,California,C051651,Percent eligible for National School Lunch Program,4,11-25%,PC:P5,percentile,50th percentile scale score,scale score,50.0,,2022,2024,,,,,,0,268435713,reporting standard not met; standard error not applicable; skipped-variable note,268435713,reporting standard not met; standard error not applicable; skipped-variable note,SUBJ=MAT|COHORT=2|DEPVAR=MRPCM|SAMPLES=R3|YEAR=2022|JURISDICTIONS=CA|C051651=4|STAT=PC:P5 || SUBJ=MAT|COHORT=2|DEPVAR=MRPCM|SAMPLES=R3|YEAR=2024|JURISDICTIONS=CA|C051651=4|STAT=PC:P5,https://www.nationsreportcard.gov/DataService/GetAdhocData.aspx?type=sigacrossyear&subject=mathematics&grade=8&subscale=MRPCM&variable=C051651&jurisdiction=CA&stattype=PC%3AP5&Year=2019%2C2022%2C2024&ShowDetails=true&QCData=true&RevealDataKeys=true
2026-09-19T02:11:11.189Z,NDE,MAT,Mathematics,8,MRPCM,Composite mathematics scale (0-500),CA,California,C051651,Percent eligible for National School Lunch Program,4,11-25%,PC:P7,percentile,75th percentile scale score,scale score,75.0,,2022,2024,,,,,,0,268435713,reporting standard not met; standard error not applicable; skipped-variable note,268435713,reporting standard not met; standard error not applicable; skipped-variable note,SUBJ=MAT|COHORT=2|DEPVAR=MRPCM|SAMPLES=R3|YEAR=2022|JURISDICTIONS=CA|C051651=4|STAT=PC:P7 || SUBJ=MAT|COHORT=2|DEPVAR=MRPCM|SAMPLES=R3|YEAR=2024|JURISDICTIONS=CA|C051651=4|STAT=PC:P7,https://www.nationsreportcard.gov/DataService/GetAdhocData.aspx?type=sigacrossyear&subject=mathematics&grade=8&subscale=MRPCM&variable=C051651&jurisdiction=CA&stattype=PC%3AP7&Year=2019%2C2022%2C2024&ShowDetails=true&QCData=true&RevealDataKeys=true
2026-09-19T02:11:11.189Z,NDE,MAT,Mathematics,8,MRPCM,Composite mathematics scale (0-500),CA,California,C051651,Percent eligible for National School Lunch Program,4,11-25%,PC:P9,percentile,90th percentile scale score,scale score,90.0,,2022,2024,,,,,,0,268435713,reporting standard not met; standard error not applicable; skipped-variable note,268435713,reporting standard not met; standard error not applicable; skipped-variable note,SUBJ=MAT|COHORT=2|DEPVAR=MRPCM|SAMPLES=R3|YEAR=2022|JURISDICTIONS=CA|C051651=4|STAT=PC:P9 || SUBJ=MAT|COHORT=2|DEPVAR=MRPCM|SAMPLES=R3|YEAR=2024|JURISDICTIONS=CA|C051651=4|STAT=PC:P9,https://www.nationsreportcard.gov/DataService/GetAdhocData.aspx?type=sigacrossyear&subject=mathematics&grade=8&subscale=MRPCM&variable=C051651&jurisdiction=CA&stattype=PC%3AP9&Year=2019%2C2022%2C2024&ShowDetails=true&QCData=true&RevealDataKeys=true
2026-09-19T02:11:11.189Z,NDE,MAT,Mathematics,8,MRPCM,Composite mathematics scale (0-500),CA,California,C051651,Percent eligible for National School Lunch Program,4,11-25%,ALD:BA,achievement level,Percent at NAEP Basic,percent,,at NAEP Basic,2022,2024,,,,,,0,268435715,reporting standard not met; extreme percentage; standard error not applicable; skipped-variable note,268435715,reporting standard not met; extreme percentage; standard error not applicable; skipped-variable note,SUBJ=MAT|COHORT=2|DEPVAR=MRPCM|SAMPLES=R3|YEAR=2022|JURISDICTIONS=CA|C051651=4|STAT=ALD:BA || SUBJ=MAT|COHORT=2|DEPVAR=MRPCM|SAMPLES=R3|YEAR=2024|JURISDICTIONS=CA|C051651=4|STAT=ALD:BA,https://www.nationsreportcard.gov/DataService/GetAdhocData.aspx?type=sigacrossyear&subject=mathematics&grade=8&subscale=MRPCM&variable=C051651&jurisdiction=CA&stattype=ALD%3ABA&Year=2019%2C2022%2C2024&ShowDetails=true&QCData=true&RevealDataKeys=true
2026-09-19T02:11:11.189Z,NDE,MAT,Mathematics,8,MRPCM,Composite mathematics scale (0-500),CA,California,C051651,Percent eligible for National School Lunch Program,4,11-25%,ALD:PR,achievement level,Percent at NAEP Proficient,percent,,at NAEP Proficient,2022,2024,,,,,,0,268435715,reporting standard not met; extreme percentage; standard error not applicable; skipped-variable note,268435715,reporting standard not met; extreme percentage; standard error not applicable; skipped-variable note,SUBJ=MAT|COHORT=2|DEPVAR=MRPCM|SAMPLES=R3|YEAR=2022|JURISDICTIONS=CA|C051651=4|STAT=ALD:PR || SUBJ=MAT|COHORT=2|DEPVAR=MRPCM|SAMPLES=R3|YEAR=2024|JURISDICTIONS=CA|C051651=4|STAT=ALD:PR,https://www.nationsreportcard.gov/DataService/GetAdhocData.aspx?type=sigacrossyear&subject=mathematics&grade=8&subscale=MRPCM&variable=C051651&jurisdiction=CA&stattype=ALD%3APR&Year=2019%2C2022%2C2024&ShowDetails=true&QCData=true&RevealDataKeys=true
2026-09-19T02:11:11.189Z,NDE,MAT,Mathematics,8,MRPCM,Composite mathematics scale (0-500),CA,California,C051651,Percent eligible for National School Lunch Program,4,11-25%,ALD:AD,achievement level,Percent at NAEP Advanced,percent,,at NAEP Advanced,2022,2024,,,,,,0,268435715,reporting standard not met; extreme percentage; standard error not applicable; skipped-variable note,268435715,reporting standard not met; extreme percentage; standard error not applicable; skipped-variable note,SUBJ=MAT|COHORT=2|DEPVAR=MRPCM|SAMPLES=R3|YEAR=2022|JURISDICTIONS=CA|C051651=4|STAT=ALD:AD || SUBJ=MAT|COHORT=2|DEPVAR=MRPCM|SAMPLES=R3|YEAR=2024|JURISDICTIONS=CA|C051651=4|STAT=ALD:AD,https://www.nationsreportcard.gov/DataService/GetAdhocData.aspx?type=sigacrossyear&subject=mathematics&grade=8&subscale=MRPCM&variable=C051651&jurisdiction=CA&stattype=ALD%3AAD&Year=2019%2C2022%2C2024&ShowDetails=true&QCData=true&RevealDataKeys=true
2026-09-19T02:11:11.189Z,NDE,MAT,Mathematics,8,MRPCM,Composite mathematics scale (0-500),CA,California,C051651,Percent eligible for National School Lunch Program,4,11-25%,ALC:BB,achievement level,Percent below NAEP Basic,percent,,below NAEP Basic,2022,2024,,,,,,0,268435715,reporting standard not met; extreme percentage; standard error not applicable; skipped-variable note,268435715,reporting standard not met; extreme percentage; standard error not applicable; skipped-variable note,SUBJ=MAT|COHORT=2|DEPVAR=MRPCM|SAMPLES=R3|YEAR=2022|JURISDICTIONS=CA|C051651=4|STAT=ALC:BB || SUBJ=MAT|COHORT=2|DEPVAR=MRPCM|SAMPLES=R3|YEAR=2024|JURISDICTIONS=CA|C051651=4|STAT=ALC:BB,https://www.nationsreportcard.gov/DataService/GetAdhocData.aspx?type=sigacrossyear&subject=mathematics&grade=8&subscale=MRPCM&variable=C051651&jurisdiction=CA&stattype=ALC%3ABB&Year=2019%2C2022%2C2024&ShowDetails=true&QCData=true&RevealDataKeys=true
2026-09-19T02:11:11.189Z,NDE,MAT,Mathematics,8,MRPCM,Composite mathematics scale (0-500),CA,California,C051651,Percent eligible for National School Lunch Program,4,11-25%,ALC:AB,achievement level,Percent at or above NAEP Basic,percent,,at or above NAEP Basic,2022,2024,,,,,,0,268435715,reporting standard not met; extreme percentage; standard error not applicable; skipped-variable note,268435715,reporting standard not met; extreme percentage; standard error not applicable; skipped-variable note,SUBJ=MAT|COHORT=2|DEPVAR=MRPCM|SAMPLES=R3|YEAR=2022|JURISDICTIONS=CA|C051651=4|STAT=ALC:AB || SUBJ=MAT|COHORT=2|DEPVAR=MRPCM|SAMPLES=R3|YEAR=2024|JURISDICTIONS=CA|C051651=4|STAT=ALC:AB,https://www.nationsreportcard.gov/DataService/GetAdhocData.aspx?type=sigacrossyear&subject=mathematics&grade=8&subscale=MRPCM&variable=C051651&jurisdiction=CA&stattype=ALC%3AAB&Year=2019%2C2022%2C2024&ShowDetails=true&QCData=true&RevealDataKeys=true
2026-09-19T02:11:11.189Z,NDE,MAT,Mathematics,8,MRPCM,Composite mathematics scale (0-500),CA,California,C051651,Percent eligible for National School Lunch Program,4,11-25%,ALC:AP,achievement level,Percent at or above NAEP Proficient,percent,,at or above NAEP Proficient,2022,2024,,,,,,0,268435715,reporting standard not met; extreme percentage; standard error not applicable; skipped-variable note,268435715,reporting standard not met; extreme percentage; standard error not applicable; skipped-variable note,SUBJ=MAT|COHORT=2|DEPVAR=MRPCM|SAMPLES=R3|YEAR=2022|JURISDICTIONS=CA|C051651=4|STAT=ALC:AP || SUBJ=MAT|COHORT=2|DEPVAR=MRPCM|SAMPLES=R3|YEAR=2024|JURISDICTIONS=CA|C051651=4|STAT=ALC:AP,https://www.nationsreportcard.gov/DataService/GetAdhocData.aspx?type=sigacrossyear&subject=mathematics&grade=8&subscale=MRPCM&variable=C051651&jurisdiction=CA&stattype=ALC%3AAP&Year=2019%2C2022%2C2024&ShowDetails=true&QCData=true&RevealDataKeys=true
2026-09-19T02:11:11.189Z,NDE,MAT,Mathematics,8,MRPCM,Composite mathematics scale (0-500),CA,California,C051651,Percent eligible for National School Lunch Program,4,11-25%,ALC:AD,achievement level,Percent at NAEP Advanced (cumulative code),percent,,at NAEP Advanced (cumulative code),2022,2024,,,,,,0,268435715,reporting standard not met; extreme percentage; standard error not applicable; skipped-variable note,268435715,reporting standard not met; extreme percentage; standard error not applicable; skipped-variable note,SUBJ=MAT|COHORT=2|DEPVAR=MRPCM|SAMPLES=R3|YEAR=2022|JURISDICTIONS=CA|C051651=4|STAT=ALC:AD || SUBJ=MAT|COHORT=2|DEPVAR=MRPCM|SAMPLES=R3|YEAR=2024|JURISDICTIONS=CA|C051651=4|STAT=ALC:AD,https://www.nationsreportcard.gov/DataService/GetAdhocData.aspx?type=sigacrossyear&subject=mathematics&grade=8&subscale=MRPCM&variable=C051651&jurisdiction=CA&stattype=ALC%3AAD&Year=2019%2C2022%2C2024&ShowDetails=true&QCData=true&RevealDataKeys=true
2026-09-19T02:11:11.189Z,NDE,MAT,Mathematics,8,MRPCM,Composite mathematics scale (0-500),CA,California,C051651,Percent eligible for National School Lunch Program,5,26-34%,MN:MN,location,Average scale score,scale score,,,2022,2024,,,,,,0,268435713,reporting standard not met; standard error not applicable; skipped-variable note,268435713,reporting standard not met; standard error not applicable; skipped-variable note,SUBJ=MAT|COHORT=2|DEPVAR=MRPCM|SAMPLES=R3|YEAR=2022|JURISDICTIONS=CA|C051651=5|STAT=MN:MN || SUBJ=MAT|COHORT=2|DEPVAR=MRPCM|SAMPLES=R3|YEAR=2024|JURISDICTIONS=CA|C051651=5|STAT=MN:MN,https://www.nationsreportcard.gov/DataService/GetAdhocData.aspx?type=sigacrossyear&subject=mathematics&grade=8&subscale=MRPCM&variable=C051651&jurisdiction=CA&stattype=MN%3AMN&Year=2019%2C2022%2C2024&ShowDetails=true&QCData=true&RevealDataKeys=true
2026-09-19T02:11:11.189Z,NDE,MAT,Mathematics,8,MRPCM,Composite mathematics scale (0-500),CA,California,C051651,Percent eligible for National School Lunch Program,5,26-34%,PC:P1,percentile,10th percentile scale score,scale score,10.0,,2022,2024,,,,,,0,268435713,reporting standard not met; standard error not applicable; skipped-variable note,268435713,reporting standard not met; standard error not applicable; skipped-variable note,SUBJ=MAT|COHORT=2|DEPVAR=MRPCM|SAMPLES=R3|YEAR=2022|JURISDICTIONS=CA|C051651=5|STAT=PC:P1 || SUBJ=MAT|COHORT=2|DEPVAR=MRPCM|SAMPLES=R3|YEAR=2024|JURISDICTIONS=CA|C051651=5|STAT=PC:P1,https://www.nationsreportcard.gov/DataService/GetAdhocData.aspx?type=sigacrossyear&subject=mathematics&grade=8&subscale=MRPCM&variable=C051651&jurisdiction=CA&stattype=PC%3AP1&Year=2019%2C2022%2C2024&ShowDetails=true&QCData=true&RevealDataKeys=true
2026-09-19T02:11:11.189Z,NDE,MAT,Mathematics,8,MRPCM,Composite mathematics scale (0-500),CA,California,C051651,Percent eligible for National School Lunch Program,5,26-34%,PC:P2,percentile,25th percentile scale score,scale score,25.0,,2022,2024,,,,,,0,268435713,reporting standard not met; standard error not applicable; skipped-variable note,268435713,reporting standard not met; standard error not applicable; skipped-variable note,SUBJ=MAT|COHORT=2|DEPVAR=MRPCM|SAMPLES=R3|YEAR=2022|JURISDICTIONS=CA|C051651=5|STAT=PC:P2 || SUBJ=MAT|COHORT=2|DEPVAR=MRPCM|SAMPLES=R3|YEAR=2024|JURISDICTIONS=CA|C051651=5|STAT=PC:P2,https://www.nationsreportcard.gov/DataService/GetAdhocData.aspx?type=sigacrossyear&subject=mathematics&grade=8&subscale=MRPCM&variable=C051651&jurisdiction=CA&stattype=PC%3AP2&Year=2019%2C2022%2C2024&ShowDetails=true&QCData=true&RevealDataKeys=true
2026-09-19T02:11:11.189Z,NDE,MAT,Mathematics,8,MRPCM,Composite mathematics scale (0-500),CA,California,C051651,Percent eligible for National School Lunch Program,5,26-34%,PC:P5,percentile,50th percentile scale score,scale score,50.0,,2022,2024,,,,,,0,268435713,reporting standard not met; standard error not applicable; skipped-variable note,268435713,reporting standard not met; standard error not applicable; skipped-variable note,SUBJ=MAT|COHORT=2|DEPVAR=MRPCM|SAMPLES=R3|YEAR=2022|JURISDICTIONS=CA|C051651=5|STAT=PC:P5 || SUBJ=MAT|COHORT=2|DEPVAR=MRPCM|SAMPLES=R3|YEAR=2024|JURISDICTIONS=CA|C051651=5|STAT=PC:P5,https://www.nationsreportcard.gov/DataService/GetAdhocData.aspx?type=sigacrossyear&subject=mathematics&grade=8&subscale=MRPCM&variable=C051651&jurisdiction=CA&stattype=PC%3AP5&Year=2019%2C2022%2C2024&ShowDetails=true&QCData=true&RevealDataKeys=true
2026-09-19T02:11:11.189Z,NDE,MAT,Mathematics,8,MRPCM,Composite mathematics scale (0-500),CA,California,C051651,Percent eligible for National School Lunch Program,5,26-34%,PC:P7,percentile,75th percentile scale score,scale score,75.0,,2022,2024,,,,,,0,268435713,reporting standard not met; standard error not applicable; skipped-variable note,268435713,reporting standard not met; standard error not applicable; skipped-variable note,SUBJ=MAT|COHORT=2|DEPVAR=MRPCM|SAMPLES=R3|YEAR=2022|JURISDICTIONS=CA|C051651=5|STAT=PC:P7 || SUBJ=MAT|COHORT=2|DEPVAR=MRPCM|SAMPLES=R3|YEAR=2024|JURISDICTIONS=CA|C051651=5|STAT=PC:P7,https://www.nationsreportcard.gov/DataService/GetAdhocData.aspx?type=sigacrossyear&subject=mathematics&grade=8&subscale=MRPCM&variable=C051651&jurisdiction=CA&stattype=PC%3AP7&Year=2019%2C2022%2C2024&ShowDetails=true&QCData=true&RevealDataKeys=true
2026-09-19T02:11:11.189Z,NDE,MAT,Mathematics,8,MRPCM,Composite mathematics scale (0-500),CA,California,C051651,Percent eligible for National School Lunch Program,5,26-34%,PC:P9,percentile,90th percentile scale score,scale score,90.0,,2022,2024,,,,,,0,268435713,reporting standard not met; standard error not applicable; skipped-variable note,268435713,reporting standard not met; standard error not applicable; skipped-variable note,SUBJ=MAT|COHORT=2|DEPVAR=MRPCM|SAMPLES=R3|YEAR=2022|JURISDICTIONS=CA|C051651=5|STAT=PC:P9 || SUBJ=MAT|COHORT=2|DEPVAR=MRPCM|SAMPLES=R3|YEAR=2024|JURISDICTIONS=CA|C051651=5|STAT=PC:P9,https://www.nationsreportcard.gov/DataService/GetAdhocData.aspx?type=sigacrossyear&subject=mathematics&grade=8&subscale=MRPCM&variable=C051651&jurisdiction=CA&stattype=PC%3AP9&Year=2019%2C2022%2C2024&ShowDetails=true&QCData=true&RevealDataKeys=true
2026-09-19T02:11:11.189Z,NDE,MAT,Mathematics,8,MRPCM,Composite mathematics scale (0-500),CA,California,C051651,Percent eligible for National School Lunch Program,5,26-34%,ALD:BA,achievement level,Percent at NAEP Basic,percent,,at NAEP Basic,2022,2024,,,,,,0,268435713,reporting standard not met; standard error not applicable; skipped-variable note,268435715,reporting standard not met; extreme percentage; standard error not applicable; skipped-variable note,SUBJ=MAT|COHORT=2|DEPVAR=MRPCM|SAMPLES=R3|YEAR=2022|JURISDICTIONS=CA|C051651=5|STAT=ALD:BA || SUBJ=MAT|COHORT=2|DEPVAR=MRPCM|SAMPLES=R3|YEAR=2024|JURISDICTIONS=CA|C051651=5|STAT=ALD:BA,https://www.nationsreportcard.gov/DataService/GetAdhocData.aspx?type=sigacrossyear&subject=mathematics&grade=8&subscale=MRPCM&variable=C051651&jurisdiction=CA&stattype=ALD%3ABA&Year=2019%2C2022%2C2024&ShowDetails=true&QCData=true&RevealDataKeys=true
2026-09-19T02:11:11.189Z,NDE,MAT,Mathematics,8,MRPCM,Composite mathematics scale (0-500),CA,California,C051651,Percent eligible for National School Lunch Program,5,26-34%,ALD:PR,achievement level,Percent at NAEP Proficient,percent,,at NAEP Proficient,2022,2024,,,,,,0,268435713,reporting standard not met; standard error not applicable; skipped-variable note,268435715,reporting standard not met; extreme percentage; standard error not applicable; skipped-variable note,SUBJ=MAT|COHORT=2|DEPVAR=MRPCM|SAMPLES=R3|YEAR=2022|JURISDICTIONS=CA|C051651=5|STAT=ALD:PR || SUBJ=MAT|COHORT=2|DEPVAR=MRPCM|SAMPLES=R3|YEAR=2024|JURISDICTIONS=CA|C051651=5|STAT=ALD:PR,https://www.nationsreportcard.gov/DataService/GetAdhocData.aspx?type=sigacrossyear&subject=mathematics&grade=8&subscale=MRPCM&variable=C051651&jurisdiction=CA&stattype=ALD%3APR&Year=2019%2C2022%2C2024&ShowDetails=true&QCData=true&RevealDataKeys=true
2026-09-19T02:11:11.189Z,NDE,MAT,Mathematics,8,MRPCM,Composite mathematics scale (0-500),CA,California,C051651,Percent eligible for National School Lunch Program,5,26-34%,ALD:AD,achievement level,Percent at NAEP Advanced,percent,,at NAEP Advanced,2022,2024,,,,,,0,268435713,reporting standard not met; standard error not applicable; skipped-variable note,268435715,reporting standard not met; extreme percentage; standard error not applicable; skipped-variable note,SUBJ=MAT|COHORT=2|DEPVAR=MRPCM|SAMPLES=R3|YEAR=2022|JURISDICTIONS=CA|C051651=5|STAT=ALD:AD || SUBJ=MAT|COHORT=2|DEPVAR=MRPCM|SAMPLES=R3|YEAR=2024|JURISDICTIONS=CA|C051651=5|STAT=ALD:AD,https://www.nationsreportcard.gov/DataService/GetAdhocData.aspx?type=sigacrossyear&subject=mathematics&grade=8&subscale=MRPCM&variable=C051651&jurisdiction=CA&stattype=ALD%3AAD&Year=2019%2C2022%2C2024&ShowDetails=true&QCData=true&RevealDataKeys=true
2026-09-19T02:11:11.189Z,NDE,MAT,Mathematics,8,MRPCM,Composite mathematics scale (0-500),CA,California,C051651,Percent eligible for National School Lunch Program,5,26-34%,ALC:BB,achievement level,Percent below NAEP Basic,percent,,below NAEP Basic,2022,2024,,,,,,0,268435713,reporting standard not met; standard error not applicable; skipped-variable note,268435715,reporting standard not met; extreme percentage; standard error not applicable; skipped-variable note,SUBJ=MAT|COHORT=2|DEPVAR=MRPCM|SAMPLES=R3|YEAR=2022|JURISDICTIONS=CA|C051651=5|STAT=ALC:BB || SUBJ=MAT|COHORT=2|DEPVAR=MRPCM|SAMPLES=R3|YEAR=2024|JURISDICTIONS=CA|C051651=5|STAT=ALC:BB,https://www.nationsreportcard.gov/DataService/GetAdhocData.aspx?type=sigacrossyear&subject=mathematics&grade=8&subscale=MRPCM&variable=C051651&jurisdiction=CA&stattype=ALC%3ABB&Year=2019%2C2022%2C2024&ShowDetails=true&QCData=true&RevealDataKeys=true
2026-09-19T02:11:11.189Z,NDE,MAT,Mathematics,8,MRPCM,Composite mathematics scale (0-500),CA,California,C051651,Percent eligible for National School Lunch Program,5,26-34%,ALC:AB,achievement level,Percent at or above NAEP Basic,percent,,at or above NAEP Basic,2022,2024,,,,,,0,268435713,reporting standard not met; standard error not applicable; skipped-variable note,268435715,reporting standard not met; extreme percentage; standard error not applicable; skipped-variable note,SUBJ=MAT|COHORT=2|DEPVAR=MRPCM|SAMPLES=R3|YEAR=2022|JURISDICTIONS=CA|C051651=5|STAT=ALC:AB || SUBJ=MAT|COHORT=2|DEPVAR=MRPCM|SAMPLES=R3|YEAR=2024|JURISDICTIONS=CA|C051651=5|STAT=ALC:AB,https://www.nationsreportcard.gov/DataService/GetAdhocData.aspx?type=sigacrossyear&subject=mathematics&grade=8&subscale=MRPCM&variable=C051651&jurisdiction=CA&stattype=ALC%3AAB&Year=2019%2C2022%2C2024&ShowDetails=true&QCData=true&RevealDataKeys=true
2026-09-19T02:11:11.189Z,NDE,MAT,Mathematics,8,MRPCM,Composite mathematics scale (0-500),CA,California,C051651,Percent eligible for National School Lunch Program,5,26-34%,ALC:AP,achievement level,Percent at or above NAEP Proficient,percent,,at or above NAEP Proficient,2022,2024,,,,,,0,268435713,reporting standard not met; standard error not applicable; skipped-variable note,268435715,reporting standard not met; extreme percentage; standard error not applicable; skipped-variable note,SUBJ=MAT|COHORT=2|DEPVAR=MRPCM|SAMPLES=R3|YEAR=2022|JURISDICTIONS=CA|C051651=5|STAT=ALC:AP || SUBJ=MAT|COHORT=2|DEPVAR=MRPCM|SAMPLES=R3|YEAR=2024|JURISDICTIONS=CA|C051651=5|STAT=ALC:AP,https://www.nationsreportcard.gov/DataService/GetAdhocData.aspx?type=sigacrossyear&subject=mathematics&grade=8&subscale=MRPCM&variable=C051651&jurisdiction=CA&stattype=ALC%3AAP&Year=2019%2C2022%2C2024&ShowDetails=true&QCData=true&RevealDataKeys=true
2026-09-19T02:11:11.189Z,NDE,MAT,Mathematics,8,MRPCM,Composite mathematics scale (0-500),CA,California,C051651,Percent eligible for National School Lunch Program,5,26-34%,ALC:AD,achievement level,Percent at NAEP Advanced (cumulative code),percent,,at NAEP Advanced (cumulative code),2022,2024,,,,,,0,268435713,reporting standard not met; standard error not applicable; skipped-variable note,268435715,reporting standard not met; extreme percentage; standard error not applicable; skipped-variable note,SUBJ=MAT|COHORT=2|DEPVAR=MRPCM|SAMPLES=R3|YEAR=2022|JURISDICTIONS=CA|C051651=5|STAT=ALC:AD || SUBJ=MAT|COHORT=2|DEPVAR=MRPCM|SAMPLES=R3|YEAR=2024|JURISDICTIONS=CA|C051651=5|STAT=ALC:AD,https://www.nationsreportcard.gov/DataService/GetAdhocData.aspx?type=sigacrossyear&subject=mathematics&grade=8&subscale=MRPCM&variable=C051651&jurisdiction=CA&stattype=ALC%3AAD&Year=2019%2C2022%2C2024&ShowDetails=true&QCData=true&RevealDataKeys=true
2026-09-19T02:11:11.189Z,NDE,MAT,Mathematics,8,MRPCM,Composite mathematics scale (0-500),CA,California,C051651,Percent eligible for National School Lunch Program,6,35-50%,MN:MN,location,Average scale score,scale score,,,2022,2024,263.628322566154,293.861740285465,30.233417719310975,follow-up higher,LOWER,1,268437504,response rate below 85%; skipped-variable note,268437504,response rate below 85%; skipped-variable note,SUBJ=MAT|COHORT=2|DEPVAR=MRPCM|SAMPLES=R3|YEAR=2022|JURISDICTIONS=CA|C051651=6|STAT=MN:MN || SUBJ=MAT|COHORT=2|DEPVAR=MRPCM|SAMPLES=R3|YEAR=2024|JURISDICTIONS=CA|C051651=6|STAT=MN:MN,https://www.nationsreportcard.gov/DataService/GetAdhocData.aspx?type=sigacrossyear&subject=mathematics&grade=8&subscale=MRPCM&variable=C051651&jurisdiction=CA&stattype=MN%3AMN&Year=2019%2C2022%2C2024&ShowDetails=true&QCData=true&RevealDataKeys=true
2026-09-19T02:11:11.189Z,NDE,MAT,Mathematics,8,MRPCM,Composite mathematics scale (0-500),CA,California,C051651,Percent eligible for National School Lunch Program,6,35-50%,PC:P1,percentile,10th percentile scale score,scale score,10.0,,2022,2024,227.924500274658,240.874498748779,12.949998474121005,no statistically significant difference,EQUAL,1,268437504,response rate below 85%; skipped-variable note,268437504,response rate below 85%; skipped-variable note,SUBJ=MAT|COHORT=2|DEPVAR=MRPCM|SAMPLES=R3|YEAR=2022|JURISDICTIONS=CA|C051651=6|STAT=PC:P1 || SUBJ=MAT|COHORT=2|DEPVAR=MRPCM|SAMPLES=R3|YEAR=2024|JURISDICTIONS=CA|C051651=6|STAT=PC:P1,https://www.nationsreportcard.gov/DataService/GetAdhocData.aspx?type=sigacrossyear&subject=mathematics&grade=8&subscale=MRPCM&variable=C051651&jurisdiction=CA&stattype=PC%3AP1&Year=2019%2C2022%2C2024&ShowDetails=true&QCData=true&RevealDataKeys=true
2026-09-19T02:11:11.189Z,NDE,MAT,Mathematics,8,MRPCM,Composite mathematics scale (0-500),CA,California,C051651,Percent eligible for National School Lunch Program,6,35-50%,PC:P2,percentile,25th percentile scale score,scale score,25.0,,2022,2024,241.643000793457,273.699000549316,32.055999755859006,follow-up higher,LOWER,1,268437504,response rate below 85%; skipped-variable note,268437504,response rate below 85%; skipped-variable note,SUBJ=MAT|COHORT=2|DEPVAR=MRPCM|SAMPLES=R3|YEAR=2022|JURISDICTIONS=CA|C051651=6|STAT=PC:P2 || SUBJ=MAT|COHORT=2|DEPVAR=MRPCM|SAMPLES=R3|YEAR=2024|JURISDICTIONS=CA|C051651=6|STAT=PC:P2,https://www.nationsreportcard.gov/DataService/GetAdhocData.aspx?type=sigacrossyear&subject=mathematics&grade=8&subscale=MRPCM&variable=C051651&jurisdiction=CA&stattype=PC%3AP2&Year=2019%2C2022%2C2024&ShowDetails=true&QCData=true&RevealDataKeys=true
2026-09-19T02:11:11.189Z,NDE,MAT,Mathematics,8,MRPCM,Composite mathematics scale (0-500),CA,California,C051651,Percent eligible for National School Lunch Program,6,35-50%,PC:P5,percentile,50th percentile scale score,scale score,50.0,,2022,2024,264.813998413086,297.482499694824,32.66850128173803,no statistically significant difference,EQUAL,1,268437504,response rate below 85%; skipped-variable note,268437504,response rate below 85%; skipped-variable note,SUBJ=MAT|COHORT=2|DEPVAR=MRPCM|SAMPLES=R3|YEAR=2022|JURISDICTIONS=CA|C051651=6|STAT=PC:P5 || SUBJ=MAT|COHORT=2|DEPVAR=MRPCM|SAMPLES=R3|YEAR=2024|JURISDICTIONS=CA|C051651=6|STAT=PC:P5,https://www.nationsreportcard.gov/DataService/GetAdhocData.aspx?type=sigacrossyear&subject=mathematics&grade=8&subscale=MRPCM&variable=C051651&jurisdiction=CA&stattype=PC%3AP5&Year=2019%2C2022%2C2024&ShowDetails=true&QCData=true&RevealDataKeys=true
2026-09-19T02:11:11.189Z,NDE,MAT,Mathematics,8,MRPCM,Composite mathematics scale (0-500),CA,California,C051651,Percent eligible for National School Lunch Program,6,35-50%,PC:P7,percentile,75th percentile scale score,scale score,75.0,,2022,2024,285.388005065918,317.114999389648,31.726994323730025,follow-up higher,LOWER,1,268437504,response rate below 85%; skipped-variable note,268437504,response rate below 85%; skipped-variable note,SUBJ=MAT|COHORT=2|DEPVAR=MRPCM|SAMPLES=R3|YEAR=2022|JURISDICTIONS=CA|C051651=6|STAT=PC:P7 || SUBJ=MAT|COHORT=2|DEPVAR=MRPCM|SAMPLES=R3|YEAR=2024|JURISDICTIONS=CA|C051651=6|STAT=PC:P7,https://www.nationsreportcard.gov/DataService/GetAdhocData.aspx?type=sigacrossyear&subject=mathematics&grade=8&subscale=MRPCM&variable=C051651&jurisdiction=CA&stattype=PC%3AP7&Year=2019%2C2022%2C2024&ShowDetails=true&QCData=true&RevealDataKeys=true
2026-09-19T02:11:11.189Z,NDE,MAT,Mathematics,8,MRPCM,Composite mathematics scale (0-500),CA,California,C051651,Percent eligible for National School Lunch Program,6,35-50%,PC:P9,percentile,90th percentile scale score,scale score,90.0,,2022,2024,299.170500183106,338.175999450684,39.00549926757799,no statistically significant difference,EQUAL,1,268437504,response rate below 85%; skipped-variable note,268437504,response rate below 85%; skipped-variable note,SUBJ=MAT|COHORT=2|DEPVAR=MRPCM|SAMPLES=R3|YEAR=2022|JURISDICTIONS=CA|C051651=6|STAT=PC:P9 || SUBJ=MAT|COHORT=2|DEPVAR=MRPCM|SAMPLES=R3|YEAR=2024|JURISDICTIONS=CA|C051651=6|STAT=PC:P9,https://www.nationsreportcard.gov/DataService/GetAdhocData.aspx?type=sigacrossyear&subject=mathematics&grade=8&subscale=MRPCM&variable=C051651&jurisdiction=CA&stattype=PC%3AP9&Year=2019%2C2022%2C2024&ShowDetails=true&QCData=true&RevealDataKeys=true
2026-09-19T02:11:11.189Z,NDE,MAT,Mathematics,8,MRPCM,Composite mathematics scale (0-500),CA,California,C051651,Percent eligible for National School Lunch Program,6,35-50%,ALD:BA,achievement level,Percent at NAEP Basic,percent,,at NAEP Basic,2022,2024,41.9132264200265,36.044571240384,-5.868655179642495,no statistically significant difference,EQUAL,1,268437504,response rate below 85%; skipped-variable note,268437504,response rate below 85%; skipped-variable note,SUBJ=MAT|COHORT=2|DEPVAR=MRPCM|SAMPLES=R3|YEAR=2022|JURISDICTIONS=CA|C051651=6|STAT=ALD:BA || SUBJ=MAT|COHORT=2|DEPVAR=MRPCM|SAMPLES=R3|YEAR=2024|JURISDICTIONS=CA|C051651=6|STAT=ALD:BA,https://www.nationsreportcard.gov/DataService/GetAdhocData.aspx?type=sigacrossyear&subject=mathematics&grade=8&subscale=MRPCM&variable=C051651&jurisdiction=CA&stattype=ALD%3ABA&Year=2019%2C2022%2C2024&ShowDetails=true&QCData=true&RevealDataKeys=true
2026-09-19T02:11:11.189Z,NDE,MAT,Mathematics,8,MRPCM,Composite mathematics scale (0-500),CA,California,C051651,Percent eligible for National School Lunch Program,6,35-50%,ALD:PR,achievement level,Percent at NAEP Proficient,percent,,at NAEP Proficient,2022,2024,9.23468103180241,35.1032995668079,25.86861853500549,follow-up higher,LOWER,1,268437504,response rate below 85%; skipped-variable note,268437504,response rate below 85%; skipped-variable note,SUBJ=MAT|COHORT=2|DEPVAR=MRPCM|SAMPLES=R3|YEAR=2022|JURISDICTIONS=CA|C051651=6|STAT=ALD:PR || SUBJ=MAT|COHORT=2|DEPVAR=MRPCM|SAMPLES=R3|YEAR=2024|JURISDICTIONS=CA|C051651=6|STAT=ALD:PR,https://www.nationsreportcard.gov/DataService/GetAdhocData.aspx?type=sigacrossyear&subject=mathematics&grade=8&subscale=MRPCM&variable=C051651&jurisdiction=CA&stattype=ALD%3APR&Year=2019%2C2022%2C2024&ShowDetails=true&QCData=true&RevealDataKeys=true
2026-09-19T02:11:11.189Z,NDE,MAT,Mathematics,8,MRPCM,Composite mathematics scale (0-500),CA,California,C051651,Percent eligible for National School Lunch Program,6,35-50%,ALD:AD,achievement level,Percent at NAEP Advanced,percent,,at NAEP Advanced,2022,2024,1.35704372161397,12.7196992587314,11.36265553711743,,,0,268437762,extreme percentage; standard error not applicable; response rate below 85%; skipped-variable note,268437504,response rate below 85%; skipped-variable note,SUBJ=MAT|COHORT=2|DEPVAR=MRPCM|SAMPLES=R3|YEAR=2022|JURISDICTIONS=CA|C051651=6|STAT=ALD:AD || SUBJ=MAT|COHORT=2|DEPVAR=MRPCM|SAMPLES=R3|YEAR=2024|JURISDICTIONS=CA|C051651=6|STAT=ALD:AD,https://www.nationsreportcard.gov/DataService/GetAdhocData.aspx?type=sigacrossyear&subject=mathematics&grade=8&subscale=MRPCM&variable=C051651&jurisdiction=CA&stattype=ALD%3AAD&Year=2019%2C2022%2C2024&ShowDetails=true&QCData=true&RevealDataKeys=true
2026-09-19T02:11:11.189Z,NDE,MAT,Mathematics,8,MRPCM,Composite mathematics scale (0-500),CA,California,C051651,Percent eligible for National School Lunch Program,6,35-50%,ALC:BB,achievement level,Percent below NAEP Basic,percent,,below NAEP Basic,2022,2024,47.4950488265571,16.1324299340767,-31.3626188924804,no statistically significant difference,EQUAL,1,268437504,response rate below 85%; skipped-variable note,268437504,response rate below 85%; skipped-variable note,SUBJ=MAT|COHORT=2|DEPVAR=MRPCM|SAMPLES=R3|YEAR=2022|JURISDICTIONS=CA|C051651=6|STAT=ALC:BB || SUBJ=MAT|COHORT=2|DEPVAR=MRPCM|SAMPLES=R3|YEAR=2024|JURISDICTIONS=CA|C051651=6|STAT=ALC:BB,https://www.nationsreportcard.gov/DataService/GetAdhocData.aspx?type=sigacrossyear&subject=mathematics&grade=8&subscale=MRPCM&variable=C051651&jurisdiction=CA&stattype=ALC%3ABB&Year=2019%2C2022%2C2024&ShowDetails=true&QCData=true&RevealDataKeys=true
2026-09-19T02:11:11.189Z,NDE,MAT,Mathematics,8,MRPCM,Composite mathematics scale (0-500),CA,California,C051651,Percent eligible for National School Lunch Program,6,35-50%,ALC:AB,achievement level,Percent at or above NAEP Basic,percent,,at or above NAEP Basic,2022,2024,52.5049511734429,83.8675700659233,31.362618892480405,no statistically significant difference,EQUAL,1,268437504,response rate below 85%; skipped-variable note,268437504,response rate below 85%; skipped-variable note,SUBJ=MAT|COHORT=2|DEPVAR=MRPCM|SAMPLES=R3|YEAR=2022|JURISDICTIONS=CA|C051651=6|STAT=ALC:AB || SUBJ=MAT|COHORT=2|DEPVAR=MRPCM|SAMPLES=R3|YEAR=2024|JURISDICTIONS=CA|C051651=6|STAT=ALC:AB,https://www.nationsreportcard.gov/DataService/GetAdhocData.aspx?type=sigacrossyear&subject=mathematics&grade=8&subscale=MRPCM&variable=C051651&jurisdiction=CA&stattype=ALC%3AAB&Year=2019%2C2022%2C2024&ShowDetails=true&QCData=true&RevealDataKeys=true
2026-09-19T02:11:11.189Z,NDE,MAT,Mathematics,8,MRPCM,Composite mathematics scale (0-500),CA,California,C051651,Percent eligible for National School Lunch Program,6,35-50%,ALC:AP,achievement level,Percent at or above NAEP Proficient,percent,,at or above NAEP Proficient,2022,2024,10.5917247534164,47.8229988255393,37.2312740721229,follow-up higher,LOWER,1,268437504,response rate below 85%; skipped-variable note,268437504,response rate below 85%; skipped-variable note,SUBJ=MAT|COHORT=2|DEPVAR=MRPCM|SAMPLES=R3|YEAR=2022|JURISDICTIONS=CA|C051651=6|STAT=ALC:AP || SUBJ=MAT|COHORT=2|DEPVAR=MRPCM|SAMPLES=R3|YEAR=2024|JURISDICTIONS=CA|C051651=6|STAT=ALC:AP,https://www.nationsreportcard.gov/DataService/GetAdhocData.aspx?type=sigacrossyear&subject=mathematics&grade=8&subscale=MRPCM&variable=C051651&jurisdiction=CA&stattype=ALC%3AAP&Year=2019%2C2022%2C2024&ShowDetails=true&QCData=true&RevealDataKeys=true
2026-09-19T02:11:11.189Z,NDE,MAT,Mathematics,8,MRPCM,Composite mathematics scale (0-500),CA,California,C051651,Percent eligible for National School Lunch Program,6,35-50%,ALC:AD,achievement level,Percent at NAEP Advanced (cumulative code),percent,,at NAEP Advanced (cumulative code),2022,2024,1.35704372161397,12.7196992587314,11.36265553711743,,,0,268437762,extreme percentage; standard error not applicable; response rate below 85%; skipped-variable note,268437504,response rate below 85%; skipped-variable note,SUBJ=MAT|COHORT=2|DEPVAR=MRPCM|SAMPLES=R3|YEAR=2022|JURISDICTIONS=CA|C051651=6|STAT=ALC:AD || SUBJ=MAT|COHORT=2|DEPVAR=MRPCM|SAMPLES=R3|YEAR=2024|JURISDICTIONS=CA|C051651=6|STAT=ALC:AD,https://www.nationsreportcard.gov/DataService/GetAdhocData.aspx?type=sigacrossyear&subject=mathematics&grade=8&subscale=MRPCM&variable=C051651&jurisdiction=CA&stattype=ALC%3AAD&Year=2019%2C2022%2C2024&ShowDetails=true&QCData=true&RevealDataKeys=true
2026-09-19T02:11:11.189Z,NDE,MAT,Mathematics,8,MRPCM,Composite mathematics scale (0-500),CA,California,C051651,Percent eligible for National School Lunch Program,7,51-75%,MN:MN,location,Average scale score,scale score,,,2022,2024,288.054467158743,,,,,0,268437504,response rate below 85%; skipped-variable note,268435713,reporting standard not met; standard error not applicable; skipped-variable note,SUBJ=MAT|COHORT=2|DEPVAR=MRPCM|SAMPLES=R3|YEAR=2022|JURISDICTIONS=CA|C051651=7|STAT=MN:MN || SUBJ=MAT|COHORT=2|DEPVAR=MRPCM|SAMPLES=R3|YEAR=2024|JURISDICTIONS=CA|C051651=7|STAT=MN:MN,https://www.nationsreportcard.gov/DataService/GetAdhocData.aspx?type=sigacrossyear&subject=mathematics&grade=8&subscale=MRPCM&variable=C051651&jurisdiction=CA&stattype=MN%3AMN&Year=2019%2C2022%2C2024&ShowDetails=true&QCData=true&RevealDataKeys=true
2026-09-19T02:11:11.189Z,NDE,MAT,Mathematics,8,MRPCM,Composite mathematics scale (0-500),CA,California,C051651,Percent eligible for National School Lunch Program,7,51-75%,PC:P1,percentile,10th percentile scale score,scale score,10.0,,2022,2024,242.378500366211,,,,,0,268437504,response rate below 85%; skipped-variable note,268435713,reporting standard not met; standard error not applicable; skipped-variable note,SUBJ=MAT|COHORT=2|DEPVAR=MRPCM|SAMPLES=R3|YEAR=2022|JURISDICTIONS=CA|C051651=7|STAT=PC:P1 || SUBJ=MAT|COHORT=2|DEPVAR=MRPCM|SAMPLES=R3|YEAR=2024|JURISDICTIONS=CA|C051651=7|STAT=PC:P1,https://www.nationsreportcard.gov/DataService/GetAdhocData.aspx?type=sigacrossyear&subject=mathematics&grade=8&subscale=MRPCM&variable=C051651&jurisdiction=CA&stattype=PC%3AP1&Year=2019%2C2022%2C2024&ShowDetails=true&QCData=true&RevealDataKeys=true
2026-09-19T02:11:11.189Z,NDE,MAT,Mathematics,8,MRPCM,Composite mathematics scale (0-500),CA,California,C051651,Percent eligible for National School Lunch Program,7,51-75%,PC:P2,percentile,25th percentile scale score,scale score,25.0,,2022,2024,263.805500793457,,,,,0,268437504,response rate below 85%; skipped-variable note,268435713,reporting standard not met; standard error not applicable; skipped-variable note,SUBJ=MAT|COHORT=2|DEPVAR=MRPCM|SAMPLES=R3|YEAR=2022|JURISDICTIONS=CA|C051651=7|STAT=PC:P2 || SUBJ=MAT|COHORT=2|DEPVAR=MRPCM|SAMPLES=R3|YEAR=2024|JURISDICTIONS=CA|C051651=7|STAT=PC:P2,https://www.nationsreportcard.gov/DataService/GetAdhocData.aspx?type=sigacrossyear&subject=mathematics&grade=8&subscale=MRPCM&variable=C051651&jurisdiction=CA&stattype=PC%3AP2&Year=2019%2C2022%2C2024&ShowDetails=true&QCData=true&RevealDataKeys=true
2026-09-19T02:11:11.189Z,NDE,MAT,Mathematics,8,MRPCM,Composite mathematics scale (0-500),CA,California,C051651,Percent eligible for National School Lunch Program,7,51-75%,PC:P5,percentile,50th percentile scale score,scale score,50.0,,2022,2024,287.656504821778,,,,,0,268437504,response rate below 85%; skipped-variable note,268435713,reporting standard not met; standard error not applicable; skipped-variable note,SUBJ=MAT|COHORT=2|DEPVAR=MRPCM|SAMPLES=R3|YEAR=2022|JURISDICTIONS=CA|C051651=7|STAT=PC:P5 || SUBJ=MAT|COHORT=2|DEPVAR=MRPCM|SAMPLES=R3|YEAR=2024|JURISDICTIONS=CA|C051651=7|STAT=PC:P5,https://www.nationsreportcard.gov/DataService/GetAdhocData.aspx?type=sigacrossyear&subject=mathematics&grade=8&subscale=MRPCM&variable=C051651&jurisdiction=CA&stattype=PC%3AP5&Year=2019%2C2022%2C2024&ShowDetails=true&QCData=true&RevealDataKeys=true
2026-09-19T02:11:11.189Z,NDE,MAT,Mathematics,8,MRPCM,Composite mathematics scale (0-500),CA,California,C051651,Percent eligible for National School Lunch Program,7,51-75%,PC:P7,percentile,75th percentile scale score,scale score,75.0,,2022,2024,311.5375,,,,,0,268437504,response rate below 85%; skipped-variable note,268435713,reporting standard not met; standard error not applicable; skipped-variable note,SUBJ=MAT|COHORT=2|DEPVAR=MRPCM|SAMPLES=R3|YEAR=2022|JURISDICTIONS=CA|C051651=7|STAT=PC:P7 || SUBJ=MAT|COHORT=2|DEPVAR=MRPCM|SAMPLES=R3|YEAR=2024|JURISDICTIONS=CA|C051651=7|STAT=PC:P7,https://www.nationsreportcard.gov/DataService/GetAdhocData.aspx?type=sigacrossyear&subject=mathematics&grade=8&subscale=MRPCM&variable=C051651&jurisdiction=CA&stattype=PC%3AP7&Year=2019%2C2022%2C2024&ShowDetails=true&QCData=true&RevealDataKeys=true
2026-09-19T02:11:11.189Z,NDE,MAT,Mathematics,8,MRPCM,Composite mathematics scale (0-500),CA,California,C051651,Percent eligible for National School Lunch Program,7,51-75%,PC:P9,percentile,90th percentile scale score,scale score,90.0,,2022,2024,331.916502380371,,,,,0,268437504,response rate below 85%; skipped-variable note,268435713,reporting standard not met; standard error not applicable; skipped-variable note,SUBJ=MAT|COHORT=2|DEPVAR=MRPCM|SAMPLES=R3|YEAR=2022|JURISDICTIONS=CA|C051651=7|STAT=PC:P9 || SUBJ=MAT|COHORT=2|DEPVAR=MRPCM|SAMPLES=R3|YEAR=2024|JURISDICTIONS=CA|C051651=7|STAT=PC:P9,https://www.nationsreportcard.gov/DataService/GetAdhocData.aspx?type=sigacrossyear&subject=mathematics&grade=8&subscale=MRPCM&variable=C051651&jurisdiction=CA&stattype=PC%3AP9&Year=2019%2C2022%2C2024&ShowDetails=true&QCData=true&RevealDataKeys=true
2026-09-19T02:11:11.189Z,NDE,MAT,Mathematics,8,MRPCM,Composite mathematics scale (0-500),CA,California,C051651,Percent eligible for National School Lunch Program,7,51-75%,ALD:BA,achievement level,Percent at NAEP Basic,percent,,at NAEP Basic,2022,2024,39.8770793865285,,,,,0,268437504,response rate below 85%; skipped-variable note,268435713,reporting standard not met; standard error not applicable; skipped-variable note,SUBJ=MAT|COHORT=2|DEPVAR=MRPCM|SAMPLES=R3|YEAR=2022|JURISDICTIONS=CA|C051651=7|STAT=ALD:BA || SUBJ=MAT|COHORT=2|DEPVAR=MRPCM|SAMPLES=R3|YEAR=2024|JURISDICTIONS=CA|C051651=7|STAT=ALD:BA,https://www.nationsreportcard.gov/DataService/GetAdhocData.aspx?type=sigacrossyear&subject=mathematics&grade=8&subscale=MRPCM&variable=C051651&jurisdiction=CA&stattype=ALD%3ABA&Year=2019%2C2022%2C2024&ShowDetails=true&QCData=true&RevealDataKeys=true
2026-09-19T02:11:11.189Z,NDE,MAT,Mathematics,8,MRPCM,Composite mathematics scale (0-500),CA,California,C051651,Percent eligible for National School Lunch Program,7,51-75%,ALD:PR,achievement level,Percent at NAEP Proficient,percent,,at NAEP Proficient,2022,2024,26.9294495373161,,,,,0,268437504,response rate below 85%; skipped-variable note,268435715,reporting standard not met; extreme percentage; standard error not applicable; skipped-variable note,SUBJ=MAT|COHORT=2|DEPVAR=MRPCM|SAMPLES=R3|YEAR=2022|JURISDICTIONS=CA|C051651=7|STAT=ALD:PR || SUBJ=MAT|COHORT=2|DEPVAR=MRPCM|SAMPLES=R3|YEAR=2024|JURISDICTIONS=CA|C051651=7|STAT=ALD:PR,https://www.nationsreportcard.gov/DataService/GetAdhocData.aspx?type=sigacrossyear&subject=mathematics&grade=8&subscale=MRPCM&variable=C051651&jurisdiction=CA&stattype=ALD%3APR&Year=2019%2C2022%2C2024&ShowDetails=true&QCData=true&RevealDataKeys=true
2026-09-19T02:11:11.189Z,NDE,MAT,Mathematics,8,MRPCM,Composite mathematics scale (0-500),CA,California,C051651,Percent eligible for National School Lunch Program,7,51-75%,ALD:AD,achievement level,Percent at NAEP Advanced,percent,,at NAEP Advanced,2022,2024,9.87300466369964,,,,,0,268437504,response rate below 85%; skipped-variable note,268435715,reporting standard not met; extreme percentage; standard error not applicable; skipped-variable note,SUBJ=MAT|COHORT=2|DEPVAR=MRPCM|SAMPLES=R3|YEAR=2022|JURISDICTIONS=CA|C051651=7|STAT=ALD:AD || SUBJ=MAT|COHORT=2|DEPVAR=MRPCM|SAMPLES=R3|YEAR=2024|JURISDICTIONS=CA|C051651=7|STAT=ALD:AD,https://www.nationsreportcard.gov/DataService/GetAdhocData.aspx?type=sigacrossyear&subject=mathematics&grade=8&subscale=MRPCM&variable=C051651&jurisdiction=CA&stattype=ALD%3AAD&Year=2019%2C2022%2C2024&ShowDetails=true&QCData=true&RevealDataKeys=true
2026-09-19T02:11:11.189Z,NDE,MAT,Mathematics,8,MRPCM,Composite mathematics scale (0-500),CA,California,C051651,Percent eligible for National School Lunch Program,7,51-75%,ALC:BB,achievement level,Percent below NAEP Basic,percent,,below NAEP Basic,2022,2024,23.3204664124558,,,,,0,268437504,response rate below 85%; skipped-variable note,268435713,reporting standard not met; standard error not applicable; skipped-variable note,SUBJ=MAT|COHORT=2|DEPVAR=MRPCM|SAMPLES=R3|YEAR=2022|JURISDICTIONS=CA|C051651=7|STAT=ALC:BB || SUBJ=MAT|COHORT=2|DEPVAR=MRPCM|SAMPLES=R3|YEAR=2024|JURISDICTIONS=CA|C051651=7|STAT=ALC:BB,https://www.nationsreportcard.gov/DataService/GetAdhocData.aspx?type=sigacrossyear&subject=mathematics&grade=8&subscale=MRPCM&variable=C051651&jurisdiction=CA&stattype=ALC%3ABB&Year=2019%2C2022%2C2024&ShowDetails=true&QCData=true&RevealDataKeys=true
2026-09-19T02:11:11.189Z,NDE,MAT,Mathematics,8,MRPCM,Composite mathematics scale (0-500),CA,California,C051651,Percent eligible for National School Lunch Program,7,51-75%,ALC:AB,achievement level,Percent at or above NAEP Basic,percent,,at or above NAEP Basic,2022,2024,76.6795335875442,,,,,0,268437504,response rate below 85%; skipped-variable note,268435713,reporting standard not met; standard error not applicable; skipped-variable note,SUBJ=MAT|COHORT=2|DEPVAR=MRPCM|SAMPLES=R3|YEAR=2022|JURISDICTIONS=CA|C051651=7|STAT=ALC:AB || SUBJ=MAT|COHORT=2|DEPVAR=MRPCM|SAMPLES=R3|YEAR=2024|JURISDICTIONS=CA|C051651=7|STAT=ALC:AB,https://www.nationsreportcard.gov/DataService/GetAdhocData.aspx?type=sigacrossyear&subject=mathematics&grade=8&subscale=MRPCM&variable=C051651&jurisdiction=CA&stattype=ALC%3AAB&Year=2019%2C2022%2C2024&ShowDetails=true&QCData=true&RevealDataKeys=true
2026-09-19T02:11:11.189Z,NDE,MAT,Mathematics,8,MRPCM,Composite mathematics scale (0-500),CA,California,C051651,Percent eligible for National School Lunch Program,7,51-75%,ALC:AP,achievement level,Percent at or above NAEP Proficient,percent,,at or above NAEP Proficient,2022,2024,36.8024542010157,,,,,0,268437504,response rate below 85%; skipped-variable note,268435715,reporting standard not met; extreme percentage; standard error not applicable; skipped-variable note,SUBJ=MAT|COHORT=2|DEPVAR=MRPCM|SAMPLES=R3|YEAR=2022|JURISDICTIONS=CA|C051651=7|STAT=ALC:AP || SUBJ=MAT|COHORT=2|DEPVAR=MRPCM|SAMPLES=R3|YEAR=2024|JURISDICTIONS=CA|C051651=7|STAT=ALC:AP,https://www.nationsreportcard.gov/DataService/GetAdhocData.aspx?type=sigacrossyear&subject=mathematics&grade=8&subscale=MRPCM&variable=C051651&jurisdiction=CA&stattype=ALC%3AAP&Year=2019%2C2022%2C2024&ShowDetails=true&QCData=true&RevealDataKeys=true
2026-09-19T02:11:11.189Z,NDE,MAT,Mathematics,8,MRPCM,Composite mathematics scale (0-500),CA,California,C051651,Percent eligible for National School Lunch Program,7,51-75%,ALC:AD,achievement level,Percent at NAEP Advanced (cumulative code),percent,,at NAEP Advanced (cumulative code),2022,2024,9.87300466369964,,,,,0,268437504,response rate below 85%; skipped-variable note,268435715,reporting standard not met; extreme percentage; standard error not applicable; skipped-variable note,SUBJ=MAT|COHORT=2|DEPVAR=MRPCM|SAMPLES=R3|YEAR=2022|JURISDICTIONS=CA|C051651=7|STAT=ALC:AD || SUBJ=MAT|COHORT=2|DEPVAR=MRPCM|SAMPLES=R3|YEAR=2024|JURISDICTIONS=CA|C051651=7|STAT=ALC:AD,https://www.nationsreportcard.gov/DataService/GetAdhocData.aspx?type=sigacrossyear&subject=mathematics&grade=8&subscale=MRPCM&variable=C051651&jurisdiction=CA&stattype=ALC%3AAD&Year=2019%2C2022%2C2024&ShowDetails=true&QCData=true&RevealDataKeys=true
2026-09-19T02:11:11.189Z,NDE,MAT,Mathematics,8,MRPCM,Composite mathematics scale (0-500),CA,California,C051651,Percent eligible for National School Lunch Program,8,76-99%,MN:MN,location,Average scale score,scale score,,,2022,2024,,260.162595052075,,,,0,268435713,reporting standard not met; standard error not applicable; skipped-variable note,268437504,response rate below 85%; skipped-variable note,SUBJ=MAT|COHORT=2|DEPVAR=MRPCM|SAMPLES=R3|YEAR=2022|JURISDICTIONS=CA|C051651=8|STAT=MN:MN || SUBJ=MAT|COHORT=2|DEPVAR=MRPCM|SAMPLES=R3|YEAR=2024|JURISDICTIONS=CA|C051651=8|STAT=MN:MN,https://www.nationsreportcard.gov/DataService/GetAdhocData.aspx?type=sigacrossyear&subject=mathematics&grade=8&subscale=MRPCM&variable=C051651&jurisdiction=CA&stattype=MN%3AMN&Year=2019%2C2022%2C2024&ShowDetails=true&QCData=true&RevealDataKeys=true
2026-09-19T02:11:11.189Z,NDE,MAT,Mathematics,8,MRPCM,Composite mathematics scale (0-500),CA,California,C051651,Percent eligible for National School Lunch Program,8,76-99%,PC:P1,percentile,10th percentile scale score,scale score,10.0,,2022,2024,,216.026000976563,,,,0,268435713,reporting standard not met; standard error not applicable; skipped-variable note,268437504,response rate below 85%; skipped-variable note,SUBJ=MAT|COHORT=2|DEPVAR=MRPCM|SAMPLES=R3|YEAR=2022|JURISDICTIONS=CA|C051651=8|STAT=PC:P1 || SUBJ=MAT|COHORT=2|DEPVAR=MRPCM|SAMPLES=R3|YEAR=2024|JURISDICTIONS=CA|C051651=8|STAT=PC:P1,https://www.nationsreportcard.gov/DataService/GetAdhocData.aspx?type=sigacrossyear&subject=mathematics&grade=8&subscale=MRPCM&variable=C051651&jurisdiction=CA&stattype=PC%3AP1&Year=2019%2C2022%2C2024&ShowDetails=true&QCData=true&RevealDataKeys=true
2026-09-19T02:11:11.189Z,NDE,MAT,Mathematics,8,MRPCM,Composite mathematics scale (0-500),CA,California,C051651,Percent eligible for National School Lunch Program,8,76-99%,PC:P2,percentile,25th percentile scale score,scale score,25.0,,2022,2024,,237.112998199463,,,,0,268435713,reporting standard not met; standard error not applicable; skipped-variable note,268437504,response rate below 85%; skipped-variable note,SUBJ=MAT|COHORT=2|DEPVAR=MRPCM|SAMPLES=R3|YEAR=2022|JURISDICTIONS=CA|C051651=8|STAT=PC:P2 || SUBJ=MAT|COHORT=2|DEPVAR=MRPCM|SAMPLES=R3|YEAR=2024|JURISDICTIONS=CA|C051651=8|STAT=PC:P2,https://www.nationsreportcard.gov/DataService/GetAdhocData.aspx?type=sigacrossyear&subject=mathematics&grade=8&subscale=MRPCM&variable=C051651&jurisdiction=CA&stattype=PC%3AP2&Year=2019%2C2022%2C2024&ShowDetails=true&QCData=true&RevealDataKeys=true
2026-09-19T02:11:11.189Z,NDE,MAT,Mathematics,8,MRPCM,Composite mathematics scale (0-500),CA,California,C051651,Percent eligible for National School Lunch Program,8,76-99%,PC:P5,percentile,50th percentile scale score,scale score,50.0,,2022,2024,,259.887496948242,,,,0,268435713,reporting standard not met; standard error not applicable; skipped-variable note,268437504,response rate below 85%; skipped-variable note,SUBJ=MAT|COHORT=2|DEPVAR=MRPCM|SAMPLES=R3|YEAR=2022|JURISDICTIONS=CA|C051651=8|STAT=PC:P5 || SUBJ=MAT|COHORT=2|DEPVAR=MRPCM|SAMPLES=R3|YEAR=2024|JURISDICTIONS=CA|C051651=8|STAT=PC:P5,https://www.nationsreportcard.gov/DataService/GetAdhocData.aspx?type=sigacrossyear&subject=mathematics&grade=8&subscale=MRPCM&variable=C051651&jurisdiction=CA&stattype=PC%3AP5&Year=2019%2C2022%2C2024&ShowDetails=true&QCData=true&RevealDataKeys=true
2026-09-19T02:11:11.189Z,NDE,MAT,Mathematics,8,MRPCM,Composite mathematics scale (0-500),CA,California,C051651,Percent eligible for National School Lunch Program,8,76-99%,PC:P7,percentile,75th percentile scale score,scale score,75.0,,2022,2024,,276.641499328613,,,,0,268435713,reporting standard not met; standard error not applicable; skipped-variable note,268437504,response rate below 85%; skipped-variable note,SUBJ=MAT|COHORT=2|DEPVAR=MRPCM|SAMPLES=R3|YEAR=2022|JURISDICTIONS=CA|C051651=8|STAT=PC:P7 || SUBJ=MAT|COHORT=2|DEPVAR=MRPCM|SAMPLES=R3|YEAR=2024|JURISDICTIONS=CA|C051651=8|STAT=PC:P7,https://www.nationsreportcard.gov/DataService/GetAdhocData.aspx?type=sigacrossyear&subject=mathematics&grade=8&subscale=MRPCM&variable=C051651&jurisdiction=CA&stattype=PC%3AP7&Year=2019%2C2022%2C2024&ShowDetails=true&QCData=true&RevealDataKeys=true
2026-09-19T02:11:11.189Z,NDE,MAT,Mathematics,8,MRPCM,Composite mathematics scale (0-500),CA,California,C051651,Percent eligible for National School Lunch Program,8,76-99%,PC:P9,percentile,90th percentile scale score,scale score,90.0,,2022,2024,,309.250001525879,,,,0,268435713,reporting standard not met; standard error not applicable; skipped-variable note,268437504,response rate below 85%; skipped-variable note,SUBJ=MAT|COHORT=2|DEPVAR=MRPCM|SAMPLES=R3|YEAR=2022|JURISDICTIONS=CA|C051651=8|STAT=PC:P9 || SUBJ=MAT|COHORT=2|DEPVAR=MRPCM|SAMPLES=R3|YEAR=2024|JURISDICTIONS=CA|C051651=8|STAT=PC:P9,https://www.nationsreportcard.gov/DataService/GetAdhocData.aspx?type=sigacrossyear&subject=mathematics&grade=8&subscale=MRPCM&variable=C051651&jurisdiction=CA&stattype=PC%3AP9&Year=2019%2C2022%2C2024&ShowDetails=true&QCData=true&RevealDataKeys=true
2026-09-19T02:11:11.189Z,NDE,MAT,Mathematics,8,MRPCM,Composite mathematics scale (0-500),CA,California,C051651,Percent eligible for National School Lunch Program,8,76-99%,ALD:BA,achievement level,Percent at NAEP Basic,percent,,at NAEP Basic,2022,2024,,30.6045212412209,,,,0,268435713,reporting standard not met; standard error not applicable; skipped-variable note,268437504,response rate below 85%; skipped-variable note,SUBJ=MAT|COHORT=2|DEPVAR=MRPCM|SAMPLES=R3|YEAR=2022|JURISDICTIONS=CA|C051651=8|STAT=ALD:BA || SUBJ=MAT|COHORT=2|DEPVAR=MRPCM|SAMPLES=R3|YEAR=2024|JURISDICTIONS=CA|C051651=8|STAT=ALD:BA,https://www.nationsreportcard.gov/DataService/GetAdhocData.aspx?type=sigacrossyear&subject=mathematics&grade=8&subscale=MRPCM&variable=C051651&jurisdiction=CA&stattype=ALD%3ABA&Year=2019%2C2022%2C2024&ShowDetails=true&QCData=true&RevealDataKeys=true
2026-09-19T02:11:11.189Z,NDE,MAT,Mathematics,8,MRPCM,Composite mathematics scale (0-500),CA,California,C051651,Percent eligible for National School Lunch Program,8,76-99%,ALD:PR,achievement level,Percent at NAEP Proficient,percent,,at NAEP Proficient,2022,2024,,11.3453216972305,,,,0,268435713,reporting standard not met; standard error not applicable; skipped-variable note,268437504,response rate below 85%; skipped-variable note,SUBJ=MAT|COHORT=2|DEPVAR=MRPCM|SAMPLES=R3|YEAR=2022|JURISDICTIONS=CA|C051651=8|STAT=ALD:PR || SUBJ=MAT|COHORT=2|DEPVAR=MRPCM|SAMPLES=R3|YEAR=2024|JURISDICTIONS=CA|C051651=8|STAT=ALD:PR,https://www.nationsreportcard.gov/DataService/GetAdhocData.aspx?type=sigacrossyear&subject=mathematics&grade=8&subscale=MRPCM&variable=C051651&jurisdiction=CA&stattype=ALD%3APR&Year=2019%2C2022%2C2024&ShowDetails=true&QCData=true&RevealDataKeys=true
2026-09-19T02:11:11.189Z,NDE,MAT,Mathematics,8,MRPCM,Composite mathematics scale (0-500),CA,California,C051651,Percent eligible for National School Lunch Program,8,76-99%,ALD:AD,achievement level,Percent at NAEP Advanced,percent,,at NAEP Advanced,2022,2024,,3.64572282563706,,,,0,268435715,reporting standard not met; extreme percentage; standard error not applicable; skipped-variable note,268437504,response rate below 85%; skipped-variable note,SUBJ=MAT|COHORT=2|DEPVAR=MRPCM|SAMPLES=R3|YEAR=2022|JURISDICTIONS=CA|C051651=8|STAT=ALD:AD || SUBJ=MAT|COHORT=2|DEPVAR=MRPCM|SAMPLES=R3|YEAR=2024|JURISDICTIONS=CA|C051651=8|STAT=ALD:AD,https://www.nationsreportcard.gov/DataService/GetAdhocData.aspx?type=sigacrossyear&subject=mathematics&grade=8&subscale=MRPCM&variable=C051651&jurisdiction=CA&stattype=ALD%3AAD&Year=2019%2C2022%2C2024&ShowDetails=true&QCData=true&RevealDataKeys=true
2026-09-19T02:11:11.189Z,NDE,MAT,Mathematics,8,MRPCM,Composite mathematics scale (0-500),CA,California,C051651,Percent eligible for National School Lunch Program,8,76-99%,ALC:BB,achievement level,Percent below NAEP Basic,percent,,below NAEP Basic,2022,2024,,54.4044342359115,,,,0,268435713,reporting standard not met; standard error not applicable; skipped-variable note,268437504,response rate below 85%; skipped-variable note,SUBJ=MAT|COHORT=2|DEPVAR=MRPCM|SAMPLES=R3|YEAR=2022|JURISDICTIONS=CA|C051651=8|STAT=ALC:BB || SUBJ=MAT|COHORT=2|DEPVAR=MRPCM|SAMPLES=R3|YEAR=2024|JURISDICTIONS=CA|C051651=8|STAT=ALC:BB,https://www.nationsreportcard.gov/DataService/GetAdhocData.aspx?type=sigacrossyear&subject=mathematics&grade=8&subscale=MRPCM&variable=C051651&jurisdiction=CA&stattype=ALC%3ABB&Year=2019%2C2022%2C2024&ShowDetails=true&QCData=true&RevealDataKeys=true
2026-09-19T02:11:11.189Z,NDE,MAT,Mathematics,8,MRPCM,Composite mathematics scale (0-500),CA,California,C051651,Percent eligible for National School Lunch Program,8,76-99%,ALC:AB,achievement level,Percent at or above NAEP Basic,percent,,at or above NAEP Basic,2022,2024,,45.5955657640885,,,,0,268435713,reporting standard not met; standard error not applicable; skipped-variable note,268437504,response rate below 85%; skipped-variable note,SUBJ=MAT|COHORT=2|DEPVAR=MRPCM|SAMPLES=R3|YEAR=2022|JURISDICTIONS=CA|C051651=8|STAT=ALC:AB || SUBJ=MAT|COHORT=2|DEPVAR=MRPCM|SAMPLES=R3|YEAR=2024|JURISDICTIONS=CA|C051651=8|STAT=ALC:AB,https://www.nationsreportcard.gov/DataService/GetAdhocData.aspx?type=sigacrossyear&subject=mathematics&grade=8&subscale=MRPCM&variable=C051651&jurisdiction=CA&stattype=ALC%3AAB&Year=2019%2C2022%2C2024&ShowDetails=true&QCData=true&RevealDataKeys=true
2026-09-19T02:11:11.189Z,NDE,MAT,Mathematics,8,MRPCM,Composite mathematics scale (0-500),CA,California,C051651,Percent eligible for National School Lunch Program,8,76-99%,ALC:AP,achievement level,Percent at or above NAEP Proficient,percent,,at or above NAEP Proficient,2022,2024,,14.9910445228675,,,,0,268435713,reporting standard not met; standard error not applicable; skipped-variable note,268437504,response rate below 85%; skipped-variable note,SUBJ=MAT|COHORT=2|DEPVAR=MRPCM|SAMPLES=R3|YEAR=2022|JURISDICTIONS=CA|C051651=8|STAT=ALC:AP || SUBJ=MAT|COHORT=2|DEPVAR=MRPCM|SAMPLES=R3|YEAR=2024|JURISDICTIONS=CA|C051651=8|STAT=ALC:AP,https://www.nationsreportcard.gov/DataService/GetAdhocData.aspx?type=sigacrossyear&subject=mathematics&grade=8&subscale=MRPCM&variable=C051651&jurisdiction=CA&stattype=ALC%3AAP&Year=2019%2C2022%2C2024&ShowDetails=true&QCData=true&RevealDataKeys=true
2026-09-19T02:11:11.189Z,NDE,MAT,Mathematics,8,MRPCM,Composite mathematics scale (0-500),CA,California,C051651,Percent eligible for National School Lunch Program,8,76-99%,ALC:AD,achievement level,Percent at NAEP Advanced (cumulative code),percent,,at NAEP Advanced (cumulative code),2022,2024,,3.64572282563706,,,,0,268435715,reporting standard not met; extreme percentage; standard error not applicable; skipped-variable note,268437504,response rate below 85%; skipped-variable note,SUBJ=MAT|COHORT=2|DEPVAR=MRPCM|SAMPLES=R3|YEAR=2022|JURISDICTIONS=CA|C051651=8|STAT=ALC:AD || SUBJ=MAT|COHORT=2|DEPVAR=MRPCM|SAMPLES=R3|YEAR=2024|JURISDICTIONS=CA|C051651=8|STAT=ALC:AD,https://www.nationsreportcard.gov/DataService/GetAdhocData.aspx?type=sigacrossyear&subject=mathematics&grade=8&subscale=MRPCM&variable=C051651&jurisdiction=CA&stattype=ALC%3AAD&Year=2019%2C2022%2C2024&ShowDetails=true&QCData=true&RevealDataKeys=true
2026-09-19T02:11:11.189Z,NDE,MAT,Mathematics,8,MRPCM,Composite mathematics scale (0-500),CA,California,C051651,Percent eligible for National School Lunch Program,9,100%,MN:MN,location,Average scale score,scale score,,,2022,2024,,,,,,0,268435713,reporting standard not met; standard error not applicable; skipped-variable note,268435713,reporting standard not met; standard error not applicable; skipped-variable note,SUBJ=MAT|COHORT=2|DEPVAR=MRPCM|SAMPLES=R3|YEAR=2022|JURISDICTIONS=CA|C051651=9|STAT=MN:MN || SUBJ=MAT|COHORT=2|DEPVAR=MRPCM|SAMPLES=R3|YEAR=2024|JURISDICTIONS=CA|C051651=9|STAT=MN:MN,https://www.nationsreportcard.gov/DataService/GetAdhocData.aspx?type=sigacrossyear&subject=mathematics&grade=8&subscale=MRPCM&variable=C051651&jurisdiction=CA&stattype=MN%3AMN&Year=2019%2C2022%2C2024&ShowDetails=true&QCData=true&RevealDataKeys=true
2026-09-19T02:11:11.189Z,NDE,MAT,Mathematics,8,MRPCM,Composite mathematics scale (0-500),CA,California,C051651,Percent eligible for National School Lunch Program,9,100%,PC:P1,percentile,10th percentile scale score,scale score,10.0,,2022,2024,,,,,,0,268435713,reporting standard not met; standard error not applicable; skipped-variable note,268435713,reporting standard not met; standard error not applicable; skipped-variable note,SUBJ=MAT|COHORT=2|DEPVAR=MRPCM|SAMPLES=R3|YEAR=2022|JURISDICTIONS=CA|C051651=9|STAT=PC:P1 || SUBJ=MAT|COHORT=2|DEPVAR=MRPCM|SAMPLES=R3|YEAR=2024|JURISDICTIONS=CA|C051651=9|STAT=PC:P1,https://www.nationsreportcard.gov/DataService/GetAdhocData.aspx?type=sigacrossyear&subject=mathematics&grade=8&subscale=MRPCM&variable=C051651&jurisdiction=CA&stattype=PC%3AP1&Year=2019%2C2022%2C2024&ShowDetails=true&QCData=true&RevealDataKeys=true
2026-09-19T02:11:11.189Z,NDE,MAT,Mathematics,8,MRPCM,Composite mathematics scale (0-500),CA,California,C051651,Percent eligible for National School Lunch Program,9,100%,PC:P2,percentile,25th percentile scale score,scale score,25.0,,2022,2024,,,,,,0,268435713,reporting standard not met; standard error not applicable; skipped-variable note,268435713,reporting standard not met; standard error not applicable; skipped-variable note,SUBJ=MAT|COHORT=2|DEPVAR=MRPCM|SAMPLES=R3|YEAR=2022|JURISDICTIONS=CA|C051651=9|STAT=PC:P2 || SUBJ=MAT|COHORT=2|DEPVAR=MRPCM|SAMPLES=R3|YEAR=2024|JURISDICTIONS=CA|C051651=9|STAT=PC:P2,https://www.nationsreportcard.gov/DataService/GetAdhocData.aspx?type=sigacrossyear&subject=mathematics&grade=8&subscale=MRPCM&variable=C051651&jurisdiction=CA&stattype=PC%3AP2&Year=2019%2C2022%2C2024&ShowDetails=true&QCData=true&RevealDataKeys=true
2026-09-19T02:11:11.189Z,NDE,MAT,Mathematics,8,MRPCM,Composite mathematics scale (0-500),CA,California,C051651,Percent eligible for National School Lunch Program,9,100%,PC:P5,percentile,50th percentile scale score,scale score,50.0,,2022,2024,,,,,,0,268435713,reporting standard not met; standard error not applicable; skipped-variable note,268435713,reporting standard not met; standard error not applicable; skipped-variable note,SUBJ=MAT|COHORT=2|DEPVAR=MRPCM|SAMPLES=R3|YEAR=2022|JURISDICTIONS=CA|C051651=9|STAT=PC:P5 || SUBJ=MAT|COHORT=2|DEPVAR=MRPCM|SAMPLES=R3|YEAR=2024|JURISDICTIONS=CA|C051651=9|STAT=PC:P5,https://www.nationsreportcard.gov/DataService/GetAdhocData.aspx?type=sigacrossyear&subject=mathematics&grade=8&subscale=MRPCM&variable=C051651&jurisdiction=CA&stattype=PC%3AP5&Year=2019%2C2022%2C2024&ShowDetails=true&QCData=true&RevealDataKeys=true
2026-09-19T02:11:11.189Z,NDE,MAT,Mathematics,8,MRPCM,Composite mathematics scale (0-500),CA,California,C051651,Percent eligible for National School Lunch Program,9,100%,PC:P7,percentile,75th percentile scale score,scale score,75.0,,2022,2024,,,,,,0,268435713,reporting standard not met; standard error not applicable; skipped-variable note,268435713,reporting standard not met; standard error not applicable; skipped-variable note,SUBJ=MAT|COHORT=2|DEPVAR=MRPCM|SAMPLES=R3|YEAR=2022|JURISDICTIONS=CA|C051651=9|STAT=PC:P7 || SUBJ=MAT|COHORT=2|DEPVAR=MRPCM|SAMPLES=R3|YEAR=2024|JURISDICTIONS=CA|C051651=9|STAT=PC:P7,https://www.nationsreportcard.gov/DataService/GetAdhocData.aspx?type=sigacrossyear&subject=mathematics&grade=8&subscale=MRPCM&variable=C051651&jurisdiction=CA&stattype=PC%3AP7&Year=2019%2C2022%2C2024&ShowDetails=true&QCData=true&RevealDataKeys=true
2026-09-19T02:11:11.189Z,NDE,MAT,Mathematics,8,MRPCM,Composite mathematics scale (0-500),CA,California,C051651,Percent eligible for National School Lunch Program,9,100%,PC:P9,percentile,90th percentile scale score,scale score,90.0,,2022,2024,,,,,,0,268435713,reporting standard not met; standard error not applicable; skipped-variable note,268435713,reporting standard not met; standard error not applicable; skipped-variable note,SUBJ=MAT|COHORT=2|DEPVAR=MRPCM|SAMPLES=R3|YEAR=2022|JURISDICTIONS=CA|C051651=9|STAT=PC:P9 || SUBJ=MAT|COHORT=2|DEPVAR=MRPCM|SAMPLES=R3|YEAR=2024|JURISDICTIONS=CA|C051651=9|STAT=PC:P9,https://www.nationsreportcard.gov/DataService/GetAdhocData.aspx?type=sigacrossyear&subject=mathematics&grade=8&subscale=MRPCM&variable=C051651&jurisdiction=CA&stattype=PC%3AP9&Year=2019%2C2022%2C2024&ShowDetails=true&QCData=true&RevealDataKeys=true
2026-09-19T02:11:11.189Z,NDE,MAT,Mathematics,8,MRPCM,Composite mathematics scale (0-500),CA,California,C051651,Percent eligible for National School Lunch Program,9,100%,ALD:BA,achievement level,Percent at NAEP Basic,percent,,at NAEP Basic,2022,2024,,,,,,0,268435715,reporting standard not met; extreme percentage; standard error not applicable; skipped-variable note,268435713,reporting standard not met; standard error not applicable; skipped-variable note,SUBJ=MAT|COHORT=2|DEPVAR=MRPCM|SAMPLES=R3|YEAR=2022|JURISDICTIONS=CA|C051651=9|STAT=ALD:BA || SUBJ=MAT|COHORT=2|DEPVAR=MRPCM|SAMPLES=R3|YEAR=2024|JURISDICTIONS=CA|C051651=9|STAT=ALD:BA,https://www.nationsreportcard.gov/DataService/GetAdhocData.aspx?type=sigacrossyear&subject=mathematics&grade=8&subscale=MRPCM&variable=C051651&jurisdiction=CA&stattype=ALD%3ABA&Year=2019%2C2022%2C2024&ShowDetails=true&QCData=true&RevealDataKeys=true
2026-09-19T02:11:11.189Z,NDE,MAT,Mathematics,8,MRPCM,Composite mathematics scale (0-500),CA,California,C051651,Percent eligible for National School Lunch Program,9,100%,ALD:PR,achievement level,Percent at NAEP Proficient,percent,,at NAEP Proficient,2022,2024,,,,,,0,268435715,reporting standard not met; extreme percentage; standard error not applicable; skipped-variable note,268435713,reporting standard not met; standard error not applicable; skipped-variable note,SUBJ=MAT|COHORT=2|DEPVAR=MRPCM|SAMPLES=R3|YEAR=2022|JURISDICTIONS=CA|C051651=9|STAT=ALD:PR || SUBJ=MAT|COHORT=2|DEPVAR=MRPCM|SAMPLES=R3|YEAR=2024|JURISDICTIONS=CA|C051651=9|STAT=ALD:PR,https://www.nationsreportcard.gov/DataService/GetAdhocData.aspx?type=sigacrossyear&subject=mathematics&grade=8&subscale=MRPCM&variable=C051651&jurisdiction=CA&stattype=ALD%3APR&Year=2019%2C2022%2C2024&ShowDetails=true&QCData=true&RevealDataKeys=true
2026-09-19T02:11:11.189Z,NDE,MAT,Mathematics,8,MRPCM,Composite mathematics scale (0-500),CA,California,C051651,Percent eligible for National School Lunch Program,9,100%,ALD:AD,achievement level,Percent at NAEP Advanced,percent,,at NAEP Advanced,2022,2024,,,,,,0,268435715,reporting standard not met; extreme percentage; standard error not applicable; skipped-variable note,268435713,reporting standard not met; standard error not applicable; skipped-variable note,SUBJ=MAT|COHORT=2|DEPVAR=MRPCM|SAMPLES=R3|YEAR=2022|JURISDICTIONS=CA|C051651=9|STAT=ALD:AD || SUBJ=MAT|COHORT=2|DEPVAR=MRPCM|SAMPLES=R3|YEAR=2024|JURISDICTIONS=CA|C051651=9|STAT=ALD:AD,https://www.nationsreportcard.gov/DataService/GetAdhocData.aspx?type=sigacrossyear&subject=mathematics&grade=8&subscale=MRPCM&variable=C051651&jurisdiction=CA&stattype=ALD%3AAD&Year=2019%2C2022%2C2024&ShowDetails=true&QCData=true&RevealDataKeys=true
2026-09-19T02:11:11.189Z,NDE,MAT,Mathematics,8,MRPCM,Composite mathematics scale (0-500),CA,California,C051651,Percent eligible for National School Lunch Program,9,100%,ALC:BB,achievement level,Percent below NAEP Basic,percent,,below NAEP Basic,2022,2024,,,,,,0,268435715,reporting standard not met; extreme percentage; standard error not applicable; skipped-variable note,268435713,reporting standard not met; standard error not applicable; skipped-variable note,SUBJ=MAT|COHORT=2|DEPVAR=MRPCM|SAMPLES=R3|YEAR=2022|JURISDICTIONS=CA|C051651=9|STAT=ALC:BB || SUBJ=MAT|COHORT=2|DEPVAR=MRPCM|SAMPLES=R3|YEAR=2024|JURISDICTIONS=CA|C051651=9|STAT=ALC:BB,https://www.nationsreportcard.gov/DataService/GetAdhocData.aspx?type=sigacrossyear&subject=mathematics&grade=8&subscale=MRPCM&variable=C051651&jurisdiction=CA&stattype=ALC%3ABB&Year=2019%2C2022%2C2024&ShowDetails=true&QCData=true&RevealDataKeys=true
2026-09-19T02:11:11.189Z,NDE,MAT,Mathematics,8,MRPCM,Composite mathematics scale (0-500),CA,California,C051651,Percent eligible for National School Lunch Program,9,100%,ALC:AB,achievement level,Percent at or above NAEP Basic,percent,,at or above NAEP Basic,2022,2024,,,,,,0,268435715,reporting standard not met; extreme percentage; standard error not applicable; skipped-variable note,268435713,reporting standard not met; standard error not applicable; skipped-variable note,SUBJ=MAT|COHORT=2|DEPVAR=MRPCM|SAMPLES=R3|YEAR=2022|JURISDICTIONS=CA|C051651=9|STAT=ALC:AB || SUBJ=MAT|COHORT=2|DEPVAR=MRPCM|SAMPLES=R3|YEAR=2024|JURISDICTIONS=CA|C051651=9|STAT=ALC:AB,https://www.nationsreportcard.gov/DataService/GetAdhocData.aspx?type=sigacrossyear&subject=mathematics&grade=8&subscale=MRPCM&variable=C051651&jurisdiction=CA&stattype=ALC%3AAB&Year=2019%2C2022%2C2024&ShowDetails=true&QCData=true&RevealDataKeys=true
2026-09-19T02:11:11.189Z,NDE,MAT,Mathematics,8,MRPCM,Composite mathematics scale (0-500),CA,California,C051651,Percent eligible for National School Lunch Program,9,100%,ALC:AP,achievement level,Percent at or above NAEP Proficient,percent,,at or above NAEP Proficient,2022,2024,,,,,,0,268435715,reporting standard not met; extreme percentage; standard error not applicable; skipped-variable note,268435713,reporting standard not met; standard error not applicable; skipped-variable note,SUBJ=MAT|COHORT=2|DEPVAR=MRPCM|SAMPLES=R3|YEAR=2022|JURISDICTIONS=CA|C051651=9|STAT=ALC:AP || SUBJ=MAT|COHORT=2|DEPVAR=MRPCM|SAMPLES=R3|YEAR=2024|JURISDICTIONS=CA|C051651=9|STAT=ALC:AP,https://www.nationsreportcard.gov/DataService/GetAdhocData.aspx?type=sigacrossyear&subject=mathematics&grade=8&subscale=MRPCM&variable=C051651&jurisdiction=CA&stattype=ALC%3AAP&Year=2019%2C2022%2C2024&ShowDetails=true&QCData=true&RevealDataKeys=true
2026-09-19T02:11:11.189Z,NDE,MAT,Mathematics,8,MRPCM,Composite mathematics scale (0-500),CA,California,C051651,Percent eligible for National School Lunch Program,9,100%,ALC:AD,achievement level,Percent at NAEP Advanced (cumulative code),percent,,at NAEP Advanced (cumulative code),2022,2024,,,,,,0,268435715,reporting standard not met; extreme percentage; standard error not applicable; skipped-variable note,268435713,reporting standard not met; standard error not applicable; skipped-variable note,SUBJ=MAT|COHORT=2|DEPVAR=MRPCM|SAMPLES=R3|YEAR=2022|JURISDICTIONS=CA|C051651=9|STAT=ALC:AD || SUBJ=MAT|COHORT=2|DEPVAR=MRPCM|SAMPLES=R3|YEAR=2024|JURISDICTIONS=CA|C051651=9|STAT=ALC:AD,https://www.nationsreportcard.gov/DataService/GetAdhocData.aspx?type=sigacrossyear&subject=mathematics&grade=8&subscale=MRPCM&variable=C051651&jurisdiction=CA&stattype=ALC%3AAD&Year=2019%2C2022%2C2024&ShowDetails=true&QCData=true&RevealDataKeys=true
