cds_code,upp_pre2020_mean,years_of_upp_pre2020,lcff_plus_fixed
01100170112607,77.2,4,LCFF+
01100170130401,100.0,4,LCFF+
01100170130419,86.0,4,LCFF+
01100170136101,40.65,3,Not LCFF+
01100170136226,57.97,3,Not LCFF+
01611190000001,30.78,3,Not LCFF+
01611190106401,30.36,4,Not LCFF+
01611190119222,49.85,4,Not LCFF+
01611190130229,24.7,4,Not LCFF+
01611190130609,33.8,4,Not LCFF+
01611190130625,97.31,4,LCFF+
01611190132142,45.51,4,Not LCFF+
01611190134304,54.09,4,Not LCFF+
01611270000001,28.1,3,Not LCFF+
01611270130294,53.27,4,Not LCFF+
01611270130450,22.15,4,Not LCFF+
01611430000001,29.47,3,Not LCFF+
01611430122697,74.4,2,Not LCFF+
01611430131177,29.12,4,Not LCFF+
01611430134924,74.72,4,Not LCFF+
01611430138552,71.63,1,Not LCFF+
01611500000001,22.87,3,Not LCFF+
01611500130047,34.22,2,Not LCFF+
01611500132225,23.44,4,Not LCFF+
01611500133876,13.54,4,Not LCFF+
01611500135533,45.48,4,Not LCFF+
01611680132746,75.91,4,LCFF+
01611760000001,18.79,3,Not LCFF+
01611760127233,53.62,3,Not LCFF+
01611760130062,21.36,4,Not LCFF+
01611760130138,58.32,4,Not LCFF+
01611760130435,35.06,4,Not LCFF+
01611760130534,37.09,4,Not LCFF+
01611760134270,18.16,4,Not LCFF+
01611760134452,44.68,4,Not LCFF+
01611760135244,7.96,4,Not LCFF+
01611760138693,30.8,4,Not LCFF+
01611920000001,31.58,3,Not LCFF+
01611920108670,62.19,4,Not LCFF+
01611920113902,63.6,2,Not LCFF+
01611920127944,57.92,4,Not LCFF+
01611920133009,76.25,4,LCFF+
01611920133629,69.8,4,Not LCFF+
01611920135319,66.53,4,Not LCFF+
01611920137646,65.06,2,Not LCFF+
01611920138339,82.49,4,LCFF+
01612000000001,27.08,3,Not LCFF+
01612000120931,19.22,1,Not LCFF+
01612000130393,26.22,4,Not LCFF+
01612000132670,60.62,4,Not LCFF+
01612000133397,20.41,4,Not LCFF+
01612000134536,25.3,4,Not LCFF+
01612340000001,50.0,2,Not LCFF+
01612340130054,47.61,4,Not LCFF+
01612340130484,58.5,4,Not LCFF+
01612340135426,70.45,4,Not LCFF+
01612420000001,59.56,3,Not LCFF+
01612420110460,60.78,4,Not LCFF+
01612420110478,79.66,4,LCFF+
01612420126763,55.89,4,Not LCFF+
01612420134668,49.44,4,Not LCFF+
01612426001622,100.0,2,LCFF+
01612590000001,39.47,3,Not LCFF+
01612590100065,87.32,4,LCFF+
01612590100701,79.46,4,LCFF+
01612590106542,88.88,4,LCFF+
01612590106906,74.01,4,Not LCFF+
01612590108944,83.13,4,LCFF+
01612590110189,88.74,4,LCFF+
01612590111856,70.95,4,Not LCFF+
01612590112797,95.07,4,LCFF+
01612590114868,76.78,4,LCFF+
01612590115238,84.62,4,LCFF+
01612590115386,96.28,4,LCFF+
01612590115667,99.54,4,LCFF+
01612590118224,91.59,4,LCFF+
01612590118653,86.89,4,LCFF+
01612590119859,54.16,4,Not LCFF+
01612590121228,33.35,3,Not LCFF+
01612590121376,88.54,4,LCFF+
01612590125161,94.06,4,LCFF+
01612590125716,95.52,4,LCFF+
01612590126748,95.93,4,LCFF+
01612590129932,33.93,4,Not LCFF+
01612590130146,88.1,4,LCFF+
01612590130179,88.37,4,LCFF+
01612590130575,92.59,4,LCFF+
01612590130617,75.8,4,LCFF+
01612590130666,90.75,4,LCFF+
01612590132555,53.54,4,Not LCFF+
01612590132688,88.95,4,LCFF+
01612590135905,89.34,4,LCFF+
01612590136051,48.73,4,Not LCFF+
01612590137943,74.76,4,Not LCFF+
01612593030772,12.03,4,Not LCFF+
01612596056998,100.0,4,LCFF+
01612596066450,95.24,4,LCFF+
01612596114011,74.28,4,Not LCFF+
01612750000001,13.65,3,Not LCFF+
01612750130286,16.01,4,Not LCFF+
01612750136515,1.63,4,Not LCFF+
01612910000001,50.33,3,Not LCFF+
01612910134528,69.89,4,Not LCFF+
01612910137588,63.05,4,Not LCFF+
01613090000001,35.38,3,Not LCFF+
01613090111799,68.43,4,Not LCFF+
01613090114421,65.26,4,Not LCFF+
01613090130849,51.72,4,Not LCFF+
01613090137745,64.46,4,Not LCFF+
01613090137810,73.36,4,Not LCFF+
01613096002703,100.0,1,LCFF+
01750930000001,5.0,2,Not LCFF+
01750930132704,11.82,4,Not LCFF+
01750930138164,15.87,2,Not LCFF+
01750930138453,41.5,4,Not LCFF+
01751010000001,17.35,3,Not LCFF+
01751010130096,10.45,4,Not LCFF+
01751010130252,33.84,4,Not LCFF+
01751010130583,8.9,4,Not LCFF+
01771800138289,77.78,2,LCFF+
02100250230011,50.0,2,Not LCFF+
03100330000001,66.67,3,Not LCFF+
03100330330035,49.46,4,Not LCFF+
03100330330068,47.2,4,Not LCFF+
03739810330019,67.38,4,Not LCFF+
03739810330050,45.29,4,Not LCFF+
03739810330753,35.97,4,Not LCFF+
03739810334755,36.47,4,Not LCFF+
04100410114991,42.99,4,Not LCFF+
04100410129817,91.75,4,LCFF+
04100410134213,91.22,4,LCFF+
04100410136820,39.58,1,Not LCFF+
04100410139493,66.67,1,Not LCFF+
04100410430066,100.0,4,LCFF+
04100410430090,76.07,4,LCFF+
04100416069256,62.5,4,Not LCFF+
04614080430207,50.0,1,Not LCFF+
04614080430827,62.36,4,Not LCFF+
04614240000001,0.0,2,Not LCFF+
04614240111039,71.47,4,Not LCFF+
04614240120394,36.48,4,Not LCFF+
04614240123976,70.71,4,Not LCFF+
04614240137828,62.18,2,Not LCFF+
04614240430199,73.43,4,Not LCFF+
04614240430215,49.36,3,Not LCFF+
04614240431502,80.73,4,LCFF+
04614240431676,40.08,4,Not LCFF+
04614240437558,35.54,4,Not LCFF+
04614320000001,100.0,1,LCFF+
04614320433201,35.23,4,Not LCFF+
04614400121509,72.96,3,Not LCFF+
04614570125252,59.91,2,Not LCFF+
04615070121509,96.67,1,LCFF+
04615150000001,6.25,2,Not LCFF+
04615150430140,93.3,4,LCFF+
04615150434803,70.95,4,Not LCFF+
04615150435602,78.34,4,LCFF+
04615150437566,89.9,4,LCFF+
04615310121715,62.77,4,Not LCFF+
04615310430108,88.57,3,LCFF+
04615310432856,78.6,4,LCFF+
04615310437350,55.0,4,Not LCFF+
04615316112585,73.93,4,Not LCFF+
04755070000001,0.0,1,Not LCFF+
04755070433946,70.57,4,Not LCFF+
04755070433953,57.31,4,Not LCFF+
05100580530048,82.36,4,LCFF+
05100580530154,45.88,4,Not LCFF+
05100586077150,13.22,2,Not LCFF+
05100589010745,91.62,4,LCFF+
05615560000001,38.89,3,Not LCFF+
05615560530014,59.87,4,Not LCFF+
05615560530121,23.99,4,Not LCFF+
05615560532507,39.1,4,Not LCFF+
05615640000001,61.27,3,Not LCFF+
05615640530022,77.38,4,LCFF+
05615640530055,57.09,4,Not LCFF+
05615640531509,47.08,4,Not LCFF+
06100660630111,82.43,4,LCFF+
06615980000001,100.0,1,LCFF+
06615980630012,79.54,4,LCFF+
06615980630046,61.96,4,Not LCFF+
06615980631259,60.46,4,Not LCFF+
06616060634758,72.58,4,Not LCFF+
06616140630087,83.75,4,LCFF+
06616140635250,63.77,4,Not LCFF+
06616220630038,85.83,4,LCFF+
06616220637504,86.9,4,LCFF+
07100740107326,37.35,4,Not LCFF+
07100740107334,28.69,4,Not LCFF+
07100740114470,82.86,4,LCFF+
07100740118208,53.46,4,Not LCFF+
07100740120444,100.0,4,LCFF+
07100740129684,61.24,4,Not LCFF+
07100740134114,19.4,4,Not LCFF+
07100740730614,79.42,4,LCFF+
07100740731380,21.07,4,Not LCFF+
07100746077168,45.07,4,Not LCFF+
07616300000001,4.6,3,Not LCFF+
07616300107524,11.43,4,Not LCFF+
07616300730283,5.32,4,Not LCFF+
07616300731125,3.66,4,Not LCFF+
07616300733725,13.6,4,Not LCFF+
07616300734244,3.98,4,Not LCFF+
07616480000001,53.06,3,Not LCFF+
07616480110494,71.51,4,Not LCFF+
07616480117218,56.03,4,Not LCFF+
07616480730101,77.1,4,LCFF+
07616480730259,62.49,4,Not LCFF+
07616480730465,59.46,4,Not LCFF+
07616480730481,72.78,3,Not LCFF+
07616480730861,73.63,4,Not LCFF+
07616486003628,33.33,1,Not LCFF+
07616630130930,50.57,4,Not LCFF+
07616970000001,38.89,3,Not LCFF+
07616970737023,55.93,4,Not LCFF+
07616970737619,64.21,4,Not LCFF+
07617210000001,26.9,3,Not LCFF+
07617210107797,18.75,4,Not LCFF+
07617210730457,41.68,4,Not LCFF+
07617210730572,28.03,4,Not LCFF+
07617210733980,31.94,4,Not LCFF+
07617210733998,59.3,4,Not LCFF+
07617390000001,28.57,2,Not LCFF+
07617390730440,47.5,4,Not LCFF+
07617390730473,36.44,4,Not LCFF+
07617390730549,24.2,4,Not LCFF+
07617540000001,35.24,3,Not LCFF+
07617540138115,92.97,2,LCFF+
07617540730044,11.64,4,Not LCFF+
07617540730317,25.91,4,Not LCFF+
07617540730333,87.19,4,LCFF+
07617540730358,47.94,4,Not LCFF+
07617540730416,91.24,2,LCFF+
07617540730424,63.06,4,Not LCFF+
07617540730655,92.78,4,LCFF+
07617540731646,24.07,4,Not LCFF+
07617540731836,52.74,4,Not LCFF+
07617540734566,80.82,4,LCFF+
07617540734764,76.89,4,LCFF+
07617540737809,78.22,4,LCFF+
07617880000001,47.63,3,Not LCFF+
07617880730184,83.64,4,LCFF+
07617880735407,70.5,4,Not LCFF+
07617960000001,38.44,3,Not LCFF+
07617960101477,87.64,4,LCFF+
07617960132100,67.07,4,Not LCFF+
07617960132233,80.8,4,LCFF+
07617960133637,64.03,2,Not LCFF+
07617960730291,55.8,4,Not LCFF+
07617960730325,68.61,4,Not LCFF+
07617960730598,44.85,4,Not LCFF+
07617960732164,72.83,4,Not LCFF+
07617960732941,46.49,4,Not LCFF+
07617960733253,82.73,4,LCFF+
07617960733659,91.48,4,LCFF+
07617960735316,62.98,4,Not LCFF+
07617960735902,93.46,4,LCFF+
07618040000001,12.84,3,Not LCFF+
07618040113118,7.68,4,Not LCFF+
07618040730051,6.8,4,Not LCFF+
07618040730218,6.85,4,Not LCFF+
07618040734368,4.25,4,Not LCFF+
07618040736504,3.72,4,Not LCFF+
07618040736819,22.0,4,Not LCFF+
08100820106625,100.0,4,LCFF+
08100820106666,100.0,1,LCFF+
08100820830042,100.0,4,LCFF+
08100820830059,58.79,4,Not LCFF+
08618200137729,50.0,2,Not LCFF+
08618200833004,57.7,4,Not LCFF+
08618200836205,70.75,4,Not LCFF+
09100900000001,50.0,2,Not LCFF+
09100900106047,100.0,4,LCFF+
09100900136036,12.12,1,Not LCFF+
09100900930016,100.0,3,LCFF+
09100900930123,32.92,4,Not LCFF+
09100900930131,100.0,4,LCFF+
09100906069470,17.14,4,Not LCFF+
09618380136200,39.21,3,Not LCFF+
09618380139006,40.97,1,Not LCFF+
09618530000001,14.29,3,Not LCFF+
09618530930081,6.94,4,Not LCFF+
09618530930164,33.54,4,Not LCFF+
09618530930214,12.44,4,Not LCFF+
09618530930222,65.22,1,Not LCFF+
09618530932756,38.5,4,Not LCFF+
09618530934554,65.05,4,Not LCFF+
09618530936302,18.64,4,Not LCFF+
09619030930040,83.18,4,LCFF+
09619030930107,93.72,2,LCFF+
09619030937805,55.68,4,Not LCFF+
09737830000001,16.67,3,Not LCFF+
09737830121566,45.59,4,Not LCFF+
09737830930073,42.86,4,Not LCFF+
09737830930099,81.47,4,LCFF+
10101080109991,88.79,4,LCFF+
10101080111682,29.35,4,Not LCFF+
10101080119628,77.8,4,LCFF+
10101080136291,53.1,2,Not LCFF+
10101081030337,100.0,4,LCFF+
10101081030899,98.58,4,LCFF+
10101086069488,75.42,4,LCFF+
10621170000001,44.3,3,Not LCFF+
10621170110270,84.44,4,LCFF+
10621170113555,22.18,4,Not LCFF+
10621170118018,33.26,4,Not LCFF+
10621171030196,40.83,4,Not LCFF+
10621171030469,46.81,4,Not LCFF+
10621171030501,29.93,4,Not LCFF+
10621171030683,51.91,4,Not LCFF+
10621171031004,74.55,4,Not LCFF+
10621171031053,46.43,4,Not LCFF+
10621251030113,88.68,4,LCFF+
10621251030477,98.68,4,LCFF+
10621251030873,83.33,3,LCFF+
10621251031376,82.15,4,LCFF+
10621580108977,91.94,4,LCFF+
10621580120246,80.8,4,LCFF+
10621581031954,94.27,4,LCFF+
10621581032150,73.56,4,Not LCFF+
10621660000001,54.04,3,Not LCFF+
10621660108555,74.88,4,Not LCFF+
10621660114355,76.7,4,LCFF+
10621660114553,15.06,4,Not LCFF+
10621660120964,95.95,4,LCFF+
10621660132134,79.38,4,LCFF+
10621661030279,61.42,4,Not LCFF+
10621661030287,92.36,4,LCFF+
10621661030295,90.83,4,LCFF+
10621661030584,95.96,4,LCFF+
10621661030642,90.52,4,LCFF+
10621661030675,91.23,4,LCFF+
10621661030717,84.2,4,LCFF+
10621661030840,96.95,4,LCFF+
10621661031632,93.09,4,LCFF+
10621661031897,79.68,4,LCFF+
10621661032507,90.21,4,LCFF+
10621661032911,85.42,4,LCFF+
10621661034214,94.82,4,LCFF+
10621661035831,92.85,4,LCFF+
10621666112619,78.89,4,LCFF+
10622570124727,64.02,4,Not LCFF+
10622571033695,50.35,4,Not LCFF+
10622571033729,86.53,4,LCFF+
10622650000001,100.0,2,LCFF+
10622650108092,94.58,4,LCFF+
10622650116640,74.25,4,Not LCFF+
10622650126292,75.65,4,LCFF+
10622651030378,89.61,4,LCFF+
10622651033703,92.23,4,LCFF+
10622651035310,76.17,4,LCFF+
10622811033950,86.72,4,LCFF+
10623310127175,61.27,1,Not LCFF+
10623310130880,61.99,3,Not LCFF+
10623310137661,61.88,2,Not LCFF+
10623640126870,97.51,4,LCFF+
10623641034990,96.66,4,LCFF+
10623800124982,97.27,2,LCFF+
10623800136499,98.27,3,LCFF+
10623800136754,57.14,2,Not LCFF+
10623800138347,57.14,1,Not LCFF+
10623800138354,93.33,1,LCFF+
10624140000001,0.0,1,Not LCFF+
10624141030451,80.18,4,LCFF+
10624141030766,36.3,4,Not LCFF+
10624141030824,91.34,4,LCFF+
10624141036086,87.21,4,LCFF+
10624141036094,73.59,4,Not LCFF+
10624301030758,84.96,4,LCFF+
10624301036607,86.76,4,LCFF+
10624301036672,76.68,4,LCFF+
10625396112387,89.03,4,LCFF+
10625470120535,80.91,2,LCFF+
10625470127159,85.19,1,LCFF+
10625470135103,57.35,4,Not LCFF+
10625470136523,84.6,3,LCFF+
10738090123950,100.0,3,LCFF+
10738091030121,88.94,4,LCFF+
10738091030147,90.0,4,LCFF+
10739650000001,66.67,3,Not LCFF+
10739650114751,90.64,4,LCFF+
10739651030386,68.89,4,Not LCFF+
10739651030626,63.57,4,Not LCFF+
10739651035112,85.8,4,LCFF+
10739990000001,33.34,2,Not LCFF+
10739991033422,90.54,4,LCFF+
10739991033430,78.11,4,LCFF+
10751271030261,100.0,4,LCFF+
10751271030493,98.59,4,LCFF+
10751271030725,100.0,4,LCFF+
10752341030352,90.81,4,LCFF+
10752341037456,96.81,4,LCFF+
10752751030139,67.01,4,Not LCFF+
10752751036938,38.94,4,Not LCFF+
10754080000001,100.0,1,LCFF+
10754081030253,88.39,4,LCFF+
10754081035575,81.8,4,LCFF+
10755981030535,88.88,4,LCFF+
10755981030543,86.7,4,LCFF+
10767780108993,100.0,4,LCFF+
10767780122473,92.69,4,LCFF+
10767781030774,98.71,4,LCFF+
10767781038298,87.5,4,LCFF+
10767781038306,86.12,4,LCFF+
11101160000001,0.0,1,Not LCFF+
11101160130724,62.9,4,Not LCFF+
11101160130807,28.36,1,Not LCFF+
11101161130087,100.0,1,LCFF+
11101161130103,63.82,4,Not LCFF+
11101166077184,56.53,4,Not LCFF+
11625960139550,77.78,1,LCFF+
11626461136209,70.85,4,Not LCFF+
11626531130046,87.5,4,LCFF+
11626531132109,90.48,4,LCFF+
11626611130038,67.5,4,Not LCFF+
11626611132851,58.01,4,Not LCFF+
11754811130012,86.98,4,LCFF+
11754811130145,90.0,2,LCFF+
11754811135656,66.5,4,Not LCFF+
11765621130053,71.81,4,Not LCFF+
11765621133701,66.78,4,Not LCFF+
12101240106153,89.58,4,LCFF+
12101240106161,90.85,4,LCFF+
12101240106179,86.94,4,LCFF+
12101240106195,100.0,4,LCFF+
12101240106203,100.0,4,LCFF+
12101240134163,30.0,4,Not LCFF+
12101240137364,68.13,2,Not LCFF+
12101246077192,45.26,4,Not LCFF+
12626790127266,40.0,1,Not LCFF+
12626790137653,40.84,2,Not LCFF+
12626870107110,48.92,4,Not LCFF+
12626870124263,65.78,4,Not LCFF+
12626871230044,76.09,4,LCFF+
12626871230051,78.74,4,LCFF+
12626871230705,35.38,4,Not LCFF+
12626871235209,41.28,4,Not LCFF+
12628100000001,0.0,1,Not LCFF+
12628100108688,40.48,4,Not LCFF+
12628101233352,71.4,4,Not LCFF+
12628101233402,52.09,4,Not LCFF+
12629011230028,91.69,4,LCFF+
12629011234004,81.9,4,LCFF+
12629016007967,100.0,1,LCFF+
12629271230150,70.37,1,Not LCFF+
12630320111203,69.13,4,Not LCFF+
12630401230010,77.09,4,LCFF+
12630401237007,49.27,4,Not LCFF+
12753741232909,46.21,4,Not LCFF+
12753821230085,32.12,4,Not LCFF+
12753821230135,76.34,2,LCFF+
12755150137778,66.66,2,Not LCFF+
12755151230150,71.99,3,Not LCFF+
12755151232057,80.55,4,LCFF+
12755151232206,56.68,4,Not LCFF+
13101320131094,94.91,4,LCFF+
13101320134379,96.82,4,LCFF+
13101321330117,100.0,4,LCFF+
13101326069272,66.14,4,Not LCFF+
13630811330141,87.94,4,LCFF+
13630811331354,88.4,4,LCFF+
13630811331404,74.39,4,Not LCFF+
13630990112318,100.0,1,LCFF+
13630991332154,98.08,4,LCFF+
13630991332204,88.63,4,LCFF+
13631071332501,81.26,4,LCFF+
13631150131243,90.98,4,LCFF+
13631151330133,74.27,4,Not LCFF+
13631151333004,76.95,4,LCFF+
13631151333558,86.32,4,LCFF+
13631490125922,16.61,4,Not LCFF+
13631491335306,75.56,4,LCFF+
13631491337138,90.1,4,LCFF+
13631640000001,0.0,1,Not LCFF+
13631641331115,61.1,3,Not LCFF+
13631641335900,45.92,4,Not LCFF+
13632140120881,100.0,3,LCFF+
13632141330018,94.07,4,LCFF+
13632141337609,96.11,4,LCFF+
14101400117994,93.2,4,LCFF+
14101400128447,95.15,4,LCFF+
14101400128454,94.18,4,LCFF+
14101401430073,68.65,4,Not LCFF+
14632480000001,0.0,1,Not LCFF+
14632481431352,80.79,4,LCFF+
14632711430065,50.0,2,Not LCFF+
14632711438308,73.63,4,Not LCFF+
14632891434901,63.84,4,Not LCFF+
14632970000001,0.0,1,Not LCFF+
14632971436203,60.17,4,Not LCFF+
14766870000001,0.0,2,Not LCFF+
14766870119081,41.03,4,Not LCFF+
14766870125047,54.98,4,Not LCFF+
14766871430057,71.95,4,Not LCFF+
14766871430107,83.34,4,LCFF+
14766871431600,45.65,4,Not LCFF+
15101570119669,85.16,4,LCFF+
15101571530302,100.0,4,LCFF+
15101571530310,94.76,4,LCFF+
15101571530492,36.97,4,Not LCFF+
15101576069496,70.09,4,Not LCFF+
15634120100529,87.64,4,LCFF+
15634120116384,94.84,4,LCFF+
15634121531656,95.66,4,LCFF+
15634121531672,93.2,4,LCFF+
15635290000001,7.69,1,Not LCFF+
15635290100198,85.95,4,LCFF+
15635290110999,25.98,4,Not LCFF+
15635290116392,57.05,4,Not LCFF+
15635290116400,92.45,4,LCFF+
15635290125062,87.48,4,LCFF+
15635291530021,90.4,4,LCFF+
15635291530047,92.18,4,LCFF+
15635291530112,74.12,4,Not LCFF+
15635291530252,90.77,4,LCFF+
15635291530344,35.53,4,Not LCFF+
15635291530369,31.61,4,Not LCFF+
15635291530385,70.92,4,Not LCFF+
15635291530435,83.79,4,LCFF+
15635291530476,26.51,4,Not LCFF+
15635291530708,73.49,4,Not LCFF+
15635291532290,84.03,4,LCFF+
15635291532605,86.53,4,LCFF+
15635291533330,69.08,4,Not LCFF+
15635291533538,69.65,4,Not LCFF+
15635291534775,76.54,4,LCFF+
15635291535087,83.04,4,LCFF+
15635291535392,93.98,4,LCFF+
15635291536325,87.47,4,LCFF+
15635291536606,84.54,4,LCFF+
15636280127183,65.56,2,Not LCFF+
15636280127209,69.68,4,Not LCFF+
15636280134312,42.63,4,Not LCFF+
15636280137687,67.19,2,Not LCFF+
15636280138131,45.12,2,Not LCFF+
15636281533843,87.88,4,LCFF+
15636770114512,78.25,4,LCFF+
15636770136259,87.08,3,LCFF+
15636771534460,84.66,1,LCFF+
15636851530997,55.18,4,Not LCFF+
15636851531987,10.11,4,Not LCFF+
15637761530039,77.16,4,LCFF+
15637761530377,73.61,4,Not LCFF+
15637761534957,69.67,4,Not LCFF+
15637766010052,100.0,1,LCFF+
15638180000001,0.0,3,Not LCFF+
15638181530138,83.11,4,LCFF+
15638181535905,63.84,4,Not LCFF+
15638261530245,59.16,4,Not LCFF+
15638261536135,35.36,4,Not LCFF+
15638590000001,100.0,1,LCFF+
15638591530351,87.33,4,LCFF+
15638591536440,81.66,4,LCFF+
15737420000001,100.0,1,LCFF+
15737421530054,80.35,4,LCFF+
15737421531367,49.3,4,Not LCFF+
15737426009328,37.08,4,Not LCFF+
15737426009617,61.15,4,Not LCFF+
15739081530146,94.67,4,LCFF+
15739081530229,73.89,4,Not LCFF+
15739081534155,88.66,4,LCFF+
15751681530401,58.68,4,Not LCFF+
16101651630102,100.0,4,LCFF+
16101651630193,100.0,1,LCFF+
16101656069298,60.79,4,Not LCFF+
16638750101717,78.18,4,LCFF+
16638750112698,55.96,4,Not LCFF+
16638910110858,66.67,3,Not LCFF+
16638910122820,86.78,4,LCFF+
16638911632140,91.29,4,LCFF+
16638911632207,83.75,4,LCFF+
16639250000001,0.0,3,Not LCFF+
16639250118919,54.12,4,Not LCFF+
16639250137901,60.0,2,Not LCFF+
16639251630060,87.45,3,LCFF+
16639251630151,90.32,4,LCFF+
16639251630169,65.47,4,Not LCFF+
16639251634245,83.08,4,LCFF+
16639251634401,66.26,4,Not LCFF+
16639580132860,88.74,2,LCFF+
16639580136556,89.0,3,LCFF+
16639820110205,28.51,4,Not LCFF+
16639820136234,55.95,3,Not LCFF+
16639821630011,74.99,4,Not LCFF+
16639821635606,52.07,4,Not LCFF+
16739321630078,94.95,4,LCFF+
16739321630110,91.67,4,LCFF+
16739321630185,100.0,4,LCFF+
16739321630953,90.92,4,LCFF+
17101730128231,57.88,4,Not LCFF+
17101731730167,82.56,4,LCFF+
17640140138537,78.24,2,LCFF+
17640141730043,70.06,4,Not LCFF+
17640141730159,94.44,3,LCFF+
17640141734359,70.68,4,Not LCFF+
17640146107791,50.0,3,Not LCFF+
17640220107706,79.16,4,LCFF+
17640220132571,74.16,4,Not LCFF+
17640221730027,81.9,4,LCFF+
17640221730118,72.81,4,Not LCFF+
17640221735000,75.94,4,LCFF+
17640300114215,71.43,4,Not LCFF+
17640301730019,79.18,4,LCFF+
17640301730142,27.49,4,Not LCFF+
17640301732304,56.82,4,Not LCFF+
17640550129601,31.4,4,Not LCFF+
17640551730035,70.04,4,Not LCFF+
17640551736008,55.43,4,Not LCFF+
17769760000001,0.0,1,Not LCFF+
17769761730050,80.87,4,LCFF+
17769761730175,100.0,2,LCFF+
17769761737006,74.17,4,Not LCFF+
18101811830058,100.0,3,LCFF+
18101816069934,28.12,4,Not LCFF+
18640891831601,58.14,4,Not LCFF+
18641390131953,85.56,4,LCFF+
18641391833805,32.72,4,Not LCFF+
18641620120287,50.0,1,Not LCFF+
18641620135756,72.17,2,Not LCFF+
18641626010763,76.33,3,LCFF+
18641960135756,61.47,1,Not LCFF+
18642041830132,87.39,1,LCFF+
18642041838507,66.84,4,Not LCFF+
18750360121657,46.36,4,Not LCFF+
18750361833409,61.76,4,Not LCFF+
18750366010763,70.91,1,Not LCFF+
19101990100776,97.22,2,LCFF+
19101990109942,81.54,3,LCFF+
19101990112128,93.82,4,LCFF+
19101990115030,73.58,3,Not LCFF+
19101990115212,85.25,3,LCFF+
19101990121822,100.0,4,LCFF+
19101990121871,100.0,3,LCFF+
19101990121897,100.0,4,LCFF+
19101990121905,100.0,4,LCFF+
19101990121921,100.0,4,LCFF+
19101990121939,100.0,4,LCFF+
19101990121954,100.0,3,LCFF+
19101990121970,100.0,2,LCFF+
19101990121988,100.0,4,LCFF+
19101990121996,100.0,1,LCFF+
19101990122010,100.0,1,LCFF+
19101990122028,100.0,3,LCFF+
19101990122036,100.0,3,LCFF+
19101990122044,100.0,2,LCFF+
19101990122051,100.0,2,LCFF+
19101990122077,100.0,1,LCFF+
19101990123604,100.0,3,LCFF+
19101990127274,54.63,1,Not LCFF+
19101990127522,96.53,4,LCFF+
19101990134346,61.5,4,Not LCFF+
19101990135582,86.74,3,LCFF+
19101990136119,84.81,3,LCFF+
19101990137679,83.74,2,LCFF+
19101990138669,81.33,2,LCFF+
19101991933399,16.47,4,Not LCFF+
19101991995232,61.59,3,Not LCFF+
19101991995257,62.75,1,Not LCFF+
19101991995869,34.1,4,Not LCFF+
19101991996008,82.68,2,LCFF+
19101991996172,97.33,1,LCFF+
19101991996214,91.07,4,LCFF+
19101996119945,87.45,3,LCFF+
19642120000001,29.54,3,Not LCFF+
19642121930056,33.55,4,Not LCFF+
19642121930361,77.44,4,LCFF+
19642121931641,71.37,4,Not LCFF+
19642121931880,22.78,4,Not LCFF+
19642121933159,56.25,4,Not LCFF+
19642121995596,67.71,4,Not LCFF+
19642460000001,27.0,3,Not LCFF+
19642460100081,78.68,4,LCFF+
19642460108407,84.74,4,LCFF+
19642460111872,54.44,4,Not LCFF+
19642460115337,49.75,1,Not LCFF+
19642460126003,29.93,4,Not LCFF+
19642461930213,84.36,4,LCFF+
19642461931732,74.55,4,Not LCFF+
19642461936624,84.28,4,LCFF+
19642461937051,40.02,4,Not LCFF+
19642461995398,65.38,4,Not LCFF+
19642461995406,83.95,4,LCFF+
19642461995844,63.78,4,Not LCFF+
19642461995968,86.86,4,LCFF+
19642461996537,82.86,4,LCFF+
19642461996644,68.88,4,Not LCFF+
19642610000001,20.13,3,Not LCFF+
19642611930288,28.58,4,Not LCFF+
19642611995299,47.72,4,Not LCFF+
19642790000001,46.59,3,Not LCFF+
19642791930528,81.11,4,LCFF+
19642791931765,91.28,4,LCFF+
19642791933449,79.92,4,LCFF+
19642870000001,55.56,3,Not LCFF+
19642870114397,85.68,2,LCFF+
19642871930601,89.0,4,LCFF+
19642871936384,94.6,4,LCFF+
19642871938166,89.1,4,LCFF+
19642871996479,73.3,4,Not LCFF+
19642950000001,55.56,3,Not LCFF+
19642951930700,90.0,4,LCFF+
19642951936491,91.8,4,LCFF+
19643030000001,49.4,3,Not LCFF+
19643030128306,43.66,4,Not LCFF+
19643031930775,75.68,4,LCFF+
19643031935618,54.09,4,Not LCFF+
19643031938190,74.12,4,Not LCFF+
19643031995679,85.68,4,LCFF+
19643110000001,25.0,3,Not LCFF+
19643111930981,16.74,4,Not LCFF+
19643111931021,23.36,3,Not LCFF+
19643290000001,45.78,3,Not LCFF+
19643290130963,30.56,2,Not LCFF+
19643291931088,31.76,4,Not LCFF+
19643291937598,80.96,4,LCFF+
19643291937739,38.35,4,Not LCFF+
19643291995893,86.5,4,LCFF+
19643370000001,25.3,3,Not LCFF+
19643370131573,21.47,4,Not LCFF+
19643371931187,40.92,4,Not LCFF+
19643371931237,31.98,4,Not LCFF+
19643371933332,46.38,4,Not LCFF+
19643371995877,55.4,4,Not LCFF+
19643371996099,79.49,1,LCFF+
19643371996230,76.64,4,LCFF+
19643520000001,57.73,3,Not LCFF+
19643520118521,84.98,4,LCFF+
19643520128488,38.98,4,Not LCFF+
19643520128496,29.49,4,Not LCFF+
19643521930239,81.66,4,LCFF+
19643521933951,88.13,4,LCFF+
19643521934926,84.1,4,LCFF+
19643521935048,87.61,4,LCFF+
19643780000001,26.15,3,Not LCFF+
19643781930312,70.21,4,Not LCFF+
19643781931666,52.02,4,Not LCFF+
19643781995885,36.89,4,Not LCFF+
19643781995927,72.5,4,Not LCFF+
19643940000001,13.89,3,Not LCFF+
19643941931807,65.35,4,Not LCFF+
19643941931823,32.31,4,Not LCFF+
19643941996297,82.25,4,LCFF+
19644360000001,34.6,3,Not LCFF+
19644361931617,78.06,4,LCFF+
19644361932086,70.07,4,Not LCFF+
19644361936418,72.68,4,Not LCFF+
19644361938372,55.68,4,Not LCFF+
19644440000001,19.42,3,Not LCFF+
19644440128322,34.09,4,Not LCFF+
19644441932201,36.67,4,Not LCFF+
19644441932656,54.47,4,Not LCFF+
19644510000001,58.46,3,Not LCFF+
19644510135335,83.15,3,LCFF+
19644511931625,73.58,4,Not LCFF+
19644511932441,65.94,4,Not LCFF+
19644511939164,68.64,4,Not LCFF+
19644690000001,21.67,3,Not LCFF+
19644690128736,72.04,4,Not LCFF+
19644690134858,24.06,3,Not LCFF+
19644690139535,86.89,1,LCFF+
19644691932482,72.72,4,Not LCFF+
19644691936079,88.38,4,LCFF+
19645190000001,70.32,3,Not LCFF+
19645191930320,85.1,4,LCFF+
19645191932664,95.41,4,LCFF+
19645191932680,94.92,4,LCFF+
19645191937481,83.43,4,LCFF+
19645191938919,95.21,4,LCFF+
19645191995661,91.33,4,LCFF+
19645191996123,98.48,4,LCFF+
19645270000001,50.0,3,Not LCFF+
19645270133835,72.6,4,Not LCFF+
19645271932698,72.12,4,Not LCFF+
19645271932706,69.4,4,Not LCFF+
19645350000001,23.81,2,Not LCFF+
19645351930353,28.97,4,Not LCFF+
19645351932763,16.92,4,Not LCFF+
19645680000001,19.22,3,Not LCFF+
19645681932144,24.11,4,Not LCFF+
19645681933472,77.86,4,LCFF+
19645681933530,71.6,4,Not LCFF+
19645681934082,66.48,4,Not LCFF+
19645681995497,36.79,4,Not LCFF+
19645681996131,54.45,4,Not LCFF+
19645681996156,56.43,4,Not LCFF+
19645686099022,40.92,4,Not LCFF+
19645760000001,36.78,3,Not LCFF+
19645761933597,26.48,4,Not LCFF+
19645761939677,52.16,4,Not LCFF+
19645841996305,41.94,4,Not LCFF+
19645920100354,80.09,4,LCFF+
19646340000001,36.31,3,Not LCFF+
19646341934231,85.42,4,LCFF+
19646341934249,95.92,4,LCFF+
19646341936046,82.18,4,LCFF+
19646341996529,77.54,4,LCFF+
19646341996586,93.75,4,LCFF+
19646420136127,38.04,3,Not LCFF+
19646590000001,0.0,3,Not LCFF+
19646591934611,5.94,4,Not LCFF+
19646830000001,5.94,3,Not LCFF+
19646830116129,100.0,1,LCFF+
19646831930080,10.45,4,Not LCFF+
19646831931260,24.14,1,Not LCFF+
19646831931781,12.46,4,Not LCFF+
19646911996438,82.12,4,LCFF+
19647090100602,90.36,4,LCFF+
19647091996313,93.18,4,LCFF+
19647250000001,45.25,3,Not LCFF+
19647250101741,75.0,1,Not LCFF+
19647250125153,83.84,4,LCFF+
19647250127381,46.62,4,Not LCFF+
19647250131938,93.25,4,LCFF+
19647250132324,38.48,4,Not LCFF+
19647250135525,80.13,3,LCFF+
19647251930411,65.82,4,Not LCFF+
19647251934470,86.35,4,LCFF+
19647251934678,59.25,4,Not LCFF+
19647251935758,41.19,4,Not LCFF+
19647251936947,65.32,4,Not LCFF+
19647251937176,86.76,4,LCFF+
19647251939875,62.67,4,Not LCFF+
19647251995539,45.28,4,Not LCFF+
19647251995570,65.85,4,Not LCFF+
19647251995935,86.11,4,LCFF+
19647251996503,61.96,4,Not LCFF+
19647330000001,48.11,3,Not LCFF+
19647330100677,46.36,4,Not LCFF+
19647330100750,93.12,4,LCFF+
19647330100776,89.85,2,LCFF+
19647330100800,94.06,4,LCFF+
19647330101196,78.52,4,LCFF+
19647330101329,96.58,4,LCFF+
19647330101659,96.65,4,LCFF+
19647330101675,94.64,4,LCFF+
19647330101683,60.85,4,Not LCFF+
19647330102137,99.69,4,LCFF+
19647330102434,92.16,4,LCFF+
19647330102541,89.77,4,LCFF+
19647330102764,87.74,4,LCFF+
19647330102913,85.98,4,LCFF+
19647330102921,64.41,4,Not LCFF+
19647330106351,60.06,4,Not LCFF+
19647330106435,96.86,4,LCFF+
19647330106831,87.57,4,LCFF+
19647330106849,96.4,4,LCFF+
19647330106864,97.6,4,LCFF+
19647330106997,91.07,4,LCFF+
19647330107003,71.98,4,Not LCFF+
19647330107011,78.88,4,LCFF+
19647330107755,60.58,4,Not LCFF+
19647330108878,51.16,4,Not LCFF+
19647330108894,97.45,4,LCFF+
19647330108928,49.94,4,Not LCFF+
19647330108936,90.62,4,LCFF+
19647330109322,96.42,4,LCFF+
19647330109447,96.52,4,LCFF+
19647330109454,93.42,4,LCFF+
19647330109462,93.56,4,LCFF+
19647330109512,96.77,4,LCFF+
19647330110304,95.53,4,LCFF+
19647330110668,92.88,4,LCFF+
19647330111484,97.28,4,LCFF+
19647330111492,94.43,4,LCFF+
19647330111500,94.08,4,LCFF+
19647330111575,98.18,4,LCFF+
19647330111583,96.84,4,LCFF+
19647330111625,93.48,4,LCFF+
19647330111641,93.9,4,LCFF+
19647330111658,86.11,4,LCFF+
19647330112029,96.51,4,LCFF+
19647330112037,92.56,4,LCFF+
19647330112045,88.69,4,LCFF+
19647330112052,96.92,4,LCFF+
19647330112508,91.61,4,LCFF+
19647330112870,97.3,4,LCFF+
19647330114850,96.01,4,LCFF+
19647330115030,88.33,1,LCFF+
19647330115212,87.86,1,LCFF+
19647330115253,83.33,4,LCFF+
19647330116509,95.03,4,LCFF+
19647330116954,98.08,4,LCFF+
19647330117051,97.06,4,LCFF+
19647330117069,92.54,4,LCFF+
19647330117077,93.22,4,LCFF+
19647330117598,94.06,4,LCFF+
19647330117606,86.63,4,LCFF+
19647330117622,72.88,4,Not LCFF+
19647330117630,80.24,2,LCFF+
19647330117721,97.01,4,LCFF+
19647330117747,92.1,4,LCFF+
19647330117762,94.96,4,LCFF+
19647330117911,64.74,4,Not LCFF+
19647330118588,97.09,4,LCFF+
19647330119651,94.27,4,LCFF+
19647330119685,94.8,4,LCFF+
19647330119693,92.75,4,LCFF+
19647330119727,73.64,4,Not LCFF+
19647330119966,92.96,4,LCFF+
19647330120071,88.54,4,LCFF+
19647330120360,63.76,4,Not LCFF+
19647330120808,98.0,4,LCFF+
19647330121095,93.33,4,LCFF+
19647330121285,94.79,4,LCFF+
19647330121293,86.72,4,LCFF+
19647330122275,91.2,1,LCFF+
19647330122333,87.01,4,LCFF+
19647330122341,91.55,4,LCFF+
19647330122358,95.12,4,LCFF+
19647330122366,94.62,4,LCFF+
19647330122374,93.93,4,LCFF+
19647330122382,95.62,4,LCFF+
19647330122606,80.92,4,LCFF+
19647330122721,93.4,4,LCFF+
19647330123133,93.81,4,LCFF+
19647330123141,94.38,4,LCFF+
19647330124362,65.59,4,Not LCFF+
19647330124370,83.07,4,LCFF+
19647330124388,90.62,4,LCFF+
19647330124396,85.39,4,LCFF+
19647330124404,89.67,4,LCFF+
19647330124412,95.67,4,LCFF+
19647330124420,90.76,2,LCFF+
19647330124479,95.97,4,LCFF+
19647330124487,96.54,4,LCFF+
19647330124495,95.71,4,LCFF+
19647330124503,97.1,4,LCFF+
19647330124511,96.74,4,LCFF+
19647330124529,80.79,4,LCFF+
19647330124560,98.13,4,LCFF+
19647330124883,96.56,4,LCFF+
19647330124891,94.79,4,LCFF+
19647330124933,77.68,4,LCFF+
19647330124941,92.62,4,LCFF+
19647330125864,84.32,4,LCFF+
19647330125989,98.36,4,LCFF+
19647330126136,93.42,4,LCFF+
19647330126185,88.27,1,LCFF+
19647330126474,95.31,4,LCFF+
19647330126482,91.25,4,LCFF+
19647330126490,93.52,4,LCFF+
19647330126508,92.28,4,LCFF+
19647330126516,92.11,4,LCFF+
19647330126524,92.18,4,LCFF+
19647330126532,95.34,4,LCFF+
19647330126540,88.92,4,LCFF+
19647330126557,88.36,4,LCFF+
19647330126573,95.3,4,LCFF+
19647330126615,73.61,4,Not LCFF+
19647330126623,67.48,4,Not LCFF+
19647330127217,78.32,4,LCFF+
19647330127787,84.44,4,LCFF+
19647330127795,95.83,4,LCFF+
19647330127803,94.79,4,LCFF+
19647330127852,78.62,2,LCFF+
19647330127878,95.78,2,LCFF+
19647330127894,91.67,4,LCFF+
19647330127910,97.02,4,LCFF+
19647330128355,41.18,1,Not LCFF+
19647330129536,87.72,4,LCFF+
19647330129585,97.08,4,LCFF+
19647330129627,93.06,4,LCFF+
19647330129775,93.2,1,LCFF+
19647330130997,99.24,4,LCFF+
19647330131821,92.56,4,LCFF+
19647330132027,93.89,4,LCFF+
19647330132084,89.46,4,LCFF+
19647330132126,86.76,4,LCFF+
19647330132282,88.76,4,LCFF+
19647330132928,87.5,1,LCFF+
19647330133272,79.33,4,LCFF+
19647330133280,71.82,2,Not LCFF+
19647330133298,87.09,4,LCFF+
19647330133603,72.47,4,Not LCFF+
19647330133736,26.23,2,Not LCFF+
19647330133868,89.98,4,LCFF+
19647330135129,0.0,1,Not LCFF+
19647330135632,39.08,3,Not LCFF+
19647330135681,80.06,3,LCFF+
19647330135715,84.72,3,LCFF+
19647330135723,87.08,3,LCFF+
19647330135855,92.03,3,LCFF+
19647330135996,81.82,1,LCFF+
19647330137083,89.12,2,LCFF+
19647330137091,91.05,2,LCFF+
19647330137562,90.28,2,LCFF+
19647330137612,25.79,2,Not LCFF+
19647330139055,54.84,1,Not LCFF+
19647331930064,87.09,4,LCFF+
19647331930296,97.05,4,LCFF+
19647331930387,89.17,4,LCFF+
19647331930403,86.54,4,LCFF+
19647331930429,77.61,4,LCFF+
19647331930486,84.15,4,LCFF+
19647331930551,96.43,4,LCFF+
19647331930577,92.2,4,LCFF+
19647331930619,92.54,4,LCFF+
19647331930650,90.54,4,LCFF+
19647331930692,98.43,4,LCFF+
19647331930734,84.34,4,LCFF+
19647331930783,81.21,4,LCFF+
19647331930791,84.87,4,LCFF+
19647331930866,92.74,4,LCFF+
19647331930924,94.92,4,LCFF+
19647331930940,96.2,4,LCFF+
19647331930973,92.7,4,LCFF+
19647331931047,85.06,4,LCFF+
19647331931336,71.97,4,Not LCFF+
19647331931377,88.5,4,LCFF+
19647331931385,94.04,4,LCFF+
19647331931393,85.36,4,LCFF+
19647331931435,89.23,4,LCFF+
19647331931450,98.57,4,LCFF+
19647331931468,96.53,4,LCFF+
19647331931476,89.2,4,LCFF+
19647331931484,94.81,4,LCFF+
19647331931500,91.89,4,LCFF+
19647331931518,80.88,4,LCFF+
19647331931526,73.27,4,Not LCFF+
19647331931534,95.63,4,LCFF+
19647331931559,90.9,4,LCFF+
19647331931633,79.11,4,LCFF+
19647331931658,98.54,4,LCFF+
19647331931682,92.26,4,LCFF+
19647331931690,80.48,4,LCFF+
19647331931708,70.6,4,Not LCFF+
19647331931716,78.27,4,LCFF+
19647331931856,81.64,4,LCFF+
19647331931864,67.23,4,Not LCFF+
19647331931930,95.96,4,LCFF+
19647331931955,89.69,4,LCFF+
19647331931971,95.21,4,LCFF+
19647331931989,94.96,4,LCFF+
19647331931997,90.62,4,LCFF+
19647331932128,91.76,4,LCFF+
19647331932250,91.31,4,LCFF+
19647331932318,81.89,4,LCFF+
19647331932334,82.52,4,LCFF+
19647331932342,86.69,4,LCFF+
19647331932383,82.18,4,LCFF+
19647331932391,83.08,4,LCFF+
19647331932540,60.95,4,Not LCFF+
19647331932623,32.38,4,Not LCFF+
19647331932821,94.56,4,LCFF+
19647331932847,55.69,4,Not LCFF+
19647331932888,79.6,4,LCFF+
19647331932920,81.82,4,LCFF+
19647331932987,90.7,4,LCFF+
19647331933001,87.27,4,LCFF+
19647331933043,91.57,4,LCFF+
19647331933118,96.67,4,LCFF+
19647331933233,55.71,4,Not LCFF+
19647331933241,89.09,4,LCFF+
19647331933381,92.61,4,LCFF+
19647331933746,50.9,4,Not LCFF+
19647331933795,87.41,4,LCFF+
19647331933852,68.28,4,Not LCFF+
19647331934033,86.41,4,LCFF+
19647331934157,94.14,4,LCFF+
19647331934371,95.18,4,LCFF+
19647331934454,95.88,4,LCFF+
19647331935121,94.79,4,LCFF+
19647331935352,88.51,4,LCFF+
19647331935519,93.98,4,LCFF+
19647331935568,75.51,4,LCFF+
19647331935717,76.74,4,LCFF+
19647331935865,91.4,4,LCFF+
19647331936160,81.2,4,LCFF+
19647331936350,73.19,4,Not LCFF+
19647331937085,96.13,4,LCFF+
19647331937226,84.75,4,LCFF+
19647331937424,96.79,4,LCFF+
19647331937622,91.77,4,LCFF+
19647331937838,65.4,4,Not LCFF+
19647331938307,89.95,4,LCFF+
19647331938554,87.64,4,LCFF+
19647331938612,65.23,4,Not LCFF+
19647331938885,74.12,4,Not LCFF+
19647331938968,80.69,4,LCFF+
19647331939040,70.87,4,Not LCFF+
19647331939107,77.09,4,LCFF+
19647331939305,92.49,4,LCFF+
19647331939479,73.5,4,Not LCFF+
19647331939784,91.57,4,LCFF+
19647331939859,93.06,4,LCFF+
19647331939941,77.01,4,LCFF+
19647331995448,84.39,4,LCFF+
19647331995794,96.1,4,LCFF+
19647331995836,31.65,4,Not LCFF+
19647331996073,93.47,4,LCFF+
19647331996115,74.9,4,Not LCFF+
19647331996610,83.11,4,LCFF+
19647336016885,93.86,4,LCFF+
19647336019475,91.96,4,LCFF+
19647336019715,96.66,4,LCFF+
19647336058002,93.89,4,LCFF+
19647336060461,88.38,4,LCFF+
19647336060495,91.78,4,LCFF+
19647336060503,73.07,4,Not LCFF+
19647336060511,73.18,4,Not LCFF+
19647336060529,95.02,4,LCFF+
19647336060545,94.87,4,LCFF+
19647336060586,100.0,1,LCFF+
19647336061451,90.68,4,LCFF+
19647336061600,93.48,4,LCFF+
19647336069157,79.97,4,LCFF+
19647336116750,76.28,4,LCFF+
19647336119945,87.59,1,LCFF+
19647740000001,73.13,3,Not LCFF+
19647740109538,90.23,4,LCFF+
19647740114777,91.6,4,LCFF+
19647740127845,74.24,2,Not LCFF+
19647741935428,95.46,4,LCFF+
19647741935436,88.9,4,LCFF+
19647746020267,100.0,1,LCFF+
19647900000001,44.03,3,Not LCFF+
19647901935899,72.56,4,Not LCFF+
19647901935923,52.61,4,Not LCFF+
19647901996404,47.65,4,Not LCFF+
19648080000001,37.98,3,Not LCFF+
19648080124552,82.18,4,LCFF+
19648081930155,74.05,4,Not LCFF+
19648081930825,91.2,4,LCFF+
19648081935998,88.37,4,LCFF+
19648081938927,79.3,4,LCFF+
19648081996388,78.76,4,LCFF+
19648400000001,65.84,3,Not LCFF+
19648401933647,85.52,4,LCFF+
19648401934728,52.71,4,Not LCFF+
19648401936467,83.75,4,LCFF+
19648401936475,81.13,4,LCFF+
19648570112714,86.53,4,LCFF+
19648570125377,81.22,4,LCFF+
19648576119580,71.52,2,Not LCFF+
19648650000001,8.8,2,Not LCFF+
19648651933308,29.86,4,Not LCFF+
19648651995588,11.71,4,Not LCFF+
19648651996552,5.88,4,Not LCFF+
19648730000001,60.77,3,Not LCFF+
19648730136705,91.62,2,LCFF+
19648731936749,94.42,4,LCFF+
19648731936756,93.9,4,LCFF+
19648731996107,100.0,4,LCFF+
19648810000001,34.96,3,Not LCFF+
19648810113464,34.52,4,Not LCFF+
19648810113472,0.0,1,Not LCFF+
19648810117440,63.59,4,Not LCFF+
19648810118075,90.35,4,LCFF+
19648811931062,73.47,4,Not LCFF+
19648811931674,60.66,4,Not LCFF+
19648811936103,78.93,4,LCFF+
19648811936806,83.04,4,LCFF+
19648811936822,63.38,4,Not LCFF+
19649070000001,64.87,3,Not LCFF+
19649070115170,85.18,4,LCFF+
19649071933175,93.71,4,LCFF+
19649071933324,93.57,4,LCFF+
19649071936772,92.58,4,LCFF+
19649071937028,90.08,4,LCFF+
19649071995547,97.73,4,LCFF+
19649071995901,66.36,4,Not LCFF+
19649071996495,93.44,4,LCFF+
19649076061634,94.0,4,LCFF+
19649076061642,89.65,4,LCFF+
19649640000001,18.84,3,Not LCFF+
19649641937754,13.82,4,Not LCFF+
19649800000001,3.03,3,Not LCFF+
19649801933373,54.81,4,Not LCFF+
19649801938000,30.59,4,Not LCFF+
19649801995737,12.7,4,Not LCFF+
19650290000001,3.03,3,Not LCFF+
19650291938455,20.8,4,Not LCFF+
19650520000001,38.33,3,Not LCFF+
19650521938679,44.93,4,Not LCFF+
19650521995745,72.98,4,Not LCFF+
19650521995976,42.56,4,Not LCFF+
19650600000001,66.77,3,Not LCFF+
19650600110320,67.93,4,Not LCFF+
19650601936277,45.08,4,Not LCFF+
19650601938083,57.27,4,Not LCFF+
19650601938356,22.17,4,Not LCFF+
19650601938752,36.92,4,Not LCFF+
19650601939602,25.58,4,Not LCFF+
19650940000001,43.89,3,Not LCFF+
19650940112706,58.3,4,Not LCFF+
19650940122432,67.62,4,Not LCFF+
19650940130005,81.82,1,LCFF+
19650940137042,54.14,2,Not LCFF+
19650941938513,74.88,4,Not LCFF+
19650941939537,67.26,4,Not LCFF+
19651280000001,53.94,3,Not LCFF+
19651281930338,85.64,4,LCFF+
19651281931302,74.86,4,Not LCFF+
19651281934868,50.38,4,Not LCFF+
19651281936889,87.11,4,LCFF+
19651281937903,75.44,4,LCFF+
19651281939701,76.0,4,LCFF+
19651281995653,75.62,4,LCFF+
19651360000001,30.49,3,Not LCFF+
19651360102459,51.75,4,Not LCFF+
19651360102475,15.0,4,Not LCFF+
19651360112359,50.71,4,Not LCFF+
19651360114439,69.04,4,Not LCFF+
19651360117234,21.31,4,Not LCFF+
19651360121731,5.15,1,Not LCFF+
19651360138727,29.71,1,Not LCFF+
19651361931492,41.93,4,Not LCFF+
19651361931740,17.8,4,Not LCFF+
19651361932532,11.66,4,Not LCFF+
19651361933902,39.02,4,Not LCFF+
19651361934421,58.82,4,Not LCFF+
19651361995802,15.64,4,Not LCFF+
19651361996263,62.78,4,Not LCFF+
19651361996321,12.76,4,Not LCFF+
19734370000001,68.09,1,Not LCFF+
19734370115725,94.94,3,LCFF+
19734370132969,85.32,4,LCFF+
19734370137257,100.0,1,LCFF+
19734371931567,91.97,4,LCFF+
19734371931963,93.72,4,LCFF+
19734371932326,93.47,4,LCFF+
19734371995695,90.74,4,LCFF+
19734371996040,95.83,3,LCFF+
19734371996057,82.78,4,LCFF+
19734450000001,43.56,3,Not LCFF+
19734450125351,58.08,4,Not LCFF+
19734451933316,79.91,4,LCFF+
19734451934801,87.56,4,LCFF+
19734451935246,66.55,4,Not LCFF+
19734451938935,86.8,4,LCFF+
19734451939834,57.33,4,Not LCFF+
19734451939925,85.19,4,LCFF+
19734451996560,88.89,4,LCFF+
19734520000001,49.54,3,Not LCFF+
19734520111070,69.12,4,Not LCFF+
19734520120600,53.71,4,Not LCFF+
19734521930106,91.78,4,LCFF+
19734521936228,86.73,4,LCFF+
19734521937564,63.74,4,Not LCFF+
19734600000001,31.85,3,Not LCFF+
19734601932862,22.15,4,Not LCFF+
19734601937747,46.17,4,Not LCFF+
19734601939149,26.73,4,Not LCFF+
19752910000001,24.34,3,Not LCFF+
19752911995810,60.26,4,Not LCFF+
19752911996016,68.23,4,Not LCFF+
19752911996081,80.34,4,LCFF+
19753090127100,89.4,4,LCFF+
19753090129411,46.21,3,Not LCFF+
19753090129742,50.13,3,Not LCFF+
19753090130955,59.14,3,Not LCFF+
19753090131201,20.0,1,Not LCFF+
19753090131383,81.05,4,LCFF+
19753090131557,57.7,2,Not LCFF+
19753090131987,26.74,4,Not LCFF+
19753090132654,50.25,4,Not LCFF+
19753090134585,71.18,4,Not LCFF+
19753090134619,86.33,4,LCFF+
19753090135145,58.0,4,Not LCFF+
19753090136531,41.42,3,Not LCFF+
19753090136648,73.26,3,Not LCFF+
19753090137703,32.16,2,Not LCFF+
19753090137786,77.26,2,LCFF+
19753091995786,44.54,4,Not LCFF+
19753330000001,8.2,3,Not LCFF+
19753331935808,6.34,4,Not LCFF+
19753410000001,16.24,3,Not LCFF+
19753410116285,66.52,4,Not LCFF+
19753411937143,18.98,4,Not LCFF+
19753411995752,42.06,4,Not LCFF+
19756636120158,29.83,4,Not LCFF+
19756971996693,68.57,4,Not LCFF+
19757130000001,71.97,3,Not LCFF+
19757131930122,75.4,4,LCFF+
19757131930163,72.07,4,Not LCFF+
19757131934553,60.56,4,Not LCFF+
19757131937697,80.72,4,LCFF+
19757131995430,66.75,4,Not LCFF+
19764970115725,96.09,1,LCFF+
19768690000001,100.0,1,LCFF+
19768690119016,37.44,4,Not LCFF+
19768690119636,47.6,4,Not LCFF+
19768690131128,45.87,4,Not LCFF+
19768690135988,65.15,1,Not LCFF+
19768690138545,30.49,2,Not LCFF+
19768850132928,91.43,3,LCFF+
19769680109926,94.46,4,LCFF+
19769920133900,89.62,4,LCFF+
19772890109942,66.37,1,Not LCFF+
20102070117184,93.3,2,LCFF+
20102072030054,80.0,1,LCFF+
20102072030153,100.0,4,LCFF+
20102072030229,88.37,4,LCFF+
20102076077200,78.19,4,LCFF+
20652010000001,100.0,1,LCFF+
20652012030047,82.55,4,LCFF+
20652012032357,68.74,4,Not LCFF+
20652430000001,75.0,2,Not LCFF+
20652430110965,92.24,4,LCFF+
20652430118950,62.33,4,Not LCFF+
20652430123414,89.72,4,LCFF+
20652430123620,96.92,4,LCFF+
20652430131086,97.74,4,LCFF+
20652432035640,90.81,4,LCFF+
20652432035707,78.13,4,LCFF+
20755800110395,85.42,4,LCFF+
20755800110403,100.0,2,LCFF+
20755800111443,48.38,4,Not LCFF+
20755800123315,82.5,4,LCFF+
20755800134486,37.44,3,Not LCFF+
20755802030161,80.33,4,LCFF+
20755802030203,38.24,4,Not LCFF+
20756060100180,100.0,4,LCFF+
20756060117010,51.48,4,Not LCFF+
20756060125021,34.16,4,Not LCFF+
20756060132936,58.1,4,Not LCFF+
20756066113948,100.0,2,LCFF+
20764140115527,73.34,2,Not LCFF+
20764140115550,48.42,4,Not LCFF+
20764142030013,44.16,4,Not LCFF+
20764142030039,78.16,4,LCFF+
20764142030070,87.5,4,LCFF+
20764142030104,66.45,4,Not LCFF+
20764142030237,33.92,4,Not LCFF+
21102150000001,90.74,3,LCFF+
21102150113183,100.0,4,LCFF+
21102152130037,69.49,4,Not LCFF+
21102152130102,90.23,4,LCFF+
21102156069504,11.31,4,Not LCFF+
21654170000001,16.83,3,Not LCFF+
21654172130045,22.15,4,Not LCFF+
21654172132264,70.27,4,Not LCFF+
21654172132272,36.95,4,Not LCFF+
21654172133056,25.14,4,Not LCFF+
21654660000001,18.52,3,Not LCFF+
21654662133254,78.45,4,LCFF+
21654662133262,63.7,4,Not LCFF+
21654662134005,39.96,4,Not LCFF+
21654820000001,10.4,3,Not LCFF+
21654822130078,9.14,4,Not LCFF+
21654822131340,10.69,4,Not LCFF+
21654822132587,8.48,4,Not LCFF+
21654822133692,10.68,4,Not LCFF+
21654822134419,39.05,4,Not LCFF+
21733612134310,57.64,4,Not LCFF+
21733616024921,0.0,1,Not LCFF+
22102232230100,100.0,1,LCFF+
22102236105308,76.15,4,LCFF+
22655320000001,66.67,3,Not LCFF+
22655322230035,82.24,4,LCFF+
22655322230068,51.0,4,Not LCFF+
22655322230076,70.46,4,Not LCFF+
22655322230084,95.83,4,LCFF+
22655322235356,54.66,4,Not LCFF+
23102310000001,0.0,1,Not LCFF+
23102312330124,100.0,4,LCFF+
23102312330447,88.88,4,LCFF+
23655400000001,100.0,3,LCFF+
23655402330058,83.71,4,LCFF+
23655402330900,80.86,4,LCFF+
23655576116669,60.88,4,Not LCFF+
23655650123737,74.24,3,Not LCFF+
23655652330215,89.05,4,LCFF+
23655652330355,87.97,4,LCFF+
23655652331361,62.32,4,Not LCFF+
23655812330090,61.66,4,Not LCFF+
23655812330306,52.92,4,Not LCFF+
23655812333185,34.61,4,Not LCFF+
23655992330108,59.44,3,Not LCFF+
23655992333649,63.65,4,Not LCFF+
23656072330033,80.09,4,LCFF+
23656072334563,86.13,4,LCFF+
23656076025175,50.0,2,Not LCFF+
23656150000001,38.89,3,Not LCFF+
23656150128280,52.19,4,Not LCFF+
23656152330413,44.31,4,Not LCFF+
23656152330454,83.88,4,LCFF+
23656152334704,86.42,4,LCFF+
23656152335024,69.3,4,Not LCFF+
23656156114581,100.0,2,LCFF+
23656230112300,78.38,4,LCFF+
23656230136887,78.92,2,LCFF+
23656232330066,85.82,2,LCFF+
23656232330314,46.88,1,Not LCFF+
23656232330363,64.28,4,Not LCFF+
23656232335487,67.9,4,Not LCFF+
23738662330041,66.86,4,Not LCFF+
23739162330223,100.0,1,LCFF+
23739162332260,65.69,4,Not LCFF+
23752182330207,42.16,4,Not LCFF+
23752182332724,70.85,4,Not LCFF+
23752186111074,0.0,1,Not LCFF+
24102490000001,100.0,2,LCFF+
24102490106518,73.03,4,Not LCFF+
24102490138032,68.19,2,Not LCFF+
24102492430056,100.0,4,LCFF+
24102492430148,85.86,4,LCFF+
24102492430163,89.8,4,LCFF+
24102492430171,93.61,4,LCFF+
24102496068498,94.02,4,LCFF+
24102496069199,84.17,4,LCFF+
24656982430080,77.72,4,LCFF+
24656982430106,64.38,4,Not LCFF+
24656982432409,54.87,4,Not LCFF+
24657302430064,87.11,4,LCFF+
24657302433001,80.53,4,LCFF+
24657550119073,66.4,4,Not LCFF+
24657550120923,73.22,4,Not LCFF+
24657552431492,87.55,4,LCFF+
24657552434207,62.44,4,Not LCFF+
24657890000001,100.0,1,LCFF+
24657890107672,94.74,4,LCFF+
24657890127373,68.62,4,Not LCFF+
24657892430049,82.17,4,LCFF+
24657892430098,81.24,4,LCFF+
24657892430205,69.19,4,Not LCFF+
24657892430601,78.48,4,LCFF+
24657892433605,82.96,4,LCFF+
24657892435204,74.46,4,Not LCFF+
24657892439602,93.11,4,LCFF+
24736192430031,82.76,4,LCFF+
24736192431807,75.44,4,LCFF+
24753172430015,93.26,4,LCFF+
24753172431203,83.54,4,LCFF+
24753660000001,0.0,1,Not LCFF+
24753660114538,44.44,1,Not LCFF+
24753662430114,84.61,4,LCFF+
24753662430197,79.41,1,LCFF+
25102562530038,100.0,2,LCFF+
25102566069314,80.42,4,LCFF+
25658962537702,56.14,4,Not LCFF+
25735852530020,87.17,4,LCFF+
25735852530111,75.0,4,Not LCFF+
25735852535409,55.76,4,Not LCFF+
25735932530087,95.0,4,LCFF+
25735934737250,76.82,4,LCFF+
26102640124990,99.32,4,LCFF+
26102640126698,83.53,1,LCFF+
26102640128645,41.67,4,Not LCFF+
26102642630028,60.29,4,Not LCFF+
26736682633006,50.63,4,Not LCFF+
26736682635001,57.82,4,Not LCFF+
26736922630010,47.46,4,Not LCFF+
26736922630036,74.43,4,Not LCFF+
27102720125765,28.33,3,Not LCFF+
27102722730117,100.0,4,LCFF+
27102722730232,59.85,4,Not LCFF+
27102722730265,92.82,4,LCFF+
27102726069512,63.88,4,Not LCFF+
27659790135111,65.01,3,Not LCFF+
27659790136010,54.61,2,Not LCFF+
27659790136218,51.78,2,Not LCFF+
27659872730018,36.63,4,Not LCFF+
27659872730414,14.38,4,Not LCFF+
27660680134254,79.63,4,LCFF+
27660682730083,87.42,4,LCFF+
27660682730174,82.94,4,LCFF+
27660682732170,76.91,4,LCFF+
27660920000001,50.0,2,Not LCFF+
27660920111435,65.41,4,Not LCFF+
27660920112896,93.75,4,LCFF+
27660922730240,62.73,4,Not LCFF+
27660922732253,81.64,4,LCFF+
27660922732808,48.12,4,Not LCFF+
27660922735348,74.47,4,Not LCFF+
27661342731115,47.11,4,Not LCFF+
27661342733657,20.2,4,Not LCFF+
27661590000001,60.0,1,Not LCFF+
27661590124610,75.14,4,LCFF+
27661590136697,72.59,1,Not LCFF+
27661592730109,85.98,4,LCFF+
27661592730166,71.8,4,Not LCFF+
27661592730273,94.5,4,LCFF+
27661592733178,72.68,4,Not LCFF+
27661592734481,88.68,4,LCFF+
27661592734556,54.01,4,Not LCFF+
27738252730034,81.03,4,LCFF+
27738252730125,55.02,4,Not LCFF+
27738252730141,86.64,4,LCFF+
27751500118349,51.43,2,Not LCFF+
27751502730133,65.0,4,Not LCFF+
27754400106112,91.15,4,LCFF+
27754402730190,89.41,4,LCFF+
27754732730067,80.9,3,LCFF+
27754732730885,83.04,4,LCFF+
27754736026090,100.0,1,LCFF+
28102802830073,100.0,4,LCFF+
28102802830099,79.62,4,LCFF+
28662410000001,50.0,2,Not LCFF+
28662412830065,72.62,4,Not LCFF+
28662412831758,65.72,4,Not LCFF+
28662660000001,56.55,3,Not LCFF+
28662660101964,30.66,4,Not LCFF+
28662660121087,36.39,4,Not LCFF+
28662660128314,58.34,2,Not LCFF+
28662662830016,40.91,4,Not LCFF+
28662662830115,37.42,4,Not LCFF+
28662662830149,67.63,4,Not LCFF+
28662662835601,53.31,4,Not LCFF+
28662900000001,100.0,1,LCFF+
28662902837102,31.63,4,Not LCFF+
29102980114314,58.36,4,Not LCFF+
29102980116681,84.64,4,LCFF+
29102980116913,100.0,4,LCFF+
29102980126219,43.89,4,Not LCFF+
29102980130823,88.41,4,LCFF+
29102982930147,94.32,4,LCFF+
29663570000001,88.89,3,LCFF+
29663570112367,29.25,4,Not LCFF+
29663570124834,36.36,4,Not LCFF+
29663572930030,44.27,4,Not LCFF+
29663572930048,27.35,4,Not LCFF+
29663572930071,74.83,4,Not LCFF+
29663572930089,47.41,4,Not LCFF+
29663572935500,41.75,4,Not LCFF+
29768776111371,67.65,4,Not LCFF+
30103060126037,65.6,4,Not LCFF+
30103060132910,94.96,4,LCFF+
30103060133959,58.06,3,Not LCFF+
30103060133983,79.82,4,LCFF+
30103060134239,56.0,4,Not LCFF+
30103060134841,84.15,4,LCFF+
30103060134940,35.48,4,Not LCFF+
30103060138800,70.59,1,Not LCFF+
30103063030426,100.0,4,LCFF+
30103063030632,27.3,4,Not LCFF+
30103063030764,82.13,4,LCFF+
30103066069553,26.71,4,Not LCFF+
30664310000001,52.88,3,Not LCFF+
30664313030038,37.33,4,Not LCFF+
30664313030228,88.33,4,LCFF+
30664313030384,65.88,4,Not LCFF+
30664313030616,36.9,4,Not LCFF+
30664313032786,84.98,4,LCFF+
30664313033057,83.03,4,LCFF+
30664313033115,50.28,4,Not LCFF+
30664313033784,83.31,4,LCFF+
30664313034204,87.62,4,LCFF+
30664313036712,82.24,4,LCFF+
30664313038239,80.62,4,LCFF+
30664316066815,73.33,4,Not LCFF+
30664490000001,10.44,3,Not LCFF+
30664493030624,64.5,4,Not LCFF+
30664493030640,29.74,4,Not LCFF+
30664640000001,20.64,3,Not LCFF+
30664640106765,39.18,4,Not LCFF+
30664640113381,28.34,4,Not LCFF+
30664640124131,9.68,4,Not LCFF+
30664643030210,27.62,4,Not LCFF+
30664643030574,18.62,4,Not LCFF+
30664643030756,9.34,4,Not LCFF+
30664643030798,27.58,4,Not LCFF+
30664643035987,67.03,4,Not LCFF+
30664643036001,25.38,4,Not LCFF+
30664643038569,26.68,4,Not LCFF+
30664646120356,38.23,4,Not LCFF+
30665140000001,41.7,3,Not LCFF+
30665143030335,74.25,4,Not LCFF+
30665143030855,80.51,4,LCFF+
30665143032505,53.85,4,Not LCFF+
30665143033362,50.26,4,Not LCFF+
30665143033610,81.34,4,LCFF+
30665143037090,49.68,4,Not LCFF+
30665143037348,35.16,4,Not LCFF+
30665143037496,28.53,4,Not LCFF+
30665220000001,52.5,3,Not LCFF+
30665223030103,88.18,4,LCFF+
30665223030434,77.55,4,LCFF+
30665223032752,69.72,4,Not LCFF+
30665223033578,66.83,4,Not LCFF+
30665223033933,88.52,4,LCFF+
30665223035581,39.03,4,Not LCFF+
30665223035706,76.79,4,LCFF+
30665223036555,85.82,4,LCFF+
30665226028450,0.0,1,Not LCFF+
30665226028468,100.0,1,LCFF+
30665226028559,50.0,1,Not LCFF+
30665226028633,61.85,4,Not LCFF+
30665226104129,67.07,4,Not LCFF+
30665480000001,45.78,3,Not LCFF+
30665483030145,60.99,4,Not LCFF+
30665483030368,26.32,4,Not LCFF+
30665483031895,15.52,4,Not LCFF+
30665483032158,31.7,4,Not LCFF+
30665483032943,17.97,4,Not LCFF+
30665483034410,26.05,4,Not LCFF+
30665483038445,82.0,4,LCFF+
30665483038551,63.9,4,Not LCFF+
30665550000001,22.5,2,Not LCFF+
30665553033206,11.47,4,Not LCFF+
30665970000001,38.6,3,Not LCFF+
30665970111666,64.06,4,Not LCFF+
30665973030186,32.9,4,Not LCFF+
30665973031697,10.02,4,Not LCFF+
30665973031853,64.62,4,Not LCFF+
30665973032000,74.1,4,Not LCFF+
30665973034907,77.0,4,LCFF+
30665973035045,35.46,4,Not LCFF+
30665976029284,100.0,1,LCFF+
30666210000001,29.05,3,Not LCFF+
30666210114769,81.87,4,LCFF+
30666210118174,32.03,4,Not LCFF+
30666213030046,16.21,4,Not LCFF+
30666213031952,49.9,4,Not LCFF+
30666213035409,78.44,4,LCFF+
30666213035748,76.2,4,LCFF+
30666213038098,35.39,4,Not LCFF+
30666216029920,51.79,4,Not LCFF+
30666216061725,75.0,1,Not LCFF+
30666470000001,32.95,3,Not LCFF+
30666470119404,14.81,4,Not LCFF+
30666473030053,23.77,4,Not LCFF+
30666473030483,30.42,4,Not LCFF+
30666473031929,25.84,4,Not LCFF+
30666473031945,76.82,4,LCFF+
30666473038023,57.32,4,Not LCFF+
30666476089478,32.14,4,Not LCFF+
30666476119556,13.04,4,Not LCFF+
30666700000001,78.07,3,LCFF+
30666700106567,86.36,4,LCFF+
30666700108365,72.79,4,Not LCFF+
30666700114736,88.32,4,LCFF+
30666700135897,92.7,3,LCFF+
30666703030475,92.56,4,LCFF+
30666703030491,93.12,4,LCFF+
30666703030608,79.19,4,LCFF+
30666703030723,12.6,4,Not LCFF+
30666703034998,93.04,4,LCFF+
30666703035821,86.77,4,LCFF+
30666703036357,91.97,4,LCFF+
30666703036456,91.67,4,LCFF+
30666706102826,0.0,1,Not LCFF+
30666706115133,95.61,4,LCFF+
30736350000001,37.6,3,Not LCFF+
30736353030061,31.46,4,Not LCFF+
30736353030079,64.51,4,Not LCFF+
30736353030244,39.79,4,Not LCFF+
30736353030392,19.99,4,Not LCFF+
30736353030509,21.04,4,Not LCFF+
30736353034956,25.2,4,Not LCFF+
30736356089510,30.48,4,Not LCFF+
30736430000001,35.78,3,Not LCFF+
30736430102871,25.78,4,Not LCFF+
30736433030590,27.5,4,Not LCFF+
30736433032109,30.71,4,Not LCFF+
30736433032919,75.54,4,LCFF+
30736433037553,69.85,4,Not LCFF+
30736436116305,100.0,1,LCFF+
30736500000001,38.33,3,Not LCFF+
30736500116046,23.27,3,Not LCFF+
30736500133405,25.17,4,Not LCFF+
30736503030129,64.69,4,Not LCFF+
30736503030152,30.96,4,Not LCFF+
30736503030285,26.06,4,Not LCFF+
30736503030467,26.74,4,Not LCFF+
30736503030657,19.38,4,Not LCFF+
30736503035102,25.42,4,Not LCFF+
30739240000001,4.76,3,Not LCFF+
30739243033917,16.73,4,Not LCFF+
30768930130765,76.24,4,LCFF+
31103140113399,67.08,4,Not LCFF+
31103140119214,30.02,3,Not LCFF+
31103140126904,50.36,4,Not LCFF+
31103143130101,100.0,4,LCFF+
31103143130259,91.3,4,LCFF+
31103146069322,14.4,4,Not LCFF+
31668450121418,25.92,3,Not LCFF+
31668520127902,0.0,2,Not LCFF+
31668940000001,11.62,3,Not LCFF+
31668940102293,36.68,4,Not LCFF+
31668940138081,31.96,2,Not LCFF+
31668943130135,30.1,2,Not LCFF+
31668943131687,69.06,4,Not LCFF+
31668943131851,27.98,4,Not LCFF+
31668943132453,14.32,4,Not LCFF+
31668943135704,31.84,4,Not LCFF+
31669280000001,12.7,2,Not LCFF+
31669280116459,50.13,4,Not LCFF+
31669280121418,21.73,1,Not LCFF+
31669280135285,53.33,1,Not LCFF+
31669283130119,25.43,4,Not LCFF+
31669283130176,17.98,4,Not LCFF+
31669283130184,10.07,4,Not LCFF+
31669283130309,60.57,4,Not LCFF+
31669283135308,25.16,4,Not LCFF+
31669283136504,29.29,4,Not LCFF+
31669443130010,43.9,4,Not LCFF+
31669443130077,67.15,4,Not LCFF+
31669443130192,28.33,4,Not LCFF+
31669443138500,32.8,4,Not LCFF+
31669446094502,0.0,1,Not LCFF+
31669510000001,11.43,3,Not LCFF+
31669510122507,41.85,2,Not LCFF+
31669510139246,14.29,1,Not LCFF+
31669513130036,50.39,4,Not LCFF+
31669513130168,49.39,4,Not LCFF+
31669513134657,30.78,4,Not LCFF+
31750850000001,20.0,3,Not LCFF+
31750850108084,17.02,4,Not LCFF+
31750850119487,11.51,4,Not LCFF+
31750850128561,19.6,4,Not LCFF+
31750853130150,14.52,4,Not LCFF+
31750853130200,42.19,4,Not LCFF+
32103220100057,53.21,4,Not LCFF+
32103220108001,25.0,2,Not LCFF+
32669693230034,77.78,3,LCFF+
32669693230042,59.9,4,Not LCFF+
32669693230083,52.85,4,Not LCFF+
32669693232006,44.65,4,Not LCFF+
32669693233509,59.42,4,Not LCFF+
32669693235603,50.98,4,Not LCFF+
32669693236007,31.88,4,Not LCFF+
33103300110833,57.39,4,Not LCFF+
33103300125237,89.24,4,LCFF+
33103300128397,81.25,4,LCFF+
33103300128777,67.04,4,Not LCFF+
33103300134320,92.83,4,LCFF+
33103300137836,48.43,2,Not LCFF+
33103300137869,32.2,2,Not LCFF+
33103300138602,19.95,2,Not LCFF+
33103303330123,100.0,4,LCFF+
33103303331055,89.68,4,LCFF+
33103306069207,75.16,4,LCFF+
33669770000001,41.67,3,Not LCFF+
33669770125732,62.33,4,Not LCFF+
33669770134189,100.0,2,LCFF+
33669770135061,93.64,4,LCFF+
33669773330008,78.18,4,LCFF+
33669773334299,89.21,4,LCFF+
33669773337128,85.91,4,LCFF+
33669850000001,45.83,3,Not LCFF+
33669853330214,84.76,4,LCFF+
33669853330222,78.76,4,LCFF+
33669853330974,70.57,4,Not LCFF+
33669930000001,46.36,3,Not LCFF+
33669930129882,50.68,4,Not LCFF+
33669930139360,44.3,1,Not LCFF+
33669933330479,59.04,4,Not LCFF+
33669933330842,72.13,4,Not LCFF+
33670330000001,20.5,3,Not LCFF+
33670330110106,83.12,4,LCFF+
33670330110627,39.2,4,Not LCFF+
33670330110643,0.0,1,Not LCFF+
33670330110759,38.88,4,Not LCFF+
33670330135574,29.3,3,Not LCFF+
33670333330131,49.33,4,Not LCFF+
33670333330446,53.92,4,Not LCFF+
33670333330586,68.94,4,Not LCFF+
33670333330602,91.48,4,LCFF+
33670333330701,28.71,4,Not LCFF+
33670333331600,65.69,4,Not LCFF+
33670333334232,42.73,4,Not LCFF+
33670336068753,38.42,4,Not LCFF+
33670580114504,72.62,4,Not LCFF+
33670580118885,67.2,4,Not LCFF+
33670583330388,47.38,4,Not LCFF+
33670583330669,56.01,4,Not LCFF+
33670583330909,49.8,4,Not LCFF+
33670583331113,88.95,4,LCFF+
33670583333192,89.07,4,LCFF+
33670820000001,34.09,3,Not LCFF+
33670820106716,71.73,4,Not LCFF+
33670820113159,83.16,4,LCFF+
33670820120675,32.74,4,Not LCFF+
33670820128363,66.67,1,Not LCFF+
33670820132167,92.69,4,LCFF+
33670823330065,86.62,4,LCFF+
33670823330503,76.78,4,LCFF+
33670823330537,86.45,4,LCFF+
33670823332673,69.65,4,Not LCFF+
33670900000001,76.12,3,LCFF+
33670900114157,67.26,4,Not LCFF+
33670900127720,59.0,3,Not LCFF+
33670903330412,76.78,4,LCFF+
33670903330784,90.81,2,LCFF+
33670903334687,81.8,4,LCFF+
33670903337136,81.91,4,LCFF+
33671160109843,25.39,4,Not LCFF+
33671240000001,39.25,3,Not LCFF+
33671240105940,81.47,4,LCFF+
33671240128868,75.46,4,LCFF+
33671243330396,73.09,4,Not LCFF+
33671243330438,70.97,4,Not LCFF+
33671243330685,97.65,4,LCFF+
33671243330800,86.18,4,LCFF+
33671243330958,85.54,4,LCFF+
33671243331071,80.53,4,LCFF+
33671243333762,84.48,4,LCFF+
33671243333770,86.75,4,LCFF+
33671570125245,49.02,1,Not LCFF+
33671573331014,66.03,4,Not LCFF+
33671730000001,50.0,3,Not LCFF+
33671730127316,76.89,4,LCFF+
33671730133090,74.01,4,Not LCFF+
33671733330578,88.62,4,LCFF+
33671733330818,91.01,4,LCFF+
33671733331121,91.37,4,LCFF+
33671733335130,79.66,4,LCFF+
33671810138610,47.44,2,Not LCFF+
33671813331139,80.48,4,LCFF+
33671813335759,68.03,4,Not LCFF+
33672070000001,38.57,3,Not LCFF+
33672070101170,87.04,4,LCFF+
33672070113191,70.9,4,Not LCFF+
33672070134981,59.2,3,Not LCFF+
33672070137620,89.16,2,LCFF+
33672073330172,82.74,4,LCFF+
33672073330727,52.96,4,Not LCFF+
33672073330776,92.31,1,LCFF+
33672073335973,91.62,4,LCFF+
33672150000001,45.24,3,Not LCFF+
33672150115709,36.12,4,Not LCFF+
33672150131359,31.26,4,Not LCFF+
33672150132498,34.35,4,Not LCFF+
33672153330024,72.64,4,Not LCFF+
33672153330362,53.31,4,Not LCFF+
33672153330511,79.31,4,LCFF+
33672153330677,74.11,4,Not LCFF+
33672153330859,34.68,4,Not LCFF+
33672153334406,76.84,4,LCFF+
33672153336237,56.3,4,Not LCFF+
33672153336492,82.72,4,LCFF+
33672153336955,92.9,4,LCFF+
33672156032767,73.66,2,Not LCFF+
33672490000001,60.19,3,Not LCFF+
33672493331006,70.94,4,Not LCFF+
33672493337649,81.78,4,LCFF+
33672493337656,77.74,4,LCFF+
33672496114748,57.39,4,Not LCFF+
33736760100255,94.4,4,LCFF+
33736760121673,93.86,4,LCFF+
33736763330032,95.96,4,LCFF+
33736763330354,92.22,4,LCFF+
33736763330990,87.84,4,LCFF+
33751760000001,30.56,3,Not LCFF+
33751760107920,75.52,4,LCFF+
33751760116343,56.09,4,Not LCFF+
33751763330115,73.73,4,Not LCFF+
33751763330487,54.28,4,Not LCFF+
33751763332350,63.32,4,Not LCFF+
33751920000001,25.76,3,Not LCFF+
33751920105734,18.9,4,Not LCFF+
33751923330370,27.86,4,Not LCFF+
33751923330495,41.42,4,Not LCFF+
33751923330636,26.61,4,Not LCFF+
33751923330743,29.94,4,Not LCFF+
33751923330917,20.24,4,Not LCFF+
33752000000001,39.26,3,Not LCFF+
33752000100420,30.26,4,Not LCFF+
33752000102079,39.62,4,Not LCFF+
33752000118794,35.25,4,Not LCFF+
33752003330529,26.15,4,Not LCFF+
33752420000001,65.2,3,Not LCFF+
33752420109108,82.62,4,LCFF+
33752420109652,89.18,4,LCFF+
33752420123190,69.68,4,Not LCFF+
33752420133306,80.49,4,LCFF+
33752423330552,74.88,4,Not LCFF+
33752423330560,83.25,4,LCFF+
33769430132522,72.94,4,Not LCFF+
34103480106229,69.18,4,Not LCFF+
34103480106237,85.7,4,LCFF+
34103480106245,82.2,4,LCFF+
34103480106278,100.0,4,LCFF+
34103480106294,51.49,4,Not LCFF+
34103480106302,62.82,4,Not LCFF+
34103480118745,74.34,4,Not LCFF+
34103480136275,61.44,3,Not LCFF+
34673140000001,40.79,3,Not LCFF+
34673140105916,69.77,4,Not LCFF+
34673140108753,28.61,4,Not LCFF+
34673140116897,32.16,4,Not LCFF+
34673140137281,65.86,2,Not LCFF+
34673143430170,92.97,4,LCFF+
34673143430311,65.58,4,Not LCFF+
34673143430329,77.34,4,LCFF+
34673143430352,57.34,4,Not LCFF+
34673143430477,91.84,4,LCFF+
34673143430535,54.17,1,Not LCFF+
34673143430592,46.78,4,Not LCFF+
34673143430618,58.76,4,Not LCFF+
34673143430873,36.77,4,Not LCFF+
34673143432002,85.4,4,LCFF+
34673143432572,37.4,4,Not LCFF+
34673146032999,79.23,2,LCFF+
34673146112254,42.69,4,Not LCFF+
34673220127860,67.8,4,Not LCFF+
34673300000001,31.66,3,Not LCFF+
34673300113571,7.97,4,Not LCFF+
34673303430501,40.56,4,Not LCFF+
34673303430667,83.1,4,LCFF+
34673303430709,38.95,4,Not LCFF+
34673303431533,69.32,4,Not LCFF+
34673303433216,16.38,4,Not LCFF+
34673303434792,79.88,4,LCFF+
34673550000001,58.33,3,Not LCFF+
34673550119131,50.66,4,Not LCFF+
34673553432903,81.7,4,LCFF+
34673553433471,67.96,4,Not LCFF+
34674130000001,0.0,3,Not LCFF+
34674130107383,66.67,4,Not LCFF+
34674130112078,60.34,4,Not LCFF+
34674133430469,65.08,4,Not LCFF+
34674133430550,79.82,4,LCFF+
34674134835302,50.87,4,Not LCFF+
34674135731708,58.37,4,Not LCFF+
34674210132019,79.22,4,LCFF+
34674210137950,89.96,2,LCFF+
34674390000001,51.97,3,Not LCFF+
34674390101881,71.04,4,Not LCFF+
34674390101899,46.08,4,Not LCFF+
34674390101907,56.7,4,Not LCFF+
34674390101972,70.95,4,Not LCFF+
34674390102038,73.05,4,Not LCFF+
34674390108951,79.65,4,LCFF+
34674390114546,66.63,4,Not LCFF+
34674390137406,89.56,2,LCFF+
34674390137844,83.33,1,LCFF+
34674393430154,89.65,4,LCFF+
34674393430519,78.82,4,LCFF+
34674393430865,57.81,4,Not LCFF+
34674393431012,87.92,4,LCFF+
34674393434636,85.25,4,LCFF+
34674393434768,60.89,4,Not LCFF+
34674393435419,58.6,4,Not LCFF+
34674396061832,66.54,4,Not LCFF+
34674470000001,51.73,3,Not LCFF+
34674470121467,88.14,4,LCFF+
34674470133975,68.63,3,Not LCFF+
34674470135772,31.12,3,Not LCFF+
34674473430048,66.43,4,Not LCFF+
34674473430097,71.61,4,Not LCFF+
34674473430386,49.51,4,Not LCFF+
34674473430394,78.25,4,LCFF+
34674473430493,27.01,4,Not LCFF+
34674473430691,68.2,4,Not LCFF+
34674473430717,58.53,4,Not LCFF+
34674473430758,50.44,4,Not LCFF+
34674473431111,35.63,4,Not LCFF+
34674473432051,49.62,4,Not LCFF+
34674473432317,48.8,4,Not LCFF+
34674473432838,95.15,4,LCFF+
34674473435930,53.49,4,Not LCFF+
34674473436714,22.74,4,Not LCFF+
34674473438504,78.84,4,LCFF+
34674476034664,56.36,4,Not LCFF+
34674476034938,36.52,4,Not LCFF+
34674476104244,83.33,1,LCFF+
34739730000001,32.78,3,Not LCFF+
34739730106377,58.06,1,Not LCFF+
34739733430378,60.23,4,Not LCFF+
34739733430451,65.88,4,Not LCFF+
34752830000001,23.41,3,Not LCFF+
34752830102236,50.58,4,Not LCFF+
34752830112425,44.44,4,Not LCFF+
34752830126060,55.18,4,Not LCFF+
34752833430584,73.62,4,Not LCFF+
34752833430626,71.4,4,Not LCFF+
34752833430659,24.71,4,Not LCFF+
34765050000001,50.95,3,Not LCFF+
34765050100487,100.0,1,LCFF+
34765050101832,86.97,4,LCFF+
34765050108415,64.54,4,Not LCFF+
34765050108795,74.31,4,Not LCFF+
34765050108837,85.9,4,LCFF+
34765050114272,80.21,4,LCFF+
34765050125203,100.0,4,LCFF+
34765050130757,81.38,4,LCFF+
34765050139584,92.86,1,LCFF+
34765053430261,88.65,4,LCFF+
34765053430634,80.4,4,LCFF+
34765053430881,85.96,4,LCFF+
34765053433265,82.55,4,LCFF+
34765053433794,87.2,4,LCFF+
34765053434370,86.15,4,LCFF+
34765053436979,79.26,4,LCFF+
34765056069736,86.88,4,LCFF+
34769350132480,59.03,2,Not LCFF+
35103550132308,93.75,4,LCFF+
35103553530037,83.95,4,LCFF+
35103553530045,100.0,4,LCFF+
35675380000001,0.0,1,Not LCFF+
35675383530029,80.24,4,LCFF+
35675383537008,54.9,4,Not LCFF+
35752590000001,0.0,1,Not LCFF+
35752593530060,59.21,4,Not LCFF+
36103630107466,92.28,4,LCFF+
36103633630431,100.0,4,LCFF+
36103633630761,50.72,2,Not LCFF+
36103636069348,68.02,4,Not LCFF+
36675870120592,86.93,1,LCFF+
36675870128462,86.52,4,LCFF+
36676110000001,27.78,3,Not LCFF+
36676110124628,87.85,4,LCFF+
36676113630712,86.15,4,LCFF+
36676113630803,71.29,4,Not LCFF+
36676373630290,96.25,4,LCFF+
36676373631066,66.64,4,Not LCFF+
36676520000001,33.67,3,Not LCFF+
36676520126243,44.36,4,Not LCFF+
36676523630225,53.76,4,Not LCFF+
36676523630373,42.32,4,Not LCFF+
36676523630571,41.84,4,Not LCFF+
36676523630845,75.98,4,LCFF+
36676523631058,34.16,4,Not LCFF+
36676523631157,74.05,4,Not LCFF+
36676523632205,86.95,4,LCFF+
36676523633906,87.36,4,LCFF+
36676523634482,86.46,4,LCFF+
36676523637659,81.63,4,LCFF+
36676780000001,40.62,1,Not LCFF+
36676783630035,68.84,4,Not LCFF+
36676783630522,27.82,4,Not LCFF+
36676783631017,31.39,4,Not LCFF+
36676783631181,79.44,4,LCFF+
36676783631587,95.05,4,LCFF+
36676783631769,72.0,4,Not LCFF+
36676783632502,67.5,4,Not LCFF+
36676860000001,50.95,3,Not LCFF+
36676860125500,67.52,4,Not LCFF+
36676863630399,79.0,4,LCFF+
36676863631322,82.36,4,LCFF+
36676863632742,81.16,4,LCFF+
36676863636131,81.19,4,LCFF+
36677100000001,69.43,3,Not LCFF+
36677100108191,67.2,4,Not LCFF+
36677100120758,82.58,4,LCFF+
36677103630019,92.69,4,LCFF+
36677103630480,92.98,4,LCFF+
36677103630555,88.71,4,LCFF+
36677103630902,81.98,4,LCFF+
36677103633302,90.64,4,LCFF+
36677360116723,54.35,4,Not LCFF+
36677360128439,48.89,4,Not LCFF+
36677360130948,63.98,4,Not LCFF+
36677360131151,90.29,2,LCFF+
36677360136069,38.92,3,Not LCFF+
36677360136937,87.98,2,LCFF+
36677360139576,46.15,1,Not LCFF+
36677770000001,51.85,3,Not LCFF+
36677773630217,81.78,4,LCFF+
36677773636743,62.86,4,Not LCFF+
36677773638616,64.7,4,Not LCFF+
36677776106579,50.0,4,Not LCFF+
36678010132720,84.56,4,LCFF+
36678013630266,87.66,4,LCFF+
36678013634169,67.16,4,Not LCFF+
36678270111807,81.14,3,LCFF+
36678270113928,70.72,4,Not LCFF+
36678270137174,88.38,2,LCFF+
36678270137182,76.48,2,LCFF+
36678270137190,88.2,2,LCFF+
36678270137208,89.46,2,LCFF+
36678270137216,89.39,2,LCFF+
36678270137224,75.8,2,LCFF+
36678270137232,82.86,2,LCFF+
36678430000001,25.76,3,Not LCFF+
36678430118802,56.18,4,Not LCFF+
36678430127837,26.38,4,Not LCFF+
36678433630779,53.7,4,Not LCFF+
36678433630928,17.74,4,Not LCFF+
36678433634995,86.72,4,LCFF+
36678433635042,51.78,4,Not LCFF+
36678500000001,60.17,3,Not LCFF+
36678500102830,77.52,4,LCFF+
36678503630159,84.94,4,LCFF+
36678503630530,81.14,4,LCFF+
36678503630597,88.08,4,LCFF+
36678503633005,89.59,4,LCFF+
36678680000001,17.78,3,Not LCFF+
36678683630241,68.7,4,Not LCFF+
36678683635265,48.77,4,Not LCFF+
36678760000001,67.21,3,Not LCFF+
36678760107730,93.22,4,LCFF+
36678760109850,83.41,4,LCFF+
36678760120568,78.93,4,LCFF+
36678760125450,93.49,4,LCFF+
36678760128405,64.38,1,Not LCFF+
36678760136952,71.3,2,Not LCFF+
36678763630308,91.65,4,LCFF+
36678763630548,84.74,4,LCFF+
36678763630993,90.98,4,LCFF+
36678763631082,92.07,4,LCFF+
36678763631090,83.42,4,LCFF+
36678763632221,76.27,4,LCFF+
36678763632809,91.76,4,LCFF+
36678763634680,90.63,4,LCFF+
36678763635844,92.24,4,LCFF+
36678763636081,88.72,4,LCFF+
36678766036990,83.74,4,LCFF+
36678920134247,71.71,3,Not LCFF+
36678920138321,76.47,1,LCFF+
36678923636487,71.4,4,Not LCFF+
36679340000001,14.28,2,Not LCFF+
36679340110064,75.14,4,LCFF+
36679340125419,86.39,4,LCFF+
36679340137638,92.85,2,LCFF+
36679340138123,79.63,2,LCFF+
36679343630100,87.55,4,LCFF+
36679343630670,82.34,4,LCFF+
36679343630761,53.79,2,Not LCFF+
36679343630787,82.54,4,LCFF+
36679343638012,90.18,4,LCFF+
36679346059554,100.0,2,LCFF+
36679346059562,90.18,2,LCFF+
36679346114698,81.64,4,LCFF+
36679590000001,16.66,2,Not LCFF+
36679590101410,88.37,4,LCFF+
36679590101816,50.81,3,Not LCFF+
36679590119164,90.0,2,LCFF+
36679593633351,67.58,4,Not LCFF+
36679593638509,46.35,4,Not LCFF+
36679596110357,100.0,1,LCFF+
36738583630076,78.87,4,LCFF+
36738900118109,83.34,2,LCFF+
36738903630274,53.13,4,Not LCFF+
36738903630282,76.27,4,LCFF+
36738903631199,61.75,4,Not LCFF+
36739573630233,63.58,4,Not LCFF+
36739573630365,79.41,4,LCFF+
36739573630589,38.9,4,Not LCFF+
36739573631108,80.6,4,LCFF+
36750440000001,60.0,3,Not LCFF+
36750440107516,82.2,4,LCFF+
36750440114389,66.47,4,Not LCFF+
36750440115444,82.22,4,LCFF+
36750440116707,54.44,4,Not LCFF+
36750440119115,65.08,4,Not LCFF+
36750443630407,81.16,4,LCFF+
36750443630472,86.81,4,LCFF+
36750443630746,71.39,4,Not LCFF+
36750443630811,65.47,4,Not LCFF+
36750443630944,88.91,4,LCFF+
36750510000001,0.0,1,Not LCFF+
36750510115089,34.01,4,Not LCFF+
36750510136432,89.55,3,LCFF+
36750510136960,72.56,2,Not LCFF+
36750510137794,31.78,2,Not LCFF+
36750510138107,78.6,2,LCFF+
36750510139188,46.12,1,Not LCFF+
36750510139618,82.43,1,LCFF+
36750513630563,84.42,4,LCFF+
36750513630696,87.78,4,LCFF+
36750690000001,27.98,3,Not LCFF+
36750693630456,78.68,4,LCFF+
36750693637584,53.93,4,Not LCFF+
36750696037253,0.0,1,Not LCFF+
36750696037295,50.0,2,Not LCFF+
36750770000001,56.44,3,Not LCFF+
36750773630423,58.77,4,Not LCFF+
36750773630894,71.5,4,Not LCFF+
36750773631009,84.23,4,LCFF+
36750773631207,32.82,4,Not LCFF+
37103710115998,100.0,4,LCFF+
37103710120493,100.0,4,LCFF+
37103710128520,88.01,4,LCFF+
37103710128538,100.0,4,LCFF+
37103710136192,20.94,3,Not LCFF+
37103710137752,32.2,2,Not LCFF+
37103710138016,0.0,1,Not LCFF+
37103710138792,36.73,1,Not LCFF+
37103711996545,41.76,4,Not LCFF+
37103716069355,36.65,4,Not LCFF+
37103716119119,37.34,4,Not LCFF+
37679830117887,35.0,1,Not LCFF+
37679830131144,97.39,2,LCFF+
37679830134890,79.58,4,LCFF+
37679830136457,72.73,1,Not LCFF+
37679833730447,89.61,4,LCFF+
37680230138073,58.47,2,Not LCFF+
37680236037980,62.22,4,Not LCFF+
37680236115778,73.75,4,Not LCFF+
37680310000001,5.56,3,Not LCFF+
37680313731478,8.34,4,Not LCFF+
37680490119990,72.54,2,Not LCFF+
37680490129221,47.2,4,Not LCFF+
37680490131169,55.91,3,Not LCFF+
37680490132506,39.42,4,Not LCFF+
37680490136416,45.88,3,Not LCFF+
37680490136614,84.23,3,LCFF+
37680490136747,61.41,2,Not LCFF+
37680490138313,43.04,1,Not LCFF+
37680496119564,29.59,3,Not LCFF+
37681060000001,40.95,3,Not LCFF+
37681060111195,15.35,4,Not LCFF+
37681060127241,53.84,4,Not LCFF+
37681060137034,66.94,2,Not LCFF+
37681063730058,58.56,4,Not LCFF+
37681063731023,38.89,4,Not LCFF+
37681063732054,89.12,4,LCFF+
37681063732062,73.54,4,Not LCFF+
37681063735313,87.5,4,LCFF+
37681220000001,25.0,2,Not LCFF+
37681223730967,36.42,4,Not LCFF+
37681223732179,62.87,4,Not LCFF+
37681223732195,68.84,4,Not LCFF+
37681300000001,38.34,3,Not LCFF+
37681300128793,65.2,4,Not LCFF+
37681300128819,92.63,4,LCFF+
37681300132548,58.82,4,Not LCFF+
37681300139063,54.84,1,Not LCFF+
37681303730066,55.76,4,Not LCFF+
37681303730702,34.84,4,Not LCFF+
37681303731262,35.13,4,Not LCFF+
37681303731486,76.9,4,LCFF+
37681303731536,34.39,4,Not LCFF+
37681303731692,92.81,4,LCFF+
37681303731809,51.14,4,Not LCFF+
37681303732336,51.26,4,Not LCFF+
37681303732559,79.78,4,LCFF+
37681303732625,55.3,4,Not LCFF+
37681303732732,59.5,4,Not LCFF+
37681303734548,76.78,4,LCFF+
37681303734761,80.04,4,LCFF+
37681303737905,43.68,4,Not LCFF+
37681556117303,47.42,4,Not LCFF+
37681630124271,84.18,2,LCFF+
37681630128421,61.8,4,Not LCFF+
37681630137109,83.2,2,LCFF+
37681630138628,9.52,2,Not LCFF+
37681630139402,50.0,1,Not LCFF+
37681633731239,29.73,4,Not LCFF+
37681713733219,50.86,4,Not LCFF+
37681890118323,62.22,3,Not LCFF+
37681893731072,12.78,4,Not LCFF+
37682130000001,33.33,3,Not LCFF+
37682130119560,45.28,3,Not LCFF+
37682130123224,64.18,4,Not LCFF+
37682130123240,37.83,2,Not LCFF+
37682130127084,55.68,4,Not LCFF+
37682130129668,69.89,4,Not LCFF+
37682130136978,45.53,2,Not LCFF+
37682130138636,53.55,2,Not LCFF+
37682133730934,85.62,4,LCFF+
37682133730991,51.98,4,Not LCFF+
37682133731080,86.11,3,LCFF+
37682133734878,69.33,4,Not LCFF+
37682210132621,100.0,1,LCFF+
37682960000001,15.57,3,Not LCFF+
37682960118935,11.58,4,Not LCFF+
37682963730074,24.56,4,Not LCFF+
37682963730819,18.3,4,Not LCFF+
37682963731528,15.36,4,Not LCFF+
37682963735842,47.59,4,Not LCFF+
37682963735867,24.85,4,Not LCFF+
37683040000001,25.0,3,Not LCFF+
37683040102178,49.13,4,Not LCFF+
37683040131250,20.21,4,Not LCFF+
37683043735958,51.56,4,Not LCFF+
37683043735974,35.12,4,Not LCFF+
37683046105563,0.0,2,Not LCFF+
37683380000001,40.99,3,Not LCFF+
37683380106732,44.59,4,Not LCFF+
37683380106799,47.27,4,Not LCFF+
37683380107029,52.4,4,Not LCFF+
37683380107052,82.88,4,LCFF+
37683380107078,77.01,4,LCFF+
37683380107086,77.24,4,LCFF+
37683380107094,76.28,4,LCFF+
37683380107102,75.95,4,LCFF+
37683380107177,92.22,4,LCFF+
37683380107219,81.83,4,LCFF+
37683380107482,45.48,4,Not LCFF+
37683380108787,45.82,4,Not LCFF+
37683380114025,88.19,4,LCFF+
37683380114462,72.42,4,Not LCFF+
37683380114520,98.1,1,LCFF+
37683380118000,47.62,1,Not LCFF+
37683380118315,85.0,4,LCFF+
37683380118851,98.26,4,LCFF+
37683380119610,83.94,4,LCFF+
37683380120410,36.75,4,Not LCFF+
37683380122788,34.88,4,Not LCFF+
37683380124347,100.0,4,LCFF+
37683380126938,67.3,4,Not LCFF+
37683380127647,72.04,4,Not LCFF+
37683380128744,56.82,2,Not LCFF+
37683380131979,80.48,4,LCFF+
37683380135913,52.14,3,Not LCFF+
37683380136663,92.78,3,LCFF+
37683380137802,83.04,2,LCFF+
37683383730116,59.8,2,Not LCFF+
37683383730173,53.0,4,Not LCFF+
37683383730181,46.86,4,Not LCFF+
37683383730231,82.99,4,LCFF+
37683383730314,41.25,4,Not LCFF+
37683383730363,58.4,4,Not LCFF+
37683383730371,50.13,4,Not LCFF+
37683383730751,20.63,4,Not LCFF+
37683383730884,16.36,4,Not LCFF+
37683383730959,71.65,4,Not LCFF+
37683383731056,76.67,4,LCFF+
37683383731130,84.64,4,LCFF+
37683383731189,93.79,4,LCFF+
37683383731213,54.32,4,Not LCFF+
37683383731247,40.85,4,Not LCFF+
37683383731395,62.86,4,Not LCFF+
37683383732781,40.04,4,Not LCFF+
37683383732997,91.69,4,LCFF+
37683383733508,25.96,4,Not LCFF+
37683383733698,68.98,4,Not LCFF+
37683383734431,58.35,4,Not LCFF+
37683383734654,79.55,4,LCFF+
37683383735750,37.78,4,Not LCFF+
37683383737962,95.84,4,LCFF+
37683386040083,82.78,4,LCFF+
37683386061964,66.03,4,Not LCFF+
37683460000001,12.19,3,Not LCFF+
37683460106328,6.17,4,Not LCFF+
37683463730033,13.98,4,Not LCFF+
37683463731007,12.43,4,Not LCFF+
37683463737384,29.28,4,Not LCFF+
37683463737418,14.13,4,Not LCFF+
37684030125401,63.82,4,Not LCFF+
37684036120893,53.19,4,Not LCFF+
37684110000001,38.46,3,Not LCFF+
37684110111831,29.33,4,Not LCFF+
37684110115873,69.26,4,Not LCFF+
37684113730124,84.46,4,LCFF+
37684113730405,41.6,4,Not LCFF+
37684113730801,82.46,4,LCFF+
37684113730843,25.13,4,Not LCFF+
37684113731064,80.48,4,LCFF+
37684113731155,71.82,4,Not LCFF+
37684113731304,92.59,4,LCFF+
37684113731460,92.8,4,LCFF+
37684113731502,84.32,4,LCFF+
37684113731627,36.25,4,Not LCFF+
37684113732047,81.84,4,LCFF+
37684113732849,61.91,4,Not LCFF+
37684113733953,68.68,4,Not LCFF+
37684113738226,84.53,4,LCFF+
37684113738234,74.98,4,Not LCFF+
37684116059778,82.14,4,LCFF+
37684116117154,80.19,4,LCFF+
37684370128470,66.86,2,Not LCFF+
37684520000001,12.82,3,Not LCFF+
37684520106120,94.75,4,LCFF+
37684520114264,50.31,4,Not LCFF+
37684520115451,83.55,4,LCFF+
37684520118430,26.82,4,Not LCFF+
37684520124917,45.63,4,Not LCFF+
37684520126300,46.51,4,Not LCFF+
37684523730207,64.85,4,Not LCFF+
37684523730728,57.17,4,Not LCFF+
37684523730942,59.11,4,Not LCFF+
37684523732039,89.44,4,LCFF+
37684523738705,68.04,4,Not LCFF+
37735510000001,17.46,3,Not LCFF+
37735510107557,0.0,1,Not LCFF+
37735510127423,19.78,4,Not LCFF+
37735513730017,54.25,4,Not LCFF+
37735513730694,24.11,4,Not LCFF+
37735513731163,14.49,4,Not LCFF+
37735690000001,9.53,3,Not LCFF+
37735690136267,22.24,3,Not LCFF+
37735693731221,59.22,4,Not LCFF+
37735693735206,66.88,4,Not LCFF+
37735693739018,51.68,4,Not LCFF+
37735693739026,80.97,4,LCFF+
37737910000001,7.66,3,Not LCFF+
37737910105726,45.06,4,Not LCFF+
37737910109785,48.5,2,Not LCFF+
37737910138222,45.14,2,Not LCFF+
37737913730215,66.0,4,Not LCFF+
37737913730793,58.38,4,Not LCFF+
37737913737632,34.12,4,Not LCFF+
37754160132472,42.26,4,Not LCFF+
37754160138651,70.27,1,Not LCFF+
37754160139378,34.62,1,Not LCFF+
37754160139386,31.03,1,Not LCFF+
37754160139451,89.66,1,LCFF+
37754163730975,85.58,4,LCFF+
37754166119275,87.56,4,LCFF+
37756140000001,0.0,2,Not LCFF+
37756143731114,48.15,4,Not LCFF+
37756143731312,80.52,4,LCFF+
37756143731601,47.3,4,Not LCFF+
37764710114678,54.37,4,Not LCFF+
37764710114694,43.88,4,Not LCFF+
37764710137067,45.74,2,Not LCFF+
37768510000001,0.0,3,Not LCFF+
37768510129320,45.0,4,Not LCFF+
37768510132886,67.97,2,Not LCFF+
37769010134429,65.19,3,Not LCFF+
37770320134577,57.84,4,Not LCFF+
37770990136077,68.48,3,Not LCFF+
37771070136473,76.27,3,LCFF+
37771560137323,68.99,2,Not LCFF+
38103890000001,45.05,3,Not LCFF+
38103893830361,100.0,4,LCFF+
38103893830395,97.59,4,LCFF+
38103893830445,74.76,4,Not LCFF+
38103896069561,43.53,4,Not LCFF+
38684780101774,18.5,4,Not LCFF+
38684780102103,73.86,4,Not LCFF+
38684780107300,72.5,4,Not LCFF+
38684780118133,18.98,4,Not LCFF+
38684780118141,34.2,4,Not LCFF+
38684780119875,99.26,4,LCFF+
38684780119958,57.81,4,Not LCFF+
38684780127530,85.66,4,LCFF+
38684780128876,51.13,1,Not LCFF+
38684783830031,77.98,4,LCFF+
38684783830064,80.24,4,LCFF+
38684783830197,53.7,4,Not LCFF+
38684783830205,56.05,4,Not LCFF+
38684783830254,68.76,4,Not LCFF+
38684783830288,68.3,4,Not LCFF+
38684783830387,21.4,4,Not LCFF+
38684783830403,85.81,4,LCFF+
38684783830411,69.34,4,Not LCFF+
38684783830429,84.28,4,LCFF+
38684783830437,44.14,4,Not LCFF+
38684783831765,72.08,4,Not LCFF+
38684783833241,53.82,4,Not LCFF+
38684783833407,36.51,4,Not LCFF+
38684783834082,70.3,4,Not LCFF+
38684783834769,73.86,4,Not LCFF+
38684783839081,55.87,4,Not LCFF+
39103970000001,83.33,3,LCFF+
39103970120717,85.04,4,LCFF+
39103970121723,95.55,4,LCFF+
39103973930195,100.0,4,LCFF+
39103973930468,84.68,4,LCFF+
39103973930476,61.9,4,Not LCFF+
39103976069215,53.29,4,Not LCFF+
39685020000001,0.0,1,Not LCFF+
39685020126011,9.58,4,Not LCFF+
39685023930054,65.83,4,Not LCFF+
39685023932308,45.88,4,Not LCFF+
39685690000001,42.22,3,Not LCFF+
39685693933793,81.45,4,LCFF+
39685693933801,54.12,4,Not LCFF+
39685770000001,50.0,1,Not LCFF+
39685770118307,75.4,4,LCFF+
39685773933959,58.15,4,Not LCFF+
39685850000001,29.52,3,Not LCFF+
39685850101956,44.36,4,Not LCFF+
39685850102640,39.58,4,Not LCFF+
39685850108225,80.3,4,LCFF+
39685850122580,69.54,4,Not LCFF+
39685850122879,100.0,1,LCFF+
39685850139261,52.63,1,Not LCFF+
39685853930237,59.79,4,Not LCFF+
39685853930278,74.87,4,Not LCFF+
39685853930344,63.34,4,Not LCFF+
39685853930443,50.35,4,Not LCFF+
39685853934759,66.52,4,Not LCFF+
39685853934767,78.18,4,LCFF+
39685853934783,52.25,4,Not LCFF+
39685856111983,0.0,2,Not LCFF+
39685930000001,44.17,3,Not LCFF+
39685930101576,72.79,4,Not LCFF+
39685930112565,77.89,4,LCFF+
39685930116376,57.58,4,Not LCFF+
39685930126094,43.89,4,Not LCFF+
39685933930310,46.02,4,Not LCFF+
39685933930328,84.25,4,LCFF+
39685933932001,54.63,4,Not LCFF+
39685933935103,56.85,4,Not LCFF+
39685933935111,73.94,4,Not LCFF+
39686270126755,79.42,4,LCFF+
39686270127191,54.23,4,Not LCFF+
39686270129908,57.1,2,Not LCFF+
39686270129916,36.32,4,Not LCFF+
39686270130864,52.89,3,Not LCFF+
39686270132365,74.82,2,Not LCFF+
39686270133116,62.26,4,Not LCFF+
39686270136028,55.35,3,Not LCFF+
39686270136135,50.3,2,Not LCFF+
39686276119309,49.37,4,Not LCFF+
39686500000001,11.11,3,Not LCFF+
39686500125849,42.05,4,Not LCFF+
39686500128215,61.7,4,Not LCFF+
39686503935756,33.34,4,Not LCFF+
39686760000001,44.79,3,Not LCFF+
39686760108159,72.35,4,Not LCFF+
39686760115402,92.62,4,LCFF+
39686760118497,69.92,4,Not LCFF+
39686760119743,57.14,4,Not LCFF+
39686760119784,80.37,4,LCFF+
39686760120733,49.02,4,Not LCFF+
39686760123802,71.62,4,Not LCFF+
39686760124248,62.49,4,Not LCFF+
39686763930211,82.6,4,LCFF+
39686763930427,76.91,4,LCFF+
39686763932100,83.7,4,LCFF+
39686763932654,79.73,4,LCFF+
39686763937406,74.42,4,Not LCFF+
39686766095236,52.99,4,Not LCFF+
39686766104368,75.17,4,LCFF+
39754990000001,25.71,3,Not LCFF+
39754990102392,25.93,4,Not LCFF+
39754990114140,70.42,4,Not LCFF+
39754990119040,39.8,4,Not LCFF+
39754993930302,59.5,4,Not LCFF+
39754993930393,89.49,4,LCFF+
39754993937976,76.6,4,LCFF+
39754993938008,40.11,4,Not LCFF+
39754996042865,100.0,2,LCFF+
39767600000001,0.0,2,Not LCFF+
39767600121046,100.0,1,LCFF+
39767600128967,21.72,4,Not LCFF+
40104050101725,80.44,4,LCFF+
40104054030078,100.0,4,LCFF+
40104054030250,82.34,4,LCFF+
40104056106769,54.2,4,Not LCFF+
40687000000001,50.0,2,Not LCFF+
40687004030102,33.92,4,Not LCFF+
40687004030151,62.92,4,Not LCFF+
40687004030755,34.56,4,Not LCFF+
40687590000001,100.0,2,LCFF+
40687590125328,33.86,4,Not LCFF+
40687594030268,64.56,4,Not LCFF+
40687594030557,37.1,4,Not LCFF+
40687594033205,75.56,4,LCFF+
40688090000001,0.0,1,Not LCFF+
40688090118695,11.11,1,Not LCFF+
40688094030045,76.64,4,LCFF+
40688094034807,36.25,4,Not LCFF+
40688094036703,26.72,4,Not LCFF+
40688334037008,77.68,4,LCFF+
40688410000001,0.0,2,Not LCFF+
40688414030128,43.57,4,Not LCFF+
40688414030185,25.78,4,Not LCFF+
40688414037701,13.98,4,Not LCFF+
40754570000001,50.0,1,Not LCFF+
40754570119354,30.12,4,Not LCFF+
40754570138255,71.43,1,Not LCFF+
40754574035754,42.58,4,Not LCFF+
40754574035762,64.91,4,Not LCFF+
40754654030144,76.25,4,LCFF+
40754654032009,61.94,4,Not LCFF+
41104130000001,0.0,3,Not LCFF+
41104130113266,100.0,3,LCFF+
41104130113332,71.82,4,Not LCFF+
41104130117143,100.0,4,LCFF+
41104130128652,100.0,4,LCFF+
41104130135269,83.56,3,LCFF+
41104134130076,100.0,4,LCFF+
41104136069363,55.67,4,Not LCFF+
41688900000001,0.0,3,Not LCFF+
41688904130027,72.08,4,Not LCFF+
41688904132817,38.54,4,Not LCFF+
41689160112284,44.38,4,Not LCFF+
41689240000001,27.47,3,Not LCFF+
41689240127548,23.68,4,Not LCFF+
41689244133393,55.25,4,Not LCFF+
41689244135075,29.15,4,Not LCFF+
41689244137535,20.62,4,Not LCFF+
41689244137592,50.45,4,Not LCFF+
41689244137790,42.76,4,Not LCFF+
41689404135331,62.6,4,Not LCFF+
41689990134197,80.15,3,LCFF+
41690470000001,18.22,3,Not LCFF+
41690470128165,65.78,2,Not LCFF+
41690470129759,9.63,4,Not LCFF+
41690470135814,71.5,3,Not LCFF+
41690474130217,21.72,4,Not LCFF+
41690474130472,12.46,4,Not LCFF+
41690474130738,42.27,4,Not LCFF+
41690474133070,24.08,4,Not LCFF+
41690474134557,22.36,4,Not LCFF+
41690474136370,38.8,4,Not LCFF+
41690620000001,29.9,3,Not LCFF+
41690620112722,55.2,4,Not LCFF+
41690620119503,67.3,4,Not LCFF+
41690620126722,91.86,4,LCFF+
41690620138420,46.6,1,Not LCFF+
41690624130993,12.62,4,Not LCFF+
41690624133716,40.84,4,Not LCFF+
41690624135687,79.52,4,LCFF+
41690624136693,50.08,4,Not LCFF+
41690624138053,38.87,4,Not LCFF+
41690700000001,29.68,3,Not LCFF+
41690700127563,38.89,3,Not LCFF+
41690704130324,57.99,4,Not LCFF+
41690704132551,30.63,4,Not LCFF+
41690704137279,47.98,4,Not LCFF+
42104214230157,100.0,4,LCFF+
42104214230207,84.1,4,LCFF+
42104216069223,67.54,4,Not LCFF+
42691120111773,55.68,4,Not LCFF+
42691120124255,30.7,4,Not LCFF+
42691120137877,41.96,2,Not LCFF+
42691120137885,27.46,2,Not LCFF+
42691464230181,77.56,4,LCFF+
42691464230587,59.9,4,Not LCFF+
42691464230595,88.69,4,LCFF+
42692290000001,33.33,3,Not LCFF+
42692290132738,92.94,4,LCFF+
42692294230454,46.07,4,Not LCFF+
42692294233029,82.88,4,LCFF+
42692294233060,75.76,4,LCFF+
42692600116434,24.46,4,Not LCFF+
42693100000001,50.0,1,Not LCFF+
42693100102285,77.74,4,LCFF+
42693104231452,80.6,4,LCFF+
42693104234613,58.66,4,Not LCFF+
42693104236030,88.02,4,LCFF+
42693284230074,56.62,4,Not LCFF+
42693284236345,28.56,4,Not LCFF+
42750100134866,69.53,3,Not LCFF+
42750100135590,53.7,2,Not LCFF+
42750100136630,40.7,2,Not LCFF+
42750100138891,43.75,1,Not LCFF+
42750104230173,83.34,2,LCFF+
42750104231205,81.0,4,LCFF+
42767860000001,13.33,3,Not LCFF+
42767860120402,40.04,4,Not LCFF+
42767864231726,35.74,4,Not LCFF+
42767864232690,75.5,4,LCFF+
42767864235230,46.23,4,Not LCFF+
42767864235727,46.53,4,Not LCFF+
42769500132894,70.43,3,Not LCFF+
42771980138362,70.9,2,Not LCFF+
42772060138370,76.56,2,LCFF+
42772140138388,30.0,2,Not LCFF+
42772220138396,50.0,2,Not LCFF+
43104390000001,75.66,3,LCFF+
43104390113431,20.29,4,Not LCFF+
43104390123257,80.78,4,LCFF+
43104390123794,36.93,4,Not LCFF+
43104390128090,25.18,4,Not LCFF+
43104390135087,77.29,4,LCFF+
43104394330254,100.0,4,LCFF+
43104394330320,72.65,4,Not LCFF+
43104396069371,59.21,4,Not LCFF+
43694010000001,13.19,3,Not LCFF+
43694014330239,11.31,4,Not LCFF+
43694014330759,53.12,4,Not LCFF+
43694014330866,18.85,4,Not LCFF+
43694014331955,51.72,4,Not LCFF+
43694014336137,32.38,4,Not LCFF+
43694014338505,26.08,4,Not LCFF+
43694270000001,39.85,3,Not LCFF+
43694270107151,99.43,4,LCFF+
43694270116889,71.74,4,Not LCFF+
43694270123745,46.61,4,Not LCFF+
43694270125427,66.02,4,Not LCFF+
43694270125617,92.6,4,LCFF+
43694270130856,79.11,4,LCFF+
43694270131995,85.12,4,LCFF+
43694270132274,88.86,4,LCFF+
43694274330015,76.21,4,LCFF+
43694274330023,24.94,4,Not LCFF+
43694274330031,55.05,4,Not LCFF+
43694274330312,49.25,4,Not LCFF+
43694274330353,61.63,4,Not LCFF+
43694274330361,86.23,4,LCFF+
43694274330668,83.85,4,LCFF+
43694274330676,86.79,4,LCFF+
43694274330692,19.58,4,Not LCFF+
43694274330726,98.98,4,LCFF+
43694274332318,76.42,4,LCFF+
43694274332995,71.69,4,Not LCFF+
43694274333639,82.6,4,LCFF+
43694274334900,71.76,4,Not LCFF+
43694274335204,55.8,4,Not LCFF+
43694274335428,85.24,4,LCFF+
43694274335907,30.17,4,Not LCFF+
43694274337903,44.19,4,Not LCFF+
43694680000001,30.6,3,Not LCFF+
43694684330569,64.67,4,Not LCFF+
43694684331799,14.16,4,Not LCFF+
43694684332474,38.89,4,Not LCFF+
43694684333316,18.7,4,Not LCFF+
43694684334421,8.64,4,Not LCFF+
43694684334462,6.45,4,Not LCFF+
43694840000001,34.52,3,Not LCFF+
43694840114496,35.92,4,Not LCFF+
43694840118380,42.17,4,Not LCFF+
43694844332839,61.72,4,Not LCFF+
43694844334850,72.04,4,Not LCFF+
43695340000001,0.0,3,Not LCFF+
43695344334371,5.16,4,Not LCFF+
43695344337762,3.06,4,Not LCFF+
43695830000001,10.83,3,Not LCFF+
43695830102368,31.82,4,Not LCFF+
43695834333951,38.69,4,Not LCFF+
43695834334488,57.99,4,Not LCFF+
43695836047922,0.0,1,Not LCFF+
43696090000001,6.32,3,Not LCFF+
43696094334116,19.73,4,Not LCFF+
43696094334728,18.57,4,Not LCFF+
43696094334736,66.76,4,Not LCFF+
43696410000001,11.11,3,Not LCFF+
43696414332904,10.42,4,Not LCFF+
43696414335782,9.44,4,Not LCFF+
43696416048375,36.72,4,Not LCFF+
43696660000001,40.74,3,Not LCFF+
43696664330080,61.54,4,Not LCFF+
43696664330502,61.66,4,Not LCFF+
43696664330585,84.26,4,LCFF+
43696664330593,30.7,4,Not LCFF+
43696664332110,76.05,4,LCFF+
43696664333522,11.28,4,Not LCFF+
43696664333795,58.44,4,Not LCFF+
43696664335949,29.09,4,Not LCFF+
43696664337200,80.93,4,LCFF+
43696664338950,40.46,4,Not LCFF+
43696740000001,50.28,3,Not LCFF+
43696740125443,81.67,4,LCFF+
43696740135970,44.05,3,Not LCFF+
43696744330122,43.55,4,Not LCFF+
43696744330247,62.73,4,Not LCFF+
43696744338406,72.42,4,Not LCFF+
43696744338802,43.66,4,Not LCFF+
43733870000001,25.0,1,Not LCFF+
43733874331039,60.28,4,Not LCFF+
43733874334470,36.83,4,Not LCFF+
43733876047682,100.0,1,LCFF+
43771490137315,77.84,2,LCFF+
44104470000001,0.0,1,Not LCFF+
44104470100305,31.73,1,Not LCFF+
44104470136572,32.95,3,Not LCFF+
44104474430146,100.0,4,LCFF+
44104474430252,11.58,4,Not LCFF+
44104474430278,49.67,4,Not LCFF+
44104476069397,35.83,4,Not LCFF+
44697650100305,30.52,3,Not LCFF+
44697990000001,8.33,1,Not LCFF+
44697990105858,90.57,4,LCFF+
44697990117804,85.09,4,LCFF+
44697994430203,85.64,4,LCFF+
44697994430229,69.06,4,Not LCFF+
44697994430245,76.99,4,LCFF+
44697994430518,39.53,4,Not LCFF+
44697994437794,80.06,4,LCFF+
44697994437901,87.39,4,LCFF+
44697996049787,0.0,1,Not LCFF+
44698070110007,22.44,4,Not LCFF+
44698074430179,19.2,4,Not LCFF+
44698074436754,20.62,4,Not LCFF+
44698230000001,35.19,3,Not LCFF+
44698234430096,43.18,4,Not LCFF+
44698234430187,39.36,4,Not LCFF+
44698234430195,18.13,4,Not LCFF+
44698234432340,54.86,4,Not LCFF+
44698234436960,72.58,4,Not LCFF+
44698234437109,30.36,4,Not LCFF+
44698234437406,32.99,4,Not LCFF+
44754320000001,17.78,3,Not LCFF+
44754320139410,30.43,1,Not LCFF+
44754324430211,9.68,4,Not LCFF+
45104540129957,67.65,1,Not LCFF+
45104540132647,67.5,4,Not LCFF+
45104544530150,100.0,4,LCFF+
45104544530317,54.55,1,Not LCFF+
45698560000001,50.0,1,Not LCFF+
45698564530028,45.95,4,Not LCFF+
45698564530051,56.86,4,Not LCFF+
45698564530192,92.0,4,LCFF+
45698564530333,55.21,4,Not LCFF+
45698564530762,74.78,4,Not LCFF+
45698564530804,64.99,4,Not LCFF+
45699480139543,66.67,1,Not LCFF+
45699710135830,76.04,2,LCFF+
45699710135848,66.04,3,Not LCFF+
45699894530010,80.3,4,LCFF+
45699894530226,81.2,4,LCFF+
45699894530234,96.43,4,LCFF+
45699894530242,77.5,4,LCFF+
45699894531000,54.05,4,Not LCFF+
45699894533600,42.93,4,Not LCFF+
45699896050314,32.78,3,Not LCFF+
45701100135889,41.38,3,Not LCFF+
45701104530341,38.27,1,Not LCFF+
45701360000001,24.56,3,Not LCFF+
45701360106013,15.7,4,Not LCFF+
45701360114132,39.03,2,Not LCFF+
45701360114231,54.7,2,Not LCFF+
45701360114249,65.11,2,Not LCFF+
45701364530044,26.42,4,Not LCFF+
45701364530200,77.21,4,LCFF+
45701364530218,83.47,3,LCFF+
45701364530267,32.77,4,Not LCFF+
45701364530309,57.84,4,Not LCFF+
45701364532750,53.65,4,Not LCFF+
45701364537304,35.95,4,Not LCFF+
45701690129957,63.31,3,Not LCFF+
45701690134031,59.07,2,Not LCFF+
45701690136440,57.74,3,Not LCFF+
45701690137117,43.36,2,Not LCFF+
45752670000001,0.0,3,Not LCFF+
45752670120170,63.01,1,Not LCFF+
45752674530077,76.16,4,LCFF+
45752674530101,72.97,4,Not LCFF+
45752674530176,81.95,4,LCFF+
45752674531901,65.34,4,Not LCFF+
46104626077267,0.0,1,Not LCFF+
46701774630034,66.67,3,Not LCFF+
46701774632303,43.66,4,Not LCFF+
46701774634259,33.79,4,Not LCFF+
47104700117168,68.59,4,Not LCFF+
47104700137372,83.52,2,LCFF+
47104704730032,100.0,4,LCFF+
47104706069405,47.54,4,Not LCFF+
47702504732707,74.73,4,Not LCFF+
47704664730057,75.84,2,LCFF+
47704664730123,50.0,1,Not LCFF+
47704664734356,65.57,4,Not LCFF+
47704664734901,44.02,4,Not LCFF+
47704664735403,43.96,4,Not LCFF+
47704664738753,66.55,4,Not LCFF+
47705164730024,67.58,4,Not LCFF+
47705164730156,85.42,4,LCFF+
47705164739207,48.88,4,Not LCFF+
47736844731253,74.53,4,Not LCFF+
47764554730107,85.03,4,LCFF+
47764554730206,93.75,4,LCFF+
47764554733309,50.34,4,Not LCFF+
48104880123331,100.0,2,LCFF+
48104884830071,100.0,4,LCFF+
48104886069538,32.33,4,Not LCFF+
48104886089668,66.96,4,Not LCFF+
48705240000001,0.0,3,Not LCFF+
48705240118968,62.32,4,Not LCFF+
48705244830048,44.1,4,Not LCFF+
48705244831004,21.49,4,Not LCFF+
48705320000001,60.0,1,Not LCFF+
48705320102012,74.43,4,Not LCFF+
48705324830055,67.5,4,Not LCFF+
48705324832259,47.68,4,Not LCFF+
48705400000001,36.39,3,Not LCFF+
48705400122093,50.88,4,Not LCFF+
48705400123356,61.88,3,Not LCFF+
48705400125310,50.92,4,Not LCFF+
48705404830170,30.2,4,Not LCFF+
48705404830451,62.23,4,Not LCFF+
48705404833000,70.56,4,Not LCFF+
48705404836003,64.73,4,Not LCFF+
48705650000001,8.33,3,Not LCFF+
48705654830022,44.04,4,Not LCFF+
48705654830154,59.6,4,Not LCFF+
48705654830162,18.33,4,Not LCFF+
48705654838801,25.04,4,Not LCFF+
48705730000001,24.04,2,Not LCFF+
48705730135095,36.77,4,Not LCFF+
48705734830089,44.52,4,Not LCFF+
48705734830113,19.22,4,Not LCFF+
48705734833869,59.4,4,Not LCFF+
48705734837803,34.42,4,Not LCFF+
48705736060180,100.0,1,LCFF+
48705736106363,100.0,2,LCFF+
48705810000001,63.64,1,Not LCFF+
48705810101980,77.02,4,LCFF+
48705814830147,55.76,4,Not LCFF+
48705814830196,55.04,4,Not LCFF+
48705814838058,72.64,4,Not LCFF+
48705814838504,74.58,4,Not LCFF+
48705816051502,0.0,1,Not LCFF+
48705816060198,0.0,4,Not LCFF+
48705816060206,75.0,2,Not LCFF+
48705816062129,50.0,3,Not LCFF+
48705816069900,58.2,2,Not LCFF+
49104960000001,98.61,3,LCFF+
49104964930079,100.0,4,LCFF+
49104964930343,78.39,4,LCFF+
49104966069413,27.68,4,Not LCFF+
49706070000001,22.16,3,Not LCFF+
49706070121038,39.72,4,Not LCFF+
49706074930327,55.26,4,Not LCFF+
49706074930400,25.67,4,Not LCFF+
49706074931507,36.58,4,Not LCFF+
49706150127662,66.24,2,Not LCFF+
49706560000001,36.67,3,Not LCFF+
49706560128983,100.0,1,LCFF+
49706564930848,78.66,4,LCFF+
49706564930855,54.49,4,Not LCFF+
49707060000001,100.0,1,LCFF+
49707060129981,69.02,4,Not LCFF+
49707064930053,53.04,4,Not LCFF+
49707220136465,73.0,2,Not LCFF+
49707220139048,46.58,1,Not LCFF+
49707306120588,48.69,4,Not LCFF+
49707970107284,52.25,4,Not LCFF+
49707970134296,78.63,2,LCFF+
49707970139568,75.0,1,Not LCFF+
49708390120584,45.26,3,Not LCFF+
49708390138065,49.32,2,Not LCFF+
49708540132357,48.66,4,Not LCFF+
49708620000001,20.82,3,Not LCFF+
49708620128157,30.47,4,Not LCFF+
49708624930012,40.08,4,Not LCFF+
49708624930103,53.03,4,Not LCFF+
49708624930111,58.51,4,Not LCFF+
49708624930236,24.42,4,Not LCFF+
49708624935151,30.08,4,Not LCFF+
49708624935862,76.52,4,LCFF+
49708626117337,100.0,2,LCFF+
49708700106344,51.02,4,Not LCFF+
49709040101923,87.89,4,LCFF+
49709200000001,20.91,3,Not LCFF+
49709200108811,100.0,1,LCFF+
49709200110288,25.0,1,Not LCFF+
49709204930160,74.89,4,Not LCFF+
49709204930244,23.66,4,Not LCFF+
49709204934154,39.61,4,Not LCFF+
49709204935292,59.34,4,Not LCFF+
49709204935607,61.64,4,Not LCFF+
49709204936803,37.76,4,Not LCFF+
49709530000001,28.24,3,Not LCFF+
49709534930152,70.9,4,Not LCFF+
49709534937256,54.69,4,Not LCFF+
49709614930319,20.19,4,Not LCFF+
49738820000001,30.57,3,Not LCFF+
49738820123786,36.3,4,Not LCFF+
49738820127092,61.64,1,Not LCFF+
49738824930046,57.31,4,Not LCFF+
49738824930384,14.68,4,Not LCFF+
49738824935482,40.84,4,Not LCFF+
49753580000001,19.77,3,Not LCFF+
49753580121236,39.74,4,Not LCFF+
49753580138263,47.24,2,Not LCFF+
49753584930228,35.88,4,Not LCFF+
49753584930269,58.68,4,Not LCFF+
49753900000001,11.57,3,Not LCFF+
49753904930251,74.77,4,Not LCFF+
49753904932554,44.95,4,Not LCFF+
50105040129023,71.1,4,Not LCFF+
50105040131235,83.13,4,LCFF+
50105045030069,100.0,4,LCFF+
50105045030085,88.96,4,LCFF+
50105045030226,92.5,4,LCFF+
50105045030234,50.86,4,Not LCFF+
50105046069546,78.74,4,LCFF+
50710430000001,48.72,3,Not LCFF+
50710430107136,24.98,4,Not LCFF+
50710430108076,83.92,4,LCFF+
50710430133827,67.35,2,Not LCFF+
50710435030168,80.13,4,LCFF+
50710435030200,86.26,4,LCFF+
50710435030879,82.01,4,LCFF+
50710685030267,63.64,4,Not LCFF+
50710685031521,60.17,4,Not LCFF+
50710926112965,32.37,4,Not LCFF+
50711346113286,26.32,4,Not LCFF+
50711670138057,61.03,2,Not LCFF+
50711750000001,49.77,3,Not LCFF+
50711750110593,43.33,4,Not LCFF+
50711750120212,64.43,4,Not LCFF+
50711750121129,50.43,4,Not LCFF+
50711755030010,55.9,4,Not LCFF+
50711755030135,80.04,4,LCFF+
50711755031380,80.32,4,LCFF+
50711755031802,73.94,4,Not LCFF+
50711755034905,79.3,4,LCFF+
50711755034913,83.3,4,LCFF+
50712170131037,74.13,2,Not LCFF+
50712170133124,69.84,4,Not LCFF+
50712175030127,85.66,4,LCFF+
50712175036256,74.74,4,Not LCFF+
50736010000001,66.67,3,Not LCFF+
50736015030036,79.12,4,LCFF+
50736015030184,80.0,4,LCFF+
50736015030333,87.5,4,LCFF+
50736015035902,66.53,4,Not LCFF+
50755490000001,100.0,1,LCFF+
50755490116848,89.38,4,LCFF+
50755495032651,46.44,4,Not LCFF+
50755495032669,80.47,4,LCFF+
50755560000001,62.5,2,Not LCFF+
50755560112573,84.9,4,LCFF+
50755565036850,80.16,4,LCFF+
50755640000001,25.4,3,Not LCFF+
50755645030176,25.65,4,Not LCFF+
50755645030192,62.54,4,Not LCFF+
50755645031950,63.5,4,Not LCFF+
50755645035654,35.42,4,Not LCFF+
50755720000001,0.0,1,Not LCFF+
50755720117689,81.78,4,LCFF+
50755725030259,73.96,4,Not LCFF+
50755725030317,53.58,4,Not LCFF+
50757390000001,85.61,3,LCFF+
50757390124669,63.86,4,Not LCFF+
50757390131185,84.81,4,LCFF+
50757395030283,55.72,4,Not LCFF+
50757395036884,84.88,4,LCFF+
50757395037700,62.47,4,Not LCFF+
51105120114207,86.87,4,LCFF+
51105120138040,56.12,2,Not LCFF+
51105126069454,65.5,4,Not LCFF+
51713735132758,34.57,4,Not LCFF+
51713995130059,82.78,4,LCFF+
51713995130067,89.01,4,LCFF+
51713995135256,76.1,4,LCFF+
51714070109793,47.62,4,Not LCFF+
51714150129007,54.56,4,Not LCFF+
51714150132761,71.55,3,Not LCFF+
51714230132977,46.05,4,Not LCFF+
51714495130042,59.37,4,Not LCFF+
51714495137500,29.95,4,Not LCFF+
51714560133934,40.09,4,Not LCFF+
51714640000001,44.17,3,Not LCFF+
51714640107722,67.62,4,Not LCFF+
51714645130018,83.23,4,LCFF+
51714645130075,69.27,4,Not LCFF+
51714645130125,83.76,4,LCFF+
51714645139001,65.71,4,Not LCFF+
52105205230016,100.0,4,LCFF+
52105206069462,20.63,3,Not LCFF+
52105206119671,76.68,4,LCFF+
52715060000001,0.0,1,Not LCFF+
52715060137414,70.84,2,Not LCFF+
52715065231675,87.08,4,LCFF+
52715065231709,74.42,4,Not LCFF+
52715220132597,52.73,4,Not LCFF+
52715715235106,65.27,4,Not LCFF+
52716390000001,25.0,2,Not LCFF+
52716395237151,85.89,4,LCFF+
52716395237201,60.65,4,Not LCFF+
53105380125633,83.49,4,LCFF+
53105380132423,78.57,2,LCFF+
53738335330030,100.0,4,LCFF+
53738335337423,81.36,4,LCFF+
53750285330022,100.0,4,LCFF+
53750285337407,79.28,4,LCFF+
53765135330014,71.46,4,Not LCFF+
53765135337456,52.53,4,Not LCFF+
54105460119602,38.66,4,Not LCFF+
54105460124057,34.39,4,Not LCFF+
54105465430061,100.0,4,LCFF+
54105465430327,87.86,4,LCFF+
54105465430343,88.98,4,LCFF+
54105466069439,67.81,4,Not LCFF+
54105466119291,35.58,4,Not LCFF+
54718030112458,53.23,4,Not LCFF+
54718035430111,100.0,2,LCFF+
54718035430301,93.27,4,LCFF+
54718110139477,40.96,1,Not LCFF+
54718370109009,72.62,4,Not LCFF+
54718370122705,91.52,2,LCFF+
54718605430095,85.83,4,LCFF+
54718605430244,85.62,4,LCFF+
54718605430806,95.06,4,LCFF+
54718605433230,95.34,4,LCFF+
54719930124776,91.7,4,LCFF+
54719935430194,95.55,4,LCFF+
54719935430236,94.1,4,LCFF+
54719935432414,91.02,4,LCFF+
54721400123273,85.78,2,LCFF+
54721400136507,88.76,3,LCFF+
54722490107649,85.95,4,LCFF+
54722490116368,69.46,4,Not LCFF+
54722490130708,87.6,4,LCFF+
54722490133793,89.85,4,LCFF+
54722495430145,92.82,4,LCFF+
54722495435409,71.95,4,Not LCFF+
54722495435466,74.3,4,Not LCFF+
54722560109751,73.07,4,Not LCFF+
54722560120659,53.91,4,Not LCFF+
54722560139212,88.14,1,LCFF+
54722565430012,77.5,2,LCFF+
54722565430046,67.26,4,Not LCFF+
54722565430269,87.0,2,LCFF+
54722565430368,58.09,4,Not LCFF+
54722565432828,62.49,4,Not LCFF+
54722565434527,51.36,4,Not LCFF+
54722565435839,86.58,4,LCFF+
54753255430210,89.49,4,LCFF+
54753255430277,91.99,4,LCFF+
54755230114348,81.75,4,LCFF+
54755230116590,65.46,4,Not LCFF+
54755230137968,79.98,2,LCFF+
54755235430228,90.53,4,LCFF+
54755235430251,89.14,4,LCFF+
54755235430350,84.0,3,LCFF+
54755235430624,89.28,4,LCFF+
54755235432786,71.54,4,Not LCFF+
54755235434113,77.24,4,LCFF+
54755235434931,85.67,4,LCFF+
54755310102186,89.42,4,LCFF+
54755315431119,91.24,4,LCFF+
54755315431184,80.14,4,LCFF+
54767945430285,95.83,4,LCFF+
54767945436258,99.36,4,LCFF+
54767945436282,85.01,4,LCFF+
54768365430087,90.35,4,LCFF+
54768365430319,90.0,2,LCFF+
54768365431598,57.2,4,Not LCFF+
54768365431614,83.9,4,LCFF+
55105530134569,100.0,3,LCFF+
55105535530118,69.24,4,Not LCFF+
55105535530142,55.63,4,Not LCFF+
55723630100099,64.89,1,Not LCFF+
55723895530019,74.47,4,Not LCFF+
55723895530043,33.98,4,Not LCFF+
55723895536503,39.92,4,Not LCFF+
55724130112276,50.67,4,Not LCFF+
55724135530050,56.97,4,Not LCFF+
55724135530092,12.5,4,Not LCFF+
55724135530100,75.0,4,Not LCFF+
55724135530175,77.09,4,LCFF+
55724135530191,20.67,4,Not LCFF+
55724135536750,42.02,4,Not LCFF+
55751845530076,54.18,4,Not LCFF+
55751845530084,50.43,4,Not LCFF+
55751845530159,66.67,2,Not LCFF+
56105610109900,77.37,4,LCFF+
56105610122713,27.07,4,Not LCFF+
56105610135780,62.63,3,Not LCFF+
56105610135798,31.86,3,Not LCFF+
56105615630223,100.0,4,LCFF+
56105615630397,79.97,4,LCFF+
56105616069231,41.8,4,Not LCFF+
56724540124750,60.79,4,Not LCFF+
56724545630173,83.4,4,LCFF+
56724545632021,72.14,4,Not LCFF+
56724705630363,35.47,4,Not LCFF+
56725040127043,59.18,1,Not LCFF+
56725200000001,100.0,1,LCFF+
56725200139626,0.0,1,Not LCFF+
56725205630405,27.4,4,Not LCFF+
56725205631817,58.82,4,Not LCFF+
56725205634076,42.85,4,Not LCFF+
56725460000001,61.39,3,Not LCFF+
56725460115105,0.0,3,Not LCFF+
56725460120634,48.24,4,Not LCFF+
56725460125674,76.53,4,LCFF+
56725460131698,13.7,4,Not LCFF+
56725460136804,69.05,2,Not LCFF+
56725465630066,91.24,4,LCFF+
56725465630389,80.14,4,LCFF+
56725465631619,27.29,4,Not LCFF+
56725465631742,84.22,4,LCFF+
56725465632849,85.92,4,LCFF+
56725465634548,65.55,4,Not LCFF+
56725465634761,64.79,4,Not LCFF+
56725530139592,56.55,1,Not LCFF+
56726030000001,57.97,3,Not LCFF+
56726035630249,29.85,4,Not LCFF+
56726035630322,23.73,4,Not LCFF+
56726035634993,57.3,4,Not LCFF+
56726035635008,35.38,4,Not LCFF+
56726035636188,28.36,4,Not LCFF+
56726036055685,0.0,1,Not LCFF+
56726036060354,0.0,1,Not LCFF+
56726036060362,0.0,1,Not LCFF+
56726036084925,0.0,3,Not LCFF+
56726520000001,64.5,3,Not LCFF+
56726525630272,84.08,4,LCFF+
56726525630298,31.48,4,Not LCFF+
56726525630348,31.52,4,Not LCFF+
56726525630793,53.97,4,Not LCFF+
56726525637822,57.6,4,Not LCFF+
56737590000001,10.65,3,Not LCFF+
56737590123349,10.49,4,Not LCFF+
56737595630108,62.33,4,Not LCFF+
56737595630116,19.67,4,Not LCFF+
56737595633748,19.62,4,Not LCFF+
56737595637004,24.56,4,Not LCFF+
56738740000001,16.66,2,Not LCFF+
56738745630132,8.73,4,Not LCFF+
56738745630199,25.64,4,Not LCFF+
56738745630256,6.34,4,Not LCFF+
56739400000001,41.11,3,Not LCFF+
56739400121426,24.37,4,Not LCFF+
56739405630215,67.82,2,Not LCFF+
56739405630371,11.66,4,Not LCFF+
56739405633250,30.04,4,Not LCFF+
56768280000001,0.0,1,Not LCFF+
56768285635776,81.46,4,LCFF+
56768285636170,93.2,4,LCFF+
57105790113787,74.27,4,Not LCFF+
57105790137422,77.78,1,LCFF+
57105795730106,100.0,4,LCFF+
57105796077275,45.04,4,Not LCFF+
57726780000001,38.89,3,Not LCFF+
57726780106674,28.38,4,Not LCFF+
57726780119578,15.28,4,Not LCFF+
57726785730098,17.17,4,Not LCFF+
57726785732201,19.62,4,Not LCFF+
57726785732219,49.28,4,Not LCFF+
57726786060396,19.83,4,Not LCFF+
57726786066245,20.67,4,Not LCFF+
57726865730056,76.24,4,LCFF+
57726865732904,73.01,4,Not LCFF+
57726940000001,42.96,3,Not LCFF+
57726940115329,32.35,1,Not LCFF+
57726940120238,100.0,2,LCFF+
57726940135939,59.45,3,Not LCFF+
57726945735154,65.76,4,Not LCFF+
57726945739552,80.15,4,LCFF+
57727020000001,0.0,1,Not LCFF+
57727020139436,50.0,1,Not LCFF+
57727025730049,85.27,4,LCFF+
57727025738505,61.64,4,Not LCFF+
57727026095368,25.0,2,Not LCFF+
57727100000001,43.33,3,Not LCFF+
57727100101162,56.97,4,Not LCFF+
57727105738802,61.2,4,Not LCFF+
57727105738810,76.62,4,LCFF+
58105870113274,95.14,4,LCFF+
58105875830047,100.0,4,LCFF+
58105875830112,86.03,4,LCFF+
58105876069249,44.42,4,Not LCFF+
58727286115935,48.43,4,Not LCFF+
58727360000001,44.45,3,Not LCFF+
58727360131599,89.79,4,LCFF+
58727365830013,87.88,4,LCFF+
58727365830096,86.14,4,LCFF+
58727365830138,52.26,4,Not LCFF+
58727365835202,69.0,4,Not LCFF+
58727690000001,0.0,3,Not LCFF+
58727690123570,72.12,2,Not LCFF+
58727690133751,64.0,1,Not LCFF+
58727695838305,43.33,4,Not LCFF+
