year,subject,grade,economic_status,ethnicity,tested,mean_scale_score,sd_scale_score,pct_met_or_exceeded,source_workbook
2015,ela,3,Economically disadvantaged,All,294708,2375.9,77.9,24.27,elaecondisall2015.xlsx
2015,ela,3,Not economically disadvantaged,All,178310,2447.5,84.0,59.5,elaecondisall2015.xlsx
2015,ela,3,Economically disadvantaged,American Indian or Alaska Native,1756,2363.1,76.0,20.22,elaecondiseth2015.xlsx
2015,ela,3,Not economically disadvantaged,American Indian or Alaska Native,790,2413.1,83.1,42.91,elaecondiseth2015.xlsx
2015,ela,3,Economically disadvantaged,Asian,14370,2417.1,83.1,44.57,elaecondiseth2015.xlsx
2015,ela,3,Not economically disadvantaged,Asian,26417,2483.6,78.9,75.91,elaecondiseth2015.xlsx
2015,ela,3,Economically disadvantaged,Black or African American,19998,2359.1,76.4,18.13,elaecondiseth2015.xlsx
2015,ela,3,Not economically disadvantaged,Black or African American,6423,2402.0,84.2,38.16,elaecondiseth2015.xlsx
2015,ela,3,Economically disadvantaged,Blank,1730,2380.8,78.7,26.82,elaecondiseth2015.xlsx
2015,ela,3,Not economically disadvantaged,Blank,1166,2441.8,85.7,54.97,elaecondiseth2015.xlsx
2015,ela,3,Economically disadvantaged,Filipino,3780,2425.0,78.6,47.38,elaecondiseth2015.xlsx
2015,ela,3,Not economically disadvantaged,Filipino,6966,2457.7,77.4,65.46,elaecondiseth2015.xlsx
2015,ela,3,Economically disadvantaged,Hispanic or Latino,213320,2370.4,75.2,21.33,elaecondiseth2015.xlsx
2015,ela,3,Not economically disadvantaged,Hispanic or Latino,48535,2415.9,81.6,43.78,elaecondiseth2015.xlsx
2015,ela,3,Economically disadvantaged,Native Hawaiian or Pacific Islander,1477,2380.0,74.8,25.39,elaecondiseth2015.xlsx
2015,ela,3,Not economically disadvantaged,Native Hawaiian or Pacific Islander,744,2425.9,79.9,47.72,elaecondiseth2015.xlsx
2015,ela,3,Economically disadvantaged,Two or More Races,5492,2394.9,81.4,33.47,elaecondiseth2015.xlsx
2015,ela,3,Not economically disadvantaged,Two or More Races,9973,2462.0,81.1,66.45,elaecondiseth2015.xlsx
2015,ela,3,Economically disadvantaged,White,32785,2395.7,81.3,34.08,elaecondiseth2015.xlsx
2015,ela,3,Not economically disadvantaged,White,77296,2456.8,79.8,64.45,elaecondiseth2015.xlsx
2016,ela,3,Economically disadvantaged,All,291475,2387.0,81.0,29.0,elaecondisall2016.xlsx
2016,ela,3,Not economically disadvantaged,All,166097,2462.0,85.0,66.0,elaecondisall2016.xlsx
2016,ela,3,Economically disadvantaged,American Indian or Alaska Native,1649,2374.0,79.0,24.0,elaecondiseth2016.xlsx
2016,ela,3,Not economically disadvantaged,American Indian or Alaska Native,703,2428.0,85.0,51.0,elaecondiseth2016.xlsx
2016,ela,3,Economically disadvantaged,Asian,14196,2429.0,87.0,50.0,elaecondiseth2016.xlsx
2016,ela,3,Not economically disadvantaged,Asian,25927,2495.0,79.0,80.0,elaecondiseth2016.xlsx
2016,ela,3,Economically disadvantaged,Black or African American,19899,2368.0,79.0,22.0,elaecondiseth2016.xlsx
2016,ela,3,Not economically disadvantaged,Black or African American,5420,2420.0,87.0,46.0,elaecondiseth2016.xlsx
2016,ela,3,Economically disadvantaged,Blank,1575,2379.0,81.0,27.0,elaecondiseth2016.xlsx
2016,ela,3,Not economically disadvantaged,Blank,1368,2446.0,89.0,59.0,elaecondiseth2016.xlsx
2016,ela,3,Economically disadvantaged,Filipino,3407,2437.0,81.0,53.0,elaecondiseth2016.xlsx
2016,ela,3,Not economically disadvantaged,Filipino,6172,2471.0,79.0,70.0,elaecondiseth2016.xlsx
2016,ela,3,Economically disadvantaged,Hispanic or Latino,209977,2381.0,79.0,26.0,elaecondiseth2016.xlsx
2016,ela,3,Not economically disadvantaged,Hispanic or Latino,43217,2433.0,83.0,52.0,elaecondiseth2016.xlsx
2016,ela,3,Economically disadvantaged,Native Hawaiian or Pacific Islander,1542,2388.0,79.0,29.0,elaecondiseth2016.xlsx
2016,ela,3,Not economically disadvantaged,Native Hawaiian or Pacific Islander,622,2434.0,86.0,52.0,elaecondiseth2016.xlsx
2016,ela,3,Economically disadvantaged,Two or More Races,6148,2406.0,86.0,39.0,elaecondiseth2016.xlsx
2016,ela,3,Not economically disadvantaged,Two or More Races,10124,2476.0,82.0,72.0,elaecondiseth2016.xlsx
2016,ela,3,Economically disadvantaged,White,33082,2407.0,84.0,39.0,elaecondiseth2016.xlsx
2016,ela,3,Not economically disadvantaged,White,72544,2469.0,81.0,69.0,elaecondiseth2016.xlsx
2017,ela,3,Economically disadvantaged,All,280619,2388.0,84.0,31.0,elaecondisall2017.xlsx
2017,ela,3,Not economically disadvantaged,All,171604,2459.0,87.0,65.0,elaecondisall2017.xlsx
2017,ela,3,Economically disadvantaged,American Indian or Alaska Native,1540,2374.0,83.0,26.0,elaecondiseth2017.xlsx
2017,ela,3,Not economically disadvantaged,American Indian or Alaska Native,690,2421.0,90.0,49.0,elaecondiseth2017.xlsx
2017,ela,3,Economically disadvantaged,Asian,13950,2432.0,90.0,52.0,elaecondiseth2017.xlsx
2017,ela,3,Not economically disadvantaged,Asian,26741,2494.0,80.0,80.0,elaecondiseth2017.xlsx
2017,ela,3,Economically disadvantaged,Black or African American,19012,2367.0,82.0,23.0,elaecondiseth2017.xlsx
2017,ela,3,Not economically disadvantaged,Black or African American,5435,2419.0,89.0,46.0,elaecondiseth2017.xlsx
2017,ela,3,Economically disadvantaged,Blank,1843,2382.0,86.0,30.0,elaecondiseth2017.xlsx
2017,ela,3,Not economically disadvantaged,Blank,1590,2445.0,90.0,58.0,elaecondiseth2017.xlsx
2017,ela,3,Economically disadvantaged,Filipino,3145,2437.0,83.0,54.0,elaecondiseth2017.xlsx
2017,ela,3,Not economically disadvantaged,Filipino,5546,2467.0,81.0,70.0,elaecondiseth2017.xlsx
2017,ela,3,Economically disadvantaged,Hispanic or Latino,203290,2383.0,82.0,29.0,elaecondiseth2017.xlsx
2017,ela,3,Not economically disadvantaged,Hispanic or Latino,47467,2430.0,86.0,51.0,elaecondiseth2017.xlsx
2017,ela,3,Economically disadvantaged,Native Hawaiian or Pacific Islander,1390,2389.0,79.0,30.0,elaecondiseth2017.xlsx
2017,ela,3,Not economically disadvantaged,Native Hawaiian or Pacific Islander,654,2433.0,87.0,52.0,elaecondiseth2017.xlsx
2017,ela,3,Economically disadvantaged,Two or More Races,6469,2402.0,88.0,38.0,elaecondiseth2017.xlsx
2017,ela,3,Not economically disadvantaged,Two or More Races,11740,2473.0,84.0,71.0,elaecondiseth2017.xlsx
2017,ela,3,Economically disadvantaged,White,29980,2406.0,87.0,40.0,elaecondiseth2017.xlsx
2017,ela,3,Not economically disadvantaged,White,71741,2467.0,82.0,69.0,elaecondiseth2017.xlsx
2018,ela,3,Economically disadvantaged,All,272408,2398.0,86.0,36.0,elaecondisall2018.xlsx
2018,ela,3,Not economically disadvantaged,All,161785,2467.0,86.0,69.0,elaecondisall2018.xlsx
2018,ela,3,Economically disadvantaged,American Indian or Alaska Native,1428,2382.0,81.0,28.0,elaecondiseth2018.xlsx
2018,ela,3,Not economically disadvantaged,American Indian or Alaska Native,606,2431.0,90.0,53.0,elaecondiseth2018.xlsx
2018,ela,3,Economically disadvantaged,Asian,14010,2441.0,90.0,57.0,elaecondiseth2018.xlsx
2018,ela,3,Not economically disadvantaged,Asian,25008,2502.0,79.0,83.0,elaecondiseth2018.xlsx
2018,ela,3,Economically disadvantaged,Black or African American,18212,2376.0,86.0,27.0,elaecondiseth2018.xlsx
2018,ela,3,Not economically disadvantaged,Black or African American,4971,2426.0,91.0,50.0,elaecondiseth2018.xlsx
2018,ela,3,Economically disadvantaged,Blank,1999,2395.0,89.0,35.0,elaecondiseth2018.xlsx
2018,ela,3,Not economically disadvantaged,Blank,1702,2455.0,92.0,65.0,elaecondiseth2018.xlsx
2018,ela,3,Economically disadvantaged,Filipino,2995,2445.0,84.0,59.0,elaecondiseth2018.xlsx
2018,ela,3,Not economically disadvantaged,Filipino,5261,2478.0,80.0,74.0,elaecondiseth2018.xlsx
2018,ela,3,Economically disadvantaged,Hispanic or Latino,194055,2393.0,84.0,33.0,elaecondiseth2018.xlsx
2018,ela,3,Not economically disadvantaged,Hispanic or Latino,45299,2440.0,86.0,56.0,elaecondiseth2018.xlsx
2018,ela,3,Economically disadvantaged,Native Hawaiian or Pacific Islander,1331,2399.0,84.0,36.0,elaecondiseth2018.xlsx
2018,ela,3,Not economically disadvantaged,Native Hawaiian or Pacific Islander,593,2437.0,86.0,54.0,elaecondiseth2018.xlsx
2018,ela,3,Economically disadvantaged,Two or More Races,6900,2416.0,89.0,45.0,elaecondiseth2018.xlsx
2018,ela,3,Not economically disadvantaged,Two or More Races,11926,2480.0,82.0,75.0,elaecondiseth2018.xlsx
2018,ela,3,Economically disadvantaged,White,31478,2416.0,88.0,45.0,elaecondiseth2018.xlsx
2018,ela,3,Not economically disadvantaged,White,66419,2473.0,82.0,72.0,elaecondiseth2018.xlsx
2019,ela,3,Economically disadvantaged,All,274992,2400.0,86.0,37.0,elaecondisall2019.xlsx
2019,ela,3,Not economically disadvantaged,All,167668,2467.0,87.0,68.0,elaecondisall2019.xlsx
2019,ela,3,Economically disadvantaged,"American Indian or Alaska
Native",1449,2382.0,84.0,29.0,elaecondiseth2019.xlsx
2019,ela,3,Not economically disadvantaged,"American Indian or Alaska
Native",652,2435.0,91.0,55.0,elaecondiseth2019.xlsx
2019,ela,3,Economically disadvantaged,Asian,14374,2439.0,91.0,56.0,elaecondiseth2019.xlsx
2019,ela,3,Not economically disadvantaged,Asian,26372,2502.0,80.0,82.0,elaecondiseth2019.xlsx
2019,ela,3,Economically disadvantaged,Black or African American,18364,2375.0,85.0,26.0,elaecondiseth2019.xlsx
2019,ela,3,Not economically disadvantaged,Black or African American,5026,2427.0,92.0,49.0,elaecondiseth2019.xlsx
2019,ela,3,Economically disadvantaged,Blank,1912,2397.0,89.0,36.0,elaecondiseth2019.xlsx
2019,ela,3,Not economically disadvantaged,Blank,1577,2460.0,92.0,65.0,elaecondiseth2019.xlsx
2019,ela,3,Economically disadvantaged,Filipino,3125,2444.0,85.0,58.0,elaecondiseth2019.xlsx
2019,ela,3,Not economically disadvantaged,Filipino,5440,2476.0,81.0,72.0,elaecondiseth2019.xlsx
2019,ela,3,Economically disadvantaged,Hispanic or Latino,195379,2395.0,84.0,34.0,elaecondiseth2019.xlsx
2019,ela,3,Not economically disadvantaged,Hispanic or Latino,48200,2439.0,87.0,55.0,elaecondiseth2019.xlsx
2019,ela,3,Economically disadvantaged,"Native Hawaiian or Pacific
Islander",1351,2394.0,82.0,33.0,elaecondiseth2019.xlsx
2019,ela,3,Not economically disadvantaged,"Native Hawaiian or Pacific
Islander",531,2438.0,88.0,55.0,elaecondiseth2019.xlsx
2019,ela,3,Economically disadvantaged,Two or More Races,7024,2415.0,90.0,45.0,elaecondiseth2019.xlsx
2019,ela,3,Not economically disadvantaged,Two or More Races,12776,2482.0,82.0,75.0,elaecondiseth2019.xlsx
2019,ela,3,Economically disadvantaged,White,32014,2416.0,88.0,45.0,elaecondiseth2019.xlsx
2019,ela,3,Not economically disadvantaged,White,67094,2474.0,82.0,72.0,elaecondiseth2019.xlsx
2022,ela,3,Economically disadvantaged,All,249309,2379.0,95.0,29.0,elaecondisall2022.xlsx
2022,ela,3,Not economically disadvantaged,All,163999,2454.0,98.0,62.0,elaecondisall2022.xlsx
2022,ela,3,Economically disadvantaged,American Indian or Alaska Native,1277,2362.0,88.0,23.0,elaecondiseth2022.xlsx
2022,ela,3,Not economically disadvantaged,American Indian or Alaska Native,524,2419.0,101.0,46.0,elaecondiseth2022.xlsx
2022,ela,3,Economically disadvantaged,Asian,15286,2430.0,101.0,51.0,elaecondiseth2022.xlsx
2022,ela,3,Not economically disadvantaged,Asian,27056,2501.0,90.0,80.0,elaecondiseth2022.xlsx
2022,ela,3,Economically disadvantaged,Black or African American,15927,2356.0,92.0,22.0,elaecondiseth2022.xlsx
2022,ela,3,Not economically disadvantaged,Black or African American,4822,2411.0,98.0,43.0,elaecondiseth2022.xlsx
2022,ela,3,Economically disadvantaged,Filipino,3156,2438.0,91.0,55.0,elaecondiseth2022.xlsx
2022,ela,3,Not economically disadvantaged,Filipino,5853,2471.0,87.0,70.0,elaecondiseth2022.xlsx
2022,ela,3,Economically disadvantaged,Hispanic or Latino,175705,2371.0,91.0,26.0,elaecondiseth2022.xlsx
2022,ela,3,Not economically disadvantaged,Hispanic or Latino,53225,2418.0,96.0,46.0,elaecondiseth2022.xlsx
2022,ela,3,Economically disadvantaged,Native Hawaiian or Pacific Islander,1106,2377.0,91.0,27.0,elaecondiseth2022.xlsx
2022,ela,3,Not economically disadvantaged,Native Hawaiian or Pacific Islander,544,2416.0,95.0,44.0,elaecondiseth2022.xlsx
2022,ela,3,Economically disadvantaged,Two or More Races,9287,2394.0,99.0,36.0,elaecondiseth2022.xlsx
2022,ela,3,Not economically disadvantaged,Two or More Races,15149,2472.0,94.0,69.0,elaecondiseth2022.xlsx
2022,ela,3,Economically disadvantaged,White,27565,2402.0,96.0,39.0,elaecondiseth2022.xlsx
2022,ela,3,Not economically disadvantaged,White,56826,2464.0,90.0,66.0,elaecondiseth2022.xlsx
2023,ela,3,Economically disadvantaged,All,257766,2382.0,96.0,31.0,elaecondisall2023.xlsx
2023,ela,3,Not economically disadvantaged,All,152524,2458.0,98.0,63.0,elaecondisall2023.xlsx
2023,ela,3,Economically disadvantaged,American Indian or Alaska Native,1282,2362.0,92.0,24.0,elaecondiseth2023.xlsx
2023,ela,3,Not economically disadvantaged,American Indian or Alaska Native,524,2420.0,98.0,47.0,elaecondiseth2023.xlsx
2023,ela,3,Economically disadvantaged,Asian,15814,2431.0,102.0,52.0,elaecondiseth2023.xlsx
2023,ela,3,Not economically disadvantaged,Asian,25195,2501.0,91.0,80.0,elaecondiseth2023.xlsx
2023,ela,3,Economically disadvantaged,Black or African American,15791,2357.0,95.0,22.0,elaecondiseth2023.xlsx
2023,ela,3,Not economically disadvantaged,Black or African American,4220,2414.0,102.0,45.0,elaecondiseth2023.xlsx
2023,ela,3,Economically disadvantaged,Filipino,3256,2446.0,94.0,58.0,elaecondiseth2023.xlsx
2023,ela,3,Not economically disadvantaged,Filipino,5368,2475.0,90.0,71.0,elaecondiseth2023.xlsx
2023,ela,3,Economically disadvantaged,Hispanic or Latino,180165,2373.0,93.0,27.0,elaecondiseth2023.xlsx
2023,ela,3,Not economically disadvantaged,Hispanic or Latino,47890,2424.0,97.0,49.0,elaecondiseth2023.xlsx
2023,ela,3,Economically disadvantaged,Native Hawaiian or Pacific Islander,1157,2376.0,90.0,28.0,elaecondiseth2023.xlsx
2023,ela,3,Not economically disadvantaged,Native Hawaiian or Pacific Islander,480,2422.0,97.0,48.0,elaecondiseth2023.xlsx
2023,ela,3,Economically disadvantaged,Two or More Races,10319,2400.0,99.0,39.0,elaecondiseth2023.xlsx
2023,ela,3,Not economically disadvantaged,Two or More Races,14671,2474.0,95.0,70.0,elaecondiseth2023.xlsx
2023,ela,3,Economically disadvantaged,White,29982,2405.0,97.0,41.0,elaecondiseth2023.xlsx
2023,ela,3,Not economically disadvantaged,White,54176,2465.0,91.0,67.0,elaecondiseth2023.xlsx
2024,ela,3,Economically disadvantaged,All,265462,2386.0,98.0,33.0,elaecondisall2024.xlsx
2024,ela,3,Not economically disadvantaged,All,138127,2457.0,98.0,63.0,elaecondisall2024.xlsx
2024,ela,3,Economically disadvantaged,American Indian or Alaska Native,1194,2365.0,95.0,25.0,elaecondiseth2024.xlsx
2024,ela,3,Not economically disadvantaged,American Indian or Alaska Native,416,2413.0,105.0,47.0,elaecondiseth2024.xlsx
2024,ela,3,Economically disadvantaged,Asian,17974,2435.0,104.0,53.0,elaecondiseth2024.xlsx
2024,ela,3,Not economically disadvantaged,Asian,23815,2497.0,93.0,78.0,elaecondiseth2024.xlsx
2024,ela,3,Economically disadvantaged,Black or African American,15150,2362.0,96.0,24.0,elaecondiseth2024.xlsx
2024,ela,3,Not economically disadvantaged,Black or African American,3697,2416.0,100.0,45.0,elaecondiseth2024.xlsx
2024,ela,3,Economically disadvantaged,Filipino,3557,2445.0,93.0,58.0,elaecondiseth2024.xlsx
2024,ela,3,Not economically disadvantaged,Filipino,4892,2471.0,91.0,69.0,elaecondiseth2024.xlsx
2024,ela,3,Economically disadvantaged,Hispanic or Latino,181537,2376.0,94.0,28.0,elaecondiseth2024.xlsx
2024,ela,3,Not economically disadvantaged,Hispanic or Latino,43023,2423.0,97.0,49.0,elaecondiseth2024.xlsx
2024,ela,3,Economically disadvantaged,Native Hawaiian or Pacific Islander,1178,2376.0,90.0,28.0,elaecondiseth2024.xlsx
2024,ela,3,Not economically disadvantaged,Native Hawaiian or Pacific Islander,403,2429.0,97.0,52.0,elaecondiseth2024.xlsx
2024,ela,3,Economically disadvantaged,Two or More Races,11525,2405.0,101.0,40.0,elaecondiseth2024.xlsx
2024,ela,3,Not economically disadvantaged,Two or More Races,13847,2474.0,94.0,70.0,elaecondiseth2024.xlsx
2024,ela,3,Economically disadvantaged,White,33347,2410.0,98.0,43.0,elaecondiseth2024.xlsx
2024,ela,3,Not economically disadvantaged,White,48034,2464.0,91.0,66.0,elaecondiseth2024.xlsx
2025,ela,3,Economically disadvantaged,All,263307,2389.0,96.0,33.0,elaecondisall2025.xlsx
2025,ela,3,Not economically disadvantaged,All,142617,2461.0,97.0,64.0,elaecondisall2025.xlsx
2025,ela,3,Economically disadvantaged,American Indian or Alaska Native,1178,2365.0,90.0,23.0,elaecondiseth2025.xlsx
2025,ela,3,Not economically disadvantaged,American Indian or Alaska Native,423,2430.0,95.0,48.0,elaecondiseth2025.xlsx
2025,ela,3,Economically disadvantaged,Asian,17158,2431.0,102.0,52.0,elaecondiseth2025.xlsx
2025,ela,3,Not economically disadvantaged,Asian,23992,2499.0,91.0,79.0,elaecondiseth2025.xlsx
2025,ela,3,Economically disadvantaged,Black or African American,15321,2367.0,94.0,25.0,elaecondiseth2025.xlsx
2025,ela,3,Not economically disadvantaged,Black or African American,3651,2422.0,100.0,49.0,elaecondiseth2025.xlsx
2025,ela,3,Economically disadvantaged,Filipino,3255,2442.0,95.0,56.0,elaecondiseth2025.xlsx
2025,ela,3,Not economically disadvantaged,Filipino,4771,2475.0,91.0,72.0,elaecondiseth2025.xlsx
2025,ela,3,Economically disadvantaged,Hispanic or Latino,182307,2382.0,93.0,30.0,elaecondiseth2025.xlsx
2025,ela,3,Not economically disadvantaged,Hispanic or Latino,44758,2430.0,96.0,51.0,elaecondiseth2025.xlsx
2025,ela,3,Economically disadvantaged,Native Hawaiian or Pacific Islander,1144,2380.0,93.0,29.0,elaecondiseth2025.xlsx
2025,ela,3,Not economically disadvantaged,Native Hawaiian or Pacific Islander,354,2427.0,97.0,49.0,elaecondiseth2025.xlsx
2025,ela,3,Economically disadvantaged,Two or more races,11724,2405.0,99.0,40.0,elaecondiseth2025.xlsx
2025,ela,3,Not economically disadvantaged,Two or more races,15385,2477.0,93.0,71.0,elaecondiseth2025.xlsx
2025,ela,3,Economically disadvantaged,White,31220,2411.0,96.0,43.0,elaecondiseth2025.xlsx
2025,ela,3,Not economically disadvantaged,White,49283,2467.0,91.0,67.0,elaecondiseth2025.xlsx
2015,ela,4,Economically disadvantaged,All,285887,2416.1,83.0,25.72,elaecondisall2015.xlsx
2015,ela,4,Not economically disadvantaged,All,177181,2493.4,88.0,61.87,elaecondisall2015.xlsx
2015,ela,4,Economically disadvantaged,American Indian or Alaska Native,1660,2402.8,79.6,20.54,elaecondiseth2015.xlsx
2015,ela,4,Not economically disadvantaged,American Indian or Alaska Native,803,2464.7,90.2,48.19,elaecondiseth2015.xlsx
2015,ela,4,Economically disadvantaged,Asian,14765,2464.5,88.7,48.24,elaecondiseth2015.xlsx
2015,ela,4,Not economically disadvantaged,Asian,26349,2534.9,81.5,79.4,elaecondiseth2015.xlsx
2015,ela,4,Economically disadvantaged,Black or African American,19566,2395.1,81.1,18.32,elaecondiseth2015.xlsx
2015,ela,4,Not economically disadvantaged,Black or African American,6447,2443.0,88.8,38.78,elaecondiseth2015.xlsx
2015,ela,4,Economically disadvantaged,Blank,1464,2414.5,83.1,25.68,elaecondiseth2015.xlsx
2015,ela,4,Not economically disadvantaged,Blank,993,2488.3,86.3,60.12,elaecondiseth2015.xlsx
2015,ela,4,Economically disadvantaged,Filipino,3907,2464.9,83.0,47.56,elaecondiseth2015.xlsx
2015,ela,4,Not economically disadvantaged,Filipino,7247,2504.4,81.0,68.18,elaecondiseth2015.xlsx
2015,ela,4,Economically disadvantaged,Hispanic or Latino,205704,2410.1,80.0,22.68,elaecondiseth2015.xlsx
2015,ela,4,Not economically disadvantaged,Hispanic or Latino,47267,2458.6,86.5,45.59,elaecondiseth2015.xlsx
2015,ela,4,Economically disadvantaged,Native Hawaiian or Pacific Islander,1540,2421.6,79.5,26.1,elaecondiseth2015.xlsx
2015,ela,4,Not economically disadvantaged,Native Hawaiian or Pacific Islander,751,2462.1,85.5,46.87,elaecondiseth2015.xlsx
2015,ela,4,Economically disadvantaged,Two or More Races,5058,2436.7,86.6,34.8,elaecondiseth2015.xlsx
2015,ela,4,Not economically disadvantaged,Two or More Races,9316,2509.0,84.5,69.25,elaecondiseth2015.xlsx
2015,ela,4,Economically disadvantaged,White,32223,2436.6,85.8,35.52,elaecondiseth2015.xlsx
2015,ela,4,Not economically disadvantaged,White,78008,2502.5,82.4,66.56,elaecondiseth2015.xlsx
2016,ela,4,Economically disadvantaged,All,302042,2425.0,87.0,31.0,elaecondisall2016.xlsx
2016,ela,4,Not economically disadvantaged,All,171524,2506.0,88.0,67.0,elaecondisall2016.xlsx
2016,ela,4,Economically disadvantaged,American Indian or Alaska Native,1740,2409.0,85.0,25.0,elaecondiseth2016.xlsx
2016,ela,4,Not economically disadvantaged,American Indian or Alaska Native,724,2469.0,90.0,50.0,elaecondiseth2016.xlsx
2016,ela,4,Economically disadvantaged,Asian,15113,2472.0,92.0,52.0,elaecondiseth2016.xlsx
2016,ela,4,Not economically disadvantaged,Asian,26480,2543.0,82.0,82.0,elaecondiseth2016.xlsx
2016,ela,4,Economically disadvantaged,Black or African American,20132,2403.0,86.0,22.0,elaecondiseth2016.xlsx
2016,ela,4,Not economically disadvantaged,Black or African American,5901,2457.0,92.0,46.0,elaecondiseth2016.xlsx
2016,ela,4,Economically disadvantaged,Blank,1503,2426.0,91.0,31.0,elaecondiseth2016.xlsx
2016,ela,4,Not economically disadvantaged,Blank,1247,2489.0,93.0,60.0,elaecondiseth2016.xlsx
2016,ela,4,Economically disadvantaged,Filipino,3902,2479.0,85.0,57.0,elaecondiseth2016.xlsx
2016,ela,4,Not economically disadvantaged,Filipino,6881,2517.0,81.0,73.0,elaecondiseth2016.xlsx
2016,ela,4,Economically disadvantaged,Hispanic or Latino,218611,2420.0,85.0,28.0,elaecondiseth2016.xlsx
2016,ela,4,Not economically disadvantaged,Hispanic or Latino,43991,2475.0,88.0,53.0,elaecondiseth2016.xlsx
2016,ela,4,Economically disadvantaged,Native Hawaiian or Pacific Islander,1497,2429.0,83.0,31.0,elaecondiseth2016.xlsx
2016,ela,4,Not economically disadvantaged,Native Hawaiian or Pacific Islander,699,2481.0,87.0,55.0,elaecondiseth2016.xlsx
2016,ela,4,Economically disadvantaged,Two or More Races,5919,2443.0,91.0,39.0,elaecondiseth2016.xlsx
2016,ela,4,Not economically disadvantaged,Two or More Races,10067,2520.0,84.0,73.0,elaecondiseth2016.xlsx
2016,ela,4,Economically disadvantaged,White,33625,2445.0,89.0,40.0,elaecondiseth2016.xlsx
2016,ela,4,Not economically disadvantaged,White,75534,2513.0,84.0,70.0,elaecondiseth2016.xlsx
2017,ela,4,Economically disadvantaged,All,283288,2427.0,89.0,32.0,elaecondisall2017.xlsx
2017,ela,4,Not economically disadvantaged,All,174777,2503.0,90.0,66.0,elaecondisall2017.xlsx
2017,ela,4,Economically disadvantaged,American Indian or Alaska Native,1559,2410.0,86.0,25.0,elaecondiseth2017.xlsx
2017,ela,4,Not economically disadvantaged,American Indian or Alaska Native,738,2467.0,91.0,51.0,elaecondiseth2017.xlsx
2017,ela,4,Economically disadvantaged,Asian,14097,2475.0,95.0,54.0,elaecondiseth2017.xlsx
2017,ela,4,Not economically disadvantaged,Asian,26904,2542.0,83.0,82.0,elaecondiseth2017.xlsx
2017,ela,4,Economically disadvantaged,Black or African American,19111,2402.0,88.0,23.0,elaecondiseth2017.xlsx
2017,ela,4,Not economically disadvantaged,Black or African American,5849,2457.0,93.0,45.0,elaecondiseth2017.xlsx
2017,ela,4,Economically disadvantaged,Blank,1701,2422.0,91.0,30.0,elaecondiseth2017.xlsx
2017,ela,4,Not economically disadvantaged,Blank,1486,2489.0,93.0,60.0,elaecondiseth2017.xlsx
2017,ela,4,Economically disadvantaged,Filipino,3068,2480.0,88.0,56.0,elaecondiseth2017.xlsx
2017,ela,4,Not economically disadvantaged,Filipino,5797,2513.0,84.0,71.0,elaecondiseth2017.xlsx
2017,ela,4,Economically disadvantaged,Hispanic or Latino,205337,2422.0,87.0,29.0,elaecondiseth2017.xlsx
2017,ela,4,Not economically disadvantaged,Hispanic or Latino,47815,2472.0,90.0,53.0,elaecondiseth2017.xlsx
2017,ela,4,Economically disadvantaged,Native Hawaiian or Pacific Islander,1461,2428.0,84.0,31.0,elaecondiseth2017.xlsx
2017,ela,4,Not economically disadvantaged,Native Hawaiian or Pacific Islander,674,2471.0,91.0,53.0,elaecondiseth2017.xlsx
2017,ela,4,Economically disadvantaged,Two or More Races,6197,2445.0,92.0,40.0,elaecondiseth2017.xlsx
2017,ela,4,Not economically disadvantaged,Two or More Races,11421,2519.0,86.0,73.0,elaecondiseth2017.xlsx
2017,ela,4,Economically disadvantaged,White,30757,2445.0,91.0,40.0,elaecondiseth2017.xlsx
2017,ela,4,Not economically disadvantaged,White,74093,2511.0,85.0,70.0,elaecondiseth2017.xlsx
2018,ela,4,Economically disadvantaged,All,284743,2436.0,93.0,37.0,elaecondisall2018.xlsx
2018,ela,4,Not economically disadvantaged,All,168748,2511.0,91.0,69.0,elaecondisall2018.xlsx
2018,ela,4,Economically disadvantaged,American Indian or Alaska Native,1485,2418.0,92.0,30.0,elaecondiseth2018.xlsx
2018,ela,4,Not economically disadvantaged,American Indian or Alaska Native,695,2468.0,95.0,52.0,elaecondiseth2018.xlsx
2018,ela,4,Economically disadvantaged,Asian,15361,2487.0,98.0,59.0,elaecondiseth2018.xlsx
2018,ela,4,Not economically disadvantaged,Asian,26226,2551.0,82.0,84.0,elaecondiseth2018.xlsx
2018,ela,4,Economically disadvantaged,Black or African American,18804,2408.0,92.0,26.0,elaecondiseth2018.xlsx
2018,ela,4,Not economically disadvantaged,Black or African American,5509,2466.0,96.0,51.0,elaecondiseth2018.xlsx
2018,ela,4,Economically disadvantaged,Blank,1822,2427.0,94.0,34.0,elaecondiseth2018.xlsx
2018,ela,4,Not economically disadvantaged,Blank,1529,2494.0,95.0,62.0,elaecondiseth2018.xlsx
2018,ela,4,Economically disadvantaged,Filipino,3344,2488.0,89.0,59.0,elaecondiseth2018.xlsx
2018,ela,4,Not economically disadvantaged,Filipino,5543,2522.0,85.0,75.0,elaecondiseth2018.xlsx
2018,ela,4,Economically disadvantaged,Hispanic or Latino,204043,2431.0,90.0,34.0,elaecondiseth2018.xlsx
2018,ela,4,Not economically disadvantaged,Hispanic or Latino,47385,2480.0,92.0,56.0,elaecondiseth2018.xlsx
2018,ela,4,Economically disadvantaged,Native Hawaiian or Pacific Islander,1413,2431.0,87.0,34.0,elaecondiseth2018.xlsx
2018,ela,4,Not economically disadvantaged,Native Hawaiian or Pacific Islander,665,2485.0,91.0,60.0,elaecondiseth2018.xlsx
2018,ela,4,Economically disadvantaged,Two or More Races,6725,2451.0,96.0,43.0,elaecondiseth2018.xlsx
2018,ela,4,Not economically disadvantaged,Two or More Races,11733,2524.0,87.0,75.0,elaecondiseth2018.xlsx
2018,ela,4,Economically disadvantaged,White,31746,2454.0,94.0,45.0,elaecondiseth2018.xlsx
2018,ela,4,Not economically disadvantaged,White,69463,2517.0,86.0,73.0,elaecondiseth2018.xlsx
2019,ela,4,Economically disadvantaged,All,270298,2439.0,93.0,37.0,elaecondisall2019.xlsx
2019,ela,4,Not economically disadvantaged,All,165025,2511.0,91.0,69.0,elaecondisall2019.xlsx
2019,ela,4,Economically disadvantaged,"American Indian or Alaska
Native",1414,2419.0,90.0,29.0,elaecondiseth2019.xlsx
2019,ela,4,Not economically disadvantaged,"American Indian or Alaska
Native",609,2472.0,94.0,52.0,elaecondiseth2019.xlsx
2019,ela,4,Economically disadvantaged,Asian,14229,2485.0,97.0,58.0,elaecondiseth2019.xlsx
2019,ela,4,Not economically disadvantaged,Asian,25529,2551.0,83.0,84.0,elaecondiseth2019.xlsx
2019,ela,4,Economically disadvantaged,Black or African American,17907,2411.0,93.0,27.0,elaecondiseth2019.xlsx
2019,ela,4,Not economically disadvantaged,Black or African American,5156,2464.0,96.0,50.0,elaecondiseth2019.xlsx
2019,ela,4,Economically disadvantaged,Blank,1642,2434.0,95.0,36.0,elaecondiseth2019.xlsx
2019,ela,4,Not economically disadvantaged,Blank,1594,2497.0,99.0,64.0,elaecondiseth2019.xlsx
2019,ela,4,Economically disadvantaged,Filipino,3109,2489.0,90.0,59.0,elaecondiseth2019.xlsx
2019,ela,4,Not economically disadvantaged,Filipino,5403,2523.0,86.0,74.0,elaecondiseth2019.xlsx
2019,ela,4,Economically disadvantaged,Hispanic or Latino,192703,2434.0,90.0,35.0,elaecondiseth2019.xlsx
2019,ela,4,Not economically disadvantaged,Hispanic or Latino,47705,2481.0,92.0,57.0,elaecondiseth2019.xlsx
2019,ela,4,Economically disadvantaged,"Native Hawaiian or Pacific
Islander",1329,2433.0,89.0,34.0,elaecondiseth2019.xlsx
2019,ela,4,Not economically disadvantaged,"Native Hawaiian or Pacific
Islander",585,2482.0,95.0,57.0,elaecondiseth2019.xlsx
2019,ela,4,Economically disadvantaged,Two or More Races,6896,2456.0,96.0,45.0,elaecondiseth2019.xlsx
2019,ela,4,Not economically disadvantaged,Two or More Races,12215,2525.0,87.0,75.0,elaecondiseth2019.xlsx
2019,ela,4,Economically disadvantaged,White,31069,2456.0,94.0,46.0,elaecondiseth2019.xlsx
2019,ela,4,Not economically disadvantaged,White,66229,2518.0,86.0,73.0,elaecondiseth2019.xlsx
2022,ela,4,Economically disadvantaged,All,253550,2424.0,97.0,32.0,elaecondisall2022.xlsx
2022,ela,4,Not economically disadvantaged,All,166231,2500.0,98.0,64.0,elaecondisall2022.xlsx
2022,ela,4,Economically disadvantaged,American Indian or Alaska Native,1226,2401.0,92.0,21.0,elaecondiseth2022.xlsx
2022,ela,4,Not economically disadvantaged,American Indian or Alaska Native,557,2457.0,95.0,46.0,elaecondiseth2022.xlsx
2022,ela,4,Economically disadvantaged,Asian,15059,2477.0,103.0,55.0,elaecondiseth2022.xlsx
2022,ela,4,Not economically disadvantaged,Asian,27035,2549.0,89.0,83.0,elaecondiseth2022.xlsx
2022,ela,4,Economically disadvantaged,Black or African American,15920,2397.0,95.0,22.0,elaecondiseth2022.xlsx
2022,ela,4,Not economically disadvantaged,Black or African American,5103,2454.0,100.0,45.0,elaecondiseth2022.xlsx
2022,ela,4,Economically disadvantaged,Filipino,3161,2485.0,93.0,59.0,elaecondiseth2022.xlsx
2022,ela,4,Not economically disadvantaged,Filipino,6098,2520.0,90.0,73.0,elaecondiseth2022.xlsx
2022,ela,4,Economically disadvantaged,Hispanic or Latino,180044,2416.0,93.0,28.0,elaecondiseth2022.xlsx
2022,ela,4,Not economically disadvantaged,Hispanic or Latino,54302,2463.0,97.0,48.0,elaecondiseth2022.xlsx
2022,ela,4,Economically disadvantaged,Native Hawaiian or Pacific Islander,1168,2415.0,91.0,28.0,elaecondiseth2022.xlsx
2022,ela,4,Not economically disadvantaged,Native Hawaiian or Pacific Islander,579,2473.0,96.0,50.0,elaecondiseth2022.xlsx
2022,ela,4,Economically disadvantaged,Two or More Races,8979,2441.0,100.0,39.0,elaecondiseth2022.xlsx
2022,ela,4,Not economically disadvantaged,Two or More Races,14607,2516.0,95.0,71.0,elaecondiseth2022.xlsx
2022,ela,4,Economically disadvantaged,White,27993,2448.0,97.0,42.0,elaecondiseth2022.xlsx
2022,ela,4,Not economically disadvantaged,White,57950,2510.0,90.0,68.0,elaecondiseth2022.xlsx
2023,ela,4,Economically disadvantaged,All,262782,2423.0,100.0,32.0,elaecondisall2023.xlsx
2023,ela,4,Not economically disadvantaged,All,153057,2503.0,100.0,65.0,elaecondisall2023.xlsx
2023,ela,4,Economically disadvantaged,American Indian or Alaska Native,1303,2399.0,91.0,22.0,elaecondiseth2023.xlsx
2023,ela,4,Not economically disadvantaged,American Indian or Alaska Native,508,2462.0,102.0,50.0,elaecondiseth2023.xlsx
2023,ela,4,Economically disadvantaged,Asian,16741,2479.0,107.0,56.0,elaecondiseth2023.xlsx
2023,ela,4,Not economically disadvantaged,Asian,26455,2550.0,92.0,82.0,elaecondiseth2023.xlsx
2023,ela,4,Economically disadvantaged,Black or African American,16485,2396.0,98.0,22.0,elaecondiseth2023.xlsx
2023,ela,4,Not economically disadvantaged,Black or African American,4428,2455.0,102.0,45.0,elaecondiseth2023.xlsx
2023,ela,4,Economically disadvantaged,Filipino,3449,2483.0,95.0,56.0,elaecondiseth2023.xlsx
2023,ela,4,Not economically disadvantaged,Filipino,5693,2520.0,92.0,72.0,elaecondiseth2023.xlsx
2023,ela,4,Economically disadvantaged,Hispanic or Latino,183663,2414.0,96.0,28.0,elaecondiseth2023.xlsx
2023,ela,4,Not economically disadvantaged,Hispanic or Latino,47249,2466.0,100.0,50.0,elaecondiseth2023.xlsx
2023,ela,4,Economically disadvantaged,Native Hawaiian or Pacific Islander,1211,2421.0,97.0,30.0,elaecondiseth2023.xlsx
2023,ela,4,Not economically disadvantaged,Native Hawaiian or Pacific Islander,470,2462.0,98.0,48.0,elaecondiseth2023.xlsx
2023,ela,4,Economically disadvantaged,Two or More Races,10029,2441.0,103.0,39.0,elaecondiseth2023.xlsx
2023,ela,4,Not economically disadvantaged,Two or More Races,14205,2521.0,96.0,72.0,elaecondiseth2023.xlsx
2023,ela,4,Economically disadvantaged,White,29901,2446.0,100.0,41.0,elaecondiseth2023.xlsx
2023,ela,4,Not economically disadvantaged,White,54049,2511.0,93.0,68.0,elaecondiseth2023.xlsx
2024,ela,4,Economically disadvantaged,All,272418,2426.0,103.0,33.0,elaecondisall2024.xlsx
2024,ela,4,Not economically disadvantaged,All,141075,2502.0,102.0,64.0,elaecondisall2024.xlsx
2024,ela,4,Economically disadvantaged,American Indian or Alaska Native,1372,2403.0,94.0,23.0,elaecondiseth2024.xlsx
2024,ela,4,Not economically disadvantaged,American Indian or Alaska Native,458,2462.0,103.0,47.0,elaecondiseth2024.xlsx
2024,ela,4,Economically disadvantaged,Asian,18429,2482.0,109.0,57.0,elaecondiseth2024.xlsx
2024,ela,4,Not economically disadvantaged,Asian,23719,2548.0,94.0,81.0,elaecondiseth2024.xlsx
2024,ela,4,Economically disadvantaged,Black or African American,16277,2396.0,99.0,23.0,elaecondiseth2024.xlsx
2024,ela,4,Not economically disadvantaged,Black or African American,3856,2455.0,105.0,45.0,elaecondiseth2024.xlsx
2024,ela,4,Economically disadvantaged,Filipino,3787,2491.0,100.0,60.0,elaecondiseth2024.xlsx
2024,ela,4,Not economically disadvantaged,Filipino,5011,2525.0,94.0,74.0,elaecondiseth2024.xlsx
2024,ela,4,Economically disadvantaged,Hispanic or Latino,184940,2416.0,99.0,29.0,elaecondiseth2024.xlsx
2024,ela,4,Not economically disadvantaged,Hispanic or Latino,44558,2467.0,102.0,50.0,elaecondiseth2024.xlsx
2024,ela,4,Economically disadvantaged,Native Hawaiian or Pacific Islander,1252,2415.0,95.0,28.0,elaecondiseth2024.xlsx
2024,ela,4,Not economically disadvantaged,Native Hawaiian or Pacific Islander,434,2465.0,107.0,48.0,elaecondiseth2024.xlsx
2024,ela,4,Economically disadvantaged,Two or More Races,11461,2450.0,106.0,43.0,elaecondiseth2024.xlsx
2024,ela,4,Not economically disadvantaged,Two or More Races,13461,2519.0,97.0,71.0,elaecondiseth2024.xlsx
2024,ela,4,Economically disadvantaged,White,34900,2451.0,102.0,44.0,elaecondiseth2024.xlsx
2024,ela,4,Not economically disadvantaged,White,49578,2510.0,94.0,68.0,elaecondiseth2024.xlsx
2025,ela,4,Economically disadvantaged,All,264282,2430.0,101.0,34.0,elaecondisall2025.xlsx
2025,ela,4,Not economically disadvantaged,All,144166,2508.0,99.0,66.0,elaecondisall2025.xlsx
2025,ela,4,Economically disadvantaged,American Indian or Alaska Native,1137,2408.0,94.0,27.0,elaecondiseth2025.xlsx
2025,ela,4,Not economically disadvantaged,American Indian or Alaska Native,444,2465.0,109.0,50.0,elaecondiseth2025.xlsx
2025,ela,4,Economically disadvantaged,Asian,17838,2478.0,108.0,55.0,elaecondiseth2025.xlsx
2025,ela,4,Not economically disadvantaged,Asian,25181,2550.0,93.0,82.0,elaecondiseth2025.xlsx
2025,ela,4,Economically disadvantaged,Black or African American,15094,2406.0,100.0,25.0,elaecondiseth2025.xlsx
2025,ela,4,Not economically disadvantaged,Black or African American,3837,2464.0,103.0,48.0,elaecondiseth2025.xlsx
2025,ela,4,Economically disadvantaged,Filipino,3472,2490.0,97.0,59.0,elaecondiseth2025.xlsx
2025,ela,4,Not economically disadvantaged,Filipino,5171,2526.0,92.0,75.0,elaecondiseth2025.xlsx
2025,ela,4,Economically disadvantaged,Hispanic or Latino,183502,2421.0,98.0,31.0,elaecondiseth2025.xlsx
2025,ela,4,Not economically disadvantaged,Hispanic or Latino,44686,2473.0,100.0,52.0,elaecondiseth2025.xlsx
2025,ela,4,Economically disadvantaged,Native Hawaiian or Pacific Islander,1177,2426.0,93.0,30.0,elaecondiseth2025.xlsx
2025,ela,4,Not economically disadvantaged,Native Hawaiian or Pacific Islander,389,2473.0,97.0,50.0,elaecondiseth2025.xlsx
2025,ela,4,Economically disadvantaged,Two or more races,10988,2447.0,102.0,41.0,elaecondiseth2025.xlsx
2025,ela,4,Not economically disadvantaged,Two or more races,14399,2525.0,95.0,73.0,elaecondiseth2025.xlsx
2025,ela,4,Economically disadvantaged,White,31074,2452.0,101.0,43.0,elaecondiseth2025.xlsx
2025,ela,4,Not economically disadvantaged,White,50059,2515.0,91.0,70.0,elaecondiseth2025.xlsx
2015,ela,5,Economically disadvantaged,All,279920,2457.1,85.4,31.1,elaecondisall2015.xlsx
2015,ela,5,Not economically disadvantaged,All,180566,2533.5,89.5,66.12,elaecondisall2015.xlsx
2015,ela,5,Economically disadvantaged,American Indian or Alaska Native,1735,2435.7,83.7,22.07,elaecondiseth2015.xlsx
2015,ela,5,Not economically disadvantaged,American Indian or Alaska Native,793,2489.2,90.1,45.52,elaecondiseth2015.xlsx
2015,ela,5,Economically disadvantaged,Asian,15202,2506.5,91.9,54.49,elaecondiseth2015.xlsx
2015,ela,5,Not economically disadvantaged,Asian,27000,2575.7,83.2,82.4,elaecondiseth2015.xlsx
2015,ela,5,Economically disadvantaged,Black or African American,19397,2433.9,83.8,22.18,elaecondiseth2015.xlsx
2015,ela,5,Not economically disadvantaged,Black or African American,7016,2482.4,92.7,43.93,elaecondiseth2015.xlsx
2015,ela,5,Economically disadvantaged,Blank,1316,2459.3,86.5,31.61,elaecondiseth2015.xlsx
2015,ela,5,Not economically disadvantaged,Blank,1107,2536.8,86.6,66.49,elaecondiseth2015.xlsx
2015,ela,5,Economically disadvantaged,Filipino,4236,2507.6,85.5,54.58,elaecondiseth2015.xlsx
2015,ela,5,Not economically disadvantaged,Filipino,7554,2542.3,82.4,70.92,elaecondiseth2015.xlsx
2015,ela,5,Economically disadvantaged,Hispanic or Latino,200281,2451.5,82.1,28.14,elaecondiseth2015.xlsx
2015,ela,5,Not economically disadvantaged,Hispanic or Latino,46756,2499.6,87.9,51.18,elaecondiseth2015.xlsx
2015,ela,5,Economically disadvantaged,Native Hawaiian or Pacific Islander,1571,2457.4,84.0,31.19,elaecondiseth2015.xlsx
2015,ela,5,Not economically disadvantaged,Native Hawaiian or Pacific Islander,823,2503.8,83.4,50.91,elaecondiseth2015.xlsx
2015,ela,5,Economically disadvantaged,Two or More Races,4636,2475.8,88.4,40.38,elaecondiseth2015.xlsx
2015,ela,5,Not economically disadvantaged,Two or More Races,8483,2549.0,86.1,72.6,elaecondiseth2015.xlsx
2015,ela,5,Economically disadvantaged,White,31546,2475.0,88.5,40.09,elaecondiseth2015.xlsx
2015,ela,5,Not economically disadvantaged,White,81034,2541.7,84.2,70.47,elaecondiseth2015.xlsx
2016,ela,5,Economically disadvantaged,All,292919,2466.0,89.0,36.0,elaecondisall2016.xlsx
2016,ela,5,Not economically disadvantaged,All,171477,2546.0,89.0,71.0,elaecondisall2016.xlsx
2016,ela,5,Economically disadvantaged,American Indian or Alaska Native,1655,2444.0,86.0,26.0,elaecondiseth2016.xlsx
2016,ela,5,Not economically disadvantaged,American Indian or Alaska Native,755,2512.0,96.0,56.0,elaecondiseth2016.xlsx
2016,ela,5,Economically disadvantaged,Asian,15339,2516.0,94.0,58.0,elaecondiseth2016.xlsx
2016,ela,5,Not economically disadvantaged,Asian,26456,2587.0,82.0,85.0,elaecondiseth2016.xlsx
2016,ela,5,Economically disadvantaged,Black or African American,19834,2440.0,89.0,25.0,elaecondiseth2016.xlsx
2016,ela,5,Not economically disadvantaged,Black or African American,5856,2496.0,93.0,50.0,elaecondiseth2016.xlsx
2016,ela,5,Economically disadvantaged,Blank,1243,2460.0,92.0,35.0,elaecondiseth2016.xlsx
2016,ela,5,Not economically disadvantaged,Blank,1042,2532.0,93.0,67.0,elaecondiseth2016.xlsx
2016,ela,5,Economically disadvantaged,Filipino,4087,2518.0,86.0,59.0,elaecondiseth2016.xlsx
2016,ela,5,Not economically disadvantaged,Filipino,7098,2557.0,82.0,77.0,elaecondiseth2016.xlsx
2016,ela,5,Economically disadvantaged,Hispanic or Latino,210974,2461.0,86.0,33.0,elaecondiseth2016.xlsx
2016,ela,5,Not economically disadvantaged,Hispanic or Latino,43387,2514.0,89.0,58.0,elaecondiseth2016.xlsx
2016,ela,5,Economically disadvantaged,Native Hawaiian or Pacific Islander,1583,2466.0,87.0,36.0,elaecondiseth2016.xlsx
2016,ela,5,Not economically disadvantaged,Native Hawaiian or Pacific Islander,713,2518.0,88.0,60.0,elaecondiseth2016.xlsx
2016,ela,5,Economically disadvantaged,Two or More Races,5366,2483.0,92.0,43.0,elaecondiseth2016.xlsx
2016,ela,5,Not economically disadvantaged,Two or More Races,9482,2559.0,86.0,77.0,elaecondiseth2016.xlsx
2016,ela,5,Economically disadvantaged,White,32838,2483.0,91.0,44.0,elaecondiseth2016.xlsx
2016,ela,5,Not economically disadvantaged,White,76688,2552.0,84.0,74.0,elaecondiseth2016.xlsx
2017,ela,5,Economically disadvantaged,All,293676,2459.0,93.0,33.0,elaecondisall2017.xlsx
2017,ela,5,Not economically disadvantaged,All,180716,2539.0,94.0,68.0,elaecondisall2017.xlsx
2017,ela,5,Economically disadvantaged,American Indian or Alaska Native,1625,2437.0,93.0,26.0,elaecondiseth2017.xlsx
2017,ela,5,Not economically disadvantaged,American Indian or Alaska Native,793,2497.0,99.0,51.0,elaecondiseth2017.xlsx
2017,ela,5,Economically disadvantaged,Asian,14886,2510.0,100.0,56.0,elaecondiseth2017.xlsx
2017,ela,5,Not economically disadvantaged,Asian,27477,2582.0,87.0,83.0,elaecondiseth2017.xlsx
2017,ela,5,Economically disadvantaged,Black or African American,19406,2433.0,93.0,24.0,elaecondiseth2017.xlsx
2017,ela,5,Not economically disadvantaged,Black or African American,6249,2487.0,99.0,46.0,elaecondiseth2017.xlsx
2017,ela,5,Economically disadvantaged,Blank,1625,2454.0,94.0,31.0,elaecondiseth2017.xlsx
2017,ela,5,Not economically disadvantaged,Blank,1315,2518.0,100.0,60.0,elaecondiseth2017.xlsx
2017,ela,5,Economically disadvantaged,Filipino,3543,2515.0,90.0,58.0,elaecondiseth2017.xlsx
2017,ela,5,Not economically disadvantaged,Filipino,6506,2552.0,87.0,75.0,elaecondiseth2017.xlsx
2017,ela,5,Economically disadvantaged,Hispanic or Latino,214050,2454.0,90.0,31.0,elaecondiseth2017.xlsx
2017,ela,5,Not economically disadvantaged,Hispanic or Latino,49070,2506.0,93.0,54.0,elaecondiseth2017.xlsx
2017,ela,5,Economically disadvantaged,Native Hawaiian or Pacific Islander,1411,2462.0,89.0,34.0,elaecondiseth2017.xlsx
2017,ela,5,Not economically disadvantaged,Native Hawaiian or Pacific Islander,738,2517.0,96.0,57.0,elaecondiseth2017.xlsx
2017,ela,5,Economically disadvantaged,Two or More Races,5970,2477.0,96.0,42.0,elaecondiseth2017.xlsx
2017,ela,5,Not economically disadvantaged,Two or More Races,11346,2555.0,90.0,74.0,elaecondiseth2017.xlsx
2017,ela,5,Economically disadvantaged,White,31160,2478.0,96.0,42.0,elaecondiseth2017.xlsx
2017,ela,5,Not economically disadvantaged,White,77222,2547.0,89.0,72.0,elaecondiseth2017.xlsx
2018,ela,5,Economically disadvantaged,All,287050,2467.0,94.0,37.0,elaecondisall2018.xlsx
2018,ela,5,Not economically disadvantaged,All,172158,2545.0,94.0,70.0,elaecondisall2018.xlsx
2018,ela,5,Economically disadvantaged,American Indian or Alaska Native,1572,2448.0,91.0,29.0,elaecondiseth2018.xlsx
2018,ela,5,Not economically disadvantaged,American Indian or Alaska Native,758,2505.0,97.0,53.0,elaecondiseth2018.xlsx
2018,ela,5,Economically disadvantaged,Asian,15415,2520.0,100.0,60.0,elaecondiseth2018.xlsx
2018,ela,5,Not economically disadvantaged,Asian,26464,2588.0,86.0,85.0,elaecondiseth2018.xlsx
2018,ela,5,Economically disadvantaged,Black or African American,18844,2439.0,93.0,27.0,elaecondiseth2018.xlsx
2018,ela,5,Not economically disadvantaged,Black or African American,5898,2496.0,96.0,51.0,elaecondiseth2018.xlsx
2018,ela,5,Economically disadvantaged,Blank,1696,2462.0,96.0,36.0,elaecondiseth2018.xlsx
2018,ela,5,Not economically disadvantaged,Blank,1412,2529.0,99.0,64.0,elaecondiseth2018.xlsx
2018,ela,5,Economically disadvantaged,Filipino,3277,2522.0,91.0,61.0,elaecondiseth2018.xlsx
2018,ela,5,Not economically disadvantaged,Filipino,5766,2558.0,86.0,77.0,elaecondiseth2018.xlsx
2018,ela,5,Economically disadvantaged,Hispanic or Latino,205730,2461.0,91.0,34.0,elaecondiseth2018.xlsx
2018,ela,5,Not economically disadvantaged,Hispanic or Latino,48090,2513.0,93.0,58.0,elaecondiseth2018.xlsx
2018,ela,5,Economically disadvantaged,Native Hawaiian or Pacific Islander,1504,2467.0,92.0,36.0,elaecondiseth2018.xlsx
2018,ela,5,Not economically disadvantaged,Native Hawaiian or Pacific Islander,669,2515.0,94.0,57.0,elaecondiseth2018.xlsx
2018,ela,5,Economically disadvantaged,Two or More Races,6421,2484.0,97.0,45.0,elaecondiseth2018.xlsx
2018,ela,5,Not economically disadvantaged,Two or More Races,11414,2561.0,91.0,77.0,elaecondiseth2018.xlsx
2018,ela,5,Economically disadvantaged,White,32591,2486.0,96.0,46.0,elaecondiseth2018.xlsx
2018,ela,5,Not economically disadvantaged,White,71687,2553.0,88.0,74.0,elaecondiseth2018.xlsx
2019,ela,5,Economically disadvantaged,All,282353,2474.0,94.0,40.0,elaecondisall2019.xlsx
2019,ela,5,Not economically disadvantaged,All,172211,2549.0,93.0,71.0,elaecondisall2019.xlsx
2019,ela,5,Economically disadvantaged,"American Indian or Alaska
Native",1467,2453.0,96.0,33.0,elaecondiseth2019.xlsx
2019,ela,5,Not economically disadvantaged,"American Indian or Alaska
Native",714,2503.0,95.0,52.0,elaecondiseth2019.xlsx
2019,ela,5,Economically disadvantaged,Asian,15390,2527.0,100.0,63.0,elaecondiseth2019.xlsx
2019,ela,5,Not economically disadvantaged,Asian,26799,2592.0,84.0,86.0,elaecondiseth2019.xlsx
2019,ela,5,Economically disadvantaged,Black or African American,18565,2445.0,93.0,28.0,elaecondiseth2019.xlsx
2019,ela,5,Not economically disadvantaged,Black or African American,5772,2501.0,97.0,52.0,elaecondiseth2019.xlsx
2019,ela,5,Economically disadvantaged,Blank,1487,2463.0,98.0,37.0,elaecondiseth2019.xlsx
2019,ela,5,Not economically disadvantaged,Blank,1335,2535.0,97.0,66.0,elaecondiseth2019.xlsx
2019,ela,5,Economically disadvantaged,Filipino,3286,2524.0,92.0,62.0,elaecondiseth2019.xlsx
2019,ela,5,Not economically disadvantaged,Filipino,5872,2560.0,86.0,77.0,elaecondiseth2019.xlsx
2019,ela,5,Economically disadvantaged,Hispanic or Latino,202661,2469.0,91.0,37.0,elaecondiseth2019.xlsx
2019,ela,5,Not economically disadvantaged,Hispanic or Latino,49720,2517.0,93.0,59.0,elaecondiseth2019.xlsx
2019,ela,5,Economically disadvantaged,"Native Hawaiian or Pacific
Islander",1404,2468.0,92.0,36.0,elaecondiseth2019.xlsx
2019,ela,5,Not economically disadvantaged,"Native Hawaiian or Pacific
Islander",675,2521.0,92.0,60.0,elaecondiseth2019.xlsx
2019,ela,5,Economically disadvantaged,Two or More Races,6712,2487.0,98.0,46.0,elaecondiseth2019.xlsx
2019,ela,5,Not economically disadvantaged,Two or More Races,12022,2564.0,89.0,78.0,elaecondiseth2019.xlsx
2019,ela,5,Economically disadvantaged,White,31381,2493.0,96.0,49.0,elaecondiseth2019.xlsx
2019,ela,5,Not economically disadvantaged,White,69302,2557.0,88.0,75.0,elaecondiseth2019.xlsx
2022,ela,5,Economically disadvantaged,All,258770,2461.0,100.0,35.0,elaecondisall2022.xlsx
2022,ela,5,Not economically disadvantaged,All,168971,2538.0,101.0,66.0,elaecondisall2022.xlsx
2022,ela,5,Economically disadvantaged,American Indian or Alaska Native,1217,2435.0,96.0,26.0,elaecondiseth2022.xlsx
2022,ela,5,Not economically disadvantaged,American Indian or Alaska Native,600,2490.0,102.0,46.0,elaecondiseth2022.xlsx
2022,ela,5,Economically disadvantaged,Asian,14316,2517.0,106.0,58.0,elaecondiseth2022.xlsx
2022,ela,5,Not economically disadvantaged,Asian,26248,2591.0,92.0,84.0,elaecondiseth2022.xlsx
2022,ela,5,Economically disadvantaged,Black or African American,16528,2434.0,99.0,25.0,elaecondiseth2022.xlsx
2022,ela,5,Not economically disadvantaged,Black or African American,5467,2491.0,102.0,48.0,elaecondiseth2022.xlsx
2022,ela,5,Economically disadvantaged,Filipino,3287,2523.0,97.0,60.0,elaecondiseth2022.xlsx
2022,ela,5,Not economically disadvantaged,Filipino,6255,2556.0,92.0,74.0,elaecondiseth2022.xlsx
2022,ela,5,Economically disadvantaged,Hispanic or Latino,184944,2454.0,96.0,32.0,elaecondiseth2022.xlsx
2022,ela,5,Not economically disadvantaged,Hispanic or Latino,55674,2501.0,100.0,51.0,elaecondiseth2022.xlsx
2022,ela,5,Economically disadvantaged,Native Hawaiian or Pacific Islander,1162,2462.0,94.0,36.0,elaecondiseth2022.xlsx
2022,ela,5,Not economically disadvantaged,Native Hawaiian or Pacific Islander,626,2501.0,101.0,52.0,elaecondiseth2022.xlsx
2022,ela,5,Economically disadvantaged,Two or More Races,8806,2475.0,102.0,41.0,elaecondiseth2022.xlsx
2022,ela,5,Not economically disadvantaged,Two or More Races,14247,2554.0,97.0,73.0,elaecondiseth2022.xlsx
2022,ela,5,Economically disadvantaged,White,28510,2484.0,100.0,44.0,elaecondiseth2022.xlsx
2022,ela,5,Not economically disadvantaged,White,59854,2548.0,93.0,71.0,elaecondiseth2022.xlsx
2023,ela,5,Economically disadvantaged,All,266715,2461.0,102.0,35.0,elaecondisall2023.xlsx
2023,ela,5,Not economically disadvantaged,All,154957,2542.0,103.0,67.0,elaecondisall2023.xlsx
2023,ela,5,Economically disadvantaged,American Indian or Alaska Native,1243,2432.0,96.0,23.0,elaecondiseth2023.xlsx
2023,ela,5,Not economically disadvantaged,American Indian or Alaska Native,508,2504.0,107.0,55.0,elaecondiseth2023.xlsx
2023,ela,5,Economically disadvantaged,Asian,16478,2518.0,108.0,59.0,elaecondiseth2023.xlsx
2023,ela,5,Not economically disadvantaged,Asian,26450,2591.0,93.0,84.0,elaecondiseth2023.xlsx
2023,ela,5,Economically disadvantaged,Black or African American,16467,2431.0,100.0,24.0,elaecondiseth2023.xlsx
2023,ela,5,Not economically disadvantaged,Black or African American,4729,2490.0,105.0,47.0,elaecondiseth2023.xlsx
2023,ela,5,Economically disadvantaged,Filipino,3468,2523.0,96.0,60.0,elaecondiseth2023.xlsx
2023,ela,5,Not economically disadvantaged,Filipino,5883,2561.0,94.0,75.0,elaecondiseth2023.xlsx
2023,ela,5,Economically disadvantaged,Hispanic or Latino,187871,2453.0,98.0,31.0,elaecondiseth2023.xlsx
2023,ela,5,Not economically disadvantaged,Hispanic or Latino,48218,2504.0,102.0,52.0,elaecondiseth2023.xlsx
2023,ela,5,Economically disadvantaged,Native Hawaiian or Pacific Islander,1255,2450.0,98.0,30.0,elaecondiseth2023.xlsx
2023,ela,5,Not economically disadvantaged,Native Hawaiian or Pacific Islander,528,2508.0,106.0,53.0,elaecondiseth2023.xlsx
2023,ela,5,Economically disadvantaged,Two or More Races,9660,2478.0,105.0,42.0,elaecondiseth2023.xlsx
2023,ela,5,Not economically disadvantaged,Two or More Races,13790,2559.0,98.0,74.0,elaecondiseth2023.xlsx
2023,ela,5,Economically disadvantaged,White,30273,2484.0,104.0,45.0,elaecondiseth2023.xlsx
2023,ela,5,Not economically disadvantaged,White,54851,2551.0,95.0,71.0,elaecondiseth2023.xlsx
2024,ela,5,Economically disadvantaged,All,274909,2463.0,105.0,37.0,elaecondisall2024.xlsx
2024,ela,5,Not economically disadvantaged,All,143518,2543.0,104.0,68.0,elaecondisall2024.xlsx
2024,ela,5,Economically disadvantaged,American Indian or Alaska Native,1344,2435.0,98.0,26.0,elaecondiseth2024.xlsx
2024,ela,5,Not economically disadvantaged,American Indian or Alaska Native,468,2504.0,111.0,52.0,elaecondiseth2024.xlsx
2024,ela,5,Economically disadvantaged,Asian,18936,2525.0,112.0,61.0,elaecondiseth2024.xlsx
2024,ela,5,Not economically disadvantaged,Asian,25240,2592.0,95.0,84.0,elaecondiseth2024.xlsx
2024,ela,5,Economically disadvantaged,Black or African American,16763,2432.0,103.0,25.0,elaecondiseth2024.xlsx
2024,ela,5,Not economically disadvantaged,Black or African American,4131,2497.0,106.0,51.0,elaecondiseth2024.xlsx
2024,ela,5,Economically disadvantaged,Filipino,4070,2527.0,97.0,62.0,elaecondiseth2024.xlsx
2024,ela,5,Not economically disadvantaged,Filipino,5302,2562.0,94.0,76.0,elaecondiseth2024.xlsx
2024,ela,5,Economically disadvantaged,Hispanic or Latino,187777,2453.0,101.0,33.0,elaecondiseth2024.xlsx
2024,ela,5,Not economically disadvantaged,Hispanic or Latino,44517,2505.0,104.0,54.0,elaecondiseth2024.xlsx
2024,ela,5,Economically disadvantaged,Native Hawaiian or Pacific Islander,1285,2459.0,101.0,34.0,elaecondiseth2024.xlsx
2024,ela,5,Not economically disadvantaged,Native Hawaiian or Pacific Islander,423,2501.0,101.0,48.0,elaecondiseth2024.xlsx
2024,ela,5,Economically disadvantaged,Two or More Races,10920,2484.0,109.0,45.0,elaecondiseth2024.xlsx
2024,ela,5,Not economically disadvantaged,Two or More Races,13250,2561.0,99.0,74.0,elaecondiseth2024.xlsx
2024,ela,5,Economically disadvantaged,White,33814,2487.0,106.0,46.0,elaecondiseth2024.xlsx
2024,ela,5,Not economically disadvantaged,White,50187,2550.0,96.0,71.0,elaecondiseth2024.xlsx
2025,ela,5,Economically disadvantaged,All,270550,2467.0,104.0,38.0,elaecondisall2025.xlsx
2025,ela,5,Not economically disadvantaged,All,147164,2548.0,102.0,69.0,elaecondisall2025.xlsx
2025,ela,5,Economically disadvantaged,American Indian or Alaska Native,1296,2449.0,97.0,31.0,elaecondiseth2025.xlsx
2025,ela,5,Not economically disadvantaged,American Indian or Alaska Native,491,2497.0,110.0,50.0,elaecondiseth2025.xlsx
2025,ela,5,Economically disadvantaged,Asian,18085,2518.0,112.0,58.0,elaecondiseth2025.xlsx
2025,ela,5,Not economically disadvantaged,Asian,25290,2592.0,96.0,84.0,elaecondiseth2025.xlsx
2025,ela,5,Economically disadvantaged,Black or African American,16183,2440.0,103.0,28.0,elaecondiseth2025.xlsx
2025,ela,5,Not economically disadvantaged,Black or African American,4015,2502.0,106.0,51.0,elaecondiseth2025.xlsx
2025,ela,5,Economically disadvantaged,Filipino,3765,2532.0,98.0,64.0,elaecondiseth2025.xlsx
2025,ela,5,Not economically disadvantaged,Filipino,5247,2569.0,94.0,78.0,elaecondiseth2025.xlsx
2025,ela,5,Economically disadvantaged,Hispanic or Latino,187104,2459.0,100.0,34.0,elaecondiseth2025.xlsx
2025,ela,5,Not economically disadvantaged,Hispanic or Latino,45658,2514.0,102.0,57.0,elaecondiseth2025.xlsx
2025,ela,5,Economically disadvantaged,Native Hawaiian or Pacific Islander,1242,2458.0,98.0,34.0,elaecondiseth2025.xlsx
2025,ela,5,Not economically disadvantaged,Native Hawaiian or Pacific Islander,460,2509.0,104.0,56.0,elaecondiseth2025.xlsx
2025,ela,5,Economically disadvantaged,Two or more races,10894,2486.0,106.0,45.0,elaecondiseth2025.xlsx
2025,ela,5,Not economically disadvantaged,Two or more races,14107,2565.0,99.0,75.0,elaecondiseth2025.xlsx
2025,ela,5,Economically disadvantaged,White,31981,2489.0,104.0,46.0,elaecondiseth2025.xlsx
2025,ela,5,Not economically disadvantaged,White,51896,2555.0,95.0,73.0,elaecondiseth2025.xlsx
2015,ela,6,Economically disadvantaged,All,275675,2483.2,84.0,29.21,elaecondisall2015.xlsx
2015,ela,6,Not economically disadvantaged,All,180446,2555.4,86.1,63.55,elaecondisall2015.xlsx
2015,ela,6,Economically disadvantaged,American Indian or Alaska Native,1667,2467.0,83.8,23.76,elaecondiseth2015.xlsx
2015,ela,6,Not economically disadvantaged,American Indian or Alaska Native,842,2516.1,88.8,44.3,elaecondiseth2015.xlsx
2015,ela,6,Economically disadvantaged,Asian,15350,2535.8,89.8,55.23,elaecondiseth2015.xlsx
2015,ela,6,Not economically disadvantaged,Asian,26425,2600.2,79.3,82.41,elaecondiseth2015.xlsx
2015,ela,6,Economically disadvantaged,Black or African American,19178,2461.1,83.4,20.96,elaecondiseth2015.xlsx
2015,ela,6,Not economically disadvantaged,Black or African American,7213,2508.9,89.6,42.4,elaecondiseth2015.xlsx
2015,ela,6,Economically disadvantaged,Blank,1613,2487.1,86.2,31.93,elaecondiseth2015.xlsx
2015,ela,6,Not economically disadvantaged,Blank,1318,2553.5,89.1,64.19,elaecondiseth2015.xlsx
2015,ela,6,Economically disadvantaged,Filipino,4404,2529.5,83.0,51.52,elaecondiseth2015.xlsx
2015,ela,6,Not economically disadvantaged,Filipino,8021,2568.2,79.4,70.51,elaecondiseth2015.xlsx
2015,ela,6,Economically disadvantaged,Hispanic or Latino,196388,2477.3,81.0,26.1,elaecondiseth2015.xlsx
2015,ela,6,Not economically disadvantaged,Hispanic or Latino,47010,2523.1,84.5,48.06,elaecondiseth2015.xlsx
2015,ela,6,Economically disadvantaged,Native Hawaiian or Pacific Islander,1502,2488.0,81.5,30.09,elaecondiseth2015.xlsx
2015,ela,6,Not economically disadvantaged,Native Hawaiian or Pacific Islander,798,2529.4,85.8,52.13,elaecondiseth2015.xlsx
2015,ela,6,Economically disadvantaged,Two or More Races,4102,2498.6,86.2,36.32,elaecondiseth2015.xlsx
2015,ela,6,Not economically disadvantaged,Two or More Races,7645,2567.6,82.6,69.46,elaecondiseth2015.xlsx
2015,ela,6,Economically disadvantaged,White,31471,2499.9,84.7,37.08,elaecondiseth2015.xlsx
2015,ela,6,Not economically disadvantaged,White,81174,2562.0,80.5,67.32,elaecondiseth2015.xlsx
2016,ela,6,Economically disadvantaged,All,285885,2490.0,90.0,34.0,elaecondisall2016.xlsx
2016,ela,6,Not economically disadvantaged,All,173388,2568.0,88.0,69.0,elaecondisall2016.xlsx
2016,ela,6,Economically disadvantaged,American Indian or Alaska Native,1697,2466.0,90.0,25.0,elaecondiseth2016.xlsx
2016,ela,6,Not economically disadvantaged,American Indian or Alaska Native,752,2524.0,92.0,50.0,elaecondiseth2016.xlsx
2016,ela,6,Economically disadvantaged,Asian,15776,2544.0,94.0,59.0,elaecondiseth2016.xlsx
2016,ela,6,Not economically disadvantaged,Asian,26811,2611.0,79.0,86.0,elaecondiseth2016.xlsx
2016,ela,6,Economically disadvantaged,Black or African American,19438,2463.0,90.0,24.0,elaecondiseth2016.xlsx
2016,ela,6,Not economically disadvantaged,Black or African American,6378,2516.0,96.0,47.0,elaecondiseth2016.xlsx
2016,ela,6,Economically disadvantaged,Blank,1450,2488.0,93.0,34.0,elaecondiseth2016.xlsx
2016,ela,6,Not economically disadvantaged,Blank,1421,2556.0,95.0,65.0,elaecondiseth2016.xlsx
2016,ela,6,Economically disadvantaged,Filipino,4297,2545.0,85.0,59.0,elaecondiseth2016.xlsx
2016,ela,6,Not economically disadvantaged,Filipino,7472,2581.0,81.0,75.0,elaecondiseth2016.xlsx
2016,ela,6,Economically disadvantaged,Hispanic or Latino,204427,2485.0,87.0,31.0,elaecondiseth2016.xlsx
2016,ela,6,Not economically disadvantaged,Hispanic or Latino,42875,2537.0,88.0,56.0,elaecondiseth2016.xlsx
2016,ela,6,Economically disadvantaged,Native Hawaiian or Pacific Islander,1596,2494.0,88.0,35.0,elaecondiseth2016.xlsx
2016,ela,6,Not economically disadvantaged,Native Hawaiian or Pacific Islander,742,2538.0,86.0,55.0,elaecondiseth2016.xlsx
2016,ela,6,Economically disadvantaged,Two or More Races,4954,2506.0,89.0,41.0,elaecondiseth2016.xlsx
2016,ela,6,Not economically disadvantaged,Two or More Races,8690,2580.0,85.0,74.0,elaecondiseth2016.xlsx
2016,ela,6,Economically disadvantaged,White,32250,2506.0,91.0,42.0,elaecondiseth2016.xlsx
2016,ela,6,Not economically disadvantaged,White,78247,2572.0,83.0,72.0,elaecondiseth2016.xlsx
2017,ela,6,Economically disadvantaged,All,283456,2489.0,91.0,34.0,elaecondisall2017.xlsx
2017,ela,6,Not economically disadvantaged,All,179109,2566.0,90.0,68.0,elaecondisall2017.xlsx
2017,ela,6,Economically disadvantaged,American Indian or Alaska Native,1594,2469.0,88.0,25.0,elaecondiseth2017.xlsx
2017,ela,6,Not economically disadvantaged,American Indian or Alaska Native,812,2526.0,95.0,49.0,elaecondiseth2017.xlsx
2017,ela,6,Economically disadvantaged,Asian,15105,2543.0,96.0,58.0,elaecondiseth2017.xlsx
2017,ela,6,Not economically disadvantaged,Asian,27112,2611.0,82.0,85.0,elaecondiseth2017.xlsx
2017,ela,6,Economically disadvantaged,Black or African American,18659,2462.0,90.0,24.0,elaecondiseth2017.xlsx
2017,ela,6,Not economically disadvantaged,Black or African American,6280,2517.0,95.0,48.0,elaecondiseth2017.xlsx
2017,ela,6,Economically disadvantaged,Blank,1469,2488.0,90.0,32.0,elaecondiseth2017.xlsx
2017,ela,6,Not economically disadvantaged,Blank,1135,2542.0,95.0,58.0,elaecondiseth2017.xlsx
2017,ela,6,Economically disadvantaged,Filipino,3670,2544.0,87.0,59.0,elaecondiseth2017.xlsx
2017,ela,6,Not economically disadvantaged,Filipino,6857,2580.0,81.0,75.0,elaecondiseth2017.xlsx
2017,ela,6,Economically disadvantaged,Hispanic or Latino,205607,2484.0,88.0,31.0,elaecondiseth2017.xlsx
2017,ela,6,Not economically disadvantaged,Hispanic or Latino,48283,2534.0,90.0,54.0,elaecondiseth2017.xlsx
2017,ela,6,Economically disadvantaged,Native Hawaiian or Pacific Islander,1473,2492.0,85.0,35.0,elaecondiseth2017.xlsx
2017,ela,6,Not economically disadvantaged,Native Hawaiian or Pacific Islander,750,2538.0,93.0,56.0,elaecondiseth2017.xlsx
2017,ela,6,Economically disadvantaged,Two or More Races,5390,2507.0,92.0,42.0,elaecondiseth2017.xlsx
2017,ela,6,Not economically disadvantaged,Two or More Races,10693,2581.0,85.0,74.0,elaecondiseth2017.xlsx
2017,ela,6,Economically disadvantaged,White,30489,2506.0,91.0,41.0,elaecondiseth2017.xlsx
2017,ela,6,Not economically disadvantaged,White,77187,2572.0,84.0,71.0,elaecondiseth2017.xlsx
2018,ela,6,Economically disadvantaged,All,294352,2490.0,94.0,35.0,elaecondisall2018.xlsx
2018,ela,6,Not economically disadvantaged,All,177750,2566.0,92.0,68.0,elaecondisall2018.xlsx
2018,ela,6,Economically disadvantaged,American Indian or Alaska Native,1614,2467.0,94.0,26.0,elaecondiseth2018.xlsx
2018,ela,6,Not economically disadvantaged,American Indian or Alaska Native,795,2526.0,97.0,51.0,elaecondiseth2018.xlsx
2018,ela,6,Economically disadvantaged,Asian,16073,2546.0,98.0,60.0,elaecondiseth2018.xlsx
2018,ela,6,Not economically disadvantaged,Asian,26555,2612.0,82.0,85.0,elaecondiseth2018.xlsx
2018,ela,6,Economically disadvantaged,Black or African American,18780,2460.0,94.0,24.0,elaecondiseth2018.xlsx
2018,ela,6,Not economically disadvantaged,Black or African American,6293,2515.0,97.0,46.0,elaecondiseth2018.xlsx
2018,ela,6,Economically disadvantaged,Blank,1801,2488.0,95.0,35.0,elaecondiseth2018.xlsx
2018,ela,6,Not economically disadvantaged,Blank,1427,2545.0,99.0,60.0,elaecondiseth2018.xlsx
2018,ela,6,Economically disadvantaged,Filipino,3701,2545.0,88.0,61.0,elaecondiseth2018.xlsx
2018,ela,6,Not economically disadvantaged,Filipino,6547,2582.0,84.0,76.0,elaecondiseth2018.xlsx
2018,ela,6,Economically disadvantaged,Hispanic or Latino,212053,2485.0,91.0,33.0,elaecondiseth2018.xlsx
2018,ela,6,Not economically disadvantaged,Hispanic or Latino,50276,2536.0,92.0,56.0,elaecondiseth2018.xlsx
2018,ela,6,Economically disadvantaged,Native Hawaiian or Pacific Islander,1407,2493.0,91.0,36.0,elaecondiseth2018.xlsx
2018,ela,6,Not economically disadvantaged,Native Hawaiian or Pacific Islander,745,2545.0,92.0,58.0,elaecondiseth2018.xlsx
2018,ela,6,Economically disadvantaged,Two or More Races,6220,2508.0,95.0,43.0,elaecondiseth2018.xlsx
2018,ela,6,Not economically disadvantaged,Two or More Races,11328,2581.0,88.0,74.0,elaecondiseth2018.xlsx
2018,ela,6,Economically disadvantaged,White,32703,2507.0,95.0,43.0,elaecondiseth2018.xlsx
2018,ela,6,Not economically disadvantaged,White,73784,2573.0,86.0,72.0,elaecondiseth2018.xlsx
2019,ela,6,Economically disadvantaged,All,282592,2497.0,94.0,38.0,elaecondisall2019.xlsx
2019,ela,6,Not economically disadvantaged,All,174839,2570.0,91.0,70.0,elaecondisall2019.xlsx
2019,ela,6,Economically disadvantaged,"American Indian or Alaska
Native",1555,2474.0,92.0,29.0,elaecondiseth2019.xlsx
2019,ela,6,Not economically disadvantaged,"American Indian or Alaska
Native",785,2531.0,96.0,53.0,elaecondiseth2019.xlsx
2019,ela,6,Economically disadvantaged,Asian,15198,2552.0,98.0,63.0,elaecondiseth2019.xlsx
2019,ela,6,Not economically disadvantaged,Asian,26812,2613.0,81.0,85.0,elaecondiseth2019.xlsx
2019,ela,6,Economically disadvantaged,Black or African American,18250,2467.0,94.0,26.0,elaecondiseth2019.xlsx
2019,ela,6,Not economically disadvantaged,Black or African American,5989,2520.0,98.0,49.0,elaecondiseth2019.xlsx
2019,ela,6,Economically disadvantaged,Blank,1505,2490.0,99.0,36.0,elaecondiseth2019.xlsx
2019,ela,6,Not economically disadvantaged,Blank,1333,2552.0,99.0,64.0,elaecondiseth2019.xlsx
2019,ela,6,Economically disadvantaged,Filipino,3220,2551.0,91.0,62.0,elaecondiseth2019.xlsx
2019,ela,6,Not economically disadvantaged,Filipino,6054,2583.0,82.0,76.0,elaecondiseth2019.xlsx
2019,ela,6,Economically disadvantaged,Hispanic or Latino,202974,2492.0,92.0,35.0,elaecondiseth2019.xlsx
2019,ela,6,Not economically disadvantaged,Hispanic or Latino,50743,2539.0,92.0,57.0,elaecondiseth2019.xlsx
2019,ela,6,Economically disadvantaged,"Native Hawaiian or Pacific
Islander",1469,2497.0,92.0,38.0,elaecondiseth2019.xlsx
2019,ela,6,Not economically disadvantaged,"Native Hawaiian or Pacific
Islander",682,2536.0,93.0,54.0,elaecondiseth2019.xlsx
2019,ela,6,Economically disadvantaged,Two or More Races,6383,2512.0,97.0,45.0,elaecondiseth2019.xlsx
2019,ela,6,Not economically disadvantaged,Two or More Races,11733,2586.0,87.0,76.0,elaecondiseth2019.xlsx
2019,ela,6,Economically disadvantaged,White,32038,2514.0,95.0,46.0,elaecondiseth2019.xlsx
2019,ela,6,Not economically disadvantaged,White,70708,2577.0,86.0,73.0,elaecondiseth2019.xlsx
2022,ela,6,Economically disadvantaged,All,257810,2486.0,98.0,33.0,elaecondisall2022.xlsx
2022,ela,6,Not economically disadvantaged,All,167680,2558.0,99.0,63.0,elaecondisall2022.xlsx
2022,ela,6,Economically disadvantaged,American Indian or Alaska Native,1243,2462.0,94.0,23.0,elaecondiseth2022.xlsx
2022,ela,6,Not economically disadvantaged,American Indian or Alaska Native,600,2519.0,99.0,46.0,elaecondiseth2022.xlsx
2022,ela,6,Economically disadvantaged,Asian,14703,2544.0,104.0,58.0,elaecondiseth2022.xlsx
2022,ela,6,Not economically disadvantaged,Asian,25934,2611.0,91.0,83.0,elaecondiseth2022.xlsx
2022,ela,6,Economically disadvantaged,Black or African American,16001,2457.0,96.0,23.0,elaecondiseth2022.xlsx
2022,ela,6,Not economically disadvantaged,Black or African American,5682,2511.0,101.0,44.0,elaecondiseth2022.xlsx
2022,ela,6,Economically disadvantaged,Filipino,3307,2547.0,94.0,59.0,elaecondiseth2022.xlsx
2022,ela,6,Not economically disadvantaged,Filipino,6511,2580.0,90.0,73.0,elaecondiseth2022.xlsx
2022,ela,6,Economically disadvantaged,Hispanic or Latino,184788,2480.0,95.0,31.0,elaecondiseth2022.xlsx
2022,ela,6,Not economically disadvantaged,Hispanic or Latino,55550,2523.0,98.0,49.0,elaecondiseth2022.xlsx
2022,ela,6,Economically disadvantaged,Native Hawaiian or Pacific Islander,1201,2481.0,98.0,32.0,elaecondiseth2022.xlsx
2022,ela,6,Not economically disadvantaged,Native Hawaiian or Pacific Islander,602,2528.0,99.0,50.0,elaecondiseth2022.xlsx
2022,ela,6,Economically disadvantaged,Two or More Races,8309,2499.0,99.0,39.0,elaecondiseth2022.xlsx
2022,ela,6,Not economically disadvantaged,Two or More Races,13713,2573.0,96.0,70.0,elaecondiseth2022.xlsx
2022,ela,6,Economically disadvantaged,White,28258,2505.0,98.0,41.0,elaecondiseth2022.xlsx
2022,ela,6,Not economically disadvantaged,White,59088,2566.0,92.0,67.0,elaecondiseth2022.xlsx
2023,ela,6,Economically disadvantaged,All,268594,2484.0,99.0,33.0,elaecondisall2023.xlsx
2023,ela,6,Not economically disadvantaged,All,156795,2560.0,100.0,64.0,elaecondisall2023.xlsx
2023,ela,6,Economically disadvantaged,American Indian or Alaska Native,1227,2459.0,98.0,25.0,elaecondiseth2023.xlsx
2023,ela,6,Not economically disadvantaged,American Indian or Alaska Native,545,2511.0,101.0,44.0,elaecondiseth2023.xlsx
2023,ela,6,Economically disadvantaged,Asian,15667,2544.0,106.0,58.0,elaecondiseth2023.xlsx
2023,ela,6,Not economically disadvantaged,Asian,25172,2613.0,91.0,84.0,elaecondiseth2023.xlsx
2023,ela,6,Economically disadvantaged,Black or African American,16677,2455.0,96.0,22.0,elaecondiseth2023.xlsx
2023,ela,6,Not economically disadvantaged,Black or African American,5058,2511.0,102.0,44.0,elaecondiseth2023.xlsx
2023,ela,6,Economically disadvantaged,Filipino,3525,2544.0,95.0,58.0,elaecondiseth2023.xlsx
2023,ela,6,Not economically disadvantaged,Filipino,6022,2578.0,91.0,72.0,elaecondiseth2023.xlsx
2023,ela,6,Economically disadvantaged,Hispanic or Latino,190443,2477.0,96.0,29.0,elaecondiseth2023.xlsx
2023,ela,6,Not economically disadvantaged,Hispanic or Latino,50505,2525.0,99.0,50.0,elaecondiseth2023.xlsx
2023,ela,6,Economically disadvantaged,Native Hawaiian or Pacific Islander,1229,2483.0,95.0,30.0,elaecondiseth2023.xlsx
2023,ela,6,Not economically disadvantaged,Native Hawaiian or Pacific Islander,549,2525.0,97.0,48.0,elaecondiseth2023.xlsx
2023,ela,6,Economically disadvantaged,Two or More Races,9410,2500.0,100.0,39.0,elaecondiseth2023.xlsx
2023,ela,6,Not economically disadvantaged,Two or More Races,13385,2575.0,95.0,70.0,elaecondiseth2023.xlsx
2023,ela,6,Economically disadvantaged,White,30416,2504.0,100.0,41.0,elaecondiseth2023.xlsx
2023,ela,6,Not economically disadvantaged,White,55559,2567.0,93.0,67.0,elaecondiseth2023.xlsx
2024,ela,6,Economically disadvantaged,All,277302,2490.0,101.0,36.0,elaecondisall2024.xlsx
2024,ela,6,Not economically disadvantaged,All,143104,2564.0,100.0,66.0,elaecondisall2024.xlsx
2024,ela,6,Economically disadvantaged,American Indian or Alaska Native,1319,2462.0,98.0,24.0,elaecondiseth2024.xlsx
2024,ela,6,Not economically disadvantaged,American Indian or Alaska Native,467,2517.0,105.0,45.0,elaecondiseth2024.xlsx
2024,ela,6,Economically disadvantaged,Asian,18573,2552.0,107.0,62.0,elaecondiseth2024.xlsx
2024,ela,6,Not economically disadvantaged,Asian,24906,2614.0,91.0,84.0,elaecondiseth2024.xlsx
2024,ela,6,Economically disadvantaged,Black or African American,16778,2458.0,98.0,24.0,elaecondiseth2024.xlsx
2024,ela,6,Not economically disadvantaged,Black or African American,4216,2516.0,102.0,46.0,elaecondiseth2024.xlsx
2024,ela,6,Economically disadvantaged,Filipino,3973,2557.0,94.0,64.0,elaecondiseth2024.xlsx
2024,ela,6,Not economically disadvantaged,Filipino,5447,2588.0,89.0,76.0,elaecondiseth2024.xlsx
2024,ela,6,Economically disadvantaged,Hispanic or Latino,191033,2481.0,97.0,32.0,elaecondiseth2024.xlsx
2024,ela,6,Not economically disadvantaged,Hispanic or Latino,45183,2528.0,100.0,51.0,elaecondiseth2024.xlsx
2024,ela,6,Economically disadvantaged,Native Hawaiian or Pacific Islander,1353,2485.0,98.0,33.0,elaecondiseth2024.xlsx
2024,ela,6,Not economically disadvantaged,Native Hawaiian or Pacific Islander,455,2527.0,103.0,49.0,elaecondiseth2024.xlsx
2024,ela,6,Economically disadvantaged,Two or More Races,10672,2509.0,103.0,43.0,elaecondiseth2024.xlsx
2024,ela,6,Not economically disadvantaged,Two or More Races,12602,2579.0,96.0,72.0,elaecondiseth2024.xlsx
2024,ela,6,Economically disadvantaged,White,33601,2512.0,101.0,44.0,elaecondiseth2024.xlsx
2024,ela,6,Not economically disadvantaged,White,49828,2570.0,93.0,69.0,elaecondiseth2024.xlsx
2025,ela,6,Economically disadvantaged,All,271487,2493.0,103.0,37.0,elaecondisall2025.xlsx
2025,ela,6,Not economically disadvantaged,All,146768,2571.0,100.0,68.0,elaecondisall2025.xlsx
2025,ela,6,Economically disadvantaged,American Indian or Alaska Native,1280,2465.0,95.0,25.0,elaecondiseth2025.xlsx
2025,ela,6,Not economically disadvantaged,American Indian or Alaska Native,464,2530.0,103.0,53.0,elaecondiseth2025.xlsx
2025,ela,6,Economically disadvantaged,Asian,18797,2550.0,110.0,61.0,elaecondiseth2025.xlsx
2025,ela,6,Not economically disadvantaged,Asian,26036,2620.0,91.0,86.0,elaecondiseth2025.xlsx
2025,ela,6,Economically disadvantaged,Black or African American,16455,2464.0,100.0,26.0,elaecondiseth2025.xlsx
2025,ela,6,Not economically disadvantaged,Black or African American,4158,2523.0,105.0,50.0,elaecondiseth2025.xlsx
2025,ela,6,Economically disadvantaged,Filipino,3929,2558.0,94.0,64.0,elaecondiseth2025.xlsx
2025,ela,6,Not economically disadvantaged,Filipino,5528,2592.0,90.0,77.0,elaecondiseth2025.xlsx
2025,ela,6,Economically disadvantaged,Hispanic or Latino,188285,2485.0,99.0,34.0,elaecondiseth2025.xlsx
2025,ela,6,Not economically disadvantaged,Hispanic or Latino,45685,2537.0,101.0,55.0,elaecondiseth2025.xlsx
2025,ela,6,Economically disadvantaged,Native Hawaiian or Pacific Islander,1241,2493.0,100.0,37.0,elaecondiseth2025.xlsx
2025,ela,6,Not economically disadvantaged,Native Hawaiian or Pacific Islander,431,2535.0,101.0,54.0,elaecondiseth2025.xlsx
2025,ela,6,Economically disadvantaged,Two or more races,10482,2510.0,106.0,45.0,elaecondiseth2025.xlsx
2025,ela,6,Not economically disadvantaged,Two or more races,13634,2586.0,97.0,75.0,elaecondiseth2025.xlsx
2025,ela,6,Economically disadvantaged,White,31018,2512.0,103.0,45.0,elaecondiseth2025.xlsx
2025,ela,6,Not economically disadvantaged,White,50832,2575.0,93.0,71.0,elaecondiseth2025.xlsx
2015,ela,7,Economically disadvantaged,All,269987,2501.4,87.9,29.89,elaecondisall2015.xlsx
2015,ela,7,Not economically disadvantaged,All,179232,2577.1,90.1,64.3,elaecondisall2015.xlsx
2015,ela,7,Economically disadvantaged,American Indian or Alaska Native,1729,2483.2,84.9,22.56,elaecondiseth2015.xlsx
2015,ela,7,Not economically disadvantaged,American Indian or Alaska Native,942,2537.8,92.6,47.45,elaecondiseth2015.xlsx
2015,ela,7,Economically disadvantaged,Asian,14985,2559.7,93.5,56.71,elaecondiseth2015.xlsx
2015,ela,7,Not economically disadvantaged,Asian,25455,2626.0,81.4,83.45,elaecondiseth2015.xlsx
2015,ela,7,Economically disadvantaged,Black or African American,19194,2478.6,85.9,21.41,elaecondiseth2015.xlsx
2015,ela,7,Not economically disadvantaged,Black or African American,7614,2523.3,92.4,40.65,elaecondiseth2015.xlsx
2015,ela,7,Economically disadvantaged,Blank,1268,2508.2,88.9,32.57,elaecondiseth2015.xlsx
2015,ela,7,Not economically disadvantaged,Blank,1150,2575.1,90.3,63.57,elaecondiseth2015.xlsx
2015,ela,7,Economically disadvantaged,Filipino,4420,2549.8,85.9,52.19,elaecondiseth2015.xlsx
2015,ela,7,Not economically disadvantaged,Filipino,8028,2590.3,81.6,71.66,elaecondiseth2015.xlsx
2015,ela,7,Economically disadvantaged,Hispanic or Latino,192430,2494.6,84.6,26.54,elaecondiseth2015.xlsx
2015,ela,7,Not economically disadvantaged,Hispanic or Latino,47666,2542.3,88.5,48.64,elaecondiseth2015.xlsx
2015,ela,7,Economically disadvantaged,Native Hawaiian or Pacific Islander,1494,2505.5,84.3,29.52,elaecondiseth2015.xlsx
2015,ela,7,Not economically disadvantaged,Native Hawaiian or Pacific Islander,841,2548.3,85.6,51.37,elaecondiseth2015.xlsx
2015,ela,7,Economically disadvantaged,Two or More Races,3784,2521.9,90.1,40.12,elaecondiseth2015.xlsx
2015,ela,7,Not economically disadvantaged,Two or More Races,7290,2590.2,86.4,69.86,elaecondiseth2015.xlsx
2015,ela,7,Economically disadvantaged,White,30683,2520.6,89.3,39.01,elaecondiseth2015.xlsx
2015,ela,7,Not economically disadvantaged,White,80246,2585.7,83.8,68.88,elaecondiseth2015.xlsx
2016,ela,7,Economically disadvantaged,All,281136,2511.0,92.0,34.0,elaecondisall2016.xlsx
2016,ela,7,Not economically disadvantaged,All,176023,2591.0,91.0,70.0,elaecondisall2016.xlsx
2016,ela,7,Economically disadvantaged,American Indian or Alaska Native,1635,2494.0,90.0,28.0,elaecondiseth2016.xlsx
2016,ela,7,Not economically disadvantaged,American Indian or Alaska Native,827,2548.0,95.0,51.0,elaecondiseth2016.xlsx
2016,ela,7,Economically disadvantaged,Asian,16007,2570.0,97.0,60.0,elaecondiseth2016.xlsx
2016,ela,7,Not economically disadvantaged,Asian,26326,2638.0,80.0,86.0,elaecondiseth2016.xlsx
2016,ela,7,Economically disadvantaged,Black or African American,19255,2484.0,91.0,24.0,elaecondiseth2016.xlsx
2016,ela,7,Not economically disadvantaged,Black or African American,6707,2542.0,97.0,49.0,elaecondiseth2016.xlsx
2016,ela,7,Economically disadvantaged,Blank,1468,2513.0,95.0,36.0,elaecondiseth2016.xlsx
2016,ela,7,Not economically disadvantaged,Blank,1353,2574.0,103.0,62.0,elaecondiseth2016.xlsx
2016,ela,7,Economically disadvantaged,Filipino,4479,2561.0,89.0,57.0,elaecondiseth2016.xlsx
2016,ela,7,Not economically disadvantaged,Filipino,7959,2603.0,83.0,76.0,elaecondiseth2016.xlsx
2016,ela,7,Economically disadvantaged,Hispanic or Latino,200403,2504.0,89.0,31.0,elaecondiseth2016.xlsx
2016,ela,7,Not economically disadvantaged,Hispanic or Latino,44290,2558.0,91.0,55.0,elaecondiseth2016.xlsx
2016,ela,7,Economically disadvantaged,Native Hawaiian or Pacific Islander,1454,2514.0,87.0,34.0,elaecondiseth2016.xlsx
2016,ela,7,Not economically disadvantaged,Native Hawaiian or Pacific Islander,753,2559.0,94.0,55.0,elaecondiseth2016.xlsx
2016,ela,7,Economically disadvantaged,Two or More Races,4481,2527.0,95.0,43.0,elaecondiseth2016.xlsx
2016,ela,7,Not economically disadvantaged,Two or More Races,8168,2604.0,86.0,75.0,elaecondiseth2016.xlsx
2016,ela,7,Economically disadvantaged,White,31954,2531.0,92.0,43.0,elaecondiseth2016.xlsx
2016,ela,7,Not economically disadvantaged,White,79640,2598.0,85.0,73.0,elaecondiseth2016.xlsx
2017,ela,7,Economically disadvantaged,All,274973,2510.0,96.0,36.0,elaecondisall2017.xlsx
2017,ela,7,Not economically disadvantaged,All,183690,2591.0,93.0,70.0,elaecondisall2017.xlsx
2017,ela,7,Economically disadvantaged,American Indian or Alaska Native,1559,2489.0,95.0,27.0,elaecondiseth2017.xlsx
2017,ela,7,Not economically disadvantaged,American Indian or Alaska Native,838,2544.0,99.0,51.0,elaecondiseth2017.xlsx
2017,ela,7,Economically disadvantaged,Asian,15397,2572.0,99.0,62.0,elaecondiseth2017.xlsx
2017,ela,7,Not economically disadvantaged,Asian,27821,2638.0,82.0,87.0,elaecondiseth2017.xlsx
2017,ela,7,Economically disadvantaged,Black or African American,18274,2479.0,96.0,24.0,elaecondiseth2017.xlsx
2017,ela,7,Not economically disadvantaged,Black or African American,6866,2537.0,101.0,48.0,elaecondiseth2017.xlsx
2017,ela,7,Economically disadvantaged,Blank,1481,2503.0,98.0,33.0,elaecondiseth2017.xlsx
2017,ela,7,Not economically disadvantaged,Blank,1370,2576.0,100.0,63.0,elaecondiseth2017.xlsx
2017,ela,7,Economically disadvantaged,Filipino,3848,2568.0,90.0,61.0,elaecondiseth2017.xlsx
2017,ela,7,Not economically disadvantaged,Filipino,7264,2605.0,83.0,77.0,elaecondiseth2017.xlsx
2017,ela,7,Economically disadvantaged,Hispanic or Latino,198415,2504.0,93.0,33.0,elaecondiseth2017.xlsx
2017,ela,7,Not economically disadvantaged,Hispanic or Latino,48926,2557.0,94.0,56.0,elaecondiseth2017.xlsx
2017,ela,7,Economically disadvantaged,Native Hawaiian or Pacific Islander,1505,2509.0,92.0,33.0,elaecondiseth2017.xlsx
2017,ela,7,Not economically disadvantaged,Native Hawaiian or Pacific Islander,827,2560.0,91.0,57.0,elaecondiseth2017.xlsx
2017,ela,7,Economically disadvantaged,Two or More Races,5019,2531.0,97.0,46.0,elaecondiseth2017.xlsx
2017,ela,7,Not economically disadvantaged,Two or More Races,10157,2606.0,88.0,76.0,elaecondiseth2017.xlsx
2017,ela,7,Economically disadvantaged,White,29475,2530.0,96.0,45.0,elaecondiseth2017.xlsx
2017,ela,7,Not economically disadvantaged,White,79621,2598.0,86.0,74.0,elaecondiseth2017.xlsx
2018,ela,7,Economically disadvantaged,All,283121,2514.0,98.0,37.0,elaecondisall2018.xlsx
2018,ela,7,Not economically disadvantaged,All,177958,2592.0,94.0,70.0,elaecondisall2018.xlsx
2018,ela,7,Economically disadvantaged,American Indian or Alaska Native,1574,2497.0,94.0,29.0,elaecondiseth2018.xlsx
2018,ela,7,Not economically disadvantaged,American Indian or Alaska Native,791,2550.0,101.0,51.0,elaecondiseth2018.xlsx
2018,ela,7,Economically disadvantaged,Asian,16413,2576.0,99.0,64.0,elaecondiseth2018.xlsx
2018,ela,7,Not economically disadvantaged,Asian,26419,2641.0,82.0,87.0,elaecondiseth2018.xlsx
2018,ela,7,Economically disadvantaged,Black or African American,18066,2482.0,98.0,26.0,elaecondiseth2018.xlsx
2018,ela,7,Not economically disadvantaged,Black or African American,6442,2537.0,103.0,49.0,elaecondiseth2018.xlsx
2018,ela,7,Economically disadvantaged,Blank,1705,2504.0,98.0,35.0,elaecondiseth2018.xlsx
2018,ela,7,Not economically disadvantaged,Blank,1370,2573.0,99.0,63.0,elaecondiseth2018.xlsx
2018,ela,7,Economically disadvantaged,Filipino,3852,2570.0,91.0,62.0,elaecondiseth2018.xlsx
2018,ela,7,Not economically disadvantaged,Filipino,6815,2608.0,82.0,78.0,elaecondiseth2018.xlsx
2018,ela,7,Economically disadvantaged,Hispanic or Latino,202774,2507.0,95.0,34.0,elaecondiseth2018.xlsx
2018,ela,7,Not economically disadvantaged,Hispanic or Latino,49967,2558.0,94.0,57.0,elaecondiseth2018.xlsx
2018,ela,7,Economically disadvantaged,Native Hawaiian or Pacific Islander,1441,2517.0,93.0,38.0,elaecondiseth2018.xlsx
2018,ela,7,Not economically disadvantaged,Native Hawaiian or Pacific Islander,745,2559.0,99.0,55.0,elaecondiseth2018.xlsx
2018,ela,7,Economically disadvantaged,Two or More Races,5765,2532.0,99.0,45.0,elaecondiseth2018.xlsx
2018,ela,7,Not economically disadvantaged,Two or More Races,10925,2609.0,88.0,77.0,elaecondiseth2018.xlsx
2018,ela,7,Economically disadvantaged,White,31531,2534.0,98.0,46.0,elaecondiseth2018.xlsx
2018,ela,7,Not economically disadvantaged,White,74484,2600.0,88.0,74.0,elaecondiseth2018.xlsx
2019,ela,7,Economically disadvantaged,All,287616,2518.0,100.0,39.0,elaecondisall2019.xlsx
2019,ela,7,Not economically disadvantaged,All,183888,2594.0,96.0,71.0,elaecondisall2019.xlsx
2019,ela,7,Economically disadvantaged,"American Indian or Alaska
Native",1557,2495.0,101.0,31.0,elaecondiseth2019.xlsx
2019,ela,7,Not economically disadvantaged,"American Indian or Alaska
Native",828,2550.0,102.0,54.0,elaecondiseth2019.xlsx
2019,ela,7,Economically disadvantaged,Asian,15872,2579.0,102.0,65.0,elaecondiseth2019.xlsx
2019,ela,7,Not economically disadvantaged,Asian,27412,2643.0,83.0,87.0,elaecondiseth2019.xlsx
2019,ela,7,Economically disadvantaged,Black or African American,18122,2487.0,99.0,28.0,elaecondiseth2019.xlsx
2019,ela,7,Not economically disadvantaged,Black or African American,6656,2539.0,102.0,49.0,elaecondiseth2019.xlsx
2019,ela,7,Economically disadvantaged,Blank,1466,2511.0,102.0,36.0,elaecondiseth2019.xlsx
2019,ela,7,Not economically disadvantaged,Blank,1303,2570.0,105.0,63.0,elaecondiseth2019.xlsx
2019,ela,7,Economically disadvantaged,Filipino,3718,2574.0,92.0,62.0,elaecondiseth2019.xlsx
2019,ela,7,Not economically disadvantaged,Filipino,6797,2613.0,85.0,79.0,elaecondiseth2019.xlsx
2019,ela,7,Economically disadvantaged,Hispanic or Latino,207172,2511.0,97.0,36.0,elaecondiseth2019.xlsx
2019,ela,7,Not economically disadvantaged,Hispanic or Latino,54565,2560.0,97.0,57.0,elaecondiseth2019.xlsx
2019,ela,7,Economically disadvantaged,"Native Hawaiian or Pacific
Islander",1395,2515.0,94.0,36.0,elaecondiseth2019.xlsx
2019,ela,7,Not economically disadvantaged,"Native Hawaiian or Pacific
Islander",725,2576.0,93.0,63.0,elaecondiseth2019.xlsx
2019,ela,7,Economically disadvantaged,Two or More Races,6149,2536.0,102.0,47.0,elaecondiseth2019.xlsx
2019,ela,7,Not economically disadvantaged,Two or More Races,11911,2611.0,91.0,77.0,elaecondiseth2019.xlsx
2019,ela,7,Economically disadvantaged,White,32165,2538.0,100.0,48.0,elaecondiseth2019.xlsx
2019,ela,7,Not economically disadvantaged,White,73691,2604.0,90.0,75.0,elaecondiseth2019.xlsx
2022,ela,7,Economically disadvantaged,All,250101,2512.0,106.0,37.0,elaecondisall2022.xlsx
2022,ela,7,Not economically disadvantaged,All,166883,2588.0,105.0,67.0,elaecondisall2022.xlsx
2022,ela,7,Economically disadvantaged,American Indian or Alaska Native,1160,2486.0,102.0,27.0,elaecondiseth2022.xlsx
2022,ela,7,Not economically disadvantaged,American Indian or Alaska Native,618,2539.0,107.0,51.0,elaecondiseth2022.xlsx
2022,ela,7,Economically disadvantaged,Asian,14475,2579.0,109.0,64.0,elaecondiseth2022.xlsx
2022,ela,7,Not economically disadvantaged,Asian,25276,2646.0,92.0,87.0,elaecondiseth2022.xlsx
2022,ela,7,Economically disadvantaged,Black or African American,15050,2481.0,105.0,27.0,elaecondiseth2022.xlsx
2022,ela,7,Not economically disadvantaged,Black or African American,5931,2535.0,106.0,47.0,elaecondiseth2022.xlsx
2022,ela,7,Economically disadvantaged,Filipino,3432,2578.0,96.0,63.0,elaecondiseth2022.xlsx
2022,ela,7,Not economically disadvantaged,Filipino,6499,2613.0,91.0,78.0,elaecondiseth2022.xlsx
2022,ela,7,Economically disadvantaged,Hispanic or Latino,179944,2505.0,102.0,34.0,elaecondiseth2022.xlsx
2022,ela,7,Not economically disadvantaged,Hispanic or Latino,55874,2550.0,105.0,53.0,elaecondiseth2022.xlsx
2022,ela,7,Economically disadvantaged,Native Hawaiian or Pacific Islander,1124,2508.0,98.0,35.0,elaecondiseth2022.xlsx
2022,ela,7,Not economically disadvantaged,Native Hawaiian or Pacific Islander,668,2563.0,105.0,57.0,elaecondiseth2022.xlsx
2022,ela,7,Economically disadvantaged,Two or More Races,7766,2525.0,108.0,43.0,elaecondiseth2022.xlsx
2022,ela,7,Not economically disadvantaged,Two or More Races,13232,2603.0,101.0,73.0,elaecondiseth2022.xlsx
2022,ela,7,Economically disadvantaged,White,27150,2532.0,106.0,46.0,elaecondiseth2022.xlsx
2022,ela,7,Not economically disadvantaged,White,58785,2598.0,96.0,72.0,elaecondiseth2022.xlsx
2023,ela,7,Economically disadvantaged,All,266982,2507.0,107.0,36.0,elaecondisall2023.xlsx
2023,ela,7,Not economically disadvantaged,All,156914,2588.0,106.0,67.0,elaecondisall2023.xlsx
2023,ela,7,Economically disadvantaged,American Indian or Alaska Native,1284,2485.0,106.0,28.0,elaecondiseth2023.xlsx
2023,ela,7,Not economically disadvantaged,American Indian or Alaska Native,553,2547.0,108.0,52.0,elaecondiseth2023.xlsx
2023,ela,7,Economically disadvantaged,Asian,15773,2576.0,112.0,63.0,elaecondiseth2023.xlsx
2023,ela,7,Not economically disadvantaged,Asian,25364,2645.0,93.0,86.0,elaecondiseth2023.xlsx
2023,ela,7,Economically disadvantaged,Black or African American,16228,2475.0,105.0,25.0,elaecondiseth2023.xlsx
2023,ela,7,Not economically disadvantaged,Black or African American,5285,2536.0,108.0,47.0,elaecondiseth2023.xlsx
2023,ela,7,Economically disadvantaged,Filipino,3651,2577.0,97.0,63.0,elaecondiseth2023.xlsx
2023,ela,7,Not economically disadvantaged,Filipino,6212,2612.0,92.0,77.0,elaecondiseth2023.xlsx
2023,ela,7,Economically disadvantaged,Hispanic or Latino,189738,2499.0,104.0,32.0,elaecondiseth2023.xlsx
2023,ela,7,Not economically disadvantaged,Hispanic or Latino,50279,2549.0,106.0,53.0,elaecondiseth2023.xlsx
2023,ela,7,Economically disadvantaged,Native Hawaiian or Pacific Islander,1288,2504.0,104.0,34.0,elaecondiseth2023.xlsx
2023,ela,7,Not economically disadvantaged,Native Hawaiian or Pacific Islander,539,2555.0,106.0,55.0,elaecondiseth2023.xlsx
2023,ela,7,Economically disadvantaged,Two or More Races,8786,2524.0,109.0,43.0,elaecondiseth2023.xlsx
2023,ela,7,Not economically disadvantaged,Two or More Races,13121,2606.0,99.0,74.0,elaecondiseth2023.xlsx
2023,ela,7,Economically disadvantaged,White,30234,2529.0,107.0,44.0,elaecondiseth2023.xlsx
2023,ela,7,Not economically disadvantaged,White,55561,2596.0,97.0,71.0,elaecondiseth2023.xlsx
2024,ela,7,Economically disadvantaged,All,276453,2508.0,110.0,37.0,elaecondisall2024.xlsx
2024,ela,7,Not economically disadvantaged,All,147866,2588.0,108.0,67.0,elaecondisall2024.xlsx
2024,ela,7,Economically disadvantaged,American Indian or Alaska Native,1291,2482.0,105.0,26.0,elaecondiseth2024.xlsx
2024,ela,7,Not economically disadvantaged,American Indian or Alaska Native,505,2540.0,110.0,50.0,elaecondiseth2024.xlsx
2024,ela,7,Economically disadvantaged,Asian,17502,2579.0,114.0,64.0,elaecondiseth2024.xlsx
2024,ela,7,Not economically disadvantaged,Asian,24220,2647.0,95.0,86.0,elaecondiseth2024.xlsx
2024,ela,7,Economically disadvantaged,Black or African American,16707,2476.0,108.0,25.0,elaecondiseth2024.xlsx
2024,ela,7,Not economically disadvantaged,Black or African American,4627,2537.0,109.0,48.0,elaecondiseth2024.xlsx
2024,ela,7,Economically disadvantaged,Filipino,3869,2580.0,100.0,64.0,elaecondiseth2024.xlsx
2024,ela,7,Not economically disadvantaged,Filipino,5747,2612.0,92.0,77.0,elaecondiseth2024.xlsx
2024,ela,7,Economically disadvantaged,Hispanic or Latino,192725,2498.0,106.0,33.0,elaecondiseth2024.xlsx
2024,ela,7,Not economically disadvantaged,Hispanic or Latino,47762,2549.0,108.0,53.0,elaecondiseth2024.xlsx
2024,ela,7,Economically disadvantaged,Native Hawaiian or Pacific Islander,1304,2502.0,102.0,33.0,elaecondiseth2024.xlsx
2024,ela,7,Not economically disadvantaged,Native Hawaiian or Pacific Islander,481,2547.0,110.0,51.0,elaecondiseth2024.xlsx
2024,ela,7,Economically disadvantaged,Two or More Races,10082,2528.0,113.0,45.0,elaecondiseth2024.xlsx
2024,ela,7,Not economically disadvantaged,Two or More Races,12552,2607.0,101.0,74.0,elaecondiseth2024.xlsx
2024,ela,7,Economically disadvantaged,White,32973,2532.0,110.0,46.0,elaecondiseth2024.xlsx
2024,ela,7,Not economically disadvantaged,White,51972,2595.0,99.0,70.0,elaecondiseth2024.xlsx
2025,ela,7,Economically disadvantaged,All,272303,2514.0,111.0,39.0,elaecondisall2025.xlsx
2025,ela,7,Not economically disadvantaged,All,149199,2596.0,106.0,70.0,elaecondisall2025.xlsx
2025,ela,7,Economically disadvantaged,American Indian or Alaska Native,1248,2483.0,106.0,27.0,elaecondiseth2025.xlsx
2025,ela,7,Not economically disadvantaged,American Indian or Alaska Native,519,2540.0,112.0,47.0,elaecondiseth2025.xlsx
2025,ela,7,Economically disadvantaged,Asian,18641,2577.0,116.0,64.0,elaecondiseth2025.xlsx
2025,ela,7,Not economically disadvantaged,Asian,26010,2650.0,94.0,87.0,elaecondiseth2025.xlsx
2025,ela,7,Economically disadvantaged,Black or African American,16195,2483.0,109.0,28.0,elaecondiseth2025.xlsx
2025,ela,7,Not economically disadvantaged,Black or African American,4499,2543.0,109.0,49.0,elaecondiseth2025.xlsx
2025,ela,7,Economically disadvantaged,Filipino,3860,2585.0,99.0,66.0,elaecondiseth2025.xlsx
2025,ela,7,Not economically disadvantaged,Filipino,5767,2620.0,93.0,79.0,elaecondiseth2025.xlsx
2025,ela,7,Economically disadvantaged,Hispanic or Latino,190334,2505.0,107.0,35.0,elaecondiseth2025.xlsx
2025,ela,7,Not economically disadvantaged,Hispanic or Latino,46885,2558.0,107.0,56.0,elaecondiseth2025.xlsx
2025,ela,7,Economically disadvantaged,Native Hawaiian or Pacific Islander,1331,2505.0,107.0,33.0,elaecondiseth2025.xlsx
2025,ela,7,Not economically disadvantaged,Native Hawaiian or Pacific Islander,478,2558.0,106.0,54.0,elaecondiseth2025.xlsx
2025,ela,7,Economically disadvantaged,Two or more races,9890,2534.0,111.0,46.0,elaecondiseth2025.xlsx
2025,ela,7,Not economically disadvantaged,Two or more races,13312,2612.0,103.0,75.0,elaecondiseth2025.xlsx
2025,ela,7,Economically disadvantaged,White,30804,2534.0,111.0,47.0,elaecondiseth2025.xlsx
2025,ela,7,Not economically disadvantaged,White,51729,2601.0,98.0,72.0,elaecondiseth2025.xlsx
2015,ela,8,Economically disadvantaged,All,267454,2524.1,86.9,32.18,elaecondisall2015.xlsx
2015,ela,8,Not economically disadvantaged,All,183386,2594.0,89.9,64.35,elaecondisall2015.xlsx
2015,ela,8,Economically disadvantaged,American Indian or Alaska Native,1624,2506.7,84.4,24.63,elaecondiseth2015.xlsx
2015,ela,8,Not economically disadvantaged,American Indian or Alaska Native,973,2554.9,90.2,46.56,elaecondiseth2015.xlsx
2015,ela,8,Economically disadvantaged,Asian,15383,2581.2,92.4,58.95,elaecondiseth2015.xlsx
2015,ela,8,Not economically disadvantaged,Asian,25283,2642.7,81.9,83.51,elaecondiseth2015.xlsx
2015,ela,8,Economically disadvantaged,Black or African American,19555,2499.5,86.2,22.6,elaecondiseth2015.xlsx
2015,ela,8,Not economically disadvantaged,Black or African American,8231,2543.9,93.4,42.27,elaecondiseth2015.xlsx
2015,ela,8,Economically disadvantaged,Blank,1186,2529.8,90.6,35.24,elaecondiseth2015.xlsx
2015,ela,8,Not economically disadvantaged,Blank,1230,2593.3,92.6,63.25,elaecondiseth2015.xlsx
2015,ela,8,Economically disadvantaged,Filipino,4509,2569.6,82.6,54.14,elaecondiseth2015.xlsx
2015,ela,8,Not economically disadvantaged,Filipino,8444,2608.2,79.4,73.03,elaecondiseth2015.xlsx
2015,ela,8,Economically disadvantaged,Hispanic or Latino,190184,2518.0,83.5,28.99,elaecondiseth2015.xlsx
2015,ela,8,Not economically disadvantaged,Hispanic or Latino,49231,2559.3,87.9,48.72,elaecondiseth2015.xlsx
2015,ela,8,Economically disadvantaged,Native Hawaiian or Pacific Islander,1461,2522.2,82.7,31.01,elaecondiseth2015.xlsx
2015,ela,8,Not economically disadvantaged,Native Hawaiian or Pacific Islander,844,2568.3,87.4,50.59,elaecondiseth2015.xlsx
2015,ela,8,Economically disadvantaged,Two or More Races,3568,2540.7,90.5,41.31,elaecondiseth2015.xlsx
2015,ela,8,Not economically disadvantaged,Two or More Races,6893,2607.9,86.8,70.72,elaecondiseth2015.xlsx
2015,ela,8,Economically disadvantaged,White,29984,2541.5,89.1,40.87,elaecondiseth2015.xlsx
2015,ela,8,Not economically disadvantaged,White,82257,2602.9,83.9,68.96,elaecondiseth2015.xlsx
2016,ela,8,Economically disadvantaged,All,276010,2530.0,92.0,36.0,elaecondisall2016.xlsx
2016,ela,8,Not economically disadvantaged,All,174546,2605.0,92.0,69.0,elaecondisall2016.xlsx
2016,ela,8,Economically disadvantaged,American Indian or Alaska Native,1662,2511.0,90.0,29.0,elaecondiseth2016.xlsx
2016,ela,8,Not economically disadvantaged,American Indian or Alaska Native,898,2568.0,96.0,53.0,elaecondiseth2016.xlsx
2016,ela,8,Economically disadvantaged,Asian,15514,2589.0,96.0,62.0,elaecondiseth2016.xlsx
2016,ela,8,Not economically disadvantaged,Asian,25604,2654.0,82.0,86.0,elaecondiseth2016.xlsx
2016,ela,8,Economically disadvantaged,Black or African American,19555,2504.0,91.0,26.0,elaecondiseth2016.xlsx
2016,ela,8,Not economically disadvantaged,Black or African American,7086,2553.0,98.0,48.0,elaecondiseth2016.xlsx
2016,ela,8,Economically disadvantaged,Blank,1282,2530.0,95.0,38.0,elaecondiseth2016.xlsx
2016,ela,8,Not economically disadvantaged,Blank,1214,2584.0,103.0,60.0,elaecondiseth2016.xlsx
2016,ela,8,Economically disadvantaged,Filipino,4447,2580.0,88.0,59.0,elaecondiseth2016.xlsx
2016,ela,8,Not economically disadvantaged,Filipino,8043,2619.0,82.0,76.0,elaecondiseth2016.xlsx
2016,ela,8,Economically disadvantaged,Hispanic or Latino,196799,2524.0,89.0,33.0,elaecondiseth2016.xlsx
2016,ela,8,Not economically disadvantaged,Hispanic or Latino,44712,2572.0,91.0,55.0,elaecondiseth2016.xlsx
2016,ela,8,Economically disadvantaged,Native Hawaiian or Pacific Islander,1516,2532.0,88.0,36.0,elaecondiseth2016.xlsx
2016,ela,8,Not economically disadvantaged,Native Hawaiian or Pacific Islander,820,2575.0,87.0,55.0,elaecondiseth2016.xlsx
2016,ela,8,Economically disadvantaged,Two or More Races,4184,2546.0,94.0,44.0,elaecondiseth2016.xlsx
2016,ela,8,Not economically disadvantaged,Two or More Races,7440,2617.0,88.0,74.0,elaecondiseth2016.xlsx
2016,ela,8,Economically disadvantaged,White,31051,2548.0,94.0,45.0,elaecondiseth2016.xlsx
2016,ela,8,Not economically disadvantaged,White,78729,2612.0,87.0,72.0,elaecondiseth2016.xlsx
2017,ela,8,Economically disadvantaged,All,271013,2528.0,95.0,36.0,elaecondisall2017.xlsx
2017,ela,8,Not economically disadvantaged,All,185595,2604.0,95.0,68.0,elaecondisall2017.xlsx
2017,ela,8,Economically disadvantaged,American Indian or Alaska Native,1536,2508.0,97.0,28.0,elaecondiseth2017.xlsx
2017,ela,8,Not economically disadvantaged,American Indian or Alaska Native,883,2560.0,99.0,49.0,elaecondiseth2017.xlsx
2017,ela,8,Economically disadvantaged,Asian,15697,2589.0,99.0,62.0,elaecondiseth2017.xlsx
2017,ela,8,Not economically disadvantaged,Asian,27309,2654.0,84.0,86.0,elaecondiseth2017.xlsx
2017,ela,8,Economically disadvantaged,Black or African American,18249,2500.0,94.0,25.0,elaecondiseth2017.xlsx
2017,ela,8,Not economically disadvantaged,Black or African American,7249,2554.0,101.0,48.0,elaecondiseth2017.xlsx
2017,ela,8,Economically disadvantaged,Blank,1334,2519.0,98.0,32.0,elaecondiseth2017.xlsx
2017,ela,8,Not economically disadvantaged,Blank,1283,2589.0,101.0,61.0,elaecondiseth2017.xlsx
2017,ela,8,Economically disadvantaged,Filipino,4031,2579.0,92.0,58.0,elaecondiseth2017.xlsx
2017,ela,8,Not economically disadvantaged,Filipino,7823,2617.0,84.0,75.0,elaecondiseth2017.xlsx
2017,ela,8,Economically disadvantaged,Hispanic or Latino,194857,2522.0,92.0,33.0,elaecondiseth2017.xlsx
2017,ela,8,Not economically disadvantaged,Hispanic or Latino,50167,2570.0,95.0,54.0,elaecondiseth2017.xlsx
2017,ela,8,Economically disadvantaged,Native Hawaiian or Pacific Islander,1400,2527.0,92.0,34.0,elaecondiseth2017.xlsx
2017,ela,8,Not economically disadvantaged,Native Hawaiian or Pacific Islander,835,2569.0,95.0,52.0,elaecondiseth2017.xlsx
2017,ela,8,Economically disadvantaged,Two or More Races,4532,2544.0,97.0,42.0,elaecondiseth2017.xlsx
2017,ela,8,Not economically disadvantaged,Two or More Races,9243,2616.0,89.0,73.0,elaecondiseth2017.xlsx
2017,ela,8,Economically disadvantaged,White,29377,2545.0,97.0,44.0,elaecondiseth2017.xlsx
2017,ela,8,Not economically disadvantaged,White,80803,2611.0,90.0,71.0,elaecondiseth2017.xlsx
2018,ela,8,Economically disadvantaged,All,276301,2529.0,97.0,37.0,elaecondisall2018.xlsx
2018,ela,8,Not economically disadvantaged,All,181895,2605.0,96.0,68.0,elaecondisall2018.xlsx
2018,ela,8,Economically disadvantaged,American Indian or Alaska Native,1545,2509.0,95.0,28.0,elaecondiseth2018.xlsx
2018,ela,8,Not economically disadvantaged,American Indian or Alaska Native,853,2557.0,102.0,49.0,elaecondiseth2018.xlsx
2018,ela,8,Economically disadvantaged,Asian,16791,2592.0,101.0,63.0,elaecondiseth2018.xlsx
2018,ela,8,Not economically disadvantaged,Asian,27066,2656.0,84.0,87.0,elaecondiseth2018.xlsx
2018,ela,8,Economically disadvantaged,Black or African American,17871,2497.0,96.0,25.0,elaecondiseth2018.xlsx
2018,ela,8,Not economically disadvantaged,Black or African American,7022,2552.0,100.0,47.0,elaecondiseth2018.xlsx
2018,ela,8,Economically disadvantaged,Blank,1352,2520.0,99.0,32.0,elaecondiseth2018.xlsx
2018,ela,8,Not economically disadvantaged,Blank,1378,2598.0,101.0,65.0,elaecondiseth2018.xlsx
2018,ela,8,Economically disadvantaged,Filipino,3997,2583.0,93.0,60.0,elaecondiseth2018.xlsx
2018,ela,8,Not economically disadvantaged,Filipino,7291,2623.0,84.0,77.0,elaecondiseth2018.xlsx
2018,ela,8,Economically disadvantaged,Hispanic or Latino,196919,2522.0,94.0,33.0,elaecondiseth2018.xlsx
2018,ela,8,Not economically disadvantaged,Hispanic or Latino,50575,2570.0,96.0,54.0,elaecondiseth2018.xlsx
2018,ela,8,Economically disadvantaged,Native Hawaiian or Pacific Islander,1490,2525.0,95.0,34.0,elaecondiseth2018.xlsx
2018,ela,8,Not economically disadvantaged,Native Hawaiian or Pacific Islander,814,2572.0,95.0,53.0,elaecondiseth2018.xlsx
2018,ela,8,Economically disadvantaged,Two or More Races,5226,2549.0,99.0,45.0,elaecondiseth2018.xlsx
2018,ela,8,Not economically disadvantaged,Two or More Races,10164,2621.0,91.0,75.0,elaecondiseth2018.xlsx
2018,ela,8,Economically disadvantaged,White,31110,2547.0,99.0,45.0,elaecondiseth2018.xlsx
2018,ela,8,Not economically disadvantaged,White,76732,2611.0,90.0,72.0,elaecondiseth2018.xlsx
2019,ela,8,Economically disadvantaged,All,278612,2531.0,99.0,37.0,elaecondisall2019.xlsx
2019,ela,8,Not economically disadvantaged,All,182869,2606.0,98.0,68.0,elaecondisall2019.xlsx
2019,ela,8,Economically disadvantaged,"American Indian or Alaska
Native",1532,2508.0,95.0,28.0,elaecondiseth2019.xlsx
2019,ela,8,Not economically disadvantaged,"American Indian or Alaska
Native",861,2561.0,103.0,48.0,elaecondiseth2019.xlsx
2019,ela,8,Economically disadvantaged,Asian,16349,2594.0,103.0,64.0,elaecondiseth2019.xlsx
2019,ela,8,Not economically disadvantaged,Asian,27136,2658.0,86.0,86.0,elaecondiseth2019.xlsx
2019,ela,8,Economically disadvantaged,Black or African American,17673,2499.0,97.0,25.0,elaecondiseth2019.xlsx
2019,ela,8,Not economically disadvantaged,Black or African American,6684,2552.0,103.0,47.0,elaecondiseth2019.xlsx
2019,ela,8,Economically disadvantaged,Blank,1271,2519.0,102.0,33.0,elaecondiseth2019.xlsx
2019,ela,8,Not economically disadvantaged,Blank,1097,2588.0,101.0,61.0,elaecondiseth2019.xlsx
2019,ela,8,Economically disadvantaged,Filipino,3715,2586.0,95.0,61.0,elaecondiseth2019.xlsx
2019,ela,8,Not economically disadvantaged,Filipino,7192,2624.0,87.0,76.0,elaecondiseth2019.xlsx
2019,ela,8,Economically disadvantaged,Hispanic or Latino,199869,2524.0,95.0,34.0,elaecondiseth2019.xlsx
2019,ela,8,Not economically disadvantaged,Hispanic or Latino,53640,2572.0,98.0,54.0,elaecondiseth2019.xlsx
2019,ela,8,Economically disadvantaged,"Native Hawaiian or Pacific
Islander",1399,2527.0,93.0,34.0,elaecondiseth2019.xlsx
2019,ela,8,Not economically disadvantaged,"Native Hawaiian or Pacific
Islander",789,2574.0,100.0,55.0,elaecondiseth2019.xlsx
2019,ela,8,Economically disadvantaged,Two or More Races,5709,2550.0,101.0,45.0,elaecondiseth2019.xlsx
2019,ela,8,Not economically disadvantaged,Two or More Races,11240,2624.0,94.0,75.0,elaecondiseth2019.xlsx
2019,ela,8,Economically disadvantaged,White,31095,2549.0,100.0,45.0,elaecondiseth2019.xlsx
2019,ela,8,Not economically disadvantaged,White,74230,2614.0,92.0,72.0,elaecondiseth2019.xlsx
2022,ela,8,Economically disadvantaged,All,260397,2523.0,106.0,35.0,elaecondisall2022.xlsx
2022,ela,8,Not economically disadvantaged,All,174713,2596.0,107.0,64.0,elaecondisall2022.xlsx
2022,ela,8,Economically disadvantaged,American Indian or Alaska Native,1208,2498.0,103.0,26.0,elaecondiseth2022.xlsx
2022,ela,8,Not economically disadvantaged,American Indian or Alaska Native,704,2547.0,107.0,45.0,elaecondiseth2022.xlsx
2022,ela,8,Economically disadvantaged,Asian,15579,2595.0,110.0,63.0,elaecondiseth2022.xlsx
2022,ela,8,Not economically disadvantaged,Asian,26519,2658.0,93.0,85.0,elaecondiseth2022.xlsx
2022,ela,8,Economically disadvantaged,Black or African American,15608,2492.0,103.0,24.0,elaecondiseth2022.xlsx
2022,ela,8,Not economically disadvantaged,Black or African American,6582,2545.0,106.0,44.0,elaecondiseth2022.xlsx
2022,ela,8,Economically disadvantaged,Filipino,3613,2587.0,97.0,61.0,elaecondiseth2022.xlsx
2022,ela,8,Not economically disadvantaged,Filipino,6789,2621.0,92.0,75.0,elaecondiseth2022.xlsx
2022,ela,8,Economically disadvantaged,Hispanic or Latino,188343,2516.0,102.0,32.0,elaecondiseth2022.xlsx
2022,ela,8,Not economically disadvantaged,Hispanic or Latino,58459,2558.0,104.0,49.0,elaecondiseth2022.xlsx
2022,ela,8,Economically disadvantaged,Native Hawaiian or Pacific Islander,1218,2518.0,99.0,32.0,elaecondiseth2022.xlsx
2022,ela,8,Not economically disadvantaged,Native Hawaiian or Pacific Islander,759,2569.0,103.0,51.0,elaecondiseth2022.xlsx
2022,ela,8,Economically disadvantaged,Two or More Races,7460,2533.0,109.0,39.0,elaecondiseth2022.xlsx
2022,ela,8,Not economically disadvantaged,Two or More Races,12858,2611.0,103.0,70.0,elaecondiseth2022.xlsx
2022,ela,8,Economically disadvantaged,White,27368,2542.0,106.0,43.0,elaecondiseth2022.xlsx
2022,ela,8,Not economically disadvantaged,White,62043,2606.0,99.0,68.0,elaecondiseth2022.xlsx
2023,ela,8,Economically disadvantaged,All,262692,2520.0,109.0,35.0,elaecondisall2023.xlsx
2023,ela,8,Not economically disadvantaged,All,155585,2598.0,109.0,64.0,elaecondisall2023.xlsx
2023,ela,8,Economically disadvantaged,American Indian or Alaska Native,1199,2495.0,102.0,25.0,elaecondiseth2023.xlsx
2023,ela,8,Not economically disadvantaged,American Indian or Alaska Native,574,2554.0,116.0,47.0,elaecondiseth2023.xlsx
2023,ela,8,Economically disadvantaged,Asian,15858,2591.0,114.0,63.0,elaecondiseth2023.xlsx
2023,ela,8,Not economically disadvantaged,Asian,24775,2657.0,96.0,85.0,elaecondiseth2023.xlsx
2023,ela,8,Economically disadvantaged,Black or African American,15672,2490.0,105.0,24.0,elaecondiseth2023.xlsx
2023,ela,8,Not economically disadvantaged,Black or African American,5433,2544.0,109.0,45.0,elaecondiseth2023.xlsx
2023,ela,8,Economically disadvantaged,Filipino,3764,2590.0,99.0,62.0,elaecondiseth2023.xlsx
2023,ela,8,Not economically disadvantaged,Filipino,6257,2623.0,94.0,75.0,elaecondiseth2023.xlsx
2023,ela,8,Economically disadvantaged,Hispanic or Latino,187408,2511.0,105.0,31.0,elaecondiseth2023.xlsx
2023,ela,8,Not economically disadvantaged,Hispanic or Latino,50004,2559.0,108.0,50.0,elaecondiseth2023.xlsx
2023,ela,8,Economically disadvantaged,Native Hawaiian or Pacific Islander,1169,2512.0,102.0,31.0,elaecondiseth2023.xlsx
2023,ela,8,Not economically disadvantaged,Native Hawaiian or Pacific Islander,619,2564.0,112.0,51.0,elaecondiseth2023.xlsx
2023,ela,8,Economically disadvantaged,Two or More Races,8417,2535.0,112.0,41.0,elaecondiseth2023.xlsx
2023,ela,8,Not economically disadvantaged,Two or More Races,12502,2614.0,105.0,71.0,elaecondiseth2023.xlsx
2023,ela,8,Economically disadvantaged,White,29205,2541.0,109.0,43.0,elaecondiseth2023.xlsx
2023,ela,8,Not economically disadvantaged,White,55421,2606.0,101.0,68.0,elaecondiseth2023.xlsx
2024,ela,8,Economically disadvantaged,All,276535,2522.0,110.0,36.0,elaecondisall2024.xlsx
2024,ela,8,Not economically disadvantaged,All,148172,2599.0,110.0,65.0,elaecondisall2024.xlsx
2024,ela,8,Economically disadvantaged,American Indian or Alaska Native,1294,2495.0,108.0,26.0,elaecondiseth2024.xlsx
2024,ela,8,Not economically disadvantaged,American Indian or Alaska Native,526,2552.0,113.0,48.0,elaecondiseth2024.xlsx
2024,ela,8,Economically disadvantaged,Asian,17624,2594.0,115.0,64.0,elaecondiseth2024.xlsx
2024,ela,8,Not economically disadvantaged,Asian,24372,2657.0,97.0,85.0,elaecondiseth2024.xlsx
2024,ela,8,Economically disadvantaged,Black or African American,16559,2490.0,107.0,25.0,elaecondiseth2024.xlsx
2024,ela,8,Not economically disadvantaged,Black or African American,4895,2546.0,111.0,46.0,elaecondiseth2024.xlsx
2024,ela,8,Economically disadvantaged,Filipino,4139,2593.0,99.0,63.0,elaecondiseth2024.xlsx
2024,ela,8,Not economically disadvantaged,Filipino,5910,2625.0,94.0,75.0,elaecondiseth2024.xlsx
2024,ela,8,Economically disadvantaged,Hispanic or Latino,192687,2512.0,106.0,32.0,elaecondiseth2024.xlsx
2024,ela,8,Not economically disadvantaged,Hispanic or Latino,47814,2559.0,110.0,50.0,elaecondiseth2024.xlsx
2024,ela,8,Economically disadvantaged,Native Hawaiian or Pacific Islander,1332,2511.0,103.0,31.0,elaecondiseth2024.xlsx
2024,ela,8,Not economically disadvantaged,Native Hawaiian or Pacific Islander,514,2573.0,110.0,53.0,elaecondiseth2024.xlsx
2024,ela,8,Economically disadvantaged,Two or More Races,9417,2540.0,113.0,43.0,elaecondiseth2024.xlsx
2024,ela,8,Not economically disadvantaged,Two or More Races,12396,2617.0,104.0,72.0,elaecondiseth2024.xlsx
2024,ela,8,Economically disadvantaged,White,33483,2543.0,111.0,45.0,elaecondiseth2024.xlsx
2024,ela,8,Not economically disadvantaged,White,51745,2606.0,101.0,68.0,elaecondiseth2024.xlsx
2025,ela,8,Economically disadvantaged,All,275541,2526.0,111.0,37.0,elaecondisall2025.xlsx
2025,ela,8,Not economically disadvantaged,All,151321,2606.0,109.0,67.0,elaecondisall2025.xlsx
2025,ela,8,Economically disadvantaged,American Indian or Alaska Native,1230,2499.0,109.0,27.0,elaecondiseth2025.xlsx
2025,ela,8,Not economically disadvantaged,American Indian or Alaska Native,515,2551.0,114.0,46.0,elaecondiseth2025.xlsx
2025,ela,8,Economically disadvantaged,Asian,17799,2591.0,119.0,62.0,elaecondiseth2025.xlsx
2025,ela,8,Not economically disadvantaged,Asian,25205,2663.0,97.0,86.0,elaecondiseth2025.xlsx
2025,ela,8,Economically disadvantaged,Black or African American,16512,2499.0,108.0,27.0,elaecondiseth2025.xlsx
2025,ela,8,Not economically disadvantaged,Black or African American,4877,2557.0,109.0,49.0,elaecondiseth2025.xlsx
2025,ela,8,Economically disadvantaged,Filipino,3866,2596.0,101.0,64.0,elaecondiseth2025.xlsx
2025,ela,8,Not economically disadvantaged,Filipino,5897,2630.0,95.0,77.0,elaecondiseth2025.xlsx
2025,ela,8,Economically disadvantaged,Hispanic or Latino,194094,2517.0,108.0,34.0,elaecondiseth2025.xlsx
2025,ela,8,Not economically disadvantaged,Hispanic or Latino,48224,2569.0,109.0,54.0,elaecondiseth2025.xlsx
2025,ela,8,Economically disadvantaged,Native Hawaiian or Pacific Islander,1314,2523.0,105.0,35.0,elaecondiseth2025.xlsx
2025,ela,8,Not economically disadvantaged,Native Hawaiian or Pacific Islander,472,2566.0,109.0,51.0,elaecondiseth2025.xlsx
2025,ela,8,Economically disadvantaged,Two or more races,9648,2544.0,114.0,44.0,elaecondiseth2025.xlsx
2025,ela,8,Not economically disadvantaged,Two or more races,12997,2623.0,105.0,74.0,elaecondiseth2025.xlsx
2025,ela,8,Economically disadvantaged,White,31078,2546.0,112.0,45.0,elaecondiseth2025.xlsx
2025,ela,8,Not economically disadvantaged,White,53134,2611.0,101.0,70.0,elaecondiseth2025.xlsx
2015,ela,11,Economically disadvantaged,All,230780,2563.3,103.6,45.06,elaecondisall2015.xlsx
2015,ela,11,Not economically disadvantaged,All,189547,2626.4,105.3,69.22,elaecondisall2015.xlsx
2015,ela,11,Economically disadvantaged,American Indian or Alaska Native,1380,2545.8,103.1,38.19,elaecondiseth2015.xlsx
2015,ela,11,Not economically disadvantaged,American Indian or Alaska Native,1228,2598.8,105.7,59.93,elaecondiseth2015.xlsx
2015,ela,11,Economically disadvantaged,Asian,15452,2619.4,107.1,66.7,elaecondiseth2015.xlsx
2015,ela,11,Not economically disadvantaged,Asian,23137,2682.0,95.0,85.88,elaecondiseth2015.xlsx
2015,ela,11,Economically disadvantaged,Black or African American,15704,2530.3,103.0,32.61,elaecondiseth2015.xlsx
2015,ela,11,Not economically disadvantaged,Black or African American,9601,2572.5,108.7,49.53,elaecondiseth2015.xlsx
2015,ela,11,Economically disadvantaged,Blank,800,2557.7,107.0,41.88,elaecondiseth2015.xlsx
2015,ela,11,Not economically disadvantaged,Blank,705,2618.6,110.7,66.1,elaecondiseth2015.xlsx
2015,ela,11,Economically disadvantaged,Filipino,4314,2609.6,95.4,64.39,elaecondiseth2015.xlsx
2015,ela,11,Not economically disadvantaged,Filipino,9422,2646.5,89.1,79.05,elaecondiseth2015.xlsx
2015,ela,11,Economically disadvantaged,Hispanic or Latino,162608,2557.4,100.3,42.64,elaecondiseth2015.xlsx
2015,ela,11,Not economically disadvantaged,Hispanic or Latino,55231,2590.0,103.1,56.12,elaecondiseth2015.xlsx
2015,ela,11,Economically disadvantaged,Native Hawaiian or Pacific Islander,1275,2553.7,99.7,41.65,elaecondiseth2015.xlsx
2015,ela,11,Not economically disadvantaged,Native Hawaiian or Pacific Islander,1097,2595.1,105.7,56.7,elaecondiseth2015.xlsx
2015,ela,11,Economically disadvantaged,Two or More Races,3074,2578.9,105.5,51.43,elaecondiseth2015.xlsx
2015,ela,11,Not economically disadvantaged,Two or More Races,6804,2643.7,100.7,75.94,elaecondiseth2015.xlsx
2015,ela,11,Economically disadvantaged,White,26173,2578.7,107.1,51.49,elaecondiseth2015.xlsx
2015,ela,11,Not economically disadvantaged,White,82322,2638.6,99.9,74.27,elaecondiseth2015.xlsx
2016,ela,11,Economically disadvantaged,All,249609,2571.0,107.0,49.0,elaecondisall2016.xlsx
2016,ela,11,Not economically disadvantaged,All,184488,2639.0,104.0,73.0,elaecondisall2016.xlsx
2016,ela,11,Economically disadvantaged,American Indian or Alaska Native,1396,2550.0,107.0,40.0,elaecondiseth2016.xlsx
2016,ela,11,Not economically disadvantaged,American Indian or Alaska Native,1166,2602.0,104.0,61.0,elaecondiseth2016.xlsx
2016,ela,11,Economically disadvantaged,Asian,16475,2633.0,108.0,71.0,elaecondiseth2016.xlsx
2016,ela,11,Not economically disadvantaged,Asian,23568,2692.0,92.0,88.0,elaecondiseth2016.xlsx
2016,ela,11,Economically disadvantaged,Black or African American,17465,2534.0,107.0,34.0,elaecondiseth2016.xlsx
2016,ela,11,Not economically disadvantaged,Black or African American,8255,2583.0,109.0,53.0,elaecondiseth2016.xlsx
2016,ela,11,Economically disadvantaged,Blank,789,2555.0,109.0,43.0,elaecondiseth2016.xlsx
2016,ela,11,Not economically disadvantaged,Blank,995,2623.0,116.0,70.0,elaecondiseth2016.xlsx
2016,ela,11,Economically disadvantaged,Filipino,4480,2624.0,95.0,70.0,elaecondiseth2016.xlsx
2016,ela,11,Not economically disadvantaged,Filipino,9067,2660.0,87.0,82.0,elaecondiseth2016.xlsx
2016,ela,11,Economically disadvantaged,Hispanic or Latino,175693,2566.0,103.0,46.0,elaecondiseth2016.xlsx
2016,ela,11,Not economically disadvantaged,Hispanic or Latino,50905,2604.0,104.0,61.0,elaecondiseth2016.xlsx
2016,ela,11,Economically disadvantaged,Native Hawaiian or Pacific Islander,1309,2555.0,104.0,43.0,elaecondiseth2016.xlsx
2016,ela,11,Not economically disadvantaged,Native Hawaiian or Pacific Islander,982,2606.0,102.0,62.0,elaecondiseth2016.xlsx
2016,ela,11,Economically disadvantaged,Two or More Races,3848,2585.0,109.0,54.0,elaecondiseth2016.xlsx
2016,ela,11,Not economically disadvantaged,Two or More Races,7353,2652.0,99.0,79.0,elaecondiseth2016.xlsx
2016,ela,11,Economically disadvantaged,White,28154,2585.0,110.0,54.0,elaecondiseth2016.xlsx
2016,ela,11,Not economically disadvantaged,White,82197,2648.0,99.0,77.0,elaecondiseth2016.xlsx
2017,ela,11,Economically disadvantaged,All,248561,2572.0,111.0,49.0,elaecondisall2017.xlsx
2017,ela,11,Not economically disadvantaged,All,195479,2642.0,108.0,74.0,elaecondisall2017.xlsx
2017,ela,11,Economically disadvantaged,American Indian or Alaska Native,1443,2547.0,109.0,40.0,elaecondiseth2017.xlsx
2017,ela,11,Not economically disadvantaged,American Indian or Alaska Native,1060,2605.0,111.0,61.0,elaecondiseth2017.xlsx
2017,ela,11,Economically disadvantaged,Asian,17202,2637.0,111.0,72.0,elaecondiseth2017.xlsx
2017,ela,11,Not economically disadvantaged,Asian,26869,2698.0,93.0,89.0,elaecondiseth2017.xlsx
2017,ela,11,Economically disadvantaged,Black or African American,16348,2532.0,110.0,35.0,elaecondiseth2017.xlsx
2017,ela,11,Not economically disadvantaged,Black or African American,8479,2583.0,113.0,54.0,elaecondiseth2017.xlsx
2017,ela,11,Economically disadvantaged,Blank,1547,2551.0,108.0,41.0,elaecondiseth2017.xlsx
2017,ela,11,Not economically disadvantaged,Blank,1237,2623.0,117.0,67.0,elaecondiseth2017.xlsx
2017,ela,11,Economically disadvantaged,Filipino,4224,2626.0,99.0,70.0,elaecondiseth2017.xlsx
2017,ela,11,Not economically disadvantaged,Filipino,8849,2663.0,90.0,83.0,elaecondiseth2017.xlsx
2017,ela,11,Economically disadvantaged,Hispanic or Latino,176294,2565.0,108.0,47.0,elaecondiseth2017.xlsx
2017,ela,11,Not economically disadvantaged,Hispanic or Latino,56150,2604.0,108.0,61.0,elaecondiseth2017.xlsx
2017,ela,11,Economically disadvantaged,Native Hawaiian or Pacific Islander,1274,2558.0,105.0,44.0,elaecondiseth2017.xlsx
2017,ela,11,Not economically disadvantaged,Native Hawaiian or Pacific Islander,988,2609.0,108.0,63.0,elaecondiseth2017.xlsx
2017,ela,11,Economically disadvantaged,Two or More Races,3922,2589.0,113.0,55.0,elaecondiseth2017.xlsx
2017,ela,11,Not economically disadvantaged,Two or More Races,8591,2659.0,102.0,79.0,elaecondiseth2017.xlsx
2017,ela,11,Economically disadvantaged,White,26307,2587.0,114.0,55.0,elaecondiseth2017.xlsx
2017,ela,11,Not economically disadvantaged,White,83256,2653.0,102.0,78.0,elaecondiseth2017.xlsx
2018,ela,11,Economically disadvantaged,All,253538,2563.0,114.0,46.0,elaecondisall2018.xlsx
2018,ela,11,Not economically disadvantaged,All,185596,2633.0,113.0,70.0,elaecondisall2018.xlsx
2018,ela,11,Economically disadvantaged,American Indian or Alaska Native,1410,2547.0,110.0,40.0,elaecondiseth2018.xlsx
2018,ela,11,Not economically disadvantaged,American Indian or Alaska Native,974,2588.0,116.0,56.0,elaecondiseth2018.xlsx
2018,ela,11,Economically disadvantaged,Asian,17760,2627.0,116.0,68.0,elaecondiseth2018.xlsx
2018,ela,11,Not economically disadvantaged,Asian,24762,2692.0,98.0,87.0,elaecondiseth2018.xlsx
2018,ela,11,Economically disadvantaged,Black or African American,16086,2521.0,112.0,31.0,elaecondiseth2018.xlsx
2018,ela,11,Not economically disadvantaged,Black or African American,8123,2571.0,117.0,49.0,elaecondiseth2018.xlsx
2018,ela,11,Economically disadvantaged,Blank,1951,2556.0,110.0,41.0,elaecondiseth2018.xlsx
2018,ela,11,Not economically disadvantaged,Blank,1622,2621.0,116.0,65.0,elaecondiseth2018.xlsx
2018,ela,11,Economically disadvantaged,Filipino,4431,2618.0,103.0,66.0,elaecondiseth2018.xlsx
2018,ela,11,Not economically disadvantaged,Filipino,8650,2655.0,94.0,79.0,elaecondiseth2018.xlsx
2018,ela,11,Economically disadvantaged,Hispanic or Latino,178280,2556.0,110.0,43.0,elaecondiseth2018.xlsx
2018,ela,11,Not economically disadvantaged,Hispanic or Latino,54772,2594.0,112.0,57.0,elaecondiseth2018.xlsx
2018,ela,11,Economically disadvantaged,Native Hawaiian or Pacific Islander,1239,2551.0,111.0,42.0,elaecondiseth2018.xlsx
2018,ela,11,Not economically disadvantaged,Native Hawaiian or Pacific Islander,862,2594.0,110.0,56.0,elaecondiseth2018.xlsx
2018,ela,11,Economically disadvantaged,Two or More Races,4298,2578.0,117.0,51.0,elaecondiseth2018.xlsx
2018,ela,11,Not economically disadvantaged,Two or More Races,8667,2651.0,108.0,76.0,elaecondiseth2018.xlsx
2018,ela,11,Economically disadvantaged,White,28083,2581.0,116.0,52.0,elaecondiseth2018.xlsx
2018,ela,11,Not economically disadvantaged,White,77164,2644.0,107.0,74.0,elaecondiseth2018.xlsx
2019,ela,11,Economically disadvantaged,All,252485,2567.0,115.0,47.0,elaecondisall2019.xlsx
2019,ela,11,Not economically disadvantaged,All,187462,2636.0,113.0,71.0,elaecondisall2019.xlsx
2019,ela,11,Economically disadvantaged,"American Indian or Alaska
Native",1331,2544.0,114.0,38.0,elaecondiseth2019.xlsx
2019,ela,11,Not economically disadvantaged,"American Indian or Alaska
Native",913,2592.0,115.0,56.0,elaecondiseth2019.xlsx
2019,ela,11,Economically disadvantaged,Asian,16928,2632.0,115.0,69.0,elaecondiseth2019.xlsx
2019,ela,11,Not economically disadvantaged,Asian,25755,2694.0,98.0,87.0,elaecondiseth2019.xlsx
2019,ela,11,Economically disadvantaged,Black or African American,15623,2527.0,114.0,33.0,elaecondiseth2019.xlsx
2019,ela,11,Not economically disadvantaged,Black or African American,7683,2574.0,119.0,50.0,elaecondiseth2019.xlsx
2019,ela,11,Economically disadvantaged,Blank,1505,2550.0,116.0,39.0,elaecondiseth2019.xlsx
2019,ela,11,Not economically disadvantaged,Blank,1914,2628.0,117.0,68.0,elaecondiseth2019.xlsx
2019,ela,11,Economically disadvantaged,Filipino,4151,2622.0,103.0,68.0,elaecondiseth2019.xlsx
2019,ela,11,Not economically disadvantaged,Filipino,8338,2658.0,95.0,80.0,elaecondiseth2019.xlsx
2019,ela,11,Economically disadvantaged,Hispanic or Latino,179337,2561.0,111.0,45.0,elaecondiseth2019.xlsx
2019,ela,11,Not economically disadvantaged,Hispanic or Latino,57714,2598.0,113.0,59.0,elaecondiseth2019.xlsx
2019,ela,11,Economically disadvantaged,"Native Hawaiian or Pacific
Islander",1264,2555.0,111.0,43.0,elaecondiseth2019.xlsx
2019,ela,11,Not economically disadvantaged,"Native Hawaiian or Pacific
Islander",871,2602.0,112.0,61.0,elaecondiseth2019.xlsx
2019,ela,11,Economically disadvantaged,Two or More Races,4572,2582.0,117.0,53.0,elaecondiseth2019.xlsx
2019,ela,11,Not economically disadvantaged,Two or More Races,9580,2654.0,107.0,77.0,elaecondiseth2019.xlsx
2019,ela,11,Economically disadvantaged,White,27774,2584.0,118.0,54.0,elaecondiseth2019.xlsx
2019,ela,11,Not economically disadvantaged,White,74694,2648.0,107.0,75.0,elaecondiseth2019.xlsx
2022,ela,11,Economically disadvantaged,All,244286,2560.0,122.0,45.0,elaecondisall2022.xlsx
2022,ela,11,Not economically disadvantaged,All,182721,2629.0,124.0,68.0,elaecondisall2022.xlsx
2022,ela,11,Economically disadvantaged,American Indian or Alaska Native,1148,2538.0,116.0,35.0,elaecondiseth2022.xlsx
2022,ela,11,Not economically disadvantaged,American Indian or Alaska Native,757,2585.0,121.0,53.0,elaecondiseth2022.xlsx
2022,ela,11,Economically disadvantaged,Asian,16151,2635.0,123.0,70.0,elaecondiseth2022.xlsx
2022,ela,11,Not economically disadvantaged,Asian,26247,2696.0,109.0,86.0,elaecondiseth2022.xlsx
2022,ela,11,Economically disadvantaged,Black or African American,13451,2519.0,120.0,31.0,elaecondiseth2022.xlsx
2022,ela,11,Not economically disadvantaged,Black or African American,6927,2567.0,125.0,47.0,elaecondiseth2022.xlsx
2022,ela,11,Economically disadvantaged,Filipino,3981,2624.0,109.0,68.0,elaecondiseth2022.xlsx
2022,ela,11,Not economically disadvantaged,Filipino,8231,2658.0,102.0,79.0,elaecondiseth2022.xlsx
2022,ela,11,Economically disadvantaged,Hispanic or Latino,176649,2552.0,118.0,42.0,elaecondiseth2022.xlsx
2022,ela,11,Not economically disadvantaged,Hispanic or Latino,62480,2587.0,122.0,55.0,elaecondiseth2022.xlsx
2022,ela,11,Economically disadvantaged,Native Hawaiian or Pacific Islander,1046,2550.0,116.0,41.0,elaecondiseth2022.xlsx
2022,ela,11,Not economically disadvantaged,Native Hawaiian or Pacific Islander,812,2592.0,122.0,56.0,elaecondiseth2022.xlsx
2022,ela,11,Economically disadvantaged,Two or More Races,6037,2574.0,123.0,50.0,elaecondiseth2022.xlsx
2022,ela,11,Not economically disadvantaged,Two or More Races,12061,2649.0,121.0,74.0,elaecondiseth2022.xlsx
2022,ela,11,Economically disadvantaged,White,25823,2581.0,123.0,53.0,elaecondiseth2022.xlsx
2022,ela,11,Not economically disadvantaged,White,65206,2643.0,118.0,73.0,elaecondiseth2022.xlsx
2023,ela,11,Economically disadvantaged,All,268664,2562.0,123.0,46.0,elaecondisall2023.xlsx
2023,ela,11,Not economically disadvantaged,All,173464,2635.0,123.0,70.0,elaecondisall2023.xlsx
2023,ela,11,Economically disadvantaged,American Indian or Alaska Native,1219,2541.0,120.0,39.0,elaecondiseth2023.xlsx
2023,ela,11,Not economically disadvantaged,American Indian or Alaska Native,715,2592.0,123.0,56.0,elaecondiseth2023.xlsx
2023,ela,11,Economically disadvantaged,Asian,17446,2635.0,122.0,70.0,elaecondiseth2023.xlsx
2023,ela,11,Not economically disadvantaged,Asian,25769,2698.0,107.0,87.0,elaecondiseth2023.xlsx
2023,ela,11,Economically disadvantaged,Black or African American,14572,2521.0,121.0,33.0,elaecondiseth2023.xlsx
2023,ela,11,Not economically disadvantaged,Black or African American,6516,2573.0,125.0,50.0,elaecondiseth2023.xlsx
2023,ela,11,Economically disadvantaged,Filipino,4354,2629.0,109.0,69.0,elaecondiseth2023.xlsx
2023,ela,11,Not economically disadvantaged,Filipino,7749,2665.0,101.0,81.0,elaecondiseth2023.xlsx
2023,ela,11,Economically disadvantaged,Hispanic or Latino,193427,2553.0,119.0,43.0,elaecondiseth2023.xlsx
2023,ela,11,Not economically disadvantaged,Hispanic or Latino,57173,2594.0,122.0,57.0,elaecondiseth2023.xlsx
2023,ela,11,Economically disadvantaged,Native Hawaiian or Pacific Islander,1135,2553.0,117.0,43.0,elaecondiseth2023.xlsx
2023,ela,11,Not economically disadvantaged,Native Hawaiian or Pacific Islander,733,2601.0,120.0,59.0,elaecondiseth2023.xlsx
2023,ela,11,Economically disadvantaged,Two or More Races,7278,2576.0,127.0,51.0,elaecondiseth2023.xlsx
2023,ela,11,Not economically disadvantaged,Two or More Races,12132,2651.0,119.0,75.0,elaecondiseth2023.xlsx
2023,ela,11,Economically disadvantaged,White,29233,2582.0,124.0,53.0,elaecondiseth2023.xlsx
2023,ela,11,Not economically disadvantaged,White,62677,2647.0,116.0,74.0,elaecondiseth2023.xlsx
2024,ela,11,Economically disadvantaged,All,271528,2564.0,124.0,47.0,elaecondisall2024.xlsx
2024,ela,11,Not economically disadvantaged,All,163768,2635.0,123.0,70.0,elaecondisall2024.xlsx
2024,ela,11,Economically disadvantaged,American Indian or Alaska Native,1248,2542.0,119.0,39.0,elaecondiseth2024.xlsx
2024,ela,11,Not economically disadvantaged,American Indian or Alaska Native,674,2590.0,125.0,56.0,elaecondiseth2024.xlsx
2024,ela,11,Economically disadvantaged,Asian,18099,2634.0,125.0,70.0,elaecondiseth2024.xlsx
2024,ela,11,Not economically disadvantaged,Asian,25078,2696.0,108.0,87.0,elaecondiseth2024.xlsx
2024,ela,11,Economically disadvantaged,Black or African American,14919,2524.0,121.0,33.0,elaecondiseth2024.xlsx
2024,ela,11,Not economically disadvantaged,Black or African American,5824,2578.0,124.0,52.0,elaecondiseth2024.xlsx
2024,ela,11,Economically disadvantaged,Filipino,4361,2635.0,107.0,72.0,elaecondiseth2024.xlsx
2024,ela,11,Not economically disadvantaged,Filipino,6909,2665.0,101.0,82.0,elaecondiseth2024.xlsx
2024,ela,11,Economically disadvantaged,Hispanic or Latino,193004,2555.0,121.0,44.0,elaecondiseth2024.xlsx
2024,ela,11,Not economically disadvantaged,Hispanic or Latino,54270,2594.0,124.0,58.0,elaecondiseth2024.xlsx
2024,ela,11,Economically disadvantaged,Native Hawaiian or Pacific Islander,1206,2551.0,121.0,41.0,elaecondiseth2024.xlsx
2024,ela,11,Not economically disadvantaged,Native Hawaiian or Pacific Islander,660,2592.0,118.0,55.0,elaecondiseth2024.xlsx
2024,ela,11,Economically disadvantaged,Two or More Races,8103,2578.0,127.0,52.0,elaecondiseth2024.xlsx
2024,ela,11,Not economically disadvantaged,Two or More Races,12137,2654.0,119.0,76.0,elaecondiseth2024.xlsx
2024,ela,11,Economically disadvantaged,White,30588,2584.0,126.0,54.0,elaecondiseth2024.xlsx
2024,ela,11,Not economically disadvantaged,White,58216,2645.0,117.0,74.0,elaecondiseth2024.xlsx
2025,ela,11,Economically disadvantaged,All,274867,2569.0,125.0,49.0,elaecondisall2025.xlsx
2025,ela,11,Not economically disadvantaged,All,157784,2640.0,123.0,71.0,elaecondisall2025.xlsx
2025,ela,11,Economically disadvantaged,American Indian or Alaska Native,1266,2538.0,125.0,39.0,elaecondiseth2025.xlsx
2025,ela,11,Not economically disadvantaged,American Indian or Alaska Native,627,2580.0,122.0,51.0,elaecondiseth2025.xlsx
2025,ela,11,Economically disadvantaged,Asian,19296,2636.0,127.0,70.0,elaecondiseth2025.xlsx
2025,ela,11,Not economically disadvantaged,Asian,24865,2698.0,109.0,87.0,elaecondiseth2025.xlsx
2025,ela,11,Economically disadvantaged,Black or African American,15091,2533.0,121.0,36.0,elaecondiseth2025.xlsx
2025,ela,11,Not economically disadvantaged,Black or African American,5578,2583.0,126.0,53.0,elaecondiseth2025.xlsx
2025,ela,11,Economically disadvantaged,Filipino,4701,2637.0,107.0,72.0,elaecondiseth2025.xlsx
2025,ela,11,Not economically disadvantaged,Filipino,6538,2671.0,100.0,83.0,elaecondiseth2025.xlsx
2025,ela,11,Economically disadvantaged,Hispanic or Latino,193698,2560.0,122.0,46.0,elaecondiseth2025.xlsx
2025,ela,11,Not economically disadvantaged,Hispanic or Latino,51578,2601.0,123.0,60.0,elaecondiseth2025.xlsx
2025,ela,11,Economically disadvantaged,Native Hawaiian or Pacific Islander,1254,2554.0,121.0,43.0,elaecondiseth2025.xlsx
2025,ela,11,Not economically disadvantaged,Native Hawaiian or Pacific Islander,631,2601.0,122.0,58.0,elaecondiseth2025.xlsx
2025,ela,11,Economically disadvantaged,Two or more races,8449,2581.0,129.0,53.0,elaecondiseth2025.xlsx
2025,ela,11,Not economically disadvantaged,Two or more races,12099,2657.0,121.0,77.0,elaecondiseth2025.xlsx
2025,ela,11,Economically disadvantaged,White,31112,2586.0,127.0,54.0,elaecondiseth2025.xlsx
2025,ela,11,Not economically disadvantaged,White,55868,2649.0,117.0,75.0,elaecondiseth2025.xlsx
2015,math,3,Economically disadvantaged,All,295676,2391.2,72.1,27.03,mathecondisall2015.xlsx
2015,math,3,Not economically disadvantaged,All,179036,2454.4,76.4,62.1,mathecondisall2015.xlsx
2015,math,3,Economically disadvantaged,American Indian or Alaska Native,1757,2377.4,73.2,22.37,mathecondiseth2015.xlsx
2015,math,3,Not economically disadvantaged,American Indian or Alaska Native,784,2418.4,77.0,43.75,mathecondiseth2015.xlsx
2015,math,3,Economically disadvantaged,Asian,14568,2438.9,75.2,52.79,mathecondiseth2015.xlsx
2015,math,3,Not economically disadvantaged,Asian,26798,2499.7,71.0,82.92,mathecondiseth2015.xlsx
2015,math,3,Economically disadvantaged,Black or African American,19981,2368.5,73.0,17.75,mathecondiseth2015.xlsx
2015,math,3,Not economically disadvantaged,Black or African American,6434,2406.8,75.7,36.88,mathecondiseth2015.xlsx
2015,math,3,Economically disadvantaged,Blank,1736,2394.7,73.2,29.26,mathecondiseth2015.xlsx
2015,math,3,Not economically disadvantaged,Blank,1167,2445.4,78.1,57.84,mathecondiseth2015.xlsx
2015,math,3,Economically disadvantaged,Filipino,3825,2432.8,69.6,50.43,mathecondiseth2015.xlsx
2015,math,3,Not economically disadvantaged,Filipino,7035,2462.9,67.5,68.61,mathecondiseth2015.xlsx
2015,math,3,Economically disadvantaged,Hispanic or Latino,213963,2386.5,69.4,24.01,mathecondiseth2015.xlsx
2015,math,3,Not economically disadvantaged,Hispanic or Latino,48766,2422.5,72.6,44.62,mathecondiseth2015.xlsx
2015,math,3,Economically disadvantaged,Native Hawaiian or Pacific Islander,1482,2395.8,69.6,29.22,mathecondiseth2015.xlsx
2015,math,3,Not economically disadvantaged,Native Hawaiian or Pacific Islander,746,2433.6,72.8,49.2,mathecondiseth2015.xlsx
2015,math,3,Economically disadvantaged,Two or More Races,5479,2404.4,73.8,34.9,mathecondiseth2015.xlsx
2015,math,3,Not economically disadvantaged,Two or More Races,9976,2467.4,73.8,68.69,mathecondiseth2015.xlsx
2015,math,3,Economically disadvantaged,White,32885,2407.6,73.9,36.84,mathecondiseth2015.xlsx
2015,math,3,Not economically disadvantaged,White,77330,2461.1,70.9,66.94,mathecondiseth2015.xlsx
2016,math,3,Economically disadvantaged,All,292742,2401.0,75.0,33.0,mathecondisall2016.xlsx
2016,math,3,Not economically disadvantaged,All,166959,2467.0,76.0,68.0,mathecondisall2016.xlsx
2016,math,3,Economically disadvantaged,American Indian or Alaska Native,1651,2385.0,74.0,25.0,mathecondiseth2016.xlsx
2016,math,3,Not economically disadvantaged,American Indian or Alaska Native,704,2436.0,75.0,53.0,mathecondiseth2016.xlsx
2016,math,3,Economically disadvantaged,Asian,14486,2450.0,78.0,59.0,mathecondiseth2016.xlsx
2016,math,3,Not economically disadvantaged,Asian,26317,2509.0,69.0,86.0,mathecondiseth2016.xlsx
2016,math,3,Economically disadvantaged,Black or African American,19854,2375.0,76.0,21.0,mathecondiseth2016.xlsx
2016,math,3,Not economically disadvantaged,Black or African American,5420,2422.0,78.0,45.0,mathecondiseth2016.xlsx
2016,math,3,Economically disadvantaged,Blank,1640,2393.0,77.0,29.0,mathecondiseth2016.xlsx
2016,math,3,Not economically disadvantaged,Blank,1544,2444.0,85.0,58.0,mathecondiseth2016.xlsx
2016,math,3,Economically disadvantaged,Filipino,3443,2444.0,69.0,56.0,mathecondiseth2016.xlsx
2016,math,3,Not economically disadvantaged,Filipino,6187,2473.0,69.0,73.0,mathecondiseth2016.xlsx
2016,math,3,Economically disadvantaged,Hispanic or Latino,210783,2397.0,73.0,30.0,mathecondiseth2016.xlsx
2016,math,3,Not economically disadvantaged,Hispanic or Latino,43425,2437.0,73.0,53.0,mathecondiseth2016.xlsx
2016,math,3,Economically disadvantaged,Native Hawaiian or Pacific Islander,1540,2402.0,73.0,33.0,mathecondiseth2016.xlsx
2016,math,3,Not economically disadvantaged,Native Hawaiian or Pacific Islander,624,2441.0,77.0,56.0,mathecondiseth2016.xlsx
2016,math,3,Economically disadvantaged,Two or More Races,6144,2411.0,78.0,39.0,mathecondiseth2016.xlsx
2016,math,3,Not economically disadvantaged,Two or More Races,10128,2478.0,74.0,74.0,mathecondiseth2016.xlsx
2016,math,3,Economically disadvantaged,White,33201,2416.0,76.0,42.0,mathecondiseth2016.xlsx
2016,math,3,Not economically disadvantaged,White,72610,2472.0,72.0,72.0,mathecondiseth2016.xlsx
2017,math,3,Economically disadvantaged,All,282146,2404.0,77.0,34.0,mathecondisall2017.xlsx
2017,math,3,Not economically disadvantaged,All,172699,2467.0,79.0,67.0,mathecondisall2017.xlsx
2017,math,3,Economically disadvantaged,American Indian or Alaska Native,1539,2390.0,77.0,29.0,mathecondiseth2017.xlsx
2017,math,3,Not economically disadvantaged,American Indian or Alaska Native,693,2434.0,82.0,52.0,mathecondiseth2017.xlsx
2017,math,3,Economically disadvantaged,Asian,14251,2454.0,80.0,61.0,mathecondiseth2017.xlsx
2017,math,3,Not economically disadvantaged,Asian,27204,2512.0,71.0,86.0,mathecondiseth2017.xlsx
2017,math,3,Economically disadvantaged,Black or African American,18999,2377.0,77.0,23.0,mathecondiseth2017.xlsx
2017,math,3,Not economically disadvantaged,Black or African American,5440,2423.0,80.0,45.0,mathecondiseth2017.xlsx
2017,math,3,Economically disadvantaged,Blank,1914,2397.0,81.0,33.0,mathecondiseth2017.xlsx
2017,math,3,Not economically disadvantaged,Blank,1653,2449.0,84.0,58.0,mathecondiseth2017.xlsx
2017,math,3,Economically disadvantaged,Filipino,3193,2445.0,73.0,56.0,mathecondiseth2017.xlsx
2017,math,3,Not economically disadvantaged,Filipino,5576,2473.0,70.0,72.0,mathecondiseth2017.xlsx
2017,math,3,Economically disadvantaged,Hispanic or Latino,204232,2400.0,74.0,32.0,mathecondiseth2017.xlsx
2017,math,3,Not economically disadvantaged,Hispanic or Latino,47877,2436.0,76.0,52.0,mathecondiseth2017.xlsx
2017,math,3,Economically disadvantaged,Native Hawaiian or Pacific Islander,1398,2405.0,73.0,35.0,mathecondiseth2017.xlsx
2017,math,3,Not economically disadvantaged,Native Hawaiian or Pacific Islander,659,2444.0,76.0,55.0,mathecondiseth2017.xlsx
2017,math,3,Economically disadvantaged,Two or More Races,6451,2413.0,80.0,40.0,mathecondiseth2017.xlsx
2017,math,3,Not economically disadvantaged,Two or More Races,11744,2480.0,76.0,74.0,mathecondiseth2017.xlsx
2017,math,3,Economically disadvantaged,White,30169,2417.0,78.0,42.0,mathecondiseth2017.xlsx
2017,math,3,Not economically disadvantaged,White,71853,2472.0,74.0,71.0,mathecondiseth2017.xlsx
2018,math,3,Economically disadvantaged,All,273706,2407.0,79.0,37.0,mathecondisall2018.xlsx
2018,math,3,Not economically disadvantaged,All,162509,2471.0,80.0,69.0,mathecondisall2018.xlsx
2018,math,3,Economically disadvantaged,American Indian or Alaska Native,1431,2390.0,75.0,26.0,mathecondiseth2018.xlsx
2018,math,3,Not economically disadvantaged,American Indian or Alaska Native,605,2434.0,85.0,51.0,mathecondiseth2018.xlsx
2018,math,3,Economically disadvantaged,Asian,14281,2458.0,81.0,63.0,mathecondiseth2018.xlsx
2018,math,3,Not economically disadvantaged,Asian,25362,2516.0,71.0,87.0,mathecondiseth2018.xlsx
2018,math,3,Economically disadvantaged,Black or African American,18166,2380.0,81.0,25.0,mathecondiseth2018.xlsx
2018,math,3,Not economically disadvantaged,Black or African American,4974,2426.0,81.0,47.0,mathecondiseth2018.xlsx
2018,math,3,Economically disadvantaged,Blank,2048,2403.0,82.0,35.0,mathecondiseth2018.xlsx
2018,math,3,Not economically disadvantaged,Blank,1773,2453.0,87.0,61.0,mathecondiseth2018.xlsx
2018,math,3,Economically disadvantaged,Filipino,3032,2450.0,75.0,60.0,mathecondiseth2018.xlsx
2018,math,3,Not economically disadvantaged,Filipino,5275,2480.0,72.0,74.0,mathecondiseth2018.xlsx
2018,math,3,Economically disadvantaged,Hispanic or Latino,194829,2403.0,77.0,34.0,mathecondiseth2018.xlsx
2018,math,3,Not economically disadvantaged,Hispanic or Latino,45513,2442.0,77.0,55.0,mathecondiseth2018.xlsx
2018,math,3,Economically disadvantaged,Native Hawaiian or Pacific Islander,1345,2407.0,76.0,36.0,mathecondiseth2018.xlsx
2018,math,3,Not economically disadvantaged,Native Hawaiian or Pacific Islander,593,2441.0,78.0,55.0,mathecondiseth2018.xlsx
2018,math,3,Economically disadvantaged,Two or More Races,6899,2419.0,83.0,43.0,mathecondiseth2018.xlsx
2018,math,3,Not economically disadvantaged,Two or More Races,11919,2483.0,77.0,75.0,mathecondiseth2018.xlsx
2018,math,3,Economically disadvantaged,White,31675,2421.0,80.0,45.0,mathecondiseth2018.xlsx
2018,math,3,Not economically disadvantaged,White,66495,2474.0,75.0,72.0,mathecondiseth2018.xlsx
2019,math,3,Economically disadvantaged,All,276289,2411.0,79.0,38.0,mathecondisall2019.xlsx
2019,math,3,Not economically disadvantaged,All,168577,2473.0,80.0,69.0,mathecondisall2019.xlsx
2019,math,3,Economically disadvantaged,American Indian or Alaska Native,1449,2393.0,77.0,30.0,mathecondiseth2019.xlsx
2019,math,3,Not economically disadvantaged,American Indian or Alaska Native,654,2443.0,78.0,57.0,mathecondiseth2019.xlsx
2019,math,3,Economically disadvantaged,Asian,14584,2459.0,81.0,63.0,mathecondiseth2019.xlsx
2019,math,3,Not economically disadvantaged,Asian,26733,2518.0,71.0,87.0,mathecondiseth2019.xlsx
2019,math,3,Economically disadvantaged,Black or African American,18329,2383.0,78.0,25.0,mathecondiseth2019.xlsx
2019,math,3,Not economically disadvantaged,Black or African American,5022,2430.0,80.0,48.0,mathecondiseth2019.xlsx
2019,math,3,Economically disadvantaged,Blank,1942,2406.0,83.0,38.0,mathecondiseth2019.xlsx
2019,math,3,Not economically disadvantaged,Blank,1642,2459.0,90.0,64.0,mathecondiseth2019.xlsx
2019,math,3,Economically disadvantaged,Filipino,3147,2452.0,75.0,60.0,mathecondiseth2019.xlsx
2019,math,3,Not economically disadvantaged,Filipino,5465,2480.0,73.0,74.0,mathecondiseth2019.xlsx
2019,math,3,Economically disadvantaged,Hispanic or Latino,196402,2407.0,77.0,36.0,mathecondiseth2019.xlsx
2019,math,3,Not economically disadvantaged,Hispanic or Latino,48593,2443.0,78.0,55.0,mathecondiseth2019.xlsx
2019,math,3,Economically disadvantaged,Native Hawaiian or Pacific Islander,1345,2408.0,75.0,35.0,mathecondiseth2019.xlsx
2019,math,3,Not economically disadvantaged,Native Hawaiian or Pacific Islander,532,2449.0,75.0,58.0,mathecondiseth2019.xlsx
2019,math,3,Economically disadvantaged,Two or More Races,7010,2420.0,81.0,44.0,mathecondiseth2019.xlsx
2019,math,3,Not economically disadvantaged,Two or More Races,12767,2487.0,76.0,77.0,mathecondiseth2019.xlsx
2019,math,3,Economically disadvantaged,White,32081,2424.0,80.0,46.0,mathecondiseth2019.xlsx
2019,math,3,Not economically disadvantaged,White,67169,2477.0,75.0,73.0,mathecondiseth2019.xlsx
2022,math,3,Economically disadvantaged,All,250180,2389.0,86.0,30.0,mathecondisall2022.xlsx
2022,math,3,Not economically disadvantaged,All,165139,2460.0,89.0,63.0,mathecondisall2022.xlsx
2022,math,3,Economically disadvantaged,American Indian or Alaska Native,1284,2369.0,83.0,21.0,mathecondiseth2022.xlsx
2022,math,3,Not economically disadvantaged,American Indian or Alaska Native,525,2430.0,90.0,48.0,mathecondiseth2022.xlsx
2022,math,3,Economically disadvantaged,Asian,15462,2448.0,91.0,58.0,mathecondiseth2022.xlsx
2022,math,3,Not economically disadvantaged,Asian,27343,2513.0,81.0,85.0,mathecondiseth2022.xlsx
2022,math,3,Economically disadvantaged,Black or African American,15898,2360.0,85.0,19.0,mathecondiseth2022.xlsx
2022,math,3,Not economically disadvantaged,Black or African American,4818,2413.0,88.0,42.0,mathecondiseth2022.xlsx
2022,math,3,Economically disadvantaged,Filipino,3156,2441.0,81.0,54.0,mathecondiseth2022.xlsx
2022,math,3,Not economically disadvantaged,Filipino,5853,2475.0,79.0,72.0,mathecondiseth2022.xlsx
2022,math,3,Economically disadvantaged,Hispanic or Latino,176277,2382.0,83.0,27.0,mathecondiseth2022.xlsx
2022,math,3,Not economically disadvantaged,Hispanic or Latino,53754,2423.0,85.0,46.0,mathecondiseth2022.xlsx
2022,math,3,Economically disadvantaged,Native Hawaiian or Pacific Islander,1109,2386.0,83.0,28.0,mathecondiseth2022.xlsx
2022,math,3,Not economically disadvantaged,Native Hawaiian or Pacific Islander,549,2420.0,85.0,46.0,mathecondiseth2022.xlsx
2022,math,3,Economically disadvantaged,Two or More Races,9305,2400.0,90.0,36.0,mathecondiseth2022.xlsx
2022,math,3,Not economically disadvantaged,Two or More Races,15329,2474.0,87.0,70.0,mathecondiseth2022.xlsx
2022,math,3,Economically disadvantaged,White,27689,2411.0,87.0,41.0,mathecondiseth2022.xlsx
2022,math,3,Not economically disadvantaged,White,56968,2469.0,80.0,69.0,mathecondiseth2022.xlsx
2023,math,3,Economically disadvantaged,All,259494,2395.0,87.0,33.0,mathecondisall2023.xlsx
2023,math,3,Not economically disadvantaged,All,154001,2465.0,88.0,66.0,mathecondisall2023.xlsx
2023,math,3,Economically disadvantaged,American Indian or Alaska Native,1282,2376.0,84.0,25.0,mathecondiseth2023.xlsx
2023,math,3,Not economically disadvantaged,American Indian or Alaska Native,525,2423.0,93.0,46.0,mathecondiseth2023.xlsx
2023,math,3,Economically disadvantaged,Asian,16104,2449.0,91.0,58.0,mathecondiseth2023.xlsx
2023,math,3,Not economically disadvantaged,Asian,25696,2515.0,81.0,85.0,mathecondiseth2023.xlsx
2023,math,3,Economically disadvantaged,Black or African American,15765,2364.0,86.0,21.0,mathecondiseth2023.xlsx
2023,math,3,Not economically disadvantaged,Black or African American,4214,2417.0,90.0,43.0,mathecondiseth2023.xlsx
2023,math,3,Economically disadvantaged,Filipino,3259,2451.0,84.0,60.0,mathecondiseth2023.xlsx
2023,math,3,Not economically disadvantaged,Filipino,5381,2480.0,80.0,74.0,mathecondiseth2023.xlsx
2023,math,3,Economically disadvantaged,Hispanic or Latino,181133,2388.0,84.0,29.0,mathecondiseth2023.xlsx
2023,math,3,Not economically disadvantaged,Hispanic or Latino,48616,2431.0,86.0,50.0,mathecondiseth2023.xlsx
2023,math,3,Economically disadvantaged,Native Hawaiian or Pacific Islander,1166,2389.0,82.0,31.0,mathecondiseth2023.xlsx
2023,math,3,Not economically disadvantaged,Native Hawaiian or Pacific Islander,487,2432.0,86.0,48.0,mathecondiseth2023.xlsx
2023,math,3,Economically disadvantaged,Two or More Races,10355,2408.0,90.0,40.0,mathecondiseth2023.xlsx
2023,math,3,Not economically disadvantaged,Two or More Races,14713,2478.0,86.0,71.0,mathecondiseth2023.xlsx
2023,math,3,Economically disadvantaged,White,30430,2416.0,87.0,43.0,mathecondiseth2023.xlsx
2023,math,3,Not economically disadvantaged,White,54369,2472.0,80.0,70.0,mathecondiseth2023.xlsx
2024,math,3,Economically disadvantaged,All,268500,2400.0,88.0,35.0,mathecondisall2024.xlsx
2024,math,3,Not economically disadvantaged,All,140082,2466.0,89.0,66.0,mathecondisall2024.xlsx
2024,math,3,Economically disadvantaged,American Indian or Alaska Native,1196,2375.0,84.0,25.0,mathecondiseth2024.xlsx
2024,math,3,Not economically disadvantaged,American Indian or Alaska Native,415,2428.0,103.0,49.0,mathecondiseth2024.xlsx
2024,math,3,Economically disadvantaged,Asian,18417,2455.0,93.0,60.0,mathecondiseth2024.xlsx
2024,math,3,Not economically disadvantaged,Asian,24360,2515.0,82.0,85.0,mathecondiseth2024.xlsx
2024,math,3,Economically disadvantaged,Black or African American,15145,2371.0,88.0,23.0,mathecondiseth2024.xlsx
2024,math,3,Not economically disadvantaged,Black or African American,3701,2420.0,89.0,45.0,mathecondiseth2024.xlsx
2024,math,3,Economically disadvantaged,Filipino,3579,2452.0,81.0,61.0,mathecondiseth2024.xlsx
2024,math,3,Not economically disadvantaged,Filipino,4906,2480.0,80.0,74.0,mathecondiseth2024.xlsx
2024,math,3,Economically disadvantaged,Hispanic or Latino,183609,2391.0,84.0,31.0,mathecondiseth2024.xlsx
2024,math,3,Not economically disadvantaged,Hispanic or Latino,44229,2430.0,87.0,50.0,mathecondiseth2024.xlsx
2024,math,3,Economically disadvantaged,Native Hawaiian or Pacific Islander,1180,2390.0,82.0,28.0,mathecondiseth2024.xlsx
2024,math,3,Not economically disadvantaged,Native Hawaiian or Pacific Islander,409,2433.0,82.0,51.0,mathecondiseth2024.xlsx
2024,math,3,Economically disadvantaged,Two or More Races,11587,2415.0,92.0,42.0,mathecondiseth2024.xlsx
2024,math,3,Not economically disadvantaged,Two or More Races,13910,2481.0,86.0,73.0,mathecondiseth2024.xlsx
2024,math,3,Economically disadvantaged,White,33787,2423.0,88.0,46.0,mathecondiseth2024.xlsx
2024,math,3,Not economically disadvantaged,White,48152,2473.0,81.0,70.0,mathecondiseth2024.xlsx
2025,math,3,Economically disadvantaged,All,265514,2401.0,88.0,35.0,mathecondisall2025.xlsx
2025,math,3,Not economically disadvantaged,All,143654,2469.0,89.0,67.0,mathecondisall2025.xlsx
2025,math,3,Economically disadvantaged,American Indian or Alaska Native,1184,2374.0,86.0,23.0,mathecondiseth2025.xlsx
2025,math,3,Not economically disadvantaged,American Indian or Alaska Native,422,2439.0,91.0,50.0,mathecondiseth2025.xlsx
2025,math,3,Economically disadvantaged,Asian,17663,2451.0,94.0,58.0,mathecondiseth2025.xlsx
2025,math,3,Not economically disadvantaged,Asian,24420,2517.0,83.0,85.0,mathecondiseth2025.xlsx
2025,math,3,Economically disadvantaged,Black or African American,15297,2372.0,88.0,24.0,mathecondiseth2025.xlsx
2025,math,3,Not economically disadvantaged,Black or African American,3647,2423.0,90.0,46.0,mathecondiseth2025.xlsx
2025,math,3,Economically disadvantaged,Filipino,3281,2447.0,84.0,57.0,mathecondiseth2025.xlsx
2025,math,3,Not economically disadvantaged,Filipino,4789,2480.0,82.0,74.0,mathecondiseth2025.xlsx
2025,math,3,Economically disadvantaged,Hispanic or Latino,183601,2394.0,85.0,32.0,mathecondiseth2025.xlsx
2025,math,3,Not economically disadvantaged,Hispanic or Latino,45102,2436.0,87.0,52.0,mathecondiseth2025.xlsx
2025,math,3,Economically disadvantaged,Native Hawaiian or Pacific Islander,1150,2391.0,84.0,31.0,mathecondiseth2025.xlsx
2025,math,3,Not economically disadvantaged,Native Hawaiian or Pacific Islander,358,2435.0,91.0,51.0,mathecondiseth2025.xlsx
2025,math,3,Economically disadvantaged,Two or more races,11815,2412.0,92.0,41.0,mathecondiseth2025.xlsx
2025,math,3,Not economically disadvantaged,Two or more races,15568,2483.0,88.0,73.0,mathecondiseth2025.xlsx
2025,math,3,Economically disadvantaged,White,31523,2421.0,88.0,45.0,mathecondiseth2025.xlsx
2025,math,3,Not economically disadvantaged,White,49348,2474.0,82.0,70.0,mathecondiseth2025.xlsx
2015,math,4,Economically disadvantaged,All,286923,2428.2,71.3,21.23,mathecondisall2015.xlsx
2015,math,4,Not economically disadvantaged,All,177918,2494.8,78.0,56.32,mathecondisall2015.xlsx
2015,math,4,Economically disadvantaged,American Indian or Alaska Native,1654,2416.0,71.9,16.63,mathecondiseth2015.xlsx
2015,math,4,Not economically disadvantaged,American Indian or Alaska Native,802,2467.7,76.9,41.02,mathecondiseth2015.xlsx
2015,math,4,Economically disadvantaged,Asian,14962,2480.1,77.1,48.42,mathecondiseth2015.xlsx
2015,math,4,Not economically disadvantaged,Asian,26698,2545.5,72.3,80.67,mathecondiseth2015.xlsx
2015,math,4,Economically disadvantaged,Black or African American,19535,2405.8,70.2,13.07,mathecondiseth2015.xlsx
2015,math,4,Not economically disadvantaged,Black or African American,6443,2446.1,75.3,30.7,mathecondiseth2015.xlsx
2015,math,4,Economically disadvantaged,Blank,1472,2428.4,70.0,20.11,mathecondiseth2015.xlsx
2015,math,4,Not economically disadvantaged,Blank,1007,2486.2,75.2,50.55,mathecondiseth2015.xlsx
2015,math,4,Economically disadvantaged,Filipino,3961,2467.3,70.6,39.36,mathecondiseth2015.xlsx
2015,math,4,Not economically disadvantaged,Filipino,7321,2502.4,70.7,61.97,mathecondiseth2015.xlsx
2015,math,4,Economically disadvantaged,Hispanic or Latino,206493,2422.8,68.1,18.19,mathecondiseth2015.xlsx
2015,math,4,Not economically disadvantaged,Hispanic or Latino,47520,2459.8,73.2,37.26,mathecondiseth2015.xlsx
2015,math,4,Economically disadvantaged,Native Hawaiian or Pacific Islander,1531,2432.1,66.7,21.42,mathecondiseth2015.xlsx
2015,math,4,Not economically disadvantaged,Native Hawaiian or Pacific Islander,753,2464.2,73.9,37.72,mathecondiseth2015.xlsx
2015,math,4,Economically disadvantaged,Two or More Races,5051,2442.8,74.7,28.81,mathecondiseth2015.xlsx
2015,math,4,Not economically disadvantaged,Two or More Races,9322,2508.6,75.0,63.54,mathecondiseth2015.xlsx
2015,math,4,Economically disadvantaged,White,32264,2445.5,73.0,29.88,mathecondiseth2015.xlsx
2015,math,4,Not economically disadvantaged,White,78052,2501.2,71.6,60.72,mathecondiseth2015.xlsx
2016,math,4,Economically disadvantaged,All,303301,2435.0,74.0,25.0,mathecondisall2016.xlsx
2016,math,4,Not economically disadvantaged,All,172229,2506.0,79.0,62.0,mathecondisall2016.xlsx
2016,math,4,Economically disadvantaged,American Indian or Alaska Native,1741,2421.0,73.0,20.0,mathecondiseth2016.xlsx
2016,math,4,Not economically disadvantaged,American Indian or Alaska Native,722,2471.0,78.0,45.0,mathecondiseth2016.xlsx
2016,math,4,Economically disadvantaged,Asian,15409,2487.0,79.0,53.0,mathecondiseth2016.xlsx
2016,math,4,Not economically disadvantaged,Asian,26788,2554.0,72.0,83.0,mathecondiseth2016.xlsx
2016,math,4,Economically disadvantaged,Black or African American,20106,2411.0,72.0,15.0,mathecondiseth2016.xlsx
2016,math,4,Not economically disadvantaged,Black or African American,5899,2456.0,77.0,36.0,mathecondiseth2016.xlsx
2016,math,4,Economically disadvantaged,Blank,1570,2431.0,76.0,24.0,mathecondiseth2016.xlsx
2016,math,4,Not economically disadvantaged,Blank,1422,2479.0,91.0,50.0,mathecondiseth2016.xlsx
2016,math,4,Economically disadvantaged,Filipino,3939,2480.0,72.0,48.0,mathecondiseth2016.xlsx
2016,math,4,Not economically disadvantaged,Filipino,6899,2515.0,70.0,68.0,mathecondiseth2016.xlsx
2016,math,4,Economically disadvantaged,Hispanic or Latino,219434,2429.0,71.0,22.0,mathecondiseth2016.xlsx
2016,math,4,Not economically disadvantaged,Hispanic or Latino,44186,2473.0,75.0,44.0,mathecondiseth2016.xlsx
2016,math,4,Economically disadvantaged,Native Hawaiian or Pacific Islander,1501,2439.0,70.0,27.0,mathecondiseth2016.xlsx
2016,math,4,Not economically disadvantaged,Native Hawaiian or Pacific Islander,701,2482.0,77.0,50.0,mathecondiseth2016.xlsx
2016,math,4,Economically disadvantaged,Two or More Races,5897,2449.0,76.0,32.0,mathecondiseth2016.xlsx
2016,math,4,Not economically disadvantaged,Two or More Races,10068,2518.0,76.0,69.0,mathecondiseth2016.xlsx
2016,math,4,Economically disadvantaged,White,33704,2452.0,76.0,34.0,mathecondiseth2016.xlsx
2016,math,4,Not economically disadvantaged,White,75544,2511.0,73.0,65.0,mathecondiseth2016.xlsx
2017,math,4,Economically disadvantaged,All,284802,2436.0,78.0,27.0,mathecondisall2017.xlsx
2017,math,4,Not economically disadvantaged,All,175796,2506.0,82.0,62.0,mathecondisall2017.xlsx
2017,math,4,Economically disadvantaged,American Indian or Alaska Native,1558,2420.0,77.0,20.0,mathecondiseth2017.xlsx
2017,math,4,Not economically disadvantaged,American Indian or Alaska Native,738,2472.0,83.0,44.0,mathecondiseth2017.xlsx
2017,math,4,Economically disadvantaged,Asian,14388,2491.0,83.0,56.0,mathecondiseth2017.xlsx
2017,math,4,Not economically disadvantaged,Asian,27334,2555.0,73.0,84.0,mathecondiseth2017.xlsx
2017,math,4,Economically disadvantaged,Black or African American,19076,2408.0,78.0,17.0,mathecondiseth2017.xlsx
2017,math,4,Not economically disadvantaged,Black or African American,5843,2456.0,82.0,37.0,mathecondiseth2017.xlsx
2017,math,4,Economically disadvantaged,Blank,1750,2430.0,82.0,26.0,mathecondiseth2017.xlsx
2017,math,4,Not economically disadvantaged,Blank,1567,2489.0,86.0,55.0,mathecondiseth2017.xlsx
2017,math,4,Economically disadvantaged,Filipino,3095,2481.0,76.0,49.0,mathecondiseth2017.xlsx
2017,math,4,Not economically disadvantaged,Filipino,5826,2513.0,74.0,67.0,mathecondiseth2017.xlsx
2017,math,4,Economically disadvantaged,Hispanic or Latino,206292,2432.0,75.0,24.0,mathecondiseth2017.xlsx
2017,math,4,Not economically disadvantaged,Hispanic or Latino,48203,2472.0,78.0,45.0,mathecondiseth2017.xlsx
2017,math,4,Economically disadvantaged,Native Hawaiian or Pacific Islander,1469,2440.0,74.0,29.0,mathecondiseth2017.xlsx
2017,math,4,Not economically disadvantaged,Native Hawaiian or Pacific Islander,683,2478.0,82.0,48.0,mathecondiseth2017.xlsx
2017,math,4,Economically disadvantaged,Two or More Races,6192,2449.0,81.0,33.0,mathecondiseth2017.xlsx
2017,math,4,Not economically disadvantaged,Two or More Races,11424,2521.0,78.0,70.0,mathecondiseth2017.xlsx
2017,math,4,Economically disadvantaged,White,30982,2452.0,79.0,35.0,mathecondiseth2017.xlsx
2017,math,4,Not economically disadvantaged,White,74178,2512.0,76.0,66.0,mathecondiseth2017.xlsx
2018,math,4,Economically disadvantaged,All,285924,2442.0,80.0,30.0,mathecondisall2018.xlsx
2018,math,4,Not economically disadvantaged,All,169391,2510.0,82.0,64.0,mathecondisall2018.xlsx
2018,math,4,Economically disadvantaged,American Indian or Alaska Native,1487,2426.0,79.0,24.0,mathecondiseth2018.xlsx
2018,math,4,Not economically disadvantaged,American Indian or Alaska Native,695,2476.0,83.0,46.0,mathecondiseth2018.xlsx
2018,math,4,Economically disadvantaged,Asian,15639,2500.0,85.0,59.0,mathecondiseth2018.xlsx
2018,math,4,Not economically disadvantaged,Asian,26570,2561.0,71.0,86.0,mathecondiseth2018.xlsx
2018,math,4,Economically disadvantaged,Black or African American,18753,2413.0,79.0,19.0,mathecondiseth2018.xlsx
2018,math,4,Not economically disadvantaged,Black or African American,5502,2462.0,82.0,41.0,mathecondiseth2018.xlsx
2018,math,4,Economically disadvantaged,Blank,1855,2436.0,80.0,29.0,mathecondiseth2018.xlsx
2018,math,4,Not economically disadvantaged,Blank,1594,2490.0,90.0,55.0,mathecondiseth2018.xlsx
2018,math,4,Economically disadvantaged,Filipino,3382,2485.0,77.0,51.0,mathecondiseth2018.xlsx
2018,math,4,Not economically disadvantaged,Filipino,5561,2517.0,74.0,70.0,mathecondiseth2018.xlsx
2018,math,4,Economically disadvantaged,Hispanic or Latino,204793,2437.0,77.0,27.0,mathecondiseth2018.xlsx
2018,math,4,Not economically disadvantaged,Hispanic or Latino,47588,2478.0,79.0,48.0,mathecondiseth2018.xlsx
2018,math,4,Economically disadvantaged,Native Hawaiian or Pacific Islander,1411,2440.0,74.0,29.0,mathecondiseth2018.xlsx
2018,math,4,Not economically disadvantaged,Native Hawaiian or Pacific Islander,666,2485.0,81.0,52.0,mathecondiseth2018.xlsx
2018,math,4,Economically disadvantaged,Two or More Races,6712,2454.0,83.0,36.0,mathecondiseth2018.xlsx
2018,math,4,Not economically disadvantaged,Two or More Races,11731,2524.0,77.0,71.0,mathecondiseth2018.xlsx
2018,math,4,Economically disadvantaged,White,31892,2459.0,82.0,39.0,mathecondiseth2018.xlsx
2018,math,4,Not economically disadvantaged,White,69484,2515.0,76.0,68.0,mathecondiseth2018.xlsx
2019,math,4,Economically disadvantaged,All,271543,2447.0,81.0,32.0,mathecondisall2019.xlsx
2019,math,4,Not economically disadvantaged,All,165871,2513.0,82.0,65.0,mathecondisall2019.xlsx
2019,math,4,Economically disadvantaged,American Indian or Alaska Native,1411,2428.0,77.0,22.0,mathecondiseth2019.xlsx
2019,math,4,Not economically disadvantaged,American Indian or Alaska Native,613,2474.0,84.0,45.0,mathecondiseth2019.xlsx
2019,math,4,Economically disadvantaged,Asian,14446,2502.0,83.0,59.0,mathecondiseth2019.xlsx
2019,math,4,Not economically disadvantaged,Asian,25870,2564.0,72.0,86.0,mathecondiseth2019.xlsx
2019,math,4,Economically disadvantaged,Black or African American,17861,2417.0,81.0,21.0,mathecondiseth2019.xlsx
2019,math,4,Not economically disadvantaged,Black or African American,5158,2463.0,84.0,41.0,mathecondiseth2019.xlsx
2019,math,4,Economically disadvantaged,Blank,1679,2441.0,82.0,30.0,mathecondiseth2019.xlsx
2019,math,4,Not economically disadvantaged,Blank,1639,2497.0,91.0,58.0,mathecondiseth2019.xlsx
2019,math,4,Economically disadvantaged,Filipino,3143,2490.0,78.0,54.0,mathecondiseth2019.xlsx
2019,math,4,Not economically disadvantaged,Filipino,5429,2523.0,74.0,72.0,mathecondiseth2019.xlsx
2019,math,4,Economically disadvantaged,Hispanic or Latino,193623,2442.0,78.0,30.0,mathecondiseth2019.xlsx
2019,math,4,Not economically disadvantaged,Hispanic or Latino,48058,2481.0,80.0,50.0,mathecondiseth2019.xlsx
2019,math,4,Economically disadvantaged,Native Hawaiian or Pacific Islander,1327,2446.0,77.0,30.0,mathecondiseth2019.xlsx
2019,math,4,Not economically disadvantaged,Native Hawaiian or Pacific Islander,590,2488.0,77.0,54.0,mathecondiseth2019.xlsx
2019,math,4,Economically disadvantaged,Two or More Races,6887,2459.0,85.0,39.0,mathecondiseth2019.xlsx
2019,math,4,Not economically disadvantaged,Two or More Races,12218,2526.0,78.0,72.0,mathecondiseth2019.xlsx
2019,math,4,Economically disadvantaged,White,31166,2462.0,82.0,41.0,mathecondiseth2019.xlsx
2019,math,4,Not economically disadvantaged,White,66296,2518.0,76.0,69.0,mathecondiseth2019.xlsx
2022,math,4,Economically disadvantaged,All,254252,2425.0,86.0,25.0,mathecondisall2022.xlsx
2022,math,4,Not economically disadvantaged,All,167326,2499.0,91.0,59.0,mathecondisall2022.xlsx
2022,math,4,Economically disadvantaged,American Indian or Alaska Native,1222,2406.0,82.0,17.0,mathecondiseth2022.xlsx
2022,math,4,Not economically disadvantaged,American Indian or Alaska Native,559,2460.0,92.0,41.0,mathecondiseth2022.xlsx
2022,math,4,Economically disadvantaged,Asian,15228,2486.0,94.0,54.0,mathecondiseth2022.xlsx
2022,math,4,Not economically disadvantaged,Asian,27304,2558.0,82.0,83.0,mathecondiseth2022.xlsx
2022,math,4,Economically disadvantaged,Black or African American,15863,2393.0,84.0,14.0,mathecondiseth2022.xlsx
2022,math,4,Not economically disadvantaged,Black or African American,5100,2447.0,89.0,36.0,mathecondiseth2022.xlsx
2022,math,4,Economically disadvantaged,Filipino,3166,2480.0,81.0,50.0,mathecondiseth2022.xlsx
2022,math,4,Not economically disadvantaged,Filipino,6091,2516.0,78.0,68.0,mathecondiseth2022.xlsx
2022,math,4,Economically disadvantaged,Hispanic or Latino,180551,2417.0,81.0,21.0,mathecondiseth2022.xlsx
2022,math,4,Not economically disadvantaged,Hispanic or Latino,54804,2459.0,86.0,40.0,mathecondiseth2022.xlsx
2022,math,4,Economically disadvantaged,Native Hawaiian or Pacific Islander,1166,2416.0,82.0,20.0,mathecondiseth2022.xlsx
2022,math,4,Not economically disadvantaged,Native Hawaiian or Pacific Islander,578,2471.0,87.0,45.0,mathecondiseth2022.xlsx
2022,math,4,Economically disadvantaged,Two or More Races,9011,2438.0,91.0,32.0,mathecondiseth2022.xlsx
2022,math,4,Not economically disadvantaged,Two or More Races,14790,2513.0,90.0,66.0,mathecondiseth2022.xlsx
2022,math,4,Economically disadvantaged,White,28045,2450.0,87.0,36.0,mathecondiseth2022.xlsx
2022,math,4,Not economically disadvantaged,White,58100,2510.0,82.0,65.0,mathecondiseth2022.xlsx
2023,math,4,Economically disadvantaged,All,264278,2432.0,88.0,28.0,mathecondisall2023.xlsx
2023,math,4,Not economically disadvantaged,All,154491,2508.0,91.0,63.0,mathecondisall2023.xlsx
2023,math,4,Economically disadvantaged,American Indian or Alaska Native,1301,2409.0,83.0,19.0,mathecondiseth2023.xlsx
2023,math,4,Not economically disadvantaged,American Indian or Alaska Native,507,2470.0,91.0,45.0,mathecondiseth2023.xlsx
2023,math,4,Economically disadvantaged,Asian,16994,2494.0,96.0,57.0,mathecondiseth2023.xlsx
2023,math,4,Not economically disadvantaged,Asian,26877,2564.0,82.0,84.0,mathecondiseth2023.xlsx
2023,math,4,Economically disadvantaged,Black or African American,16439,2400.0,85.0,17.0,mathecondiseth2023.xlsx
2023,math,4,Not economically disadvantaged,Black or African American,4435,2454.0,90.0,39.0,mathecondiseth2023.xlsx
2023,math,4,Economically disadvantaged,Filipino,3454,2486.0,84.0,53.0,mathecondiseth2023.xlsx
2023,math,4,Not economically disadvantaged,Filipino,5709,2522.0,81.0,70.0,mathecondiseth2023.xlsx
2023,math,4,Economically disadvantaged,Hispanic or Latino,184550,2424.0,84.0,24.0,mathecondiseth2023.xlsx
2023,math,4,Not economically disadvantaged,Hispanic or Latino,47951,2469.0,88.0,45.0,mathecondiseth2023.xlsx
2023,math,4,Economically disadvantaged,Native Hawaiian or Pacific Islander,1218,2430.0,84.0,27.0,mathecondiseth2023.xlsx
2023,math,4,Not economically disadvantaged,Native Hawaiian or Pacific Islander,476,2467.0,90.0,45.0,mathecondiseth2023.xlsx
2023,math,4,Economically disadvantaged,Two or More Races,10059,2446.0,91.0,35.0,mathecondiseth2023.xlsx
2023,math,4,Not economically disadvantaged,Two or More Races,14252,2525.0,88.0,70.0,mathecondiseth2023.xlsx
2023,math,4,Economically disadvantaged,White,30263,2454.0,88.0,38.0,mathecondiseth2023.xlsx
2023,math,4,Not economically disadvantaged,White,54284,2516.0,82.0,67.0,mathecondiseth2023.xlsx
2024,math,4,Economically disadvantaged,All,275270,2437.0,90.0,30.0,mathecondisall2024.xlsx
2024,math,4,Not economically disadvantaged,All,142885,2508.0,92.0,62.0,mathecondisall2024.xlsx
2024,math,4,Economically disadvantaged,American Indian or Alaska Native,1374,2411.0,87.0,20.0,mathecondiseth2024.xlsx
2024,math,4,Not economically disadvantaged,American Indian or Alaska Native,459,2467.0,97.0,44.0,mathecondiseth2024.xlsx
2024,math,4,Economically disadvantaged,Asian,18799,2498.0,97.0,58.0,mathecondiseth2024.xlsx
2024,math,4,Not economically disadvantaged,Asian,24249,2563.0,85.0,84.0,mathecondiseth2024.xlsx
2024,math,4,Economically disadvantaged,Black or African American,16251,2404.0,87.0,18.0,mathecondiseth2024.xlsx
2024,math,4,Not economically disadvantaged,Black or African American,3868,2456.0,90.0,39.0,mathecondiseth2024.xlsx
2024,math,4,Economically disadvantaged,Filipino,3798,2492.0,86.0,55.0,mathecondiseth2024.xlsx
2024,math,4,Not economically disadvantaged,Filipino,5029,2524.0,83.0,71.0,mathecondiseth2024.xlsx
2024,math,4,Economically disadvantaged,Hispanic or Latino,186934,2427.0,85.0,25.0,mathecondiseth2024.xlsx
2024,math,4,Not economically disadvantaged,Hispanic or Latino,45626,2469.0,89.0,45.0,mathecondiseth2024.xlsx
2024,math,4,Economically disadvantaged,Native Hawaiian or Pacific Islander,1264,2427.0,85.0,24.0,mathecondiseth2024.xlsx
2024,math,4,Not economically disadvantaged,Native Hawaiian or Pacific Islander,440,2471.0,90.0,43.0,mathecondiseth2024.xlsx
2024,math,4,Economically disadvantaged,Two or More Races,11524,2456.0,94.0,40.0,mathecondiseth2024.xlsx
2024,math,4,Not economically disadvantaged,Two or More Races,13535,2523.0,89.0,70.0,mathecondiseth2024.xlsx
2024,math,4,Economically disadvantaged,White,35326,2462.0,90.0,42.0,mathecondiseth2024.xlsx
2024,math,4,Not economically disadvantaged,White,49679,2516.0,82.0,67.0,mathecondiseth2024.xlsx
2025,math,4,Economically disadvantaged,All,266596,2438.0,90.0,31.0,mathecondisall2025.xlsx
2025,math,4,Not economically disadvantaged,All,145225,2512.0,92.0,64.0,mathecondisall2025.xlsx
2025,math,4,Economically disadvantaged,American Indian or Alaska Native,1138,2413.0,84.0,21.0,mathecondiseth2025.xlsx
2025,math,4,Not economically disadvantaged,American Indian or Alaska Native,443,2476.0,101.0,49.0,mathecondiseth2025.xlsx
2025,math,4,Economically disadvantaged,Asian,18396,2493.0,98.0,56.0,mathecondiseth2025.xlsx
2025,math,4,Not economically disadvantaged,Asian,25589,2566.0,85.0,84.0,mathecondiseth2025.xlsx
2025,math,4,Economically disadvantaged,Black or African American,15083,2409.0,88.0,20.0,mathecondiseth2025.xlsx
2025,math,4,Not economically disadvantaged,Black or African American,3835,2462.0,91.0,42.0,mathecondiseth2025.xlsx
2025,math,4,Economically disadvantaged,Filipino,3484,2490.0,86.0,55.0,mathecondiseth2025.xlsx
2025,math,4,Not economically disadvantaged,Filipino,5182,2526.0,82.0,72.0,mathecondiseth2025.xlsx
2025,math,4,Economically disadvantaged,Hispanic or Latino,184830,2430.0,86.0,27.0,mathecondiseth2025.xlsx
2025,math,4,Not economically disadvantaged,Hispanic or Latino,45065,2474.0,88.0,47.0,mathecondiseth2025.xlsx
2025,math,4,Economically disadvantaged,Native Hawaiian or Pacific Islander,1186,2435.0,83.0,27.0,mathecondiseth2025.xlsx
2025,math,4,Not economically disadvantaged,Native Hawaiian or Pacific Islander,392,2477.0,86.0,46.0,mathecondiseth2025.xlsx
2025,math,4,Economically disadvantaged,Two or more races,11101,2450.0,92.0,36.0,mathecondiseth2025.xlsx
2025,math,4,Not economically disadvantaged,Two or more races,14572,2526.0,89.0,70.0,mathecondiseth2025.xlsx
2025,math,4,Economically disadvantaged,White,31378,2460.0,90.0,40.0,mathecondiseth2025.xlsx
2025,math,4,Not economically disadvantaged,White,50147,2518.0,83.0,68.0,mathecondiseth2025.xlsx
2015,math,5,Economically disadvantaged,All,280808,2451.2,78.6,17.15,mathecondisall2015.xlsx
2015,math,5,Not economically disadvantaged,All,181085,2525.4,86.3,50.92,mathecondisall2015.xlsx
2015,math,5,Economically disadvantaged,American Indian or Alaska Native,1727,2434.2,76.1,11.41,mathecondiseth2015.xlsx
2015,math,5,Not economically disadvantaged,American Indian or Alaska Native,792,2485.8,83.8,29.92,mathecondiseth2015.xlsx
2015,math,5,Economically disadvantaged,Asian,15436,2510.0,86.1,43.94,mathecondiseth2015.xlsx
2015,math,5,Not economically disadvantaged,Asian,27281,2580.8,79.3,76.7,mathecondiseth2015.xlsx
2015,math,5,Economically disadvantaged,Black or African American,19328,2425.1,76.3,9.61,mathecondiseth2015.xlsx
2015,math,5,Not economically disadvantaged,Black or African American,7004,2467.9,85.9,24.87,mathecondiseth2015.xlsx
2015,math,5,Economically disadvantaged,Blank,1316,2454.6,79.4,18.39,mathecondiseth2015.xlsx
2015,math,5,Not economically disadvantaged,Blank,1118,2520.8,85.9,49.19,mathecondiseth2015.xlsx
2015,math,5,Economically disadvantaged,Filipino,4269,2498.1,79.7,36.26,mathecondiseth2015.xlsx
2015,math,5,Not economically disadvantaged,Filipino,7597,2532.9,78.3,55.3,mathecondiseth2015.xlsx
2015,math,5,Economically disadvantaged,Hispanic or Latino,200970,2444.9,74.8,14.11,mathecondiseth2015.xlsx
2015,math,5,Not economically disadvantaged,Hispanic or Latino,46986,2486.1,81.2,31.65,mathecondiseth2015.xlsx
2015,math,5,Economically disadvantaged,Native Hawaiian or Pacific Islander,1573,2452.6,78.0,16.78,mathecondiseth2015.xlsx
2015,math,5,Not economically disadvantaged,Native Hawaiian or Pacific Islander,823,2495.2,80.3,34.87,mathecondiseth2015.xlsx
2015,math,5,Economically disadvantaged,Two or More Races,4635,2467.1,80.9,23.62,mathecondiseth2015.xlsx
2015,math,5,Not economically disadvantaged,Two or More Races,8481,2540.2,83.0,58.73,mathecondiseth2015.xlsx
2015,math,5,Economically disadvantaged,White,31554,2470.6,80.3,24.75,mathecondiseth2015.xlsx
2015,math,5,Not economically disadvantaged,White,81003,2532.9,78.9,54.82,mathecondiseth2015.xlsx
2016,math,5,Economically disadvantaged,All,294103,2456.0,82.0,20.0,mathecondisall2016.xlsx
2016,math,5,Not economically disadvantaged,All,172079,2535.0,87.0,56.0,mathecondisall2016.xlsx
2016,math,5,Economically disadvantaged,American Indian or Alaska Native,1649,2440.0,80.0,15.0,mathecondiseth2016.xlsx
2016,math,5,Not economically disadvantaged,American Indian or Alaska Native,753,2502.0,89.0,41.0,mathecondiseth2016.xlsx
2016,math,5,Economically disadvantaged,Asian,15604,2516.0,88.0,47.0,mathecondiseth2016.xlsx
2016,math,5,Not economically disadvantaged,Asian,26734,2589.0,78.0,80.0,mathecondiseth2016.xlsx
2016,math,5,Economically disadvantaged,Black or African American,19807,2427.0,79.0,11.0,mathecondiseth2016.xlsx
2016,math,5,Not economically disadvantaged,Black or African American,5847,2479.0,85.0,29.0,mathecondiseth2016.xlsx
2016,math,5,Economically disadvantaged,Blank,1290,2447.0,84.0,17.0,mathecondiseth2016.xlsx
2016,math,5,Not economically disadvantaged,Blank,1204,2505.0,99.0,46.0,mathecondiseth2016.xlsx
2016,math,5,Economically disadvantaged,Filipino,4120,2503.0,81.0,39.0,mathecondiseth2016.xlsx
2016,math,5,Not economically disadvantaged,Filipino,7115,2544.0,77.0,61.0,mathecondiseth2016.xlsx
2016,math,5,Economically disadvantaged,Hispanic or Latino,211777,2450.0,78.0,17.0,mathecondiseth2016.xlsx
2016,math,5,Not economically disadvantaged,Hispanic or Latino,43556,2497.0,83.0,37.0,mathecondiseth2016.xlsx
2016,math,5,Economically disadvantaged,Native Hawaiian or Pacific Islander,1584,2457.0,79.0,18.0,mathecondiseth2016.xlsx
2016,math,5,Not economically disadvantaged,Native Hawaiian or Pacific Islander,714,2507.0,80.0,41.0,mathecondiseth2016.xlsx
2016,math,5,Economically disadvantaged,Two or More Races,5357,2471.0,84.0,27.0,mathecondiseth2016.xlsx
2016,math,5,Not economically disadvantaged,Two or More Races,9476,2549.0,83.0,63.0,mathecondiseth2016.xlsx
2016,math,5,Economically disadvantaged,White,32915,2476.0,84.0,28.0,mathecondiseth2016.xlsx
2016,math,5,Not economically disadvantaged,White,76680,2541.0,80.0,59.0,mathecondiseth2016.xlsx
2017,math,5,Economically disadvantaged,All,295079,2456.0,84.0,21.0,mathecondisall2017.xlsx
2017,math,5,Not economically disadvantaged,All,181518,2534.0,90.0,55.0,mathecondisall2017.xlsx
2017,math,5,Economically disadvantaged,American Indian or Alaska Native,1624,2440.0,82.0,15.0,mathecondiseth2017.xlsx
2017,math,5,Not economically disadvantaged,American Indian or Alaska Native,792,2491.0,90.0,36.0,mathecondiseth2017.xlsx
2017,math,5,Economically disadvantaged,Asian,15173,2516.0,90.0,47.0,mathecondiseth2017.xlsx
2017,math,5,Not economically disadvantaged,Asian,27831,2590.0,80.0,80.0,mathecondiseth2017.xlsx
2017,math,5,Economically disadvantaged,Black or African American,19410,2426.0,81.0,12.0,mathecondiseth2017.xlsx
2017,math,5,Not economically disadvantaged,Black or African American,6253,2474.0,90.0,29.0,mathecondiseth2017.xlsx
2017,math,5,Economically disadvantaged,Blank,1664,2450.0,84.0,18.0,mathecondiseth2017.xlsx
2017,math,5,Not economically disadvantaged,Blank,1377,2509.0,93.0,45.0,mathecondiseth2017.xlsx
2017,math,5,Economically disadvantaged,Filipino,3584,2508.0,83.0,43.0,mathecondiseth2017.xlsx
2017,math,5,Not economically disadvantaged,Filipino,6535,2545.0,81.0,62.0,mathecondiseth2017.xlsx
2017,math,5,Economically disadvantaged,Hispanic or Latino,214896,2451.0,81.0,18.0,mathecondiseth2017.xlsx
2017,math,5,Not economically disadvantaged,Hispanic or Latino,49380,2496.0,86.0,37.0,mathecondiseth2017.xlsx
2017,math,5,Economically disadvantaged,Native Hawaiian or Pacific Islander,1420,2461.0,82.0,23.0,mathecondiseth2017.xlsx
2017,math,5,Not economically disadvantaged,Native Hawaiian or Pacific Islander,734,2511.0,89.0,44.0,mathecondiseth2017.xlsx
2017,math,5,Economically disadvantaged,Two or More Races,5964,2470.0,88.0,27.0,mathecondiseth2017.xlsx
2017,math,5,Not economically disadvantaged,Two or More Races,11341,2549.0,86.0,62.0,mathecondiseth2017.xlsx
2017,math,5,Economically disadvantaged,White,31344,2474.0,87.0,28.0,mathecondiseth2017.xlsx
2017,math,5,Not economically disadvantaged,White,77275,2540.0,84.0,59.0,mathecondiseth2017.xlsx
2018,math,5,Economically disadvantaged,All,288013,2462.0,87.0,23.0,mathecondisall2018.xlsx
2018,math,5,Not economically disadvantaged,All,172747,2538.0,91.0,57.0,mathecondisall2018.xlsx
2018,math,5,Economically disadvantaged,American Indian or Alaska Native,1572,2444.0,85.0,17.0,mathecondiseth2018.xlsx
2018,math,5,Not economically disadvantaged,American Indian or Alaska Native,756,2498.0,91.0,40.0,mathecondiseth2018.xlsx
2018,math,5,Economically disadvantaged,Asian,15610,2525.0,92.0,52.0,mathecondiseth2018.xlsx
2018,math,5,Not economically disadvantaged,Asian,26813,2594.0,79.0,81.0,mathecondiseth2018.xlsx
2018,math,5,Economically disadvantaged,Black or African American,18822,2429.0,84.0,13.0,mathecondiseth2018.xlsx
2018,math,5,Not economically disadvantaged,Black or African American,5892,2482.0,90.0,32.0,mathecondiseth2018.xlsx
2018,math,5,Economically disadvantaged,Blank,1724,2457.0,89.0,22.0,mathecondiseth2018.xlsx
2018,math,5,Not economically disadvantaged,Blank,1467,2517.0,95.0,49.0,mathecondiseth2018.xlsx
2018,math,5,Economically disadvantaged,Filipino,3306,2513.0,86.0,45.0,mathecondiseth2018.xlsx
2018,math,5,Not economically disadvantaged,Filipino,5781,2548.0,82.0,62.0,mathecondiseth2018.xlsx
2018,math,5,Economically disadvantaged,Hispanic or Latino,206354,2456.0,83.0,20.0,mathecondiseth2018.xlsx
2018,math,5,Not economically disadvantaged,Hispanic or Latino,48245,2501.0,87.0,40.0,mathecondiseth2018.xlsx
2018,math,5,Economically disadvantaged,Native Hawaiian or Pacific Islander,1509,2462.0,85.0,23.0,mathecondiseth2018.xlsx
2018,math,5,Not economically disadvantaged,Native Hawaiian or Pacific Islander,670,2505.0,92.0,42.0,mathecondiseth2018.xlsx
2018,math,5,Economically disadvantaged,Two or More Races,6409,2475.0,90.0,29.0,mathecondiseth2018.xlsx
2018,math,5,Not economically disadvantaged,Two or More Races,11393,2554.0,88.0,65.0,mathecondiseth2018.xlsx
2018,math,5,Economically disadvantaged,White,32707,2481.0,88.0,31.0,mathecondiseth2018.xlsx
2018,math,5,Not economically disadvantaged,White,71730,2545.0,84.0,61.0,mathecondiseth2018.xlsx
2019,math,5,Economically disadvantaged,All,283436,2467.0,88.0,26.0,mathecondisall2019.xlsx
2019,math,5,Not economically disadvantaged,All,172909,2541.0,92.0,58.0,mathecondisall2019.xlsx
2019,math,5,Economically disadvantaged,American Indian or Alaska Native,1473,2446.0,88.0,19.0,mathecondiseth2019.xlsx
2019,math,5,Not economically disadvantaged,American Indian or Alaska Native,716,2498.0,94.0,39.0,mathecondiseth2019.xlsx
2019,math,5,Economically disadvantaged,Asian,15578,2532.0,93.0,55.0,mathecondiseth2019.xlsx
2019,math,5,Not economically disadvantaged,Asian,27137,2601.0,78.0,83.0,mathecondiseth2019.xlsx
2019,math,5,Economically disadvantaged,Black or African American,18517,2434.0,85.0,15.0,mathecondiseth2019.xlsx
2019,math,5,Not economically disadvantaged,Black or African American,5764,2486.0,92.0,34.0,mathecondiseth2019.xlsx
2019,math,5,Economically disadvantaged,Blank,1505,2459.0,91.0,23.0,mathecondiseth2019.xlsx
2019,math,5,Not economically disadvantaged,Blank,1381,2523.0,95.0,50.0,mathecondiseth2019.xlsx
2019,math,5,Economically disadvantaged,Filipino,3316,2515.0,86.0,45.0,mathecondiseth2019.xlsx
2019,math,5,Not economically disadvantaged,Filipino,5899,2551.0,82.0,64.0,mathecondiseth2019.xlsx
2019,math,5,Economically disadvantaged,Hispanic or Latino,203488,2462.0,85.0,23.0,mathecondiseth2019.xlsx
2019,math,5,Not economically disadvantaged,Hispanic or Latino,49997,2504.0,89.0,41.0,mathecondiseth2019.xlsx
2019,math,5,Economically disadvantaged,Native Hawaiian or Pacific Islander,1406,2464.0,86.0,24.0,mathecondiseth2019.xlsx
2019,math,5,Not economically disadvantaged,Native Hawaiian or Pacific Islander,674,2515.0,84.0,47.0,mathecondiseth2019.xlsx
2019,math,5,Economically disadvantaged,Two or More Races,6696,2477.0,92.0,30.0,mathecondiseth2019.xlsx
2019,math,5,Not economically disadvantaged,Two or More Races,12019,2556.0,87.0,65.0,mathecondiseth2019.xlsx
2019,math,5,Economically disadvantaged,White,31457,2484.0,89.0,33.0,mathecondiseth2019.xlsx
2019,math,5,Not economically disadvantaged,White,69322,2548.0,85.0,62.0,mathecondiseth2019.xlsx
2022,math,5,Economically disadvantaged,All,259251,2445.0,92.0,19.0,mathecondisall2022.xlsx
2022,math,5,Not economically disadvantaged,All,169795,2524.0,99.0,51.0,mathecondisall2022.xlsx
2022,math,5,Economically disadvantaged,American Indian or Alaska Native,1213,2421.0,91.0,12.0,mathecondiseth2022.xlsx
2022,math,5,Not economically disadvantaged,American Indian or Alaska Native,595,2477.0,95.0,30.0,mathecondiseth2022.xlsx
2022,math,5,Economically disadvantaged,Asian,14459,2511.0,100.0,46.0,mathecondiseth2022.xlsx
2022,math,5,Not economically disadvantaged,Asian,26452,2591.0,89.0,79.0,mathecondiseth2022.xlsx
2022,math,5,Economically disadvantaged,Black or African American,16481,2412.0,89.0,10.0,mathecondiseth2022.xlsx
2022,math,5,Not economically disadvantaged,Black or African American,5455,2464.0,95.0,26.0,mathecondiseth2022.xlsx
2022,math,5,Economically disadvantaged,Filipino,3282,2504.0,91.0,41.0,mathecondiseth2022.xlsx
2022,math,5,Not economically disadvantaged,Filipino,6253,2539.0,88.0,59.0,mathecondiseth2022.xlsx
2022,math,5,Economically disadvantaged,Hispanic or Latino,185276,2438.0,87.0,16.0,mathecondiseth2022.xlsx
2022,math,5,Not economically disadvantaged,Hispanic or Latino,56102,2481.0,93.0,32.0,mathecondiseth2022.xlsx
2022,math,5,Economically disadvantaged,Native Hawaiian or Pacific Islander,1161,2445.0,85.0,16.0,mathecondiseth2022.xlsx
2022,math,5,Not economically disadvantaged,Native Hawaiian or Pacific Islander,630,2486.0,93.0,32.0,mathecondiseth2022.xlsx
2022,math,5,Economically disadvantaged,Two or More Races,8846,2458.0,96.0,24.0,mathecondiseth2022.xlsx
2022,math,5,Not economically disadvantaged,Two or More Races,14388,2539.0,97.0,58.0,mathecondiseth2022.xlsx
2022,math,5,Economically disadvantaged,White,28533,2469.0,94.0,28.0,mathecondiseth2022.xlsx
2022,math,5,Not economically disadvantaged,White,59920,2535.0,90.0,56.0,mathecondiseth2022.xlsx
2023,math,5,Economically disadvantaged,All,268125,2451.0,94.0,21.0,mathecondisall2023.xlsx
2023,math,5,Not economically disadvantaged,All,156130,2531.0,99.0,54.0,mathecondisall2023.xlsx
2023,math,5,Economically disadvantaged,American Indian or Alaska Native,1241,2425.0,91.0,13.0,mathecondiseth2023.xlsx
2023,math,5,Not economically disadvantaged,American Indian or Alaska Native,508,2492.0,101.0,38.0,mathecondiseth2023.xlsx
2023,math,5,Economically disadvantaged,Asian,16719,2519.0,102.0,50.0,mathecondiseth2023.xlsx
2023,math,5,Not economically disadvantaged,Asian,26806,2594.0,89.0,80.0,mathecondiseth2023.xlsx
2023,math,5,Economically disadvantaged,Black or African American,16442,2416.0,91.0,11.0,mathecondiseth2023.xlsx
2023,math,5,Not economically disadvantaged,Black or African American,4727,2472.0,95.0,29.0,mathecondiseth2023.xlsx
2023,math,5,Economically disadvantaged,Filipino,3474,2511.0,89.0,45.0,mathecondiseth2023.xlsx
2023,math,5,Not economically disadvantaged,Filipino,5906,2548.0,87.0,63.0,mathecondiseth2023.xlsx
2023,math,5,Economically disadvantaged,Hispanic or Latino,188666,2442.0,89.0,18.0,mathecondiseth2023.xlsx
2023,math,5,Not economically disadvantaged,Hispanic or Latino,48833,2488.0,94.0,35.0,mathecondiseth2023.xlsx
2023,math,5,Economically disadvantaged,Native Hawaiian or Pacific Islander,1261,2438.0,92.0,16.0,mathecondiseth2023.xlsx
2023,math,5,Not economically disadvantaged,Native Hawaiian or Pacific Islander,533,2496.0,98.0,38.0,mathecondiseth2023.xlsx
2023,math,5,Economically disadvantaged,Two or More Races,9699,2464.0,99.0,27.0,mathecondiseth2023.xlsx
2023,math,5,Not economically disadvantaged,Two or More Races,13823,2547.0,95.0,61.0,mathecondiseth2023.xlsx
2023,math,5,Economically disadvantaged,White,30623,2473.0,95.0,30.0,mathecondiseth2023.xlsx
2023,math,5,Not economically disadvantaged,White,54994,2540.0,90.0,58.0,mathecondiseth2023.xlsx
2024,math,5,Economically disadvantaged,All,277351,2456.0,98.0,24.0,mathecondisall2024.xlsx
2024,math,5,Not economically disadvantaged,All,145174,2535.0,101.0,56.0,mathecondisall2024.xlsx
2024,math,5,Economically disadvantaged,American Indian or Alaska Native,1340,2425.0,95.0,15.0,mathecondiseth2024.xlsx
2024,math,5,Not economically disadvantaged,American Indian or Alaska Native,466,2495.0,105.0,41.0,mathecondiseth2024.xlsx
2024,math,5,Economically disadvantaged,Asian,19273,2527.0,106.0,53.0,mathecondiseth2024.xlsx
2024,math,5,Not economically disadvantaged,Asian,25686,2597.0,91.0,80.0,mathecondiseth2024.xlsx
2024,math,5,Economically disadvantaged,Black or African American,16759,2418.0,94.0,13.0,mathecondiseth2024.xlsx
2024,math,5,Not economically disadvantaged,Black or African American,4133,2479.0,99.0,33.0,mathecondiseth2024.xlsx
2024,math,5,Economically disadvantaged,Filipino,4094,2517.0,92.0,48.0,mathecondiseth2024.xlsx
2024,math,5,Not economically disadvantaged,Filipino,5320,2553.0,90.0,64.0,mathecondiseth2024.xlsx
2024,math,5,Economically disadvantaged,Hispanic or Latino,189528,2446.0,92.0,20.0,mathecondiseth2024.xlsx
2024,math,5,Not economically disadvantaged,Hispanic or Latino,45507,2491.0,98.0,37.0,mathecondiseth2024.xlsx
2024,math,5,Economically disadvantaged,Native Hawaiian or Pacific Islander,1284,2451.0,93.0,22.0,mathecondiseth2024.xlsx
2024,math,5,Not economically disadvantaged,Native Hawaiian or Pacific Islander,424,2495.0,98.0,35.0,mathecondiseth2024.xlsx
2024,math,5,Economically disadvantaged,Two or More Races,10946,2473.0,103.0,31.0,mathecondiseth2024.xlsx
2024,math,5,Not economically disadvantaged,Two or More Races,13319,2552.0,97.0,64.0,mathecondiseth2024.xlsx
2024,math,5,Economically disadvantaged,White,34127,2480.0,99.0,33.0,mathecondiseth2024.xlsx
2024,math,5,Not economically disadvantaged,White,50319,2543.0,91.0,60.0,mathecondiseth2024.xlsx
2025,math,5,Economically disadvantaged,All,272561,2458.0,98.0,24.0,mathecondisall2025.xlsx
2025,math,5,Not economically disadvantaged,All,148102,2539.0,101.0,57.0,mathecondisall2025.xlsx
2025,math,5,Economically disadvantaged,American Indian or Alaska Native,1296,2434.0,92.0,16.0,mathecondiseth2025.xlsx
2025,math,5,Not economically disadvantaged,American Indian or Alaska Native,487,2486.0,109.0,36.0,mathecondiseth2025.xlsx
2025,math,5,Economically disadvantaged,Asian,18621,2519.0,106.0,49.0,mathecondiseth2025.xlsx
2025,math,5,Not economically disadvantaged,Asian,25681,2600.0,91.0,81.0,mathecondiseth2025.xlsx
2025,math,5,Economically disadvantaged,Black or African American,16149,2423.0,95.0,14.0,mathecondiseth2025.xlsx
2025,math,5,Not economically disadvantaged,Black or African American,4021,2481.0,100.0,33.0,mathecondiseth2025.xlsx
2025,math,5,Economically disadvantaged,Filipino,3780,2519.0,93.0,49.0,mathecondiseth2025.xlsx
2025,math,5,Not economically disadvantaged,Filipino,5260,2558.0,92.0,67.0,mathecondiseth2025.xlsx
2025,math,5,Economically disadvantaged,Hispanic or Latino,188292,2449.0,93.0,21.0,mathecondiseth2025.xlsx
2025,math,5,Not economically disadvantaged,Hispanic or Latino,45974,2499.0,97.0,40.0,mathecondiseth2025.xlsx
2025,math,5,Economically disadvantaged,Native Hawaiian or Pacific Islander,1245,2450.0,92.0,20.0,mathecondiseth2025.xlsx
2025,math,5,Not economically disadvantaged,Native Hawaiian or Pacific Islander,469,2494.0,98.0,38.0,mathecondiseth2025.xlsx
2025,math,5,Economically disadvantaged,Two or more races,10975,2472.0,101.0,30.0,mathecondiseth2025.xlsx
2025,math,5,Not economically disadvantaged,Two or more races,14268,2553.0,99.0,63.0,mathecondiseth2025.xlsx
2025,math,5,Economically disadvantaged,White,32203,2480.0,98.0,33.0,mathecondiseth2025.xlsx
2025,math,5,Not economically disadvantaged,White,51942,2545.0,92.0,61.0,mathecondiseth2025.xlsx
2015,math,6,Economically disadvantaged,All,276579,2472.2,93.0,19.55,mathecondisall2015.xlsx
2015,math,6,Not economically disadvantaged,All,180929,2553.6,95.5,53.29,mathecondisall2015.xlsx
2015,math,6,Economically disadvantaged,American Indian or Alaska Native,1664,2457.9,91.9,14.66,mathecondiseth2015.xlsx
2015,math,6,Not economically disadvantaged,American Indian or Alaska Native,844,2508.7,95.1,35.19,mathecondiseth2015.xlsx
2015,math,6,Economically disadvantaged,Asian,15536,2542.7,94.5,48.6,mathecondiseth2015.xlsx
2015,math,6,Not economically disadvantaged,Asian,26695,2618.2,85.9,79.64,mathecondiseth2015.xlsx
2015,math,6,Economically disadvantaged,Black or African American,19195,2442.1,92.7,11.56,mathecondiseth2015.xlsx
2015,math,6,Not economically disadvantaged,Black or African American,7202,2494.1,97.1,27.91,mathecondiseth2015.xlsx
2015,math,6,Economically disadvantaged,Blank,1619,2476.9,93.1,20.75,mathecondiseth2015.xlsx
2015,math,6,Not economically disadvantaged,Blank,1241,2542.0,96.5,48.91,mathecondiseth2015.xlsx
2015,math,6,Economically disadvantaged,Filipino,4450,2520.4,89.6,37.93,mathecondiseth2015.xlsx
2015,math,6,Not economically disadvantaged,Filipino,8072,2563.8,85.7,58.36,mathecondiseth2015.xlsx
2015,math,6,Economically disadvantaged,Hispanic or Latino,196971,2464.9,89.4,16.37,mathecondiseth2015.xlsx
2015,math,6,Not economically disadvantaged,Hispanic or Latino,47176,2512.0,91.8,34.8,mathecondiseth2015.xlsx
2015,math,6,Economically disadvantaged,Native Hawaiian or Pacific Islander,1505,2480.4,87.3,20.73,mathecondiseth2015.xlsx
2015,math,6,Not economically disadvantaged,Native Hawaiian or Pacific Islander,795,2524.2,92.6,38.36,mathecondiseth2015.xlsx
2015,math,6,Economically disadvantaged,Two or More Races,4101,2488.0,94.1,25.7,mathecondiseth2015.xlsx
2015,math,6,Not economically disadvantaged,Two or More Races,7660,2566.5,91.1,59.24,mathecondiseth2015.xlsx
2015,math,6,Economically disadvantaged,White,31538,2492.3,93.1,26.73,mathecondiseth2015.xlsx
2015,math,6,Not economically disadvantaged,White,81244,2560.5,86.8,56.96,mathecondiseth2015.xlsx
2016,math,6,Economically disadvantaged,All,286884,2475.0,98.0,22.0,mathecondisall2016.xlsx
2016,math,6,Not economically disadvantaged,All,173997,2564.0,98.0,58.0,mathecondisall2016.xlsx
2016,math,6,Economically disadvantaged,American Indian or Alaska Native,1699,2449.0,98.0,15.0,mathecondiseth2016.xlsx
2016,math,6,Not economically disadvantaged,American Indian or Alaska Native,752,2515.0,100.0,37.0,mathecondiseth2016.xlsx
2016,math,6,Economically disadvantaged,Asian,16051,2549.0,99.0,52.0,mathecondiseth2016.xlsx
2016,math,6,Not economically disadvantaged,Asian,27070,2629.0,87.0,82.0,mathecondiseth2016.xlsx
2016,math,6,Economically disadvantaged,Black or African American,19379,2440.0,98.0,13.0,mathecondiseth2016.xlsx
2016,math,6,Not economically disadvantaged,Black or African American,6369,2498.0,103.0,31.0,mathecondiseth2016.xlsx
2016,math,6,Economically disadvantaged,Blank,1511,2469.0,102.0,22.0,mathecondiseth2016.xlsx
2016,math,6,Not economically disadvantaged,Blank,1596,2535.0,117.0,50.0,mathecondiseth2016.xlsx
2016,math,6,Economically disadvantaged,Filipino,4322,2533.0,92.0,44.0,mathecondiseth2016.xlsx
2016,math,6,Not economically disadvantaged,Filipino,7484,2574.0,87.0,63.0,mathecondiseth2016.xlsx
2016,math,6,Economically disadvantaged,Hispanic or Latino,205067,2468.0,94.0,19.0,mathecondiseth2016.xlsx
2016,math,6,Not economically disadvantaged,Hispanic or Latino,43020,2522.0,95.0,40.0,mathecondiseth2016.xlsx
2016,math,6,Economically disadvantaged,Native Hawaiian or Pacific Islander,1599,2480.0,94.0,22.0,mathecondiseth2016.xlsx
2016,math,6,Not economically disadvantaged,Native Hawaiian or Pacific Islander,747,2526.0,95.0,41.0,mathecondiseth2016.xlsx
2016,math,6,Economically disadvantaged,Two or More Races,4953,2492.0,97.0,27.0,mathecondiseth2016.xlsx
2016,math,6,Not economically disadvantaged,Two or More Races,8699,2578.0,93.0,64.0,mathecondiseth2016.xlsx
2016,math,6,Economically disadvantaged,White,32303,2496.0,98.0,30.0,mathecondiseth2016.xlsx
2016,math,6,Not economically disadvantaged,White,78260,2569.0,90.0,61.0,mathecondiseth2016.xlsx
2017,math,6,Economically disadvantaged,All,284720,2474.0,101.0,23.0,mathecondisall2017.xlsx
2017,math,6,Not economically disadvantaged,All,179925,2563.0,101.0,58.0,mathecondisall2017.xlsx
2017,math,6,Economically disadvantaged,American Indian or Alaska Native,1596,2450.0,101.0,16.0,mathecondiseth2017.xlsx
2017,math,6,Not economically disadvantaged,American Indian or Alaska Native,810,2518.0,105.0,40.0,mathecondiseth2017.xlsx
2017,math,6,Economically disadvantaged,Asian,15351,2549.0,102.0,52.0,mathecondiseth2017.xlsx
2017,math,6,Not economically disadvantaged,Asian,27423,2630.0,88.0,83.0,mathecondiseth2017.xlsx
2017,math,6,Economically disadvantaged,Black or African American,18642,2437.0,101.0,14.0,mathecondiseth2017.xlsx
2017,math,6,Not economically disadvantaged,Black or African American,6279,2498.0,103.0,32.0,mathecondiseth2017.xlsx
2017,math,6,Economically disadvantaged,Blank,1526,2470.0,101.0,22.0,mathecondiseth2017.xlsx
2017,math,6,Not economically disadvantaged,Blank,1199,2524.0,109.0,43.0,mathecondiseth2017.xlsx
2017,math,6,Economically disadvantaged,Filipino,3697,2534.0,94.0,45.0,mathecondiseth2017.xlsx
2017,math,6,Not economically disadvantaged,Filipino,6879,2576.0,88.0,65.0,mathecondiseth2017.xlsx
2017,math,6,Economically disadvantaged,Hispanic or Latino,206427,2468.0,97.0,20.0,mathecondiseth2017.xlsx
2017,math,6,Not economically disadvantaged,Hispanic or Latino,48662,2519.0,99.0,40.0,mathecondiseth2017.xlsx
2017,math,6,Economically disadvantaged,Native Hawaiian or Pacific Islander,1478,2479.0,96.0,23.0,mathecondiseth2017.xlsx
2017,math,6,Not economically disadvantaged,Native Hawaiian or Pacific Islander,754,2529.0,101.0,44.0,mathecondiseth2017.xlsx
2017,math,6,Economically disadvantaged,Two or More Races,5391,2491.0,103.0,29.0,mathecondiseth2017.xlsx
2017,math,6,Not economically disadvantaged,Two or More Races,10682,2580.0,95.0,65.0,mathecondiseth2017.xlsx
2017,math,6,Economically disadvantaged,White,30612,2495.0,101.0,30.0,mathecondiseth2017.xlsx
2017,math,6,Not economically disadvantaged,White,77237,2569.0,91.0,61.0,mathecondiseth2017.xlsx
2018,math,6,Economically disadvantaged,All,295219,2478.0,102.0,25.0,mathecondisall2018.xlsx
2018,math,6,Not economically disadvantaged,All,178208,2565.0,101.0,59.0,mathecondisall2018.xlsx
2018,math,6,Economically disadvantaged,American Indian or Alaska Native,1612,2450.0,103.0,17.0,mathecondiseth2018.xlsx
2018,math,6,Not economically disadvantaged,American Indian or Alaska Native,798,2515.0,103.0,39.0,mathecondiseth2018.xlsx
2018,math,6,Economically disadvantaged,Asian,16289,2554.0,104.0,55.0,mathecondiseth2018.xlsx
2018,math,6,Not economically disadvantaged,Asian,26829,2633.0,87.0,84.0,mathecondiseth2018.xlsx
2018,math,6,Economically disadvantaged,Black or African American,18733,2440.0,102.0,14.0,mathecondiseth2018.xlsx
2018,math,6,Not economically disadvantaged,Black or African American,6289,2498.0,105.0,32.0,mathecondiseth2018.xlsx
2018,math,6,Economically disadvantaged,Blank,1826,2477.0,103.0,24.0,mathecondiseth2018.xlsx
2018,math,6,Not economically disadvantaged,Blank,1474,2537.0,108.0,49.0,mathecondiseth2018.xlsx
2018,math,6,Economically disadvantaged,Filipino,3730,2539.0,94.0,47.0,mathecondiseth2018.xlsx
2018,math,6,Not economically disadvantaged,Filipino,6567,2580.0,90.0,66.0,mathecondiseth2018.xlsx
2018,math,6,Economically disadvantaged,Hispanic or Latino,212639,2472.0,99.0,22.0,mathecondiseth2018.xlsx
2018,math,6,Not economically disadvantaged,Hispanic or Latino,50410,2524.0,98.0,42.0,mathecondiseth2018.xlsx
2018,math,6,Economically disadvantaged,Native Hawaiian or Pacific Islander,1411,2485.0,96.0,25.0,mathecondiseth2018.xlsx
2018,math,6,Not economically disadvantaged,Native Hawaiian or Pacific Islander,743,2541.0,97.0,47.0,mathecondiseth2018.xlsx
2018,math,6,Economically disadvantaged,Two or More Races,6207,2496.0,103.0,31.0,mathecondiseth2018.xlsx
2018,math,6,Not economically disadvantaged,Two or More Races,11325,2580.0,97.0,65.0,mathecondiseth2018.xlsx
2018,math,6,Economically disadvantaged,White,32772,2499.0,103.0,32.0,mathecondiseth2018.xlsx
2018,math,6,Not economically disadvantaged,White,73773,2571.0,92.0,62.0,mathecondiseth2018.xlsx
2019,math,6,Economically disadvantaged,All,283671,2482.0,103.0,26.0,mathecondisall2019.xlsx
2019,math,6,Not economically disadvantaged,All,175345,2566.0,103.0,59.0,mathecondisall2019.xlsx
2019,math,6,Economically disadvantaged,American Indian or Alaska Native,1557,2455.0,105.0,19.0,mathecondiseth2019.xlsx
2019,math,6,Not economically disadvantaged,American Indian or Alaska Native,785,2518.0,104.0,39.0,mathecondiseth2019.xlsx
2019,math,6,Economically disadvantaged,Asian,15406,2558.0,104.0,56.0,mathecondiseth2019.xlsx
2019,math,6,Not economically disadvantaged,Asian,27038,2635.0,88.0,84.0,mathecondiseth2019.xlsx
2019,math,6,Economically disadvantaged,Black or African American,18217,2442.0,102.0,15.0,mathecondiseth2019.xlsx
2019,math,6,Not economically disadvantaged,Black or African American,5979,2502.0,105.0,34.0,mathecondiseth2019.xlsx
2019,math,6,Economically disadvantaged,Blank,1530,2474.0,109.0,25.0,mathecondiseth2019.xlsx
2019,math,6,Not economically disadvantaged,Blank,1380,2540.0,112.0,49.0,mathecondiseth2019.xlsx
2019,math,6,Economically disadvantaged,Filipino,3249,2542.0,99.0,49.0,mathecondiseth2019.xlsx
2019,math,6,Not economically disadvantaged,Filipino,6071,2580.0,90.0,66.0,mathecondiseth2019.xlsx
2019,math,6,Economically disadvantaged,Hispanic or Latino,203829,2475.0,99.0,23.0,mathecondiseth2019.xlsx
2019,math,6,Not economically disadvantaged,Hispanic or Latino,51005,2524.0,99.0,42.0,mathecondiseth2019.xlsx
2019,math,6,Economically disadvantaged,Native Hawaiian or Pacific Islander,1463,2487.0,102.0,27.0,mathecondiseth2019.xlsx
2019,math,6,Not economically disadvantaged,Native Hawaiian or Pacific Islander,680,2525.0,102.0,41.0,mathecondiseth2019.xlsx
2019,math,6,Economically disadvantaged,Two or More Races,6371,2496.0,105.0,31.0,mathecondiseth2019.xlsx
2019,math,6,Not economically disadvantaged,Two or More Races,11719,2584.0,98.0,66.0,mathecondiseth2019.xlsx
2019,math,6,Economically disadvantaged,White,32049,2502.0,102.0,33.0,mathecondiseth2019.xlsx
2019,math,6,Not economically disadvantaged,White,70688,2572.0,94.0,62.0,mathecondiseth2019.xlsx
2022,math,6,Economically disadvantaged,All,258061,2465.0,104.0,21.0,mathecondisall2022.xlsx
2022,math,6,Not economically disadvantaged,All,168313,2548.0,110.0,51.0,mathecondisall2022.xlsx
2022,math,6,Economically disadvantaged,American Indian or Alaska Native,1229,2439.0,101.0,14.0,mathecondiseth2022.xlsx
2022,math,6,Not economically disadvantaged,American Indian or Alaska Native,594,2503.0,108.0,33.0,mathecondiseth2022.xlsx
2022,math,6,Economically disadvantaged,Asian,14789,2543.0,112.0,49.0,mathecondiseth2022.xlsx
2022,math,6,Not economically disadvantaged,Asian,26121,2626.0,99.0,79.0,mathecondiseth2022.xlsx
2022,math,6,Economically disadvantaged,Black or African American,15944,2426.0,100.0,11.0,mathecondiseth2022.xlsx
2022,math,6,Not economically disadvantaged,Black or African American,5670,2483.0,106.0,27.0,mathecondiseth2022.xlsx
2022,math,6,Economically disadvantaged,Filipino,3305,2530.0,101.0,43.0,mathecondiseth2022.xlsx
2022,math,6,Not economically disadvantaged,Filipino,6511,2567.0,98.0,58.0,mathecondiseth2022.xlsx
2022,math,6,Economically disadvantaged,Hispanic or Latino,185022,2456.0,100.0,17.0,mathecondiseth2022.xlsx
2022,math,6,Not economically disadvantaged,Hispanic or Latino,55871,2501.0,104.0,33.0,mathecondiseth2022.xlsx
2022,math,6,Economically disadvantaged,Native Hawaiian or Pacific Islander,1191,2462.0,99.0,18.0,mathecondiseth2022.xlsx
2022,math,6,Not economically disadvantaged,Native Hawaiian or Pacific Islander,596,2520.0,105.0,38.0,mathecondiseth2022.xlsx
2022,math,6,Economically disadvantaged,Two or More Races,8320,2477.0,107.0,25.0,mathecondiseth2022.xlsx
2022,math,6,Not economically disadvantaged,Two or More Races,13814,2564.0,107.0,58.0,mathecondiseth2022.xlsx
2022,math,6,Economically disadvantaged,White,28261,2489.0,104.0,29.0,mathecondiseth2022.xlsx
2022,math,6,Not economically disadvantaged,White,59136,2559.0,98.0,56.0,mathecondiseth2022.xlsx
2023,math,6,Economically disadvantaged,All,269474,2465.0,107.0,22.0,mathecondisall2023.xlsx
2023,math,6,Not economically disadvantaged,All,157813,2553.0,111.0,53.0,mathecondisall2023.xlsx
2023,math,6,Economically disadvantaged,American Indian or Alaska Native,1222,2437.0,106.0,14.0,mathecondiseth2023.xlsx
2023,math,6,Not economically disadvantaged,American Indian or Alaska Native,541,2496.0,114.0,33.0,mathecondiseth2023.xlsx
2023,math,6,Economically disadvantaged,Asian,15871,2545.0,115.0,51.0,mathecondiseth2023.xlsx
2023,math,6,Not economically disadvantaged,Asian,25498,2630.0,100.0,81.0,mathecondiseth2023.xlsx
2023,math,6,Economically disadvantaged,Black or African American,16614,2426.0,103.0,12.0,mathecondiseth2023.xlsx
2023,math,6,Not economically disadvantaged,Black or African American,5056,2487.0,108.0,29.0,mathecondiseth2023.xlsx
2023,math,6,Economically disadvantaged,Filipino,3534,2532.0,102.0,45.0,mathecondiseth2023.xlsx
2023,math,6,Not economically disadvantaged,Filipino,6024,2570.0,98.0,60.0,mathecondiseth2023.xlsx
2023,math,6,Economically disadvantaged,Hispanic or Latino,190979,2456.0,102.0,18.0,mathecondiseth2023.xlsx
2023,math,6,Not economically disadvantaged,Hispanic or Latino,51066,2506.0,106.0,35.0,mathecondiseth2023.xlsx
2023,math,6,Economically disadvantaged,Native Hawaiian or Pacific Islander,1227,2460.0,103.0,19.0,mathecondiseth2023.xlsx
2023,math,6,Not economically disadvantaged,Native Hawaiian or Pacific Islander,552,2508.0,107.0,34.0,mathecondiseth2023.xlsx
2023,math,6,Economically disadvantaged,Two or More Races,9400,2480.0,109.0,27.0,mathecondiseth2023.xlsx
2023,math,6,Not economically disadvantaged,Two or More Races,13409,2570.0,105.0,60.0,mathecondiseth2023.xlsx
2023,math,6,Economically disadvantaged,White,30627,2491.0,106.0,30.0,mathecondiseth2023.xlsx
2023,math,6,Not economically disadvantaged,White,55667,2562.0,99.0,57.0,mathecondiseth2023.xlsx
2024,math,6,Economically disadvantaged,All,279355,2470.0,110.0,24.0,mathecondisall2024.xlsx
2024,math,6,Not economically disadvantaged,All,144434,2557.0,113.0,55.0,mathecondisall2024.xlsx
2024,math,6,Economically disadvantaged,American Indian or Alaska Native,1318,2440.0,107.0,15.0,mathecondiseth2024.xlsx
2024,math,6,Not economically disadvantaged,American Indian or Alaska Native,470,2504.0,121.0,36.0,mathecondiseth2024.xlsx
2024,math,6,Economically disadvantaged,Asian,18921,2554.0,117.0,54.0,mathecondiseth2024.xlsx
2024,math,6,Not economically disadvantaged,Asian,25250,2632.0,99.0,81.0,mathecondiseth2024.xlsx
2024,math,6,Economically disadvantaged,Black or African American,16718,2427.0,105.0,13.0,mathecondiseth2024.xlsx
2024,math,6,Not economically disadvantaged,Black or African American,4218,2492.0,110.0,30.0,mathecondiseth2024.xlsx
2024,math,6,Economically disadvantaged,Filipino,4000,2542.0,102.0,49.0,mathecondiseth2024.xlsx
2024,math,6,Not economically disadvantaged,Filipino,5473,2579.0,99.0,64.0,mathecondiseth2024.xlsx
2024,math,6,Economically disadvantaged,Hispanic or Latino,192492,2458.0,104.0,19.0,mathecondiseth2024.xlsx
2024,math,6,Not economically disadvantaged,Hispanic or Latino,46052,2507.0,109.0,36.0,mathecondiseth2024.xlsx
2024,math,6,Economically disadvantaged,Native Hawaiian or Pacific Islander,1359,2461.0,107.0,21.0,mathecondiseth2024.xlsx
2024,math,6,Not economically disadvantaged,Native Hawaiian or Pacific Islander,457,2513.0,111.0,36.0,mathecondiseth2024.xlsx
2024,math,6,Economically disadvantaged,Two or More Races,10689,2490.0,114.0,31.0,mathecondiseth2024.xlsx
2024,math,6,Not economically disadvantaged,Two or More Races,12629,2574.0,107.0,61.0,mathecondiseth2024.xlsx
2024,math,6,Economically disadvantaged,White,33858,2500.0,110.0,33.0,mathecondiseth2024.xlsx
2024,math,6,Not economically disadvantaged,White,49885,2565.0,100.0,58.0,mathecondiseth2024.xlsx
2025,math,6,Economically disadvantaged,All,273195,2474.0,112.0,25.0,mathecondisall2025.xlsx
2025,math,6,Not economically disadvantaged,All,147525,2566.0,113.0,58.0,mathecondisall2025.xlsx
2025,math,6,Economically disadvantaged,American Indian or Alaska Native,1278,2443.0,109.0,17.0,mathecondiseth2025.xlsx
2025,math,6,Not economically disadvantaged,American Indian or Alaska Native,464,2522.0,114.0,41.0,mathecondiseth2025.xlsx
2025,math,6,Economically disadvantaged,Asian,19279,2553.0,120.0,53.0,mathecondiseth2025.xlsx
2025,math,6,Not economically disadvantaged,Asian,26360,2639.0,100.0,83.0,mathecondiseth2025.xlsx
2025,math,6,Economically disadvantaged,Black or African American,16389,2433.0,107.0,15.0,mathecondiseth2025.xlsx
2025,math,6,Not economically disadvantaged,Black or African American,4157,2500.0,115.0,35.0,mathecondiseth2025.xlsx
2025,math,6,Economically disadvantaged,Filipino,3949,2543.0,106.0,49.0,mathecondiseth2025.xlsx
2025,math,6,Not economically disadvantaged,Filipino,5544,2584.0,100.0,66.0,mathecondiseth2025.xlsx
2025,math,6,Economically disadvantaged,Hispanic or Latino,189299,2463.0,106.0,21.0,mathecondiseth2025.xlsx
2025,math,6,Not economically disadvantaged,Hispanic or Latino,45939,2518.0,110.0,40.0,mathecondiseth2025.xlsx
2025,math,6,Economically disadvantaged,Native Hawaiian or Pacific Islander,1246,2469.0,108.0,23.0,mathecondiseth2025.xlsx
2025,math,6,Not economically disadvantaged,Native Hawaiian or Pacific Islander,437,2519.0,118.0,39.0,mathecondiseth2025.xlsx
2025,math,6,Economically disadvantaged,Two or more races,10569,2489.0,116.0,31.0,mathecondiseth2025.xlsx
2025,math,6,Not economically disadvantaged,Two or more races,13778,2581.0,109.0,64.0,mathecondiseth2025.xlsx
2025,math,6,Economically disadvantaged,White,31186,2499.0,110.0,33.0,mathecondiseth2025.xlsx
2025,math,6,Not economically disadvantaged,White,50846,2571.0,101.0,61.0,mathecondiseth2025.xlsx
2015,math,7,Economically disadvantaged,All,270630,2484.1,98.6,20.46,mathecondisall2015.xlsx
2015,math,7,Not economically disadvantaged,All,179552,2570.0,104.0,53.88,mathecondisall2015.xlsx
2015,math,7,Economically disadvantaged,American Indian or Alaska Native,1730,2468.3,93.6,14.16,mathecondiseth2015.xlsx
2015,math,7,Not economically disadvantaged,American Indian or Alaska Native,942,2526.7,102.3,36.31,mathecondiseth2015.xlsx
2015,math,7,Economically disadvantaged,Asian,15197,2565.5,102.7,52.39,mathecondiseth2015.xlsx
2015,math,7,Not economically disadvantaged,Asian,25709,2645.5,91.6,82.0,mathecondiseth2015.xlsx
2015,math,7,Economically disadvantaged,Black or African American,19161,2452.2,96.1,11.93,mathecondiseth2015.xlsx
2015,math,7,Not economically disadvantaged,Black or African American,7596,2499.3,103.2,26.8,mathecondiseth2015.xlsx
2015,math,7,Economically disadvantaged,Blank,1290,2490.1,102.4,23.1,mathecondiseth2015.xlsx
2015,math,7,Not economically disadvantaged,Blank,1144,2563.6,100.4,51.05,mathecondiseth2015.xlsx
2015,math,7,Economically disadvantaged,Filipino,4468,2537.1,95.3,40.31,mathecondiseth2015.xlsx
2015,math,7,Not economically disadvantaged,Filipino,8081,2582.4,92.3,60.24,mathecondiseth2015.xlsx
2015,math,7,Economically disadvantaged,Hispanic or Latino,192854,2475.7,94.2,16.97,mathecondiseth2015.xlsx
2015,math,7,Not economically disadvantaged,Hispanic or Latino,47809,2523.5,98.6,34.66,mathecondiseth2015.xlsx
2015,math,7,Economically disadvantaged,Native Hawaiian or Pacific Islander,1497,2489.9,96.0,21.38,mathecondiseth2015.xlsx
2015,math,7,Not economically disadvantaged,Native Hawaiian or Pacific Islander,837,2540.3,95.0,40.74,mathecondiseth2015.xlsx
2015,math,7,Economically disadvantaged,Two or More Races,3785,2505.1,99.6,28.3,mathecondiseth2015.xlsx
2015,math,7,Not economically disadvantaged,Two or More Races,7289,2584.9,98.7,60.15,mathecondiseth2015.xlsx
2015,math,7,Economically disadvantaged,White,30648,2506.8,98.2,28.24,mathecondiseth2015.xlsx
2015,math,7,Not economically disadvantaged,White,80145,2578.6,94.1,58.07,mathecondiseth2015.xlsx
2016,math,7,Economically disadvantaged,All,282034,2489.0,102.0,23.0,mathecondisall2016.xlsx
2016,math,7,Not economically disadvantaged,All,176438,2582.0,103.0,58.0,mathecondisall2016.xlsx
2016,math,7,Economically disadvantaged,American Indian or Alaska Native,1632,2474.0,100.0,18.0,mathecondiseth2016.xlsx
2016,math,7,Not economically disadvantaged,American Indian or Alaska Native,826,2536.0,109.0,42.0,mathecondiseth2016.xlsx
2016,math,7,Economically disadvantaged,Asian,16247,2572.0,106.0,56.0,mathecondiseth2016.xlsx
2016,math,7,Not economically disadvantaged,Asian,26545,2655.0,89.0,84.0,mathecondiseth2016.xlsx
2016,math,7,Economically disadvantaged,Black or African American,19182,2455.0,99.0,13.0,mathecondiseth2016.xlsx
2016,math,7,Not economically disadvantaged,Black or African American,6695,2516.0,106.0,33.0,mathecondiseth2016.xlsx
2016,math,7,Economically disadvantaged,Blank,1515,2487.0,107.0,23.0,mathecondiseth2016.xlsx
2016,math,7,Not economically disadvantaged,Blank,1529,2543.0,124.0,48.0,mathecondiseth2016.xlsx
2016,math,7,Economically disadvantaged,Filipino,4500,2547.0,97.0,44.0,mathecondiseth2016.xlsx
2016,math,7,Not economically disadvantaged,Filipino,7968,2595.0,91.0,65.0,mathecondiseth2016.xlsx
2016,math,7,Economically disadvantaged,Hispanic or Latino,201033,2480.0,97.0,19.0,mathecondiseth2016.xlsx
2016,math,7,Not economically disadvantaged,Hispanic or Latino,44403,2537.0,99.0,40.0,mathecondiseth2016.xlsx
2016,math,7,Economically disadvantaged,Native Hawaiian or Pacific Islander,1463,2496.0,97.0,24.0,mathecondiseth2016.xlsx
2016,math,7,Not economically disadvantaged,Native Hawaiian or Pacific Islander,758,2548.0,99.0,45.0,mathecondiseth2016.xlsx
2016,math,7,Economically disadvantaged,Two or More Races,4471,2505.0,102.0,28.0,mathecondiseth2016.xlsx
2016,math,7,Not economically disadvantaged,Two or More Races,8155,2595.0,96.0,64.0,mathecondiseth2016.xlsx
2016,math,7,Economically disadvantaged,White,31991,2514.0,100.0,31.0,mathecondiseth2016.xlsx
2016,math,7,Not economically disadvantaged,White,79559,2588.0,93.0,62.0,mathecondiseth2016.xlsx
2017,math,7,Economically disadvantaged,All,276445,2487.0,104.0,23.0,mathecondisall2017.xlsx
2017,math,7,Not economically disadvantaged,All,184633,2581.0,108.0,58.0,mathecondisall2017.xlsx
2017,math,7,Economically disadvantaged,American Indian or Alaska Native,1560,2467.0,99.0,16.0,mathecondiseth2017.xlsx
2017,math,7,Not economically disadvantaged,American Indian or Alaska Native,836,2529.0,107.0,38.0,mathecondiseth2017.xlsx
2017,math,7,Economically disadvantaged,Asian,15672,2573.0,111.0,56.0,mathecondiseth2017.xlsx
2017,math,7,Not economically disadvantaged,Asian,28115,2658.0,93.0,84.0,mathecondiseth2017.xlsx
2017,math,7,Economically disadvantaged,Black or African American,18241,2450.0,98.0,13.0,mathecondiseth2017.xlsx
2017,math,7,Not economically disadvantaged,Black or African American,6886,2509.0,108.0,31.0,mathecondiseth2017.xlsx
2017,math,7,Economically disadvantaged,Blank,1529,2477.0,104.0,21.0,mathecondiseth2017.xlsx
2017,math,7,Not economically disadvantaged,Blank,1449,2554.0,117.0,49.0,mathecondiseth2017.xlsx
2017,math,7,Economically disadvantaged,Filipino,3870,2553.0,101.0,47.0,mathecondiseth2017.xlsx
2017,math,7,Not economically disadvantaged,Filipino,7281,2595.0,94.0,65.0,mathecondiseth2017.xlsx
2017,math,7,Economically disadvantaged,Hispanic or Latino,199390,2479.0,100.0,20.0,mathecondiseth2017.xlsx
2017,math,7,Not economically disadvantaged,Hispanic or Latino,49405,2532.0,104.0,39.0,mathecondiseth2017.xlsx
2017,math,7,Economically disadvantaged,Native Hawaiian or Pacific Islander,1512,2488.0,99.0,22.0,mathecondiseth2017.xlsx
2017,math,7,Not economically disadvantaged,Native Hawaiian or Pacific Islander,829,2546.0,101.0,43.0,mathecondiseth2017.xlsx
2017,math,7,Economically disadvantaged,Two or More Races,5007,2509.0,106.0,30.0,mathecondiseth2017.xlsx
2017,math,7,Not economically disadvantaged,Two or More Races,10150,2599.0,101.0,65.0,mathecondiseth2017.xlsx
2017,math,7,Economically disadvantaged,White,29664,2511.0,104.0,31.0,mathecondiseth2017.xlsx
2017,math,7,Not economically disadvantaged,White,79682,2589.0,97.0,62.0,mathecondiseth2017.xlsx
2018,math,7,Economically disadvantaged,All,284070,2488.0,107.0,24.0,mathecondisall2018.xlsx
2018,math,7,Not economically disadvantaged,All,178346,2582.0,110.0,58.0,mathecondisall2018.xlsx
2018,math,7,Economically disadvantaged,American Indian or Alaska Native,1575,2467.0,103.0,18.0,mathecondiseth2018.xlsx
2018,math,7,Not economically disadvantaged,American Indian or Alaska Native,789,2536.0,111.0,41.0,mathecondiseth2018.xlsx
2018,math,7,Economically disadvantaged,Asian,16615,2577.0,112.0,57.0,mathecondiseth2018.xlsx
2018,math,7,Not economically disadvantaged,Asian,26624,2661.0,92.0,85.0,mathecondiseth2018.xlsx
2018,math,7,Economically disadvantaged,Black or African American,18017,2448.0,101.0,13.0,mathecondiseth2018.xlsx
2018,math,7,Not economically disadvantaged,Black or African American,6442,2508.0,110.0,31.0,mathecondiseth2018.xlsx
2018,math,7,Economically disadvantaged,Blank,1731,2482.0,108.0,23.0,mathecondiseth2018.xlsx
2018,math,7,Not economically disadvantaged,Blank,1423,2552.0,113.0,48.0,mathecondiseth2018.xlsx
2018,math,7,Economically disadvantaged,Filipino,3885,2550.0,103.0,46.0,mathecondiseth2018.xlsx
2018,math,7,Not economically disadvantaged,Filipino,6834,2599.0,96.0,66.0,mathecondiseth2018.xlsx
2018,math,7,Economically disadvantaged,Hispanic or Latino,203409,2479.0,102.0,21.0,mathecondiseth2018.xlsx
2018,math,7,Not economically disadvantaged,Hispanic or Latino,50111,2534.0,105.0,40.0,mathecondiseth2018.xlsx
2018,math,7,Economically disadvantaged,Native Hawaiian or Pacific Islander,1439,2494.0,99.0,24.0,mathecondiseth2018.xlsx
2018,math,7,Not economically disadvantaged,Native Hawaiian or Pacific Islander,747,2544.0,112.0,45.0,mathecondiseth2018.xlsx
2018,math,7,Economically disadvantaged,Two or More Races,5762,2509.0,108.0,31.0,mathecondiseth2018.xlsx
2018,math,7,Not economically disadvantaged,Two or More Races,10919,2601.0,103.0,66.0,mathecondiseth2018.xlsx
2018,math,7,Economically disadvantaged,White,31637,2513.0,107.0,32.0,mathecondiseth2018.xlsx
2018,math,7,Not economically disadvantaged,White,74457,2590.0,99.0,62.0,mathecondiseth2018.xlsx
2019,math,7,Economically disadvantaged,All,288543,2491.0,107.0,25.0,mathecondisall2019.xlsx
2019,math,7,Not economically disadvantaged,All,184442,2583.0,112.0,58.0,mathecondisall2019.xlsx
2019,math,7,Economically disadvantaged,American Indian or Alaska Native,1558,2467.0,106.0,19.0,mathecondiseth2019.xlsx
2019,math,7,Not economically disadvantaged,American Indian or Alaska Native,825,2527.0,109.0,38.0,mathecondiseth2019.xlsx
2019,math,7,Economically disadvantaged,Asian,16025,2579.0,114.0,57.0,mathecondiseth2019.xlsx
2019,math,7,Not economically disadvantaged,Asian,27622,2663.0,95.0,85.0,mathecondiseth2019.xlsx
2019,math,7,Economically disadvantaged,Black or African American,18044,2453.0,101.0,14.0,mathecondiseth2019.xlsx
2019,math,7,Not economically disadvantaged,Black or African American,6638,2508.0,109.0,31.0,mathecondiseth2019.xlsx
2019,math,7,Economically disadvantaged,Blank,1486,2484.0,107.0,23.0,mathecondiseth2019.xlsx
2019,math,7,Not economically disadvantaged,Blank,1351,2551.0,120.0,48.0,mathecondiseth2019.xlsx
2019,math,7,Economically disadvantaged,Filipino,3748,2557.0,102.0,48.0,mathecondiseth2019.xlsx
2019,math,7,Not economically disadvantaged,Filipino,6814,2603.0,98.0,67.0,mathecondiseth2019.xlsx
2019,math,7,Economically disadvantaged,Hispanic or Latino,207971,2482.0,103.0,21.0,mathecondiseth2019.xlsx
2019,math,7,Not economically disadvantaged,Hispanic or Latino,54882,2534.0,107.0,40.0,mathecondiseth2019.xlsx
2019,math,7,Economically disadvantaged,Native Hawaiian or Pacific Islander,1396,2493.0,99.0,24.0,mathecondiseth2019.xlsx
2019,math,7,Not economically disadvantaged,Native Hawaiian or Pacific Islander,729,2558.0,104.0,49.0,mathecondiseth2019.xlsx
2019,math,7,Economically disadvantaged,Two or More Races,6132,2510.0,108.0,31.0,mathecondiseth2019.xlsx
2019,math,7,Not economically disadvantaged,Two or More Races,11911,2602.0,106.0,66.0,mathecondiseth2019.xlsx
2019,math,7,Economically disadvantaged,White,32183,2516.0,107.0,33.0,mathecondiseth2019.xlsx
2019,math,7,Not economically disadvantaged,White,73670,2592.0,100.0,63.0,mathecondiseth2019.xlsx
2022,math,7,Economically disadvantaged,All,250281,2474.0,108.0,20.0,mathecondisall2022.xlsx
2022,math,7,Not economically disadvantaged,All,167402,2563.0,118.0,50.0,mathecondisall2022.xlsx
2022,math,7,Economically disadvantaged,American Indian or Alaska Native,1160,2454.0,103.0,15.0,mathecondiseth2022.xlsx
2022,math,7,Not economically disadvantaged,American Indian or Alaska Native,612,2509.0,116.0,33.0,mathecondiseth2022.xlsx
2022,math,7,Economically disadvantaged,Asian,14577,2564.0,119.0,51.0,mathecondiseth2022.xlsx
2022,math,7,Not economically disadvantaged,Asian,25415,2652.0,106.0,81.0,mathecondiseth2022.xlsx
2022,math,7,Economically disadvantaged,Black or African American,14965,2435.0,100.0,10.0,mathecondiseth2022.xlsx
2022,math,7,Not economically disadvantaged,Black or African American,5901,2491.0,108.0,25.0,mathecondiseth2022.xlsx
2022,math,7,Economically disadvantaged,Filipino,3441,2544.0,105.0,43.0,mathecondiseth2022.xlsx
2022,math,7,Not economically disadvantaged,Filipino,6490,2586.0,104.0,60.0,mathecondiseth2022.xlsx
2022,math,7,Economically disadvantaged,Hispanic or Latino,180112,2463.0,102.0,16.0,mathecondiseth2022.xlsx
2022,math,7,Not economically disadvantaged,Hispanic or Latino,56212,2511.0,109.0,31.0,mathecondiseth2022.xlsx
2022,math,7,Economically disadvantaged,Native Hawaiian or Pacific Islander,1131,2469.0,102.0,17.0,mathecondiseth2022.xlsx
2022,math,7,Not economically disadvantaged,Native Hawaiian or Pacific Islander,665,2524.0,114.0,35.0,mathecondiseth2022.xlsx
2022,math,7,Economically disadvantaged,Two or More Races,7761,2489.0,112.0,25.0,mathecondiseth2022.xlsx
2022,math,7,Not economically disadvantaged,Two or More Races,13357,2579.0,115.0,57.0,mathecondiseth2022.xlsx
2022,math,7,Economically disadvantaged,White,27134,2501.0,109.0,28.0,mathecondiseth2022.xlsx
2022,math,7,Not economically disadvantaged,White,58750,2575.0,105.0,55.0,mathecondiseth2022.xlsx
2023,math,7,Economically disadvantaged,All,267723,2477.0,110.0,21.0,mathecondisall2023.xlsx
2023,math,7,Not economically disadvantaged,All,157699,2571.0,120.0,53.0,mathecondisall2023.xlsx
2023,math,7,Economically disadvantaged,American Indian or Alaska Native,1284,2453.0,104.0,16.0,mathecondiseth2023.xlsx
2023,math,7,Not economically disadvantaged,American Indian or Alaska Native,549,2515.0,112.0,33.0,mathecondiseth2023.xlsx
2023,math,7,Economically disadvantaged,Asian,15933,2568.0,124.0,53.0,mathecondiseth2023.xlsx
2023,math,7,Not economically disadvantaged,Asian,25609,2658.0,107.0,82.0,mathecondiseth2023.xlsx
2023,math,7,Economically disadvantaged,Black or African American,16151,2437.0,102.0,11.0,mathecondiseth2023.xlsx
2023,math,7,Not economically disadvantaged,Black or African American,5282,2498.0,110.0,27.0,mathecondiseth2023.xlsx
2023,math,7,Economically disadvantaged,Filipino,3657,2549.0,109.0,46.0,mathecondiseth2023.xlsx
2023,math,7,Not economically disadvantaged,Filipino,6223,2592.0,106.0,61.0,mathecondiseth2023.xlsx
2023,math,7,Economically disadvantaged,Hispanic or Latino,190232,2466.0,104.0,17.0,mathecondiseth2023.xlsx
2023,math,7,Not economically disadvantaged,Hispanic or Latino,50789,2518.0,112.0,34.0,mathecondiseth2023.xlsx
2023,math,7,Economically disadvantaged,Native Hawaiian or Pacific Islander,1294,2471.0,106.0,19.0,mathecondiseth2023.xlsx
2023,math,7,Not economically disadvantaged,Native Hawaiian or Pacific Islander,536,2533.0,116.0,39.0,mathecondiseth2023.xlsx
2023,math,7,Economically disadvantaged,Two or More Races,8784,2494.0,114.0,27.0,mathecondiseth2023.xlsx
2023,math,7,Not economically disadvantaged,Two or More Races,13113,2593.0,113.0,61.0,mathecondiseth2023.xlsx
2023,math,7,Economically disadvantaged,White,30388,2505.0,111.0,30.0,mathecondiseth2023.xlsx
2023,math,7,Not economically disadvantaged,White,55598,2581.0,107.0,58.0,mathecondiseth2023.xlsx
2024,math,7,Economically disadvantaged,All,278071,2481.0,113.0,23.0,mathecondisall2024.xlsx
2024,math,7,Not economically disadvantaged,All,148847,2574.0,120.0,54.0,mathecondisall2024.xlsx
2024,math,7,Economically disadvantaged,American Indian or Alaska Native,1285,2455.0,106.0,17.0,mathecondiseth2024.xlsx
2024,math,7,Not economically disadvantaged,American Indian or Alaska Native,509,2523.0,121.0,35.0,mathecondiseth2024.xlsx
2024,math,7,Economically disadvantaged,Asian,17801,2571.0,125.0,54.0,mathecondiseth2024.xlsx
2024,math,7,Not economically disadvantaged,Asian,24508,2661.0,107.0,82.0,mathecondiseth2024.xlsx
2024,math,7,Economically disadvantaged,Black or African American,16623,2442.0,103.0,12.0,mathecondiseth2024.xlsx
2024,math,7,Not economically disadvantaged,Black or African American,4616,2503.0,113.0,30.0,mathecondiseth2024.xlsx
2024,math,7,Economically disadvantaged,Filipino,3876,2554.0,109.0,48.0,mathecondiseth2024.xlsx
2024,math,7,Not economically disadvantaged,Filipino,5745,2595.0,106.0,63.0,mathecondiseth2024.xlsx
2024,math,7,Economically disadvantaged,Hispanic or Latino,193853,2468.0,106.0,18.0,mathecondiseth2024.xlsx
2024,math,7,Not economically disadvantaged,Hispanic or Latino,48450,2520.0,113.0,35.0,mathecondiseth2024.xlsx
2024,math,7,Economically disadvantaged,Native Hawaiian or Pacific Islander,1310,2470.0,103.0,18.0,mathecondiseth2024.xlsx
2024,math,7,Not economically disadvantaged,Native Hawaiian or Pacific Islander,479,2519.0,121.0,36.0,mathecondiseth2024.xlsx
2024,math,7,Economically disadvantaged,Two or More Races,10100,2504.0,117.0,31.0,mathecondiseth2024.xlsx
2024,math,7,Not economically disadvantaged,Two or More Races,12561,2594.0,114.0,62.0,mathecondiseth2024.xlsx
2024,math,7,Economically disadvantaged,White,33223,2512.0,113.0,32.0,mathecondiseth2024.xlsx
2024,math,7,Not economically disadvantaged,White,51979,2583.0,106.0,59.0,mathecondiseth2024.xlsx
2025,math,7,Economically disadvantaged,All,273744,2486.0,116.0,25.0,mathecondisall2025.xlsx
2025,math,7,Not economically disadvantaged,All,149794,2583.0,122.0,57.0,mathecondisall2025.xlsx
2025,math,7,Economically disadvantaged,American Indian or Alaska Native,1243,2458.0,110.0,16.0,mathecondiseth2025.xlsx
2025,math,7,Not economically disadvantaged,American Indian or Alaska Native,520,2518.0,122.0,33.0,mathecondiseth2025.xlsx
2025,math,7,Economically disadvantaged,Asian,19049,2573.0,129.0,54.0,mathecondiseth2025.xlsx
2025,math,7,Not economically disadvantaged,Asian,26291,2668.0,108.0,84.0,mathecondiseth2025.xlsx
2025,math,7,Economically disadvantaged,Black or African American,16153,2448.0,111.0,15.0,mathecondiseth2025.xlsx
2025,math,7,Not economically disadvantaged,Black or African American,4491,2509.0,117.0,32.0,mathecondiseth2025.xlsx
2025,math,7,Economically disadvantaged,Filipino,3864,2560.0,110.0,49.0,mathecondiseth2025.xlsx
2025,math,7,Not economically disadvantaged,Filipino,5771,2605.0,109.0,66.0,mathecondiseth2025.xlsx
2025,math,7,Economically disadvantaged,Hispanic or Latino,191243,2474.0,110.0,20.0,mathecondiseth2025.xlsx
2025,math,7,Not economically disadvantaged,Hispanic or Latino,47095,2530.0,115.0,39.0,mathecondiseth2025.xlsx
2025,math,7,Economically disadvantaged,Native Hawaiian or Pacific Islander,1340,2476.0,113.0,22.0,mathecondiseth2025.xlsx
2025,math,7,Not economically disadvantaged,Native Hawaiian or Pacific Islander,478,2539.0,121.0,40.0,mathecondiseth2025.xlsx
2025,math,7,Economically disadvantaged,Two or more races,9962,2505.0,119.0,31.0,mathecondiseth2025.xlsx
2025,math,7,Not economically disadvantaged,Two or more races,13445,2598.0,119.0,63.0,mathecondiseth2025.xlsx
2025,math,7,Economically disadvantaged,White,30890,2514.0,116.0,33.0,mathecondiseth2025.xlsx
2025,math,7,Not economically disadvantaged,White,51703,2589.0,108.0,60.0,mathecondiseth2025.xlsx
2015,math,8,Economically disadvantaged,All,267981,2498.7,104.4,20.57,mathecondisall2015.xlsx
2015,math,8,Not economically disadvantaged,All,183638,2585.1,113.7,51.55,mathecondisall2015.xlsx
2015,math,8,Economically disadvantaged,American Indian or Alaska Native,1620,2480.2,100.9,15.43,mathecondiseth2015.xlsx
2015,math,8,Not economically disadvantaged,American Indian or Alaska Native,964,2531.9,110.1,31.43,mathecondiseth2015.xlsx
2015,math,8,Economically disadvantaged,Asian,15600,2588.8,113.8,53.32,mathecondiseth2015.xlsx
2015,math,8,Not economically disadvantaged,Asian,25534,2669.8,100.9,80.9,mathecondiseth2015.xlsx
2015,math,8,Economically disadvantaged,Black or African American,19445,2462.5,98.2,11.44,mathecondiseth2015.xlsx
2015,math,8,Not economically disadvantaged,Black or African American,8197,2512.2,108.7,25.77,mathecondiseth2015.xlsx
2015,math,8,Economically disadvantaged,Blank,1200,2509.5,109.1,24.92,mathecondiseth2015.xlsx
2015,math,8,Not economically disadvantaged,Blank,1232,2576.7,115.8,50.16,mathecondiseth2015.xlsx
2015,math,8,Economically disadvantaged,Filipino,4549,2556.1,101.3,40.45,mathecondiseth2015.xlsx
2015,math,8,Not economically disadvantaged,Filipino,8502,2602.9,101.0,59.69,mathecondiseth2015.xlsx
2015,math,8,Economically disadvantaged,Hispanic or Latino,190573,2490.3,99.1,17.18,mathecondiseth2015.xlsx
2015,math,8,Not economically disadvantaged,Hispanic or Latino,49369,2534.4,105.9,32.11,mathecondiseth2015.xlsx
2015,math,8,Economically disadvantaged,Native Hawaiian or Pacific Islander,1471,2500.3,100.5,19.78,mathecondiseth2015.xlsx
2015,math,8,Not economically disadvantaged,Native Hawaiian or Pacific Islander,843,2551.3,107.0,37.6,mathecondiseth2015.xlsx
2015,math,8,Economically disadvantaged,Two or More Races,3544,2516.3,106.6,26.58,mathecondiseth2015.xlsx
2015,math,8,Not economically disadvantaged,Two or More Races,6878,2601.3,108.7,57.92,mathecondiseth2015.xlsx
2015,math,8,Economically disadvantaged,White,29979,2518.6,105.4,27.38,mathecondiseth2015.xlsx
2015,math,8,Not economically disadvantaged,White,82119,2594.4,104.2,55.71,mathecondiseth2015.xlsx
2016,math,8,Economically disadvantaged,All,276756,2505.0,107.0,23.0,mathecondisall2016.xlsx
2016,math,8,Not economically disadvantaged,All,174917,2599.0,115.0,56.0,mathecondisall2016.xlsx
2016,math,8,Economically disadvantaged,American Indian or Alaska Native,1661,2481.0,100.0,15.0,mathecondiseth2016.xlsx
2016,math,8,Not economically disadvantaged,American Indian or Alaska Native,899,2549.0,113.0,40.0,mathecondiseth2016.xlsx
2016,math,8,Economically disadvantaged,Asian,15727,2597.0,117.0,56.0,mathecondiseth2016.xlsx
2016,math,8,Not economically disadvantaged,Asian,25797,2683.0,100.0,84.0,mathecondiseth2016.xlsx
2016,math,8,Economically disadvantaged,Black or African American,19503,2467.0,100.0,12.0,mathecondiseth2016.xlsx
2016,math,8,Not economically disadvantaged,Black or African American,7086,2521.0,113.0,29.0,mathecondiseth2016.xlsx
2016,math,8,Economically disadvantaged,Blank,1319,2504.0,108.0,22.0,mathecondiseth2016.xlsx
2016,math,8,Not economically disadvantaged,Blank,1371,2552.0,132.0,43.0,mathecondiseth2016.xlsx
2016,math,8,Economically disadvantaged,Filipino,4465,2566.0,105.0,44.0,mathecondiseth2016.xlsx
2016,math,8,Not economically disadvantaged,Filipino,8059,2613.0,102.0,63.0,mathecondiseth2016.xlsx
2016,math,8,Economically disadvantaged,Hispanic or Latino,197332,2496.0,102.0,20.0,mathecondiseth2016.xlsx
2016,math,8,Not economically disadvantaged,Hispanic or Latino,44832,2549.0,108.0,38.0,mathecondiseth2016.xlsx
2016,math,8,Economically disadvantaged,Native Hawaiian or Pacific Islander,1513,2509.0,105.0,23.0,mathecondiseth2016.xlsx
2016,math,8,Not economically disadvantaged,Native Hawaiian or Pacific Islander,823,2561.0,103.0,41.0,mathecondiseth2016.xlsx
2016,math,8,Economically disadvantaged,Two or More Races,4182,2519.0,108.0,27.0,mathecondiseth2016.xlsx
2016,math,8,Not economically disadvantaged,Two or More Races,7424,2611.0,109.0,61.0,mathecondiseth2016.xlsx
2016,math,8,Economically disadvantaged,White,31054,2526.0,107.0,29.0,mathecondiseth2016.xlsx
2016,math,8,Not economically disadvantaged,White,78626,2606.0,106.0,60.0,mathecondiseth2016.xlsx
2017,math,8,Economically disadvantaged,All,271885,2501.0,111.0,23.0,mathecondisall2017.xlsx
2017,math,8,Not economically disadvantaged,All,186001,2598.0,119.0,56.0,mathecondisall2017.xlsx
2017,math,8,Economically disadvantaged,American Indian or Alaska Native,1526,2480.0,106.0,17.0,mathecondiseth2017.xlsx
2017,math,8,Not economically disadvantaged,American Indian or Alaska Native,873,2546.0,115.0,37.0,mathecondiseth2017.xlsx
2017,math,8,Economically disadvantaged,Asian,15932,2595.0,122.0,56.0,mathecondiseth2017.xlsx
2017,math,8,Not economically disadvantaged,Asian,27539,2685.0,102.0,84.0,mathecondiseth2017.xlsx
2017,math,8,Economically disadvantaged,Black or African American,18167,2461.0,104.0,12.0,mathecondiseth2017.xlsx
2017,math,8,Not economically disadvantaged,Black or African American,7228,2522.0,116.0,31.0,mathecondiseth2017.xlsx
2017,math,8,Economically disadvantaged,Blank,1358,2486.0,112.0,19.0,mathecondiseth2017.xlsx
2017,math,8,Not economically disadvantaged,Blank,1345,2564.0,126.0,45.0,mathecondiseth2017.xlsx
2017,math,8,Economically disadvantaged,Filipino,4052,2564.0,112.0,44.0,mathecondiseth2017.xlsx
2017,math,8,Not economically disadvantaged,Filipino,7833,2615.0,106.0,63.0,mathecondiseth2017.xlsx
2017,math,8,Economically disadvantaged,Hispanic or Latino,195475,2492.0,106.0,20.0,mathecondiseth2017.xlsx
2017,math,8,Not economically disadvantaged,Hispanic or Latino,50512,2546.0,113.0,37.0,mathecondiseth2017.xlsx
2017,math,8,Economically disadvantaged,Native Hawaiian or Pacific Islander,1396,2507.0,105.0,23.0,mathecondiseth2017.xlsx
2017,math,8,Not economically disadvantaged,Native Hawaiian or Pacific Islander,837,2556.0,115.0,40.0,mathecondiseth2017.xlsx
2017,math,8,Economically disadvantaged,Two or More Races,4516,2517.0,112.0,28.0,mathecondiseth2017.xlsx
2017,math,8,Not economically disadvantaged,Two or More Races,9201,2613.0,113.0,62.0,mathecondiseth2017.xlsx
2017,math,8,Economically disadvantaged,White,29463,2522.0,111.0,29.0,mathecondiseth2017.xlsx
2017,math,8,Not economically disadvantaged,White,80633,2606.0,109.0,59.0,mathecondiseth2017.xlsx
2018,math,8,Economically disadvantaged,All,276730,2501.0,115.0,24.0,mathecondisall2018.xlsx
2018,math,8,Not economically disadvantaged,All,181941,2600.0,122.0,57.0,mathecondisall2018.xlsx
2018,math,8,Economically disadvantaged,American Indian or Alaska Native,1539,2477.0,108.0,16.0,mathecondiseth2018.xlsx
2018,math,8,Not economically disadvantaged,American Indian or Alaska Native,845,2539.0,120.0,36.0,mathecondiseth2018.xlsx
2018,math,8,Economically disadvantaged,Asian,16988,2601.0,125.0,58.0,mathecondiseth2018.xlsx
2018,math,8,Not economically disadvantaged,Asian,27209,2690.0,103.0,85.0,mathecondiseth2018.xlsx
2018,math,8,Economically disadvantaged,Black or African American,17813,2458.0,106.0,13.0,mathecondiseth2018.xlsx
2018,math,8,Not economically disadvantaged,Black or African American,6999,2521.0,118.0,30.0,mathecondiseth2018.xlsx
2018,math,8,Economically disadvantaged,Blank,1371,2488.0,116.0,21.0,mathecondiseth2018.xlsx
2018,math,8,Not economically disadvantaged,Blank,1422,2578.0,127.0,50.0,mathecondiseth2018.xlsx
2018,math,8,Economically disadvantaged,Filipino,4028,2569.0,114.0,47.0,mathecondiseth2018.xlsx
2018,math,8,Not economically disadvantaged,Filipino,7297,2620.0,107.0,65.0,mathecondiseth2018.xlsx
2018,math,8,Economically disadvantaged,Hispanic or Latino,197196,2492.0,109.0,20.0,mathecondiseth2018.xlsx
2018,math,8,Not economically disadvantaged,Hispanic or Latino,50624,2547.0,116.0,38.0,mathecondiseth2018.xlsx
2018,math,8,Economically disadvantaged,Native Hawaiian or Pacific Islander,1489,2495.0,111.0,22.0,mathecondiseth2018.xlsx
2018,math,8,Not economically disadvantaged,Native Hawaiian or Pacific Islander,815,2556.0,114.0,41.0,mathecondiseth2018.xlsx
2018,math,8,Economically disadvantaged,Two or More Races,5226,2519.0,118.0,29.0,mathecondiseth2018.xlsx
2018,math,8,Not economically disadvantaged,Two or More Races,10141,2619.0,116.0,64.0,mathecondiseth2018.xlsx
2018,math,8,Economically disadvantaged,White,31080,2524.0,116.0,31.0,mathecondiseth2018.xlsx
2018,math,8,Not economically disadvantaged,White,76589,2608.0,111.0,60.0,mathecondiseth2018.xlsx
2019,math,8,Economically disadvantaged,All,279141,2501.0,116.0,24.0,mathecondisall2019.xlsx
2019,math,8,Not economically disadvantaged,All,183097,2599.0,124.0,56.0,mathecondisall2019.xlsx
2019,math,8,Economically disadvantaged,American Indian or Alaska Native,1519,2476.0,107.0,17.0,mathecondiseth2019.xlsx
2019,math,8,Not economically disadvantaged,American Indian or Alaska Native,860,2544.0,121.0,37.0,mathecondiseth2019.xlsx
2019,math,8,Economically disadvantaged,Asian,16498,2601.0,126.0,57.0,mathecondiseth2019.xlsx
2019,math,8,Not economically disadvantaged,Asian,27294,2689.0,105.0,84.0,mathecondiseth2019.xlsx
2019,math,8,Economically disadvantaged,Black or African American,17569,2457.0,106.0,12.0,mathecondiseth2019.xlsx
2019,math,8,Not economically disadvantaged,Black or African American,6672,2516.0,119.0,29.0,mathecondiseth2019.xlsx
2019,math,8,Economically disadvantaged,Blank,1276,2489.0,116.0,20.0,mathecondiseth2019.xlsx
2019,math,8,Not economically disadvantaged,Blank,1132,2566.0,126.0,45.0,mathecondiseth2019.xlsx
2019,math,8,Economically disadvantaged,Filipino,3736,2568.0,113.0,45.0,mathecondiseth2019.xlsx
2019,math,8,Not economically disadvantaged,Filipino,7212,2619.0,109.0,65.0,mathecondiseth2019.xlsx
2019,math,8,Economically disadvantaged,Hispanic or Latino,200367,2492.0,110.0,21.0,mathecondiseth2019.xlsx
2019,math,8,Not economically disadvantaged,Hispanic or Latino,53846,2545.0,117.0,37.0,mathecondiseth2019.xlsx
2019,math,8,Economically disadvantaged,Native Hawaiian or Pacific Islander,1403,2499.0,110.0,22.0,mathecondiseth2019.xlsx
2019,math,8,Not economically disadvantaged,Native Hawaiian or Pacific Islander,785,2558.0,121.0,43.0,mathecondiseth2019.xlsx
2019,math,8,Economically disadvantaged,Two or More Races,5689,2522.0,118.0,30.0,mathecondiseth2019.xlsx
2019,math,8,Not economically disadvantaged,Two or More Races,11219,2620.0,118.0,64.0,mathecondiseth2019.xlsx
2019,math,8,Economically disadvantaged,White,31084,2525.0,115.0,31.0,mathecondiseth2019.xlsx
2019,math,8,Not economically disadvantaged,White,74077,2609.0,112.0,60.0,mathecondiseth2019.xlsx
2022,math,8,Economically disadvantaged,All,260552,2481.0,115.0,18.0,mathecondisall2022.xlsx
2022,math,8,Not economically disadvantaged,All,174897,2573.0,131.0,46.0,mathecondisall2022.xlsx
2022,math,8,Economically disadvantaged,American Indian or Alaska Native,1202,2457.0,106.0,12.0,mathecondiseth2022.xlsx
2022,math,8,Not economically disadvantaged,American Indian or Alaska Native,704,2517.0,123.0,29.0,mathecondiseth2022.xlsx
2022,math,8,Economically disadvantaged,Asian,15666,2582.0,134.0,50.0,mathecondiseth2022.xlsx
2022,math,8,Not economically disadvantaged,Asian,26624,2676.0,120.0,78.0,mathecondiseth2022.xlsx
2022,math,8,Economically disadvantaged,Black or African American,15522,2439.0,103.0,8.0,mathecondiseth2022.xlsx
2022,math,8,Not economically disadvantaged,Black or African American,6555,2497.0,115.0,23.0,mathecondiseth2022.xlsx
2022,math,8,Economically disadvantaged,Filipino,3608,2551.0,115.0,39.0,mathecondiseth2022.xlsx
2022,math,8,Not economically disadvantaged,Filipino,6755,2597.0,115.0,55.0,mathecondiseth2022.xlsx
2022,math,8,Economically disadvantaged,Hispanic or Latino,188543,2471.0,107.0,14.0,mathecondiseth2022.xlsx
2022,math,8,Not economically disadvantaged,Hispanic or Latino,58654,2516.0,117.0,28.0,mathecondiseth2022.xlsx
2022,math,8,Economically disadvantaged,Native Hawaiian or Pacific Islander,1223,2475.0,110.0,16.0,mathecondiseth2022.xlsx
2022,math,8,Not economically disadvantaged,Native Hawaiian or Pacific Islander,758,2536.0,117.0,32.0,mathecondiseth2022.xlsx
2022,math,8,Economically disadvantaged,Two or More Races,7458,2491.0,119.0,21.0,mathecondiseth2022.xlsx
2022,math,8,Not economically disadvantaged,Two or More Races,12927,2590.0,129.0,53.0,mathecondiseth2022.xlsx
2022,math,8,Economically disadvantaged,White,27330,2506.0,117.0,25.0,mathecondiseth2022.xlsx
2022,math,8,Not economically disadvantaged,White,61920,2585.0,118.0,51.0,mathecondiseth2022.xlsx
2023,math,8,Economically disadvantaged,All,263218,2481.0,117.0,19.0,mathecondisall2023.xlsx
2023,math,8,Not economically disadvantaged,All,156097,2580.0,132.0,49.0,mathecondisall2023.xlsx
2023,math,8,Economically disadvantaged,American Indian or Alaska Native,1194,2458.0,108.0,13.0,mathecondiseth2023.xlsx
2023,math,8,Not economically disadvantaged,American Indian or Alaska Native,574,2521.0,132.0,30.0,mathecondiseth2023.xlsx
2023,math,8,Economically disadvantaged,Asian,15976,2583.0,136.0,51.0,mathecondiseth2023.xlsx
2023,math,8,Not economically disadvantaged,Asian,24938,2679.0,121.0,79.0,mathecondiseth2023.xlsx
2023,math,8,Economically disadvantaged,Black or African American,15565,2441.0,107.0,10.0,mathecondiseth2023.xlsx
2023,math,8,Not economically disadvantaged,Black or African American,5416,2501.0,117.0,24.0,mathecondiseth2023.xlsx
2023,math,8,Economically disadvantaged,Filipino,3762,2559.0,117.0,41.0,mathecondiseth2023.xlsx
2023,math,8,Not economically disadvantaged,Filipino,6270,2604.0,118.0,57.0,mathecondiseth2023.xlsx
2023,math,8,Economically disadvantaged,Hispanic or Latino,187813,2469.0,110.0,15.0,mathecondiseth2023.xlsx
2023,math,8,Not economically disadvantaged,Hispanic or Latino,50388,2522.0,121.0,30.0,mathecondiseth2023.xlsx
2023,math,8,Economically disadvantaged,Native Hawaiian or Pacific Islander,1163,2473.0,104.0,14.0,mathecondiseth2023.xlsx
2023,math,8,Not economically disadvantaged,Native Hawaiian or Pacific Islander,620,2531.0,124.0,32.0,mathecondiseth2023.xlsx
2023,math,8,Economically disadvantaged,Two or More Races,8399,2499.0,122.0,24.0,mathecondiseth2023.xlsx
2023,math,8,Not economically disadvantaged,Two or More Races,12491,2600.0,127.0,56.0,mathecondiseth2023.xlsx
2023,math,8,Economically disadvantaged,White,29346,2509.0,119.0,26.0,mathecondiseth2023.xlsx
2023,math,8,Not economically disadvantaged,White,55400,2590.0,119.0,53.0,mathecondiseth2023.xlsx
2024,math,8,Economically disadvantaged,All,277857,2490.0,122.0,21.0,mathecondisall2024.xlsx
2024,math,8,Not economically disadvantaged,All,149006,2589.0,135.0,51.0,mathecondisall2024.xlsx
2024,math,8,Economically disadvantaged,American Indian or Alaska Native,1284,2461.0,114.0,14.0,mathecondiseth2024.xlsx
2024,math,8,Not economically disadvantaged,American Indian or Alaska Native,525,2529.0,125.0,33.0,mathecondiseth2024.xlsx
2024,math,8,Economically disadvantaged,Asian,17874,2591.0,142.0,52.0,mathecondiseth2024.xlsx
2024,math,8,Not economically disadvantaged,Asian,24594,2688.0,123.0,81.0,mathecondiseth2024.xlsx
2024,math,8,Economically disadvantaged,Black or African American,16500,2447.0,109.0,11.0,mathecondiseth2024.xlsx
2024,math,8,Not economically disadvantaged,Black or African American,4887,2509.0,119.0,26.0,mathecondiseth2024.xlsx
2024,math,8,Economically disadvantaged,Filipino,4143,2569.0,121.0,44.0,mathecondiseth2024.xlsx
2024,math,8,Not economically disadvantaged,Filipino,5909,2616.0,122.0,61.0,mathecondiseth2024.xlsx
2024,math,8,Economically disadvantaged,Hispanic or Latino,193651,2476.0,113.0,17.0,mathecondiseth2024.xlsx
2024,math,8,Not economically disadvantaged,Hispanic or Latino,48409,2528.0,124.0,32.0,mathecondiseth2024.xlsx
2024,math,8,Economically disadvantaged,Native Hawaiian or Pacific Islander,1338,2481.0,114.0,18.0,mathecondiseth2024.xlsx
2024,math,8,Not economically disadvantaged,Native Hawaiian or Pacific Islander,518,2551.0,134.0,39.0,mathecondiseth2024.xlsx
2024,math,8,Economically disadvantaged,Two or More Races,9425,2511.0,128.0,27.0,mathecondiseth2024.xlsx
2024,math,8,Not economically disadvantaged,Two or More Races,12401,2612.0,130.0,59.0,mathecondiseth2024.xlsx
2024,math,8,Economically disadvantaged,White,33642,2520.0,124.0,30.0,mathecondiseth2024.xlsx
2024,math,8,Not economically disadvantaged,White,51763,2599.0,121.0,55.0,mathecondiseth2024.xlsx
2025,math,8,Economically disadvantaged,All,276505,2494.0,125.0,23.0,mathecondisall2025.xlsx
2025,math,8,Not economically disadvantaged,All,151763,2598.0,137.0,54.0,mathecondisall2025.xlsx
2025,math,8,Economically disadvantaged,American Indian or Alaska Native,1224,2464.0,117.0,16.0,mathecondiseth2025.xlsx
2025,math,8,Not economically disadvantaged,American Indian or Alaska Native,514,2528.0,138.0,35.0,mathecondiseth2025.xlsx
2025,math,8,Economically disadvantaged,Asian,18136,2590.0,145.0,52.0,mathecondiseth2025.xlsx
2025,math,8,Not economically disadvantaged,Asian,25420,2697.0,123.0,82.0,mathecondiseth2025.xlsx
2025,math,8,Economically disadvantaged,Black or African American,16455,2456.0,117.0,14.0,mathecondiseth2025.xlsx
2025,math,8,Not economically disadvantaged,Black or African American,4873,2522.0,127.0,31.0,mathecondiseth2025.xlsx
2025,math,8,Economically disadvantaged,Filipino,3870,2575.0,126.0,47.0,mathecondiseth2025.xlsx
2025,math,8,Not economically disadvantaged,Filipino,5898,2620.0,123.0,62.0,mathecondiseth2025.xlsx
2025,math,8,Economically disadvantaged,Hispanic or Latino,194677,2482.0,117.0,19.0,mathecondiseth2025.xlsx
2025,math,8,Not economically disadvantaged,Hispanic or Latino,48401,2540.0,126.0,36.0,mathecondiseth2025.xlsx
2025,math,8,Economically disadvantaged,Native Hawaiian or Pacific Islander,1318,2486.0,117.0,19.0,mathecondiseth2025.xlsx
2025,math,8,Not economically disadvantaged,Native Hawaiian or Pacific Islander,469,2542.0,135.0,36.0,mathecondiseth2025.xlsx
2025,math,8,Economically disadvantaged,Two or more races,9691,2514.0,130.0,29.0,mathecondiseth2025.xlsx
2025,math,8,Not economically disadvantaged,Two or more races,13096,2618.0,133.0,61.0,mathecondiseth2025.xlsx
2025,math,8,Economically disadvantaged,White,31134,2524.0,127.0,31.0,mathecondiseth2025.xlsx
2025,math,8,Not economically disadvantaged,White,53092,2605.0,123.0,57.0,mathecondiseth2025.xlsx
2015,math,11,Economically disadvantaged,All,229875,2526.7,112.1,18.71,mathecondisall2015.xlsx
2015,math,11,Not economically disadvantaged,All,188616,2601.2,127.1,43.16,mathecondisall2015.xlsx
2015,math,11,Economically disadvantaged,American Indian or Alaska Native,1344,2503.2,106.6,13.1,mathecondiseth2015.xlsx
2015,math,11,Not economically disadvantaged,American Indian or Alaska Native,1213,2562.8,115.8,29.1,mathecondiseth2015.xlsx
2015,math,11,Economically disadvantaged,Asian,15558,2625.2,121.7,51.95,mathecondiseth2015.xlsx
2015,math,11,Not economically disadvantaged,Asian,23217,2703.5,115.2,76.74,mathecondiseth2015.xlsx
2015,math,11,Economically disadvantaged,Black or African American,15612,2486.4,104.3,9.54,mathecondiseth2015.xlsx
2015,math,11,Not economically disadvantaged,Black or African American,9530,2528.6,114.3,20.31,mathecondiseth2015.xlsx
2015,math,11,Economically disadvantaged,Blank,800,2520.5,113.9,16.0,mathecondiseth2015.xlsx
2015,math,11,Not economically disadvantaged,Blank,711,2586.6,129.5,38.54,mathecondiseth2015.xlsx
2015,math,11,Economically disadvantaged,Filipino,4317,2582.3,108.6,35.95,mathecondiseth2015.xlsx
2015,math,11,Not economically disadvantaged,Filipino,9422,2622.1,108.1,50.85,mathecondiseth2015.xlsx
2015,math,11,Economically disadvantaged,Hispanic or Latino,161926,2517.7,105.7,15.36,mathecondiseth2015.xlsx
2015,math,11,Not economically disadvantaged,Hispanic or Latino,54951,2548.2,113.8,24.97,mathecondiseth2015.xlsx
2015,math,11,Economically disadvantaged,Native Hawaiian or Pacific Islander,1269,2521.8,107.3,14.81,mathecondiseth2015.xlsx
2015,math,11,Not economically disadvantaged,Native Hawaiian or Pacific Islander,1081,2562.7,117.5,28.12,mathecondiseth2015.xlsx
2015,math,11,Economically disadvantaged,Two or More Races,3030,2535.3,112.3,21.25,mathecondiseth2015.xlsx
2015,math,11,Not economically disadvantaged,Two or More Races,6734,2620.5,123.2,49.72,mathecondiseth2015.xlsx
2015,math,11,Economically disadvantaged,White,26019,2539.7,114.8,22.63,mathecondiseth2015.xlsx
2015,math,11,Not economically disadvantaged,White,81757,2613.4,120.1,47.54,mathecondiseth2015.xlsx
2016,math,11,Economically disadvantaged,All,248574,2533.0,114.0,21.0,mathecondisall2016.xlsx
2016,math,11,Not economically disadvantaged,All,183809,2615.0,124.0,48.0,mathecondisall2016.xlsx
2016,math,11,Economically disadvantaged,American Indian or Alaska Native,1376,2514.0,107.0,16.0,mathecondiseth2016.xlsx
2016,math,11,Not economically disadvantaged,American Indian or Alaska Native,1151,2568.0,112.0,30.0,mathecondiseth2016.xlsx
2016,math,11,Economically disadvantaged,Asian,16549,2634.0,120.0,56.0,mathecondiseth2016.xlsx
2016,math,11,Not economically disadvantaged,Asian,23596,2714.0,109.0,80.0,mathecondiseth2016.xlsx
2016,math,11,Economically disadvantaged,Black or African American,17324,2491.0,106.0,11.0,mathecondiseth2016.xlsx
2016,math,11,Not economically disadvantaged,Black or African American,8180,2542.0,113.0,23.0,mathecondiseth2016.xlsx
2016,math,11,Economically disadvantaged,Blank,811,2516.0,119.0,19.0,mathecondiseth2016.xlsx
2016,math,11,Not economically disadvantaged,Blank,1009,2589.0,135.0,41.0,mathecondiseth2016.xlsx
2016,math,11,Economically disadvantaged,Filipino,4474,2594.0,107.0,39.0,mathecondiseth2016.xlsx
2016,math,11,Not economically disadvantaged,Filipino,9054,2637.0,104.0,57.0,mathecondiseth2016.xlsx
2016,math,11,Economically disadvantaged,Hispanic or Latino,174922,2524.0,107.0,18.0,mathecondiseth2016.xlsx
2016,math,11,Not economically disadvantaged,Hispanic or Latino,50725,2563.0,114.0,29.0,mathecondiseth2016.xlsx
2016,math,11,Economically disadvantaged,Native Hawaiian or Pacific Islander,1292,2525.0,108.0,18.0,mathecondiseth2016.xlsx
2016,math,11,Not economically disadvantaged,Native Hawaiian or Pacific Islander,976,2575.0,117.0,34.0,mathecondiseth2016.xlsx
2016,math,11,Economically disadvantaged,Two or More Races,3814,2543.0,116.0,24.0,mathecondiseth2016.xlsx
2016,math,11,Not economically disadvantaged,Two or More Races,7325,2629.0,118.0,52.0,mathecondiseth2016.xlsx
2016,math,11,Economically disadvantaged,White,28012,2546.0,116.0,25.0,mathecondiseth2016.xlsx
2016,math,11,Not economically disadvantaged,White,81793,2624.0,116.0,51.0,mathecondiseth2016.xlsx
2017,math,11,Economically disadvantaged,All,247708,2528.0,117.0,20.0,mathecondisall2017.xlsx
2017,math,11,Not economically disadvantaged,All,194749,2612.0,128.0,47.0,mathecondisall2017.xlsx
2017,math,11,Economically disadvantaged,American Indian or Alaska Native,1430,2500.0,112.0,13.0,mathecondiseth2017.xlsx
2017,math,11,Not economically disadvantaged,American Indian or Alaska Native,1058,2565.0,121.0,31.0,mathecondiseth2017.xlsx
2017,math,11,Economically disadvantaged,Asian,17278,2635.0,125.0,56.0,mathecondiseth2017.xlsx
2017,math,11,Not economically disadvantaged,Asian,26889,2713.0,112.0,80.0,mathecondiseth2017.xlsx
2017,math,11,Economically disadvantaged,Black or African American,16186,2483.0,108.0,11.0,mathecondiseth2017.xlsx
2017,math,11,Not economically disadvantaged,Black or African American,8418,2535.0,116.0,22.0,mathecondiseth2017.xlsx
2017,math,11,Economically disadvantaged,Blank,1570,2507.0,113.0,15.0,mathecondiseth2017.xlsx
2017,math,11,Not economically disadvantaged,Blank,1271,2584.0,132.0,41.0,mathecondiseth2017.xlsx
2017,math,11,Economically disadvantaged,Filipino,4226,2588.0,112.0,38.0,mathecondiseth2017.xlsx
2017,math,11,Not economically disadvantaged,Filipino,8841,2631.0,108.0,54.0,mathecondiseth2017.xlsx
2017,math,11,Economically disadvantaged,Hispanic or Latino,175655,2518.0,110.0,17.0,mathecondiseth2017.xlsx
2017,math,11,Not economically disadvantaged,Hispanic or Latino,55999,2556.0,117.0,28.0,mathecondiseth2017.xlsx
2017,math,11,Economically disadvantaged,Native Hawaiian or Pacific Islander,1264,2520.0,110.0,17.0,mathecondiseth2017.xlsx
2017,math,11,Not economically disadvantaged,Native Hawaiian or Pacific Islander,980,2577.0,116.0,33.0,mathecondiseth2017.xlsx
2017,math,11,Economically disadvantaged,Two or More Races,3885,2541.0,119.0,24.0,mathecondiseth2017.xlsx
2017,math,11,Not economically disadvantaged,Two or More Races,8540,2629.0,123.0,53.0,mathecondiseth2017.xlsx
2017,math,11,Economically disadvantaged,White,26214,2543.0,119.0,25.0,mathecondiseth2017.xlsx
2017,math,11,Not economically disadvantaged,White,82753,2623.0,119.0,51.0,mathecondiseth2017.xlsx
2018,math,11,Economically disadvantaged,All,252960,2526.0,118.0,20.0,mathecondisall2018.xlsx
2018,math,11,Not economically disadvantaged,All,184923,2610.0,130.0,47.0,mathecondisall2018.xlsx
2018,math,11,Economically disadvantaged,American Indian or Alaska Native,1408,2502.0,110.0,13.0,mathecondiseth2018.xlsx
2018,math,11,Not economically disadvantaged,American Indian or Alaska Native,970,2553.0,120.0,28.0,mathecondiseth2018.xlsx
2018,math,11,Economically disadvantaged,Asian,17847,2632.0,127.0,55.0,mathecondiseth2018.xlsx
2018,math,11,Not economically disadvantaged,Asian,24746,2714.0,114.0,79.0,mathecondiseth2018.xlsx
2018,math,11,Economically disadvantaged,Black or African American,15942,2479.0,107.0,10.0,mathecondiseth2018.xlsx
2018,math,11,Not economically disadvantaged,Black or African American,8073,2531.0,118.0,22.0,mathecondiseth2018.xlsx
2018,math,11,Economically disadvantaged,Blank,1953,2514.0,111.0,15.0,mathecondiseth2018.xlsx
2018,math,11,Not economically disadvantaged,Blank,1632,2596.0,134.0,41.0,mathecondiseth2018.xlsx
2018,math,11,Economically disadvantaged,Filipino,4427,2588.0,112.0,39.0,mathecondiseth2018.xlsx
2018,math,11,Not economically disadvantaged,Filipino,8617,2632.0,111.0,55.0,mathecondiseth2018.xlsx
2018,math,11,Economically disadvantaged,Hispanic or Latino,177893,2515.0,111.0,17.0,mathecondiseth2018.xlsx
2018,math,11,Not economically disadvantaged,Hispanic or Latino,54540,2554.0,119.0,28.0,mathecondiseth2018.xlsx
2018,math,11,Economically disadvantaged,Native Hawaiian or Pacific Islander,1233,2523.0,115.0,20.0,mathecondiseth2018.xlsx
2018,math,11,Not economically disadvantaged,Native Hawaiian or Pacific Islander,854,2571.0,121.0,33.0,mathecondiseth2018.xlsx
2018,math,11,Economically disadvantaged,Two or More Races,4249,2539.0,121.0,25.0,mathecondiseth2018.xlsx
2018,math,11,Not economically disadvantaged,Two or More Races,8626,2632.0,124.0,54.0,mathecondiseth2018.xlsx
2018,math,11,Economically disadvantaged,White,28008,2543.0,121.0,26.0,mathecondiseth2018.xlsx
2018,math,11,Not economically disadvantaged,White,76865,2621.0,122.0,51.0,mathecondiseth2018.xlsx
2019,math,11,Economically disadvantaged,All,251428,2527.0,120.0,21.0,mathecondisall2019.xlsx
2019,math,11,Not economically disadvantaged,All,186679,2613.0,133.0,47.0,mathecondisall2019.xlsx
2019,math,11,Economically disadvantaged,American Indian or Alaska Native,1307,2496.0,112.0,13.0,mathecondiseth2019.xlsx
2019,math,11,Not economically disadvantaged,American Indian or Alaska Native,902,2556.0,119.0,27.0,mathecondiseth2019.xlsx
2019,math,11,Economically disadvantaged,Asian,16950,2635.0,130.0,55.0,mathecondiseth2019.xlsx
2019,math,11,Not economically disadvantaged,Asian,25697,2721.0,116.0,80.0,mathecondiseth2019.xlsx
2019,math,11,Economically disadvantaged,Black or African American,15450,2481.0,107.0,10.0,mathecondiseth2019.xlsx
2019,math,11,Not economically disadvantaged,Black or African American,7650,2533.0,122.0,23.0,mathecondiseth2019.xlsx
2019,math,11,Economically disadvantaged,Blank,1489,2513.0,121.0,18.0,mathecondiseth2019.xlsx
2019,math,11,Not economically disadvantaged,Blank,1916,2601.0,137.0,44.0,mathecondiseth2019.xlsx
2019,math,11,Economically disadvantaged,Filipino,4129,2594.0,114.0,40.0,mathecondiseth2019.xlsx
2019,math,11,Not economically disadvantaged,Filipino,8307,2636.0,113.0,56.0,mathecondiseth2019.xlsx
2019,math,11,Economically disadvantaged,Hispanic or Latino,178753,2517.0,113.0,17.0,mathecondiseth2019.xlsx
2019,math,11,Not economically disadvantaged,Hispanic or Latino,57484,2556.0,122.0,29.0,mathecondiseth2019.xlsx
2019,math,11,Economically disadvantaged,Native Hawaiian or Pacific Islander,1242,2524.0,113.0,20.0,mathecondiseth2019.xlsx
2019,math,11,Not economically disadvantaged,Native Hawaiian or Pacific Islander,858,2573.0,122.0,33.0,mathecondiseth2019.xlsx
2019,math,11,Economically disadvantaged,Two or More Races,4525,2539.0,123.0,24.0,mathecondiseth2019.xlsx
2019,math,11,Not economically disadvantaged,Two or More Races,9522,2633.0,127.0,54.0,mathecondiseth2019.xlsx
2019,math,11,Economically disadvantaged,White,27583,2544.0,123.0,26.0,mathecondiseth2019.xlsx
2019,math,11,Not economically disadvantaged,White,74343,2625.0,124.0,52.0,mathecondiseth2019.xlsx
2022,math,11,Economically disadvantaged,All,243130,2507.0,122.0,16.0,mathecondisall2022.xlsx
2022,math,11,Not economically disadvantaged,All,181260,2595.0,142.0,41.0,mathecondisall2022.xlsx
2022,math,11,Economically disadvantaged,American Indian or Alaska Native,1149,2481.0,112.0,9.0,mathecondiseth2022.xlsx
2022,math,11,Not economically disadvantaged,American Indian or Alaska Native,749,2538.0,128.0,25.0,mathecondiseth2022.xlsx
2022,math,11,Economically disadvantaged,Asian,16068,2618.0,139.0,50.0,mathecondiseth2022.xlsx
2022,math,11,Not economically disadvantaged,Asian,26084,2709.0,129.0,75.0,mathecondiseth2022.xlsx
2022,math,11,Economically disadvantaged,Black or African American,13328,2464.0,110.0,8.0,mathecondiseth2022.xlsx
2022,math,11,Not economically disadvantaged,Black or African American,6877,2514.0,123.0,18.0,mathecondiseth2022.xlsx
2022,math,11,Economically disadvantaged,Filipino,3966,2579.0,123.0,35.0,mathecondiseth2022.xlsx
2022,math,11,Not economically disadvantaged,Filipino,8162,2625.0,121.0,51.0,mathecondiseth2022.xlsx
2022,math,11,Economically disadvantaged,Hispanic or Latino,176020,2495.0,114.0,13.0,mathecondiseth2022.xlsx
2022,math,11,Not economically disadvantaged,Hispanic or Latino,62165,2533.0,124.0,22.0,mathecondiseth2022.xlsx
2022,math,11,Economically disadvantaged,Native Hawaiian or Pacific Islander,1035,2500.0,116.0,14.0,mathecondiseth2022.xlsx
2022,math,11,Not economically disadvantaged,Native Hawaiian or Pacific Islander,806,2552.0,129.0,26.0,mathecondiseth2022.xlsx
2022,math,11,Economically disadvantaged,Two or More Races,5971,2521.0,128.0,21.0,mathecondiseth2022.xlsx
2022,math,11,Not economically disadvantaged,Two or More Races,11923,2616.0,140.0,47.0,mathecondiseth2022.xlsx
2022,math,11,Economically disadvantaged,White,25593,2532.0,127.0,23.0,mathecondiseth2022.xlsx
2022,math,11,Not economically disadvantaged,White,64494,2609.0,132.0,46.0,mathecondiseth2022.xlsx
2023,math,11,Economically disadvantaged,All,267966,2509.0,123.0,17.0,mathecondisall2023.xlsx
2023,math,11,Not economically disadvantaged,All,172946,2602.0,142.0,43.0,mathecondisall2023.xlsx
2023,math,11,Economically disadvantaged,American Indian or Alaska Native,1197,2492.0,114.0,12.0,mathecondiseth2023.xlsx
2023,math,11,Not economically disadvantaged,American Indian or Alaska Native,707,2545.0,130.0,26.0,mathecondiseth2023.xlsx
2023,math,11,Economically disadvantaged,Asian,17425,2618.0,139.0,50.0,mathecondiseth2023.xlsx
2023,math,11,Not economically disadvantaged,Asian,25743,2712.0,128.0,76.0,mathecondiseth2023.xlsx
2023,math,11,Economically disadvantaged,Black or African American,14477,2467.0,112.0,9.0,mathecondiseth2023.xlsx
2023,math,11,Not economically disadvantaged,Black or African American,6495,2518.0,125.0,19.0,mathecondiseth2023.xlsx
2023,math,11,Economically disadvantaged,Filipino,4357,2581.0,123.0,36.0,mathecondiseth2023.xlsx
2023,math,11,Not economically disadvantaged,Filipino,7730,2631.0,121.0,53.0,mathecondiseth2023.xlsx
2023,math,11,Economically disadvantaged,Hispanic or Latino,192984,2496.0,114.0,13.0,mathecondiseth2023.xlsx
2023,math,11,Not economically disadvantaged,Hispanic or Latino,57102,2541.0,127.0,25.0,mathecondiseth2023.xlsx
2023,math,11,Economically disadvantaged,Native Hawaiian or Pacific Islander,1131,2505.0,114.0,15.0,mathecondiseth2023.xlsx
2023,math,11,Not economically disadvantaged,Native Hawaiian or Pacific Islander,731,2555.0,130.0,29.0,mathecondiseth2023.xlsx
2023,math,11,Economically disadvantaged,Two or More Races,7246,2524.0,130.0,22.0,mathecondiseth2023.xlsx
2023,math,11,Not economically disadvantaged,Two or More Races,12094,2621.0,139.0,49.0,mathecondiseth2023.xlsx
2023,math,11,Economically disadvantaged,White,29149,2535.0,128.0,24.0,mathecondiseth2023.xlsx
2023,math,11,Not economically disadvantaged,White,62344,2615.0,132.0,47.0,mathecondiseth2023.xlsx
2024,math,11,Economically disadvantaged,All,271031,2514.0,124.0,18.0,mathecondisall2024.xlsx
2024,math,11,Not economically disadvantaged,All,163680,2604.0,143.0,44.0,mathecondisall2024.xlsx
2024,math,11,Economically disadvantaged,American Indian or Alaska Native,1221,2488.0,117.0,12.0,mathecondiseth2024.xlsx
2024,math,11,Not economically disadvantaged,American Indian or Alaska Native,663,2548.0,135.0,28.0,mathecondiseth2024.xlsx
2024,math,11,Economically disadvantaged,Asian,18137,2622.0,140.0,50.0,mathecondiseth2024.xlsx
2024,math,11,Not economically disadvantaged,Asian,25072,2714.0,128.0,77.0,mathecondiseth2024.xlsx
2024,math,11,Economically disadvantaged,Black or African American,14774,2471.0,112.0,9.0,mathecondiseth2024.xlsx
2024,math,11,Not economically disadvantaged,Black or African American,5802,2527.0,125.0,22.0,mathecondiseth2024.xlsx
2024,math,11,Economically disadvantaged,Filipino,4343,2589.0,121.0,39.0,mathecondiseth2024.xlsx
2024,math,11,Not economically disadvantaged,Filipino,6911,2632.0,121.0,53.0,mathecondiseth2024.xlsx
2024,math,11,Economically disadvantaged,Hispanic or Latino,192816,2500.0,115.0,14.0,mathecondiseth2024.xlsx
2024,math,11,Not economically disadvantaged,Hispanic or Latino,54465,2542.0,127.0,25.0,mathecondiseth2024.xlsx
2024,math,11,Economically disadvantaged,Native Hawaiian or Pacific Islander,1198,2504.0,118.0,15.0,mathecondiseth2024.xlsx
2024,math,11,Not economically disadvantaged,Native Hawaiian or Pacific Islander,656,2555.0,126.0,26.0,mathecondiseth2024.xlsx
2024,math,11,Economically disadvantaged,Two or More Races,8054,2528.0,131.0,22.0,mathecondiseth2024.xlsx
2024,math,11,Not economically disadvantaged,Two or More Races,12125,2628.0,138.0,52.0,mathecondiseth2024.xlsx
2024,math,11,Economically disadvantaged,White,30488,2540.0,130.0,25.0,mathecondiseth2024.xlsx
2024,math,11,Not economically disadvantaged,White,57986,2616.0,133.0,48.0,mathecondiseth2024.xlsx
2025,math,11,Economically disadvantaged,All,274452,2523.0,129.0,21.0,mathecondisall2025.xlsx
2025,math,11,Not economically disadvantaged,All,157451,2614.0,144.0,47.0,mathecondisall2025.xlsx
2025,math,11,Economically disadvantaged,American Indian or Alaska Native,1269,2496.0,123.0,15.0,mathecondiseth2025.xlsx
2025,math,11,Not economically disadvantaged,American Indian or Alaska Native,619,2542.0,138.0,27.0,mathecondiseth2025.xlsx
2025,math,11,Economically disadvantaged,Asian,19403,2631.0,143.0,53.0,mathecondiseth2025.xlsx
2025,math,11,Not economically disadvantaged,Asian,24871,2720.0,127.0,78.0,mathecondiseth2025.xlsx
2025,math,11,Economically disadvantaged,Black or African American,14955,2485.0,121.0,13.0,mathecondiseth2025.xlsx
2025,math,11,Not economically disadvantaged,Black or African American,5561,2539.0,131.0,25.0,mathecondiseth2025.xlsx
2025,math,11,Economically disadvantaged,Filipino,4701,2594.0,123.0,40.0,mathecondiseth2025.xlsx
2025,math,11,Not economically disadvantaged,Filipino,6540,2640.0,123.0,56.0,mathecondiseth2025.xlsx
2025,math,11,Economically disadvantaged,Hispanic or Latino,193428,2509.0,121.0,17.0,mathecondiseth2025.xlsx
2025,math,11,Not economically disadvantaged,Hispanic or Latino,51472,2555.0,131.0,29.0,mathecondiseth2025.xlsx
2025,math,11,Economically disadvantaged,Native Hawaiian or Pacific Islander,1237,2521.0,125.0,19.0,mathecondiseth2025.xlsx
2025,math,11,Not economically disadvantaged,Native Hawaiian or Pacific Islander,625,2566.0,132.0,30.0,mathecondiseth2025.xlsx
2025,math,11,Economically disadvantaged,Two or more races,8414,2537.0,136.0,26.0,mathecondiseth2025.xlsx
2025,math,11,Not economically disadvantaged,Two or more races,12110,2635.0,142.0,53.0,mathecondiseth2025.xlsx
2025,math,11,Economically disadvantaged,White,31045,2547.0,135.0,28.0,mathecondiseth2025.xlsx
2025,math,11,Not economically disadvantaged,White,55653,2624.0,134.0,50.0,mathecondiseth2025.xlsx
