year,subject,grade,group_code,group_name,group_category,enrolled,tested,mean_scale_score,pct_level4_exceeded,pct_level3_met,pct_met_or_exceeded,pct_level2_nearly_met,pct_level1_not_met
2015,ela,3,1,All Students,All Students,488520,475228,2402.9,18.0,20.0,38.0,26.0,36.0
2015,ela,3,3,Male,Gender,488520,242970,2393.4,15.0,18.0,34.0,26.0,41.0
2015,ela,3,4,Female,Gender,488520,232258,2412.9,20.0,21.0,42.0,27.0,31.0
2015,ela,3,6,"IFEP, RFEP, and EO (Fluent English proficient and English only)",English-Language Fluency,488520,321896,2422.6,24.0,24.0,47.0,26.0,27.0
2015,ela,3,7,IFEP (Initial fluent English proficient),English-Language Fluency,488520,18192,2465.7,42.0,25.0,67.0,20.0,13.0
2015,ela,3,8,RFEP (Reclassified fluent English proficient),English-Language Fluency,488520,31146,2446.6,26.0,33.0,59.0,30.0,11.0
2015,ela,3,28,Migrant education,Migrant,488520,4673,2351.7,4.0,11.0,14.0,26.0,60.0
2015,ela,3,31,Socioeconomically disadvantaged,Economic Status,488520,296138,2375.9,8.0,16.0,24.0,29.0,47.0
2015,ela,3,74,Black or African American,Race and Ethnicity,488520,26688,2369.5,8.0,15.0,23.0,25.0,52.0
2015,ela,3,75,American Indian or Alaska Native,Race and Ethnicity,488520,2571,2378.6,10.0,18.0,27.0,26.0,47.0
2015,ela,3,76,Asian,Race and Ethnicity,488520,40935,2460.2,40.0,25.0,65.0,20.0,16.0
2015,ela,3,77,Filipino,Race and Ethnicity,488520,10799,2446.2,31.0,28.0,59.0,24.0,16.0
2015,ela,3,78,Hispanic or Latino,Race and Ethnicity,488520,262896,2378.8,9.0,17.0,25.0,29.0,46.0
2015,ela,3,79,Native Hawaiian or Pacific Islander,Race and Ethnicity,488520,2232,2395.4,12.0,21.0,33.0,30.0,37.0
2015,ela,3,80,White,Race and Ethnicity,488520,110663,2438.6,30.0,26.0,55.0,24.0,21.0
2015,ela,3,90,Not a high school graduate,Parent Education,488520,73248,2358.3,5.0,12.0,17.0,27.0,57.0
2015,ela,3,91,High school graduate,Parent Education,488520,99259,2376.5,8.0,16.0,24.0,29.0,47.0
2015,ela,3,92,Some college (includes AA degree),Parent Education,488520,98911,2401.0,14.0,22.0,36.0,30.0,34.0
2015,ela,3,93,College graduate,Parent Education,488520,84707,2437.7,28.0,26.0,55.0,25.0,20.0
2015,ela,3,94,Graduate school/Post graduate,Parent Education,488520,61213,2468.0,44.0,25.0,69.0,18.0,13.0
2015,ela,3,99,No reported disabilities,Disability Status,488520,429835,2409.6,19.0,21.0,40.0,27.0,33.0
2015,ela,3,111,Not socioeconomically disadvantaged,Economic Status,488520,179090,2447.5,33.0,26.0,59.0,23.0,18.0
2015,ela,3,120,ELs enrolled less than 12 months,English-Language Fluency,488520,2052,2338.2,5.0,9.0,14.0,21.0,65.0
2015,ela,3,121,Declined to state,Parent Education,488520,57605,2388.1,13.0,17.0,31.0,26.0,43.0
2015,ela,3,128,Reported disabilities,Disability Status,488520,45393,2339.6,6.0,9.0,15.0,18.0,68.0
2015,ela,3,142,ELs enrolled 12 months or more,English-Language Fluency,488520,149448,2361.7,5.0,12.0,17.0,28.0,55.0
2015,ela,3,144,Two or more races,Race and Ethnicity,488520,15534,2438.2,30.0,24.0,55.0,24.0,22.0
2015,ela,3,160,"EL (English learner, excluding RFEP)",English-Language Fluency,488520,151983,2361.4,5.0,12.0,17.0,28.0,55.0
2015,ela,3,180,EO (English only),English-Language Fluency,488520,272558,2416.9,22.0,22.0,45.0,26.0,30.0
2015,ela,3,200,Black or African American,Ethnicity for Socioeconomically Disadvantaged,488520,20191,2359.1,6.0,13.0,18.0,25.0,57.0
2015,ela,3,201,American Indian or Alaska Native,Ethnicity for Socioeconomically Disadvantaged,488520,1778,2363.1,5.0,15.0,20.0,26.0,54.0
2015,ela,3,202,Asian,Ethnicity for Socioeconomically Disadvantaged,488520,14431,2417.1,20.0,24.0,45.0,27.0,28.0
2015,ela,3,203,Filipino,Ethnicity for Socioeconomically Disadvantaged,488520,3805,2425.0,22.0,26.0,47.0,30.0,23.0
2015,ela,3,204,Hispanic or Latino,Ethnicity for Socioeconomically Disadvantaged,488520,214127,2370.4,6.0,15.0,21.0,29.0,50.0
2015,ela,3,205,Native Hawaiian or Pacific Islander,Ethnicity for Socioeconomically Disadvantaged,488520,1484,2380.0,7.0,18.0,25.0,31.0,44.0
2015,ela,3,206,White,Ethnicity for Socioeconomically Disadvantaged,488520,33042,2395.7,13.0,21.0,34.0,29.0,37.0
2015,ela,3,207,Two or more races,Ethnicity for Socioeconomically Disadvantaged,488520,5538,2394.9,13.0,20.0,33.0,29.0,37.0
2015,ela,3,220,Black or African American,Ethnicity for Not Socioeconomically Disadvantaged,488520,6497,2402.0,16.0,22.0,38.0,26.0,36.0
2015,ela,3,221,American Indian or Alaska Native,Ethnicity for Not Socioeconomically Disadvantaged,488520,793,2413.1,19.0,24.0,43.0,26.0,31.0
2015,ela,3,222,Asian,Ethnicity for Not Socioeconomically Disadvantaged,488520,26504,2483.6,51.0,25.0,76.0,16.0,9.0
2015,ela,3,223,Filipino,Ethnicity for Not Socioeconomically Disadvantaged,488520,6994,2457.7,36.0,30.0,65.0,22.0,13.0
2015,ela,3,224,Hispanic or Latino,Ethnicity for Not Socioeconomically Disadvantaged,488520,48769,2415.9,19.0,24.0,44.0,28.0,28.0
2015,ela,3,225,Native Hawaiian or Pacific Islander,Ethnicity for Not Socioeconomically Disadvantaged,488520,748,2425.9,22.0,26.0,48.0,29.0,23.0
2015,ela,3,226,White,Ethnicity for Not Socioeconomically Disadvantaged,488520,77621,2456.8,37.0,28.0,64.0,22.0,14.0
2015,ela,3,227,Two or more races,Ethnicity for Not Socioeconomically Disadvantaged,488520,9996,2462.0,40.0,27.0,66.0,20.0,13.0
2016,ela,3,1,All Students,All Students,473451,458658,2414.2,22.0,21.0,42.0,25.0,32.0
2016,ela,3,3,Male,Gender,242459,234473,2405.3,19.0,19.0,39.0,25.0,36.0
2016,ela,3,4,Female,Gender,230992,224185,2423.5,25.0,22.0,46.0,26.0,28.0
2016,ela,3,6,"IFEP, RFEP, and EO (Fluent English proficient and English only)",English-Language Fluency,333192,324333,2434.8,29.0,24.0,53.0,24.0,23.0
2016,ela,3,7,IFEP (Initial fluent English proficient),English-Language Fluency,16941,16584,2479.4,48.0,24.0,72.0,18.0,10.0
2016,ela,3,8,RFEP (Reclassified fluent English proficient),English-Language Fluency,40442,40101,2460.3,34.0,32.0,66.0,26.0,8.0
2016,ela,3,28,Migrant education,Migrant,4585,4446,2360.9,6.0,13.0,18.0,26.0,56.0
2016,ela,3,31,Socioeconomically disadvantaged,Economic Status,300441,292211,2386.7,11.0,18.0,29.0,28.0,43.0
2016,ela,3,74,Black or African American,Race and Ethnicity,26641,25436,2379.3,11.0,16.0,27.0,26.0,47.0
2016,ela,3,75,American Indian or Alaska Native,Race and Ethnicity,2461,2367,2390.1,12.0,19.0,32.0,28.0,41.0
2016,ela,3,76,Asian,Race and Ethnicity,41873,40167,2471.9,46.0,23.0,69.0,18.0,13.0
2016,ela,3,77,Filipino,Race and Ethnicity,9832,9593,2458.5,38.0,26.0,64.0,22.0,14.0
2016,ela,3,78,Hispanic or Latino,Race and Ethnicity,259596,253723,2390.1,12.0,18.0,31.0,28.0,41.0
2016,ela,3,79,Native Hawaiian or Pacific Islander,Race and Ethnicity,2256,2171,2401.3,16.0,20.0,36.0,29.0,36.0
2016,ela,3,80,White,Race and Ethnicity,110307,105914,2449.7,35.0,25.0,60.0,22.0,18.0
2016,ela,3,90,Not a high school graduate,Parent Education,69613,67780,2367.8,7.0,14.0,20.0,27.0,52.0
2016,ela,3,91,High school graduate,Parent Education,99110,96624,2386.9,11.0,18.0,29.0,29.0,42.0
2016,ela,3,92,Some college (includes AA degree),Parent Education,98799,96067,2411.7,18.0,23.0,41.0,28.0,31.0
2016,ela,3,93,College graduate,Parent Education,87498,84678,2448.5,34.0,25.0,59.0,22.0,18.0
2016,ela,3,94,Graduate school/Post graduate,Parent Education,62789,60473,2479.4,49.0,23.0,73.0,16.0,11.0
2016,ela,3,99,No reported disabilities,Disability Status,423182,410751,2422.0,24.0,22.0,45.0,26.0,28.0
2016,ela,3,111,Not socioeconomically disadvantaged,Economic Status,173010,166447,2462.3,40.0,25.0,66.0,20.0,14.0
2016,ela,3,120,ELs enrolled less than 12 months,English-Language Fluency,4001,1637,2346.7,6.0,11.0,18.0,20.0,62.0
2016,ela,3,121,Declined to state,Parent Education,54900,52753,2398.2,17.0,18.0,35.0,26.0,39.0
2016,ela,3,128,Reported disabilities,Disability Status,50269,47907,2346.7,7.0,9.0,17.0,18.0,65.0
2016,ela,3,142,ELs enrolled 12 months or more,English-Language Fluency,133258,130918,2364.4,5.0,13.0,18.0,28.0,54.0
2016,ela,3,144,Two or more races,Race and Ethnicity,16872,16314,2449.6,36.0,24.0,59.0,21.0,20.0
2016,ela,3,160,"EL (English learner, excluding RFEP)",English-Language Fluency,138219,133345,2364.2,5.0,12.0,18.0,28.0,54.0
2016,ela,3,180,EO (English only),English-Language Fluency,275809,267648,2428.2,27.0,23.0,49.0,24.0,27.0
2016,ela,3,200,Black or African American,Ethnicity for Socioeconomically Disadvantaged,20910,20000,2368.2,8.0,14.0,22.0,26.0,53.0
2016,ela,3,201,American Indian or Alaska Native,Ethnicity for Socioeconomically Disadvantaged,1727,1662,2373.9,7.0,16.0,24.0,28.0,48.0
2016,ela,3,202,Asian,Ethnicity for Socioeconomically Disadvantaged,14837,14211,2429.2,26.0,24.0,50.0,25.0,25.0
2016,ela,3,203,Filipino,Ethnicity for Socioeconomically Disadvantaged,3553,3414,2436.7,28.0,25.0,53.0,26.0,20.0
2016,ela,3,204,Hispanic or Latino,Ethnicity for Socioeconomically Disadvantaged,214844,210401,2381.3,9.0,17.0,26.0,29.0,45.0
2016,ela,3,205,Native Hawaiian or Pacific Islander,Ethnicity for Socioeconomically Disadvantaged,1602,1547,2388.0,11.0,18.0,29.0,30.0,41.0
2016,ela,3,206,White,Ethnicity for Socioeconomically Disadvantaged,34712,33217,2406.7,17.0,22.0,39.0,27.0,33.0
2016,ela,3,207,Two or more races,Ethnicity for Socioeconomically Disadvantaged,6435,6170,2406.0,18.0,21.0,39.0,27.0,35.0
2016,ela,3,220,Black or African American,Ethnicity for Not Socioeconomically Disadvantaged,5731,5436,2420.0,22.0,24.0,46.0,26.0,28.0
2016,ela,3,221,American Indian or Alaska Native,Ethnicity for Not Socioeconomically Disadvantaged,734,705,2428.1,24.0,26.0,51.0,25.0,24.0
2016,ela,3,222,Asian,Ethnicity for Not Socioeconomically Disadvantaged,27036,25956,2495.2,57.0,23.0,80.0,14.0,7.0
2016,ela,3,223,Filipino,Ethnicity for Not Socioeconomically Disadvantaged,6279,6179,2470.6,43.0,27.0,70.0,20.0,10.0
2016,ela,3,224,Hispanic or Latino,Ethnicity for Not Socioeconomically Disadvantaged,44752,43322,2433.2,26.0,26.0,52.0,26.0,22.0
2016,ela,3,225,Native Hawaiian or Pacific Islander,Ethnicity for Not Socioeconomically Disadvantaged,654,624,2434.3,27.0,25.0,52.0,26.0,22.0
2016,ela,3,226,White,Ethnicity for Not Socioeconomically Disadvantaged,75595,72697,2469.3,43.0,26.0,69.0,19.0,12.0
2016,ela,3,227,Two or more races,Ethnicity for Not Socioeconomically Disadvantaged,10437,10144,2476.2,47.0,25.0,72.0,18.0,11.0
2017,ela,3,1,All Students,All Students,463511,452483,2415.0,22.8,21.1,43.9,24.0,32.1
2017,ela,3,3,Male,Gender,238441,232288,2406.1,20.11,20.18,40.29,23.92,35.78
2017,ela,3,4,Female,Gender,225070,220195,2424.4,25.63,22.07,47.69,24.09,28.22
2017,ela,3,6,"IFEP, RFEP, and EO (Fluent English proficient and English only)",English-Language Fluency,335293,329333,2434.8,29.25,24.28,53.53,22.94,23.53
2017,ela,3,7,IFEP (Initial fluent English proficient),English-Language Fluency,16855,16728,2481.1,49.33,24.45,73.78,16.36,9.86
2017,ela,3,8,RFEP (Reclassified fluent English proficient),English-Language Fluency,46737,46569,2459.0,33.75,31.96,65.71,24.83,9.46
2017,ela,3,28,Migrant education,Migrant,4126,4020,2365.3,6.67,15.15,21.82,25.05,53.13
2017,ela,3,31,Socioeconomically disadvantaged,Economic Status,286793,280773,2388.0,12.64,18.5,31.14,26.59,42.27
2017,ela,3,74,Black or African American,Race and Ethnicity,25289,24482,2378.3,11.66,16.24,27.9,24.44,47.66
2017,ela,3,75,American Indian or Alaska Native,Race and Ethnicity,2301,2233,2388.6,14.04,18.88,32.91,24.53,42.56
2017,ela,3,76,Asian,Race and Ethnicity,41964,40700,2472.9,46.88,23.27,70.15,16.61,13.25
2017,ela,3,77,Filipino,Race and Ethnicity,8855,8693,2456.3,36.36,27.88,64.24,21.02,14.74
2017,ela,3,78,Hispanic or Latino,Race and Ethnicity,255601,250867,2392.0,13.76,19.07,32.83,26.78,40.4
2017,ela,3,79,Native Hawaiian or Pacific Islander,Race and Ethnicity,2101,2045,2403.1,16.44,20.65,37.08,28.38,34.54
2017,ela,3,80,White,Race and Ethnicity,104844,101804,2448.8,34.94,25.51,60.45,20.87,18.68
2017,ela,3,90,Not a high school graduate,Parent Education,66325,64807,2369.6,7.85,14.94,22.79,26.05,51.16
2017,ela,3,91,High school graduate,Parent Education,97277,95337,2387.8,12.17,18.48,30.66,27.31,42.04
2017,ela,3,92,Some college (includes AA degree),Parent Education,96010,94156,2412.0,19.29,23.19,42.48,26.65,30.87
2017,ela,3,93,College graduate,Parent Education,87222,85142,2448.1,34.21,25.86,60.07,21.53,18.4
2017,ela,3,94,Graduate school/Post graduate,Parent Education,62751,61143,2477.7,48.95,23.75,72.7,15.79,11.51
2017,ela,3,99,No reported disabilities,Disability Status,411773,403158,2423.4,24.66,22.48,47.13,24.79,28.08
2017,ela,3,111,Not socioeconomically disadvantaged,Economic Status,176718,171710,2459.2,39.4,25.35,64.75,19.77,15.48
2017,ela,3,120,ELs enrolled less than 12 months,English-Language Fluency,4404,1530,2345.8,7.02,10.96,17.98,19.42,62.6
2017,ela,3,121,Declined to state,Parent Education,53515,51706,2398.8,17.8,18.87,36.66,24.33,39.01
2017,ela,3,128,Reported disabilities,Disability Status,51738,49325,2346.5,7.59,9.81,17.41,17.58,65.01
2017,ela,3,142,ELs enrolled 12 months or more,English-Language Fluency,121193,119867,2362.0,5.42,12.55,17.97,26.98,55.04
2017,ela,3,144,Two or more races,Race and Ethnicity,18687,18221,2447.8,35.9,23.29,59.19,20.43,20.37
2017,ela,3,160,"EL (English learner, excluding RFEP)",English-Language Fluency,126581,122291,2361.8,5.44,12.53,17.97,26.89,55.14
2017,ela,3,170,EverEL,English-Language Fluency,173318,168860,2388.6,13.25,17.89,31.14,26.32,42.54
2017,ela,3,180,EO (English only),English-Language Fluency,271701,266036,2427.6,27.2,22.93,50.12,23.02,26.85
2017,ela,3,190,TBD (To be determined),English-Language Fluency,436,171,2378.3,15.2,19.88,35.09,17.54,47.37
2017,ela,3,200,Black or African American,Ethnicity for Socioeconomically Disadvantaged,19634,19038,2366.7,8.36,14.3,22.65,24.37,52.97
2017,ela,3,201,American Indian or Alaska Native,Ethnicity for Socioeconomically Disadvantaged,1590,1543,2374.1,9.48,16.04,25.52,25.78,48.7
2017,ela,3,202,Asian,Ethnicity for Socioeconomically Disadvantaged,14435,13952,2431.9,28.48,23.66,52.14,23.0,24.87
2017,ela,3,203,Filipino,Ethnicity for Socioeconomically Disadvantaged,3221,3146,2437.4,27.98,26.45,54.44,25.34,20.22
2017,ela,3,204,Hispanic or Latino,Ethnicity for Socioeconomically Disadvantaged,206723,203373,2383.2,10.8,17.81,28.61,27.24,44.15
2017,ela,3,205,Native Hawaiian or Pacific Islander,Ethnicity for Socioeconomically Disadvantaged,1431,1391,2388.8,10.86,19.42,30.29,29.14,40.58
2017,ela,3,206,White,Ethnicity for Socioeconomically Disadvantaged,31079,30011,2406.2,18.05,22.36,40.41,25.68,33.91
2017,ela,3,207,Two or more races,Ethnicity for Socioeconomically Disadvantaged,6673,6474,2402.4,17.56,20.41,37.97,25.91,36.13
2017,ela,3,220,Black or African American,Ethnicity for Not Socioeconomically Disadvantaged,5655,5444,2418.9,23.22,23.04,46.26,24.66,29.09
2017,ela,3,221,American Indian or Alaska Native,Ethnicity for Not Socioeconomically Disadvantaged,711,690,2420.9,24.2,25.22,49.42,21.74,28.84
2017,ela,3,222,Asian,Ethnicity for Not Socioeconomically Disadvantaged,27529,26748,2494.3,56.48,23.07,79.54,13.27,7.18
2017,ela,3,223,Filipino,Ethnicity for Not Socioeconomically Disadvantaged,5634,5547,2467.0,41.11,28.69,69.8,18.57,11.63
2017,ela,3,224,Hispanic or Latino,Ethnicity for Not Socioeconomically Disadvantaged,48878,47494,2429.8,26.42,24.48,50.91,24.78,24.31
2017,ela,3,225,Native Hawaiian or Pacific Islander,Ethnicity for Not Socioeconomically Disadvantaged,670,654,2433.5,28.29,23.24,51.53,26.76,21.71
2017,ela,3,226,White,Ethnicity for Not Socioeconomically Disadvantaged,73765,71793,2466.6,41.99,26.82,68.82,18.86,12.32
2017,ela,3,227,Two or more races,Ethnicity for Not Socioeconomically Disadvantaged,12014,11747,2472.8,46.01,24.88,70.89,17.42,11.7
2018,ela,3,1,All Students,All Students,445017,434468,2424.0,26.13,22.09,48.22,23.49,28.29
2018,ela,3,3,Male,Gender,228446,222519,2415.2,23.31,21.2,44.51,23.51,31.98
2018,ela,3,4,Female,Gender,216571,211949,2433.4,29.1,23.02,52.12,23.47,24.41
2018,ela,3,6,"IFEP, RFEP, and EO (Fluent English proficient and English only)",English-Language Fluency,330041,323903,2443.0,32.78,24.67,57.46,21.98,20.57
2018,ela,3,7,IFEP (Initial fluent English proficient),English-Language Fluency,16526,16403,2489.3,53.73,23.25,76.98,14.97,8.04
2018,ela,3,8,RFEP (Reclassified fluent English proficient),English-Language Fluency,49516,49260,2464.5,36.89,31.98,68.87,22.55,8.58
2018,ela,3,28,Migrant education,Migrant,3835,3731,2376.4,9.11,17.48,26.59,26.4,47.01
2018,ela,3,31,Socioeconomically disadvantaged,Economic Status,278436,272577,2398.4,15.78,20.37,36.15,26.73,37.12
2018,ela,3,74,Black or African American,Race and Ethnicity,23899,23212,2386.8,13.98,18.31,32.29,24.34,43.37
2018,ela,3,75,American Indian or Alaska Native,Race and Ethnicity,2114,2035,2396.8,15.34,19.96,35.3,26.45,38.25
2018,ela,3,76,Asian,Race and Ethnicity,40177,39025,2480.2,50.5,22.88,73.38,14.67,11.95
2018,ela,3,77,Filipino,Race and Ethnicity,8391,8259,2465.9,42.02,26.33,68.35,18.71,12.94
2018,ela,3,78,Hispanic or Latino,Race and Ethnicity,243957,239474,2402.3,16.9,20.91,37.81,26.81,35.38
2018,ela,3,79,Native Hawaiian or Pacific Islander,Race and Ethnicity,1979,1926,2410.3,20.22,21.57,41.79,25.26,32.95
2018,ela,3,80,White,Race and Ethnicity,101164,97991,2454.7,38.22,24.91,63.14,19.94,16.92
2018,ela,3,90,Not a high school graduate,Parent Education,61997,60574,2378.7,9.99,16.81,26.79,26.99,46.22
2018,ela,3,91,High school graduate,Parent Education,94424,92531,2397.1,14.83,20.76,35.59,27.12,37.29
2018,ela,3,92,Some college (includes AA degree),Parent Education,91433,89632,2421.2,22.9,24.06,46.96,26.13,26.91
2018,ela,3,93,College graduate,Parent Education,85835,83838,2455.3,37.76,25.79,63.54,20.19,16.26
2018,ela,3,94,Graduate school/Post graduate,Parent Education,61975,60352,2484.6,52.65,22.95,75.6,14.39,10.01
2018,ela,3,99,No reported disabilities,Disability Status,394392,386281,2432.7,28.25,23.48,51.73,24.01,24.26
2018,ela,3,111,Not socioeconomically disadvantaged,Economic Status,166581,161891,2467.2,43.56,24.98,68.54,18.05,13.41
2018,ela,3,120,ELs enrolled less than 12 months,English-Language Fluency,3630,1375,2349.5,7.0,14.0,21.01,19.11,59.88
2018,ela,3,121,Declined to state,Parent Education,49027,47393,2407.4,20.62,20.07,40.68,24.39,34.92
2018,ela,3,128,Reported disabilities,Disability Status,50625,48187,2354.7,9.14,10.93,20.07,19.33,60.61
2018,ela,3,142,ELs enrolled 12 months or more,English-Language Fluency,109516,108079,2368.5,6.53,14.51,21.04,28.1,50.86
2018,ela,3,144,Two or more races,Race and Ethnicity,19261,18839,2456.6,39.64,24.0,63.64,18.99,17.37
2018,ela,3,160,"EL (English learner, excluding RFEP)",English-Language Fluency,113724,109936,2368.2,6.54,14.49,21.03,27.99,50.99
2018,ela,3,170,EverEL,English-Language Fluency,163240,159196,2398.0,15.93,19.9,35.84,26.3,37.86
2018,ela,3,180,EO (English only),English-Language Fluency,263999,258240,2436.0,30.67,23.37,54.04,22.31,23.65
2018,ela,3,190,TBD (To be determined),English-Language Fluency,415,180,2375.9,17.61,14.2,31.82,19.32,48.86
2018,ela,3,200,Black or African American,Ethnicity for Socioeconomically Disadvantaged,18759,18234,2376.1,10.69,16.74,27.43,24.47,48.09
2018,ela,3,201,American Indian or Alaska Native,Ethnicity for Socioeconomically Disadvantaged,1484,1429,2382.4,10.22,17.51,27.73,27.87,44.4
2018,ela,3,202,Asian,Ethnicity for Socioeconomically Disadvantaged,14484,14015,2441.4,32.27,24.71,56.98,21.26,21.76
2018,ela,3,203,Filipino,Ethnicity for Socioeconomically Disadvantaged,3066,2995,2445.5,31.99,26.78,58.76,23.04,18.2
2018,ela,3,204,Hispanic or Latino,Ethnicity for Socioeconomically Disadvantaged,197435,194146,2393.4,13.66,19.83,33.49,27.65,38.86
2018,ela,3,205,Native Hawaiian or Pacific Islander,Ethnicity for Socioeconomically Disadvantaged,1368,1333,2398.7,16.15,20.29,36.44,25.24,38.32
2018,ela,3,206,White,Ethnicity for Socioeconomically Disadvantaged,32627,31516,2415.6,21.73,23.04,44.76,25.61,29.63
2018,ela,3,207,Two or more races,Ethnicity for Socioeconomically Disadvantaged,7098,6906,2415.6,22.22,22.46,44.68,25.1,30.22
2018,ela,3,220,Black or African American,Ethnicity for Not Socioeconomically Disadvantaged,5140,4978,2426.0,26.03,24.04,50.07,23.86,26.07
2018,ela,3,221,American Indian or Alaska Native,Ethnicity for Not Socioeconomically Disadvantaged,630,606,2430.7,27.39,25.74,53.14,23.1,23.76
2018,ela,3,222,Asian,Ethnicity for Not Socioeconomically Disadvantaged,25693,25010,2501.9,60.71,21.86,82.57,10.98,6.45
2018,ela,3,223,Filipino,Ethnicity for Not Socioeconomically Disadvantaged,5325,5264,2477.6,47.73,26.08,73.81,16.25,9.94
2018,ela,3,224,Hispanic or Latino,Ethnicity for Not Socioeconomically Disadvantaged,46522,45328,2440.3,30.8,25.51,56.31,23.25,20.44
2018,ela,3,225,Native Hawaiian or Pacific Islander,Ethnicity for Not Socioeconomically Disadvantaged,611,593,2436.6,29.34,24.45,53.79,25.3,20.91
2018,ela,3,226,White,Ethnicity for Not Socioeconomically Disadvantaged,68537,66475,2473.3,46.04,25.8,71.84,17.25,10.9
2018,ela,3,227,Two or more races,Ethnicity for Not Socioeconomically Disadvantaged,12163,11933,2480.3,49.71,24.89,74.6,15.45,9.94
2019,ela,3,1,All Students,All Students,453153,442858,2425.2,26.35,22.19,48.54,23.42,28.04
2019,ela,3,3,Male,Gender,231186,225530,2417.0,23.86,21.16,45.02,23.54,31.44
2019,ela,3,4,Female,Gender,221967,217328,2433.8,28.93,23.27,52.2,23.29,24.51
2019,ela,3,6,"IFEP, RFEP, and EO (Fluent English proficient and English only)",English-Language Fluency,352884,346840,2442.5,32.09,24.76,56.85,22.39,20.76
2019,ela,3,7,IFEP (Initial fluent English proficient),English-Language Fluency,16409,16255,2491.5,54.47,23.98,78.45,13.96,7.59
2019,ela,3,8,RFEP (Reclassified fluent English proficient),English-Language Fluency,62903,62674,2457.3,33.37,30.7,64.08,25.32,10.61
2019,ela,3,28,Migrant education,Migrant,3861,3757,2376.8,9.96,16.51,26.46,26.68,46.86
2019,ela,3,31,Socioeconomically disadvantaged,Economic Status,280793,275098,2399.6,16.07,20.54,36.61,26.53,36.86
2019,ela,3,50,Armed forces family member,Military Status,4968,4856,2446.4,33.45,25.44,58.89,22.06,19.05
2019,ela,3,51,Not armed forces family member,Military Status,448185,438002,2425.0,26.27,22.16,48.43,23.43,28.14
2019,ela,3,52,Homeless,Homeless Status,18562,17731,2387.5,12.87,18.3,31.18,26.36,42.46
2019,ela,3,53,Not homeless,Homeless Status,434591,425127,2426.8,26.91,22.36,49.27,23.3,27.44
2019,ela,3,74,Black or African American,Race and Ethnicity,24153,23407,2386.4,13.93,17.37,31.31,24.84,43.85
2019,ela,3,75,American Indian or Alaska Native,Race and Ethnicity,2172,2102,2398.2,16.42,20.47,36.89,24.65,38.46
2019,ela,3,76,Asian,Race and Ethnicity,41795,40758,2479.8,50.04,22.76,72.8,14.99,12.2
2019,ela,3,77,Filipino,Race and Ethnicity,8699,8567,2464.4,41.09,26.07,67.16,19.38,13.46
2019,ela,3,78,Hispanic or Latino,Race and Ethnicity,248271,243659,2404.0,17.3,21.19,38.49,26.66,34.85
2019,ela,3,79,Native Hawaiian or Pacific Islander,Race and Ethnicity,1935,1883,2406.4,17.69,21.36,39.05,27.52,33.42
2019,ela,3,80,White,Race and Ethnicity,102087,99175,2455.1,38.04,24.92,62.97,19.84,17.19
2019,ela,3,90,Not a high school graduate,Parent Education,61169,59762,2380.5,10.5,17.03,27.53,26.95,45.52
2019,ela,3,91,High school graduate,Parent Education,97127,95290,2397.8,14.87,20.64,35.51,27.48,37.01
2019,ela,3,92,Some college (includes AA degree),Parent Education,93296,91525,2421.1,22.56,24.56,47.12,25.69,27.19
2019,ela,3,93,College graduate,Parent Education,89455,87535,2455.6,37.71,25.31,63.02,20.54,16.44
2019,ela,3,94,Graduate school/Post graduate,Parent Education,65379,63765,2484.5,52.08,23.08,75.16,14.6,10.24
2019,ela,3,99,No reported disabilities,Disability Status,399490,391634,2433.9,28.53,23.57,52.1,23.93,23.97
2019,ela,3,111,Not socioeconomically disadvantaged,Economic Status,172360,167760,2467.2,43.21,24.91,68.12,18.31,13.57
2019,ela,3,120,ELs enrolled less than 12 months,English-Language Fluency,4040,1402,2348.6,7.52,11.68,19.2,19.63,61.17
2019,ela,3,121,Declined to state,Parent Education,46432,44838,2408.0,20.85,20.21,41.06,23.6,35.34
2019,ela,3,128,Reported disabilities,Disability Status,53663,51224,2358.6,9.63,11.7,21.32,19.5,59.18
2019,ela,3,142,ELs enrolled 12 months or more,English-Language Fluency,94725,93614,2363.0,5.52,12.91,18.43,27.29,54.28
2019,ela,3,144,Two or more races,Race and Ethnicity,20225,19807,2458.3,40.33,24.07,64.4,18.59,17.01
2019,ela,3,160,"EL (English learner, excluding RFEP)",English-Language Fluency,99549,95618,2362.8,5.54,12.89,18.43,27.17,54.4
2019,ela,3,170,EverEL,English-Language Fluency,162452,158292,2400.2,16.56,19.94,36.51,26.44,37.06
2019,ela,3,180,EO (English only),English-Language Fluency,273572,267911,2436.0,30.43,23.42,53.85,22.21,23.93
2019,ela,3,190,TBD (To be determined),English-Language Fluency,355,146,2384.8,19.31,16.55,35.86,17.24,46.9
2019,ela,3,200,Black or African American,Ethnicity for Socioeconomically Disadvantaged,18952,18376,2375.4,10.4,15.93,26.33,25.17,48.49
2019,ela,3,201,American Indian or Alaska Native,Ethnicity for Socioeconomically Disadvantaged,1494,1449,2381.6,11.04,17.67,28.71,26.5,44.79
2019,ela,3,202,Asian,Ethnicity for Socioeconomically Disadvantaged,14719,14377,2439.0,31.02,24.51,55.53,21.66,22.81
2019,ela,3,203,Filipino,Ethnicity for Socioeconomically Disadvantaged,3186,3126,2444.4,31.78,26.43,58.21,22.46,19.33
2019,ela,3,204,Hispanic or Latino,Ethnicity for Socioeconomically Disadvantaged,198729,195438,2395.3,14.16,20.14,34.3,27.4,38.3
2019,ela,3,205,Native Hawaiian or Pacific Islander,Ethnicity for Socioeconomically Disadvantaged,1387,1351,2394.0,13.03,19.62,32.64,29.16,38.19
2019,ela,3,206,White,Ethnicity for Socioeconomically Disadvantaged,33101,32039,2415.9,21.76,22.98,44.74,24.98,30.28
2019,ela,3,207,Two or more races,Ethnicity for Socioeconomically Disadvantaged,7207,7027,2414.6,21.98,22.76,44.75,24.56,30.69
2019,ela,3,220,Black or African American,Ethnicity for Not Socioeconomically Disadvantaged,5201,5031,2426.7,26.84,22.64,49.48,23.62,26.9
2019,ela,3,221,American Indian or Alaska Native,Ethnicity for Not Socioeconomically Disadvantaged,678,653,2434.9,28.37,26.69,55.06,20.55,24.39
2019,ela,3,222,Asian,Ethnicity for Not Socioeconomically Disadvantaged,27076,26381,2502.0,60.4,21.81,82.22,11.36,6.43
2019,ela,3,223,Filipino,Ethnicity for Not Socioeconomically Disadvantaged,5513,5441,2475.9,46.43,25.86,72.3,17.61,10.09
2019,ela,3,224,Hispanic or Latino,Ethnicity for Not Socioeconomically Disadvantaged,49542,48221,2439.1,30.03,25.44,55.47,23.67,20.86
2019,ela,3,225,Native Hawaiian or Pacific Islander,Ethnicity for Not Socioeconomically Disadvantaged,548,532,2438.0,29.57,25.8,55.37,23.35,21.28
2019,ela,3,226,White,Ethnicity for Not Socioeconomically Disadvantaged,68986,67136,2473.8,45.81,25.85,71.66,17.39,10.95
2019,ela,3,227,Two or more races,Ethnicity for Not Socioeconomically Disadvantaged,13018,12780,2482.3,50.41,24.79,75.2,15.31,9.49
2021,ela,3,1,All Students,All Students,432992,80311,2403.3,20.16,19.63,39.79,23.78,36.43
2021,ela,3,3,Male,Gender,221170,40659,2395.9,18.11,18.78,36.89,23.8,39.31
2021,ela,3,4,Female,Gender,211800,39648,2410.8,22.27,20.51,42.77,23.74,33.48
2021,ela,3,6,"IFEP, RFEP, and EO (Fluent English proficient and English only)",English-Language Fluency,320066,60353,2422.5,25.22,22.7,47.92,23.93,28.15
2021,ela,3,7,IFEP (Initial fluent English proficient),English-Language Fluency,15481,2916,2481.4,48.25,23.52,71.77,16.96,11.26
2021,ela,3,8,RFEP (Reclassified fluent English proficient),English-Language Fluency,35618,5398,2441.3,29.2,25.91,55.11,25.97,18.92
2021,ela,3,28,Migrant education,Migrant,3531,735,2331.5,3.68,8.46,12.14,20.19,67.67
2021,ela,3,29,Not migrant education,Migrant,429461,79576,2404.0,20.31,19.73,40.05,23.81,36.14
2021,ela,3,31,Socioeconomically disadvantaged,Economic Status,258161,43429,2366.8,8.86,15.08,23.94,25.22,50.84
2021,ela,3,50,Armed forces family member,Military Status,5608,975,2419.1,24.18,22.33,46.5,23.56,29.94
2021,ela,3,51,Not armed forces family member,Military Status,427384,79336,2403.1,20.11,19.6,39.71,23.78,36.51
2021,ela,3,52,Homeless,Homeless Status,15396,1692,2355.1,7.55,12.54,20.08,24.06,55.85
2021,ela,3,53,Not homeless,Homeless Status,417596,78619,2404.3,20.43,19.78,40.22,23.77,36.01
2021,ela,3,74,Black or African American,Race and Ethnicity,22567,3084,2369.6,10.55,15.41,25.95,24.42,49.62
2021,ela,3,75,American Indian or Alaska Native,Race and Ethnicity,1880,573,2363.1,8.06,14.19,22.24,24.87,52.89
2021,ela,3,76,Asian,Race and Ethnicity,43053,7781,2462.0,42.19,21.91,64.1,18.31,17.6
2021,ela,3,77,Filipino,Race and Ethnicity,8181,1330,2445.6,32.45,25.15,57.61,23.57,18.83
2021,ela,3,78,Hispanic or Latino,Race and Ethnicity,239467,39021,2370.0,9.6,15.63,25.23,25.47,49.3
2021,ela,3,79,Native Hawaiian or Pacific Islander,Race and Ethnicity,1825,339,2377.7,13.06,15.43,28.49,24.33,47.18
2021,ela,3,80,White,Race and Ethnicity,90643,22588,2435.4,29.04,25.29,54.33,23.09,22.58
2021,ela,3,90,Not a high school graduate,Parent Education,46021,8380,2338.7,4.36,9.23,13.58,21.79,64.63
2021,ela,3,91,High school graduate,Parent Education,82969,16067,2360.9,7.13,13.93,21.05,25.91,53.04
2021,ela,3,92,Some college (includes AA degree),Parent Education,83123,17498,2391.2,13.12,20.68,33.8,27.56,38.64
2021,ela,3,93,College graduate,Parent Education,85179,17969,2433.9,27.89,25.2,53.1,24.14,22.76
2021,ela,3,94,Graduate school/Post graduate,Parent Education,62524,14331,2472.2,44.94,24.72,69.66,17.67,12.67
2021,ela,3,99,No reported disabilities,Disability Status,380921,71557,2409.7,21.6,20.64,42.24,24.12,33.65
2021,ela,3,111,Not socioeconomically disadvantaged,Economic Status,174831,36882,2446.2,33.43,24.97,58.39,22.08,19.52
2021,ela,3,120,ELs enrolled less than 12 months,English-Language Fluency,1709,148,2313.1,6.76,6.08,12.84,10.81,76.35
2021,ela,3,121,Declined to state,Parent Education,73061,6040,2385.4,15.11,17.38,32.49,23.31,44.2
2021,ela,3,128,Reported disabilities,Disability Status,52071,8754,2350.7,8.38,11.4,19.78,21.0,59.22
2021,ela,3,142,ELs enrolled 12 months or more,English-Language Fluency,110370,19628,2345.4,4.8,10.34,15.14,23.46,61.4
2021,ela,3,144,Two or more races,Race and Ethnicity,25376,5595,2437.5,31.15,23.25,54.41,21.96,23.63
2021,ela,3,160,"EL (English learner, excluding RFEP)",English-Language Fluency,112569,19905,2345.1,4.8,10.31,15.11,23.31,61.58
2021,ela,3,170,EverEL,English-Language Fluency,148187,25303,2365.6,10.01,13.64,23.65,23.88,52.47
2021,ela,3,180,EO (English only),English-Language Fluency,268967,52039,2417.2,23.51,22.32,45.84,24.11,30.05
2021,ela,3,190,TBD (To be determined),English-Language Fluency,192,16,2361.4,18.75,6.25,25.0,18.75,56.25
2021,ela,3,200,Black or African American,Ethnicity for Socioeconomically Disadvantaged,17015,2187,2355.2,7.2,13.05,20.25,23.8,55.95
2021,ela,3,201,American Indian or Alaska Native,Ethnicity for Socioeconomically Disadvantaged,1292,406,2350.5,5.94,10.15,16.09,24.5,59.41
2021,ela,3,202,Asian,Ethnicity for Socioeconomically Disadvantaged,14564,2380,2397.2,16.97,19.76,36.72,26.21,37.06
2021,ela,3,203,Filipino,Ethnicity for Socioeconomically Disadvantaged,2703,366,2420.4,21.04,24.59,45.63,27.6,26.78
2021,ela,3,204,Hispanic or Latino,Ethnicity for Socioeconomically Disadvantaged,183221,28837,2356.6,6.4,13.16,19.56,25.01,55.43
2021,ela,3,205,Native Hawaiian or Pacific Islander,Ethnicity for Socioeconomically Disadvantaged,1208,205,2360.5,8.87,12.81,21.67,22.66,55.67
2021,ela,3,206,White,Ethnicity for Socioeconomically Disadvantaged,28794,7095,2393.3,14.46,21.0,35.46,25.89,38.65
2021,ela,3,207,Two or more races,Ethnicity for Socioeconomically Disadvantaged,9364,1953,2389.5,14.97,18.0,32.97,26.18,40.84
2021,ela,3,220,Black or African American,Ethnicity for Not Socioeconomically Disadvantaged,5552,897,2404.7,18.66,21.12,39.78,25.92,34.3
2021,ela,3,221,American Indian or Alaska Native,Ethnicity for Not Socioeconomically Disadvantaged,588,167,2393.6,13.17,23.95,37.13,25.75,37.13
2021,ela,3,222,Asian,Ethnicity for Not Socioeconomically Disadvantaged,28489,5401,2490.4,53.25,22.86,76.11,14.84,9.06
2021,ela,3,223,Filipino,Ethnicity for Not Socioeconomically Disadvantaged,5478,964,2455.2,36.8,25.36,62.16,22.04,15.8
2021,ela,3,224,Hispanic or Latino,Ethnicity for Not Socioeconomically Disadvantaged,56246,10184,2407.9,18.62,22.62,41.24,26.76,32.01
2021,ela,3,225,Native Hawaiian or Pacific Islander,Ethnicity for Not Socioeconomically Disadvantaged,617,134,2403.6,19.4,19.4,38.81,26.87,34.33
2021,ela,3,226,White,Ethnicity for Not Socioeconomically Disadvantaged,61849,15493,2454.7,35.71,27.25,62.95,21.81,15.24
2021,ela,3,227,Two or more races,Ethnicity for Not Socioeconomically Disadvantaged,16012,3642,2463.1,39.8,26.06,65.86,19.71,14.43
2022,ela,3,1,All Students,All Students,424979,413597,2408.6,22.77,19.4,42.17,22.58,35.25
2022,ela,3,3,Male,Gender,216959,210787,2400.7,20.58,18.53,39.11,22.49,38.4
2022,ela,3,4,Female,Gender,207967,202760,2416.8,25.04,20.3,45.34,22.68,31.98
2022,ela,3,6,"IFEP, RFEP, and EO (Fluent English proficient and English only)",English-Language Fluency,321502,314456,2427.4,28.3,21.84,50.14,22.12,27.74
2022,ela,3,7,IFEP (Initial fluent English proficient),English-Language Fluency,25859,25591,2460.4,39.61,23.37,62.98,20.4,16.62
2022,ela,3,8,RFEP (Reclassified fluent English proficient),English-Language Fluency,27135,26937,2467.5,40.05,28.1,68.15,20.9,10.95
2022,ela,3,28,Migrant education,Migrant,3099,3005,2349.4,6.19,12.25,18.44,22.27,59.29
2022,ela,3,29,Not migrant education,Migrant,421880,410592,2409.0,22.89,19.45,42.34,22.58,35.08
2022,ela,3,31,Socioeconomically disadvantaged,Economic Status,255666,249501,2378.5,12.64,16.77,29.41,24.6,45.99
2022,ela,3,50,Armed forces family member,Military Status,6986,6786,2419.3,24.89,21.62,46.51,24.19,29.3
2022,ela,3,51,Not armed forces family member,Military Status,417993,406811,2408.4,22.73,19.36,42.1,22.55,35.35
2022,ela,3,52,Homeless,Homeless Status,14164,13510,2360.5,9.34,14.04,23.38,21.97,54.65
2022,ela,3,53,Not homeless,Homeless Status,410815,400087,2410.2,23.22,19.58,42.8,22.6,34.6
2022,ela,3,74,Black or African American,Race and Ethnicity,21684,20781,2368.8,11.44,15.18,26.61,22.28,51.11
2022,ela,3,75,American Indian or Alaska Native,Race and Ethnicity,1894,1804,2378.7,12.55,17.16,29.71,24.38,45.92
2022,ela,3,76,Asian,Race and Ethnicity,43455,42351,2475.5,48.29,21.17,69.46,15.69,14.85
2022,ela,3,77,Filipino,Race and Ethnicity,9126,9011,2459.6,39.22,25.44,64.66,19.75,15.6
2022,ela,3,78,Hispanic or Latino,Race and Ethnicity,234325,229097,2381.6,13.27,17.34,30.61,24.86,44.53
2022,ela,3,79,Native Hawaiian or Pacific Islander,Race and Ethnicity,1737,1652,2390.1,15.39,17.33,32.73,26.97,40.3
2022,ela,3,80,White,Race and Ethnicity,87238,84449,2443.7,33.75,23.76,57.51,20.97,21.52
2022,ela,3,90,Not a high school graduate,Parent Education,47461,46243,2353.4,6.96,12.69,19.64,23.04,57.31
2022,ela,3,91,High school graduate,Parent Education,89768,87493,2372.8,10.63,16.12,26.75,25.05,48.2
2022,ela,3,92,Some college (includes AA degree),Parent Education,84956,82818,2400.1,17.17,20.87,38.05,26.05,35.9
2022,ela,3,93,College graduate,Parent Education,89506,87422,2442.6,32.92,23.89,56.81,21.48,21.71
2022,ela,3,94,Graduate school/Post graduate,Parent Education,65479,63876,2477.2,48.22,22.68,70.9,16.0,13.09
2022,ela,3,99,No reported disabilities,Disability Status,375149,366386,2416.3,24.54,20.5,45.04,23.04,31.91
2022,ela,3,111,Not socioeconomically disadvantaged,Economic Status,169313,164096,2454.2,38.16,23.4,61.56,19.5,18.93
2022,ela,3,120,ELs enrolled less than 12 months,English-Language Fluency,4409,1787,2311.7,4.61,7.14,11.75,13.21,75.04
2022,ela,3,121,Declined to state,Parent Education,47198,45453,2387.3,17.12,16.65,33.77,22.4,43.83
2022,ela,3,128,Reported disabilities,Disability Status,49830,47211,2348.5,8.96,10.87,19.83,18.99,61.18
2022,ela,3,142,ELs enrolled 12 months or more,English-Language Fluency,97892,96644,2349.7,5.18,11.74,16.92,24.27,58.81
2022,ela,3,144,Two or more races,Race and Ethnicity,25520,24452,2442.0,34.37,22.28,56.65,19.6,23.75
2022,ela,3,160,"EL (English learner, excluding RFEP)",English-Language Fluency,102969,98850,2348.9,5.17,11.64,16.81,24.04,59.15
2022,ela,3,170,EverEL,English-Language Fluency,130104,125787,2374.3,12.64,15.17,27.81,23.37,48.82
2022,ela,3,180,EO (English only),English-Language Fluency,268508,261928,2420.0,25.99,21.05,47.03,22.42,30.55
2022,ela,3,190,TBD (To be determined),English-Language Fluency,186,58,2351.8,12.07,5.17,17.24,27.59,55.17
2022,ela,3,200,Black or African American,Ethnicity for Socioeconomically Disadvantaged,16644,15953,2356.0,8.19,13.42,21.62,21.89,56.5
2022,ela,3,201,American Indian or Alaska Native,Ethnicity for Socioeconomically Disadvantaged,1350,1279,2362.4,7.36,15.58,22.94,24.67,52.39
2022,ela,3,202,Asian,Ethnicity for Socioeconomically Disadvantaged,15677,15291,2430.4,29.51,21.69,51.2,22.18,26.62
2022,ela,3,203,Filipino,Ethnicity for Socioeconomically Disadvantaged,3200,3157,2437.9,30.07,24.46,54.53,24.02,21.45
2022,ela,3,204,Hispanic or Latino,Ethnicity for Socioeconomically Disadvantaged,179287,175828,2370.6,10.07,15.83,25.91,25.09,49.0
2022,ela,3,205,Native Hawaiian or Pacific Islander,Ethnicity for Socioeconomically Disadvantaged,1165,1107,2377.1,11.21,16.09,27.31,27.58,45.12
2022,ela,3,206,White,Ethnicity for Socioeconomically Disadvantaged,28629,27590,2402.1,18.99,20.3,39.29,24.67,36.04
2022,ela,3,207,Two or more races,Ethnicity for Socioeconomically Disadvantaged,9714,9296,2393.9,17.15,19.25,36.41,23.76,39.83
2022,ela,3,220,Black or African American,Ethnicity for Not Socioeconomically Disadvantaged,5040,4828,2411.1,22.15,20.97,43.11,23.58,33.31
2022,ela,3,221,American Indian or Alaska Native,Ethnicity for Not Socioeconomically Disadvantaged,544,525,2418.7,25.19,20.99,46.18,23.66,30.15
2022,ela,3,222,Asian,Ethnicity for Not Socioeconomically Disadvantaged,27778,27060,2501.0,58.9,20.88,79.78,12.03,8.19
2022,ela,3,223,Filipino,Ethnicity for Not Socioeconomically Disadvantaged,5926,5854,2471.3,44.15,25.97,70.12,17.44,12.44
2022,ela,3,224,Hispanic or Latino,Ethnicity for Not Socioeconomically Disadvantaged,55038,53269,2418.0,23.83,22.31,46.14,24.09,29.77
2022,ela,3,225,Native Hawaiian or Pacific Islander,Ethnicity for Not Socioeconomically Disadvantaged,572,545,2416.5,23.9,19.85,43.75,25.74,30.51
2022,ela,3,226,White,Ethnicity for Not Socioeconomically Disadvantaged,58609,56859,2463.9,40.91,25.43,66.34,19.18,14.48
2022,ela,3,227,Two or more races,Ethnicity for Not Socioeconomically Disadvantaged,15806,15156,2471.6,44.92,24.13,69.05,17.05,13.9
2022,ela,3,240,Foster youth,Foster Status,1688,1635,2348.3,6.25,11.33,17.58,22.41,60.01
2022,ela,3,241,Not foster youth,Foster Status,423291,411962,2408.8,22.83,19.43,42.27,22.58,35.15
2023,ela,3,1,All Students,All Students,420238,410559,2409.8,23.4,19.56,42.96,22.4,34.64
2023,ela,3,3,Male,Gender,214436,209138,2402.4,21.27,18.77,40.04,22.45,37.51
2023,ela,3,4,Female,Gender,205715,201341,2417.5,25.6,20.39,45.99,22.34,31.67
2023,ela,3,6,"IFEP, RFEP, and EO (Fluent English proficient and English only)",English-Language Fluency,321484,316733,2428.5,28.93,21.99,50.92,21.81,27.27
2023,ela,3,7,IFEP (Initial fluent English proficient),English-Language Fluency,27927,27764,2462.9,40.62,23.73,64.35,19.87,15.78
2023,ela,3,8,RFEP (Reclassified fluent English proficient),English-Language Fluency,24566,24451,2474.8,43.01,29.94,72.96,19.26,7.78
2023,ela,3,28,Migrant education,Migrant,3265,3165,2344.5,7.3,10.3,17.6,21.04,61.36
2023,ela,3,29,Not migrant education,Migrant,416973,407394,2410.3,23.52,19.63,43.16,22.41,34.43
2023,ela,3,31,Socioeconomically disadvantaged,Economic Status,263493,257947,2381.5,13.79,17.22,31.01,24.38,44.61
2023,ela,3,50,Armed forces family member,Military Status,7075,6962,2420.1,24.4,23.33,47.73,22.74,29.53
2023,ela,3,51,Not armed forces family member,Military Status,413163,403597,2409.6,23.38,19.5,42.88,22.39,34.73
2023,ela,3,52,Homeless,Homeless Status,14401,13638,2357.2,9.18,13.44,22.62,21.81,55.57
2023,ela,3,53,Not homeless,Homeless Status,405837,396921,2411.6,23.89,19.77,43.66,22.42,33.92
2023,ela,3,74,Black or African American,Race and Ethnicity,20650,20041,2368.9,12.27,14.9,27.17,21.97,50.86
2023,ela,3,75,American Indian or Alaska Native,Race and Ethnicity,1873,1811,2378.8,12.79,17.72,30.51,24.09,45.4
2023,ela,3,76,Asian,Race and Ethnicity,42229,41026,2473.7,48.0,21.0,69.0,15.61,15.39
2023,ela,3,77,Filipino,Race and Ethnicity,8714,8627,2464.3,42.03,24.14,66.18,18.88,14.95
2023,ela,3,78,Hispanic or Latino,Race and Ethnicity,232822,228189,2384.1,14.32,17.71,32.03,24.56,43.41
2023,ela,3,79,Native Hawaiian or Pacific Islander,Race and Ethnicity,1701,1639,2389.2,15.21,18.51,33.72,25.35,40.93
2023,ela,3,80,White,Race and Ethnicity,86638,84220,2443.5,33.7,23.78,57.49,21.03,21.48
2023,ela,3,90,Not a high school graduate,Parent Education,43876,42819,2354.8,7.9,12.66,20.55,23.29,56.16
2023,ela,3,91,High school graduate,Parent Education,88440,86448,2374.0,11.35,16.37,27.71,24.69,47.6
2023,ela,3,92,Some college (includes AA degree),Parent Education,84771,83157,2401.3,17.91,21.0,38.91,25.62,35.47
2023,ela,3,93,College graduate,Parent Education,91191,89268,2441.9,32.82,23.86,56.68,21.49,21.83
2023,ela,3,94,Graduate school/Post graduate,Parent Education,68698,67207,2474.6,47.41,22.41,69.82,16.29,13.9
2023,ela,3,99,No reported disabilities,Disability Status,366315,358858,2418.6,25.46,20.8,46.26,22.84,30.9
2023,ela,3,111,Not socioeconomically disadvantaged,Economic Status,156745,152612,2457.6,39.64,23.51,63.16,19.05,17.79
2023,ela,3,120,ELs enrolled less than 12 months,English-Language Fluency,5951,2105,2305.1,4.19,6.2,10.39,13.01,76.6
2023,ela,3,121,Declined to state,Parent Education,43098,41546,2384.2,16.39,16.62,33.01,22.08,44.91
2023,ela,3,128,Reported disabilities,Disability Status,53923,51701,2348.7,9.1,10.95,20.05,19.28,60.67
2023,ela,3,142,ELs enrolled 12 months or more,English-Language Fluency,92020,91171,2347.5,4.72,11.49,16.21,24.69,59.1
2023,ela,3,144,Two or more races,Race and Ethnicity,25611,25006,2443.2,35.0,22.21,57.21,19.65,23.14
2023,ela,3,160,"EL (English learner, excluding RFEP)",English-Language Fluency,98495,93691,2346.5,4.7,11.36,16.07,24.4,59.53
2023,ela,3,170,EverEL,English-Language Fluency,123061,118142,2373.0,12.63,15.21,27.84,23.34,48.82
2023,ela,3,180,EO (English only),English-Language Fluency,268991,264518,2420.7,26.4,21.07,47.47,22.24,30.28
2023,ela,3,190,TBD (To be determined),English-Language Fluency,120,27,2349.3,14.81,7.41,22.22,14.81,62.96
2023,ela,3,200,Black or African American,Ethnicity for Socioeconomically Disadvantaged,16302,15819,2356.9,9.02,13.31,22.33,21.84,55.83
2023,ela,3,201,American Indian or Alaska Native,Ethnicity for Socioeconomically Disadvantaged,1331,1285,2362.2,8.19,15.76,23.95,24.02,52.03
2023,ela,3,202,Asian,Ethnicity for Socioeconomically Disadvantaged,16274,15823,2430.9,30.38,21.38,51.76,21.59,26.65
2023,ela,3,203,Filipino,Ethnicity for Socioeconomically Disadvantaged,3295,3257,2446.3,34.71,23.19,57.89,22.36,19.75
2023,ela,3,204,Hispanic or Latino,Ethnicity for Socioeconomically Disadvantaged,183288,180269,2373.4,11.12,16.3,27.42,24.92,47.66
2023,ela,3,205,Native Hawaiian or Pacific Islander,Ethnicity for Socioeconomically Disadvantaged,1202,1157,2375.6,11.06,16.77,27.83,25.84,46.33
2023,ela,3,206,White,Ethnicity for Socioeconomically Disadvantaged,31175,30009,2404.9,19.72,21.2,40.91,24.41,34.67
2023,ela,3,207,Two or more races,Ethnicity for Socioeconomically Disadvantaged,10626,10328,2399.7,19.28,19.79,39.07,23.54,37.39
2023,ela,3,220,Black or African American,Ethnicity for Not Socioeconomically Disadvantaged,4348,4222,2413.8,24.43,20.85,45.28,22.44,32.27
2023,ela,3,221,American Indian or Alaska Native,Ethnicity for Not Socioeconomically Disadvantaged,542,526,2419.6,24.05,22.52,46.56,24.24,29.2
2023,ela,3,222,Asian,Ethnicity for Not Socioeconomically Disadvantaged,25955,25203,2500.6,59.06,20.76,79.82,11.85,8.33
2023,ela,3,223,Filipino,Ethnicity for Not Socioeconomically Disadvantaged,5419,5370,2475.2,46.48,24.72,71.2,16.77,12.03
2023,ela,3,224,Hispanic or Latino,Ethnicity for Not Socioeconomically Disadvantaged,49534,47920,2424.3,26.32,23.03,49.35,23.22,27.43
2023,ela,3,225,Native Hawaiian or Pacific Islander,Ethnicity for Not Socioeconomically Disadvantaged,499,482,2422.1,25.21,22.71,47.92,24.17,27.92
2023,ela,3,226,White,Ethnicity for Not Socioeconomically Disadvantaged,55463,54211,2464.9,41.45,25.21,66.66,19.15,14.19
2023,ela,3,227,Two or more races,Ethnicity for Not Socioeconomically Disadvantaged,14985,14678,2473.8,46.06,23.91,69.97,16.92,13.11
2023,ela,3,240,Foster youth,Foster Status,1653,1597,2344.4,6.27,11.79,18.07,21.27,60.66
2023,ela,3,241,Not foster youth,Foster Status,418585,408962,2410.1,23.47,19.59,43.06,22.4,34.54
2023,ela,3,251,ARLTEL (At-Risk of becoming LTEL),English-Language Fluency,23549,23370,2358.6,5.81,13.36,19.17,27.33,53.5
2023,ela,3,252,NeverEL,English-Language Fluency,297038,292309,2424.7,27.75,21.32,49.08,22.02,28.91
2024,ela,3,1,All Students,All Students,415082,403798,2409.9,23.23,19.57,42.8,22.61,34.59
2024,ela,3,3,Male,Gender,212030,205869,2402.5,21.22,18.69,39.92,22.56,37.52
2024,ela,3,4,Female,Gender,202948,197827,2417.6,25.31,20.48,45.79,22.66,31.55
2024,ela,3,6,"IFEP, RFEP, and EO (Fluent English proficient and English only)",English-Language Fluency,317957,313403,2428.7,28.66,22.05,50.71,22.21,27.08
2024,ela,3,7,IFEP (Initial fluent English proficient),English-Language Fluency,24718,24583,2470.0,43.75,23.5,67.25,18.86,13.88
2024,ela,3,8,RFEP (Reclassified fluent English proficient),English-Language Fluency,25382,25279,2468.8,39.75,29.81,69.56,21.16,9.28
2024,ela,3,28,Migrant education,Migrant,3564,3391,2345.5,6.31,12.07,18.38,21.13,60.49
2024,ela,3,29,Not migrant education,Migrant,411518,400407,2410.4,23.37,19.63,43.0,22.62,34.37
2024,ela,3,31,Socioeconomically disadvantaged,Economic Status,272419,265605,2385.6,15.03,17.48,32.52,24.32,43.17
2024,ela,3,50,Armed forces family member,Military Status,6227,6115,2414.0,23.64,21.01,44.65,22.56,32.79
2024,ela,3,51,Not armed forces family member,Military Status,408855,397683,2409.8,23.22,19.55,42.77,22.61,34.62
2024,ela,3,52,Homeless,Homeless Status,15669,14355,2355.3,8.66,13.04,21.7,22.21,56.09
2024,ela,3,53,Not homeless,Homeless Status,399413,389443,2411.9,23.76,19.81,43.58,22.63,33.8
2024,ela,3,74,Black or African American,Race and Ethnicity,19375,18863,2372.2,12.7,15.52,28.22,22.23,49.55
2024,ela,3,75,American Indian or Alaska Native,Race and Ethnicity,1678,1614,2377.4,14.6,15.84,30.43,22.3,47.27
2024,ela,3,76,Asian,Race and Ethnicity,43182,41799,2470.6,46.31,21.04,67.35,16.46,16.19
2024,ela,3,77,Filipino,Race and Ethnicity,8564,8451,2460.4,40.3,24.01,64.32,20.48,15.21
2024,ela,3,78,Hispanic or Latino,Race and Ethnicity,230852,224670,2385.0,14.48,17.79,32.27,24.63,43.11
2024,ela,3,79,Native Hawaiian or Pacific Islander,Race and Ethnicity,1620,1581,2389.5,15.05,18.85,33.9,24.67,41.43
2024,ela,3,80,White,Race and Ethnicity,83668,81432,2441.8,32.93,23.62,56.55,21.29,22.16
2024,ela,3,90,Not a high school graduate,Parent Education,36696,35088,2354.6,7.76,12.99,20.74,22.93,56.33
2024,ela,3,91,High school graduate,Parent Education,83048,80663,2374.0,11.17,16.19,27.36,25.09,47.54
2024,ela,3,92,Some college (includes AA degree),Parent Education,78694,77223,2399.9,17.4,20.71,38.1,25.78,36.12
2024,ela,3,93,College graduate,Parent Education,88745,86650,2438.0,31.35,23.51,54.86,22.0,23.13
2024,ela,3,94,Graduate school/Post graduate,Parent Education,70197,68602,2472.5,46.16,22.69,68.84,16.61,14.55
2024,ela,3,99,No reported disabilities,Disability Status,357508,348536,2419.8,25.51,20.98,46.49,23.15,30.35
2024,ela,3,111,Not socioeconomically disadvantaged,Economic Status,142663,138193,2456.6,38.97,23.58,62.55,19.34,18.11
2024,ela,3,120,ELs enrolled less than 12 months,English-Language Fluency,7741,2115,2301.2,3.84,6.35,10.19,10.48,79.33
2024,ela,3,121,Declined to state,Parent Education,56354,54394,2389.6,17.6,17.08,34.68,22.75,42.57
2024,ela,3,128,Reported disabilities,Disability Status,57574,55262,2347.1,8.79,10.68,19.47,19.19,61.34
2024,ela,3,142,ELs enrolled 12 months or more,English-Language Fluency,88849,88010,2345.9,4.39,11.09,15.49,24.36,60.15
2024,ela,3,144,Two or more races,Race and Ethnicity,26143,25388,2442.9,34.7,21.76,56.46,20.05,23.5
2024,ela,3,160,"EL (English learner, excluding RFEP)",English-Language Fluency,96863,90280,2344.8,4.37,10.97,15.35,24.02,60.63
2024,ela,3,170,EverEL,English-Language Fluency,122245,115559,2371.9,12.11,15.09,27.21,23.4,49.39
2024,ela,3,180,EO (English only),English-Language Fluency,267857,263541,2421.0,26.19,21.17,47.36,22.62,30.02
2024,ela,3,190,TBD (To be determined),English-Language Fluency,141,33,2308.2,6.06,3.03,9.09,12.12,78.79
2024,ela,3,200,Black or African American,Ethnicity for Socioeconomically Disadvantaged,15565,15162,2361.5,10.0,14.03,24.03,22.17,53.8
2024,ela,3,201,American Indian or Alaska Native,Ethnicity for Socioeconomically Disadvantaged,1242,1196,2364.9,10.89,13.9,24.79,23.45,51.76
2024,ela,3,202,Asian,Ethnicity for Socioeconomically Disadvantaged,18588,17981,2435.4,32.17,21.12,53.3,20.92,25.78
2024,ela,3,203,Filipino,Ethnicity for Socioeconomically Disadvantaged,3614,3558,2445.2,33.26,24.74,58.0,23.19,18.81
2024,ela,3,204,Hispanic or Latino,Ethnicity for Socioeconomically Disadvantaged,185742,181622,2376.0,11.82,16.52,28.34,24.96,46.7
2024,ela,3,205,Native Hawaiian or Pacific Islander,Ethnicity for Socioeconomically Disadvantaged,1199,1178,2376.1,11.12,16.64,27.76,24.87,47.37
2024,ela,3,206,White,Ethnicity for Socioeconomically Disadvantaged,34570,33372,2409.9,21.86,21.04,42.9,23.9,33.2
2024,ela,3,207,Two or more races,Ethnicity for Socioeconomically Disadvantaged,11899,11536,2405.3,21.0,19.43,40.43,23.84,35.74
2024,ela,3,220,Black or African American,Ethnicity for Not Socioeconomically Disadvantaged,3810,3701,2415.7,23.78,21.61,45.39,22.5,32.11
2024,ela,3,221,American Indian or Alaska Native,Ethnicity for Not Socioeconomically Disadvantaged,436,418,2413.3,25.24,21.39,46.63,18.99,34.38
2024,ela,3,222,Asian,Ethnicity for Not Socioeconomically Disadvantaged,24594,23818,2497.1,56.97,20.98,77.96,13.09,8.95
2024,ela,3,223,Filipino,Ethnicity for Not Socioeconomically Disadvantaged,4950,4893,2471.4,45.42,23.49,68.91,18.5,12.59
2024,ela,3,224,Hispanic or Latino,Ethnicity for Not Socioeconomically Disadvantaged,45110,43048,2422.8,25.7,23.14,48.83,23.2,27.97
2024,ela,3,225,Native Hawaiian or Pacific Islander,Ethnicity for Not Socioeconomically Disadvantaged,421,403,2428.6,26.55,25.31,51.86,24.07,24.07
2024,ela,3,226,White,Ethnicity for Not Socioeconomically Disadvantaged,49098,48060,2464.0,40.61,25.41,66.02,19.49,14.49
2024,ela,3,227,Two or more races,Ethnicity for Not Socioeconomically Disadvantaged,14244,13852,2474.1,46.1,23.69,69.8,16.89,13.31
2024,ela,3,240,Foster youth,Foster Status,1480,1441,2351.8,7.71,12.99,20.69,21.67,57.64
2024,ela,3,241,Not foster youth,Foster Status,413602,402357,2410.1,23.28,19.59,42.88,22.62,34.51
2024,ela,3,251,ARLTEL (At-Risk of becoming LTEL),English-Language Fluency,21464,21310,2356.0,5.38,12.81,18.18,26.56,55.25
2024,ela,3,252,NeverEL,English-Language Fluency,292716,288157,2425.1,27.69,21.37,49.05,22.3,28.65
2025,ela,3,1,All Students,All Students,415465,406075,2414.3,23.98,20.23,44.21,23.15,32.64
2025,ela,3,3,Male,Gender,211768,206523,2407.1,22.03,19.38,41.41,23.07,35.51
2025,ela,3,4,Female,Gender,203587,199450,2421.8,25.99,21.11,47.11,23.22,29.67
2025,ela,3,6,"IFEP, RFEP, and EO (Fluent English proficient and English only)",English-Language Fluency,323184,318708,2432.8,29.43,22.71,52.15,22.54,25.32
2025,ela,3,7,IFEP (Initial fluent English proficient),English-Language Fluency,20848,20742,2479.8,47.16,24.13,71.28,17.73,10.99
2025,ela,3,8,RFEP (Reclassified fluent English proficient),English-Language Fluency,30581,30461,2466.5,38.38,30.16,68.55,21.67,9.78
2025,ela,3,28,Migrant education,Migrant,3358,3221,2348.3,6.34,12.36,18.7,22.64,58.66
2025,ela,3,29,Not migrant education,Migrant,412107,402854,2414.9,24.12,20.3,44.41,23.15,32.43
2025,ela,3,31,Socioeconomically disadvantaged,Economic Status,269423,263420,2389.2,15.12,18.25,33.36,25.39,41.24
2025,ela,3,50,Armed forces family member,Military Status,7191,7061,2424.3,25.47,23.2,48.68,23.53,27.79
2025,ela,3,51,Not armed forces family member,Military Status,408274,399014,2414.2,23.95,20.18,44.13,23.14,32.73
2025,ela,3,52,Homeless,Homeless Status,18241,17225,2360.3,9.1,14.07,23.17,22.82,54.0
2025,ela,3,53,Not homeless,Homeless Status,397224,388850,2416.7,24.64,20.51,45.14,23.16,31.7
2025,ela,3,74,Black or African American,Race and Ethnicity,19470,18989,2377.4,13.24,16.31,29.55,23.22,47.23
2025,ela,3,75,American Indian or Alaska Native,Race and Ethnicity,1653,1602,2382.2,13.05,16.55,29.61,24.23,46.16
2025,ela,3,76,Asian,Race and Ethnicity,42480,41160,2470.5,46.02,21.6,67.62,16.48,15.91
2025,ela,3,77,Filipino,Race and Ethnicity,8147,8028,2461.7,40.24,25.21,65.45,18.59,15.96
2025,ela,3,78,Hispanic or Latino,Race and Ethnicity,231799,227143,2391.1,15.48,18.63,34.11,25.56,40.32
2025,ela,3,79,Native Hawaiian or Pacific Islander,Race and Ethnicity,1548,1499,2390.8,16.29,17.29,33.58,24.43,41.99
2025,ela,3,80,White,Race and Ethnicity,82431,80533,2445.4,34.01,23.92,57.93,21.21,20.87
2025,ela,3,90,Not a high school graduate,Parent Education,34831,33810,2360.0,8.22,13.39,21.61,24.59,53.8
2025,ela,3,91,High school graduate,Parent Education,84052,82101,2378.5,11.64,16.96,28.6,26.0,45.41
2025,ela,3,92,Some college (includes AA degree),Parent Education,78735,77434,2405.1,18.34,21.4,39.73,26.7,33.57
2025,ela,3,93,College graduate,Parent Education,91795,89869,2439.7,31.43,23.99,55.41,22.12,22.47
2025,ela,3,94,Graduate school/Post graduate,Parent Education,73308,71895,2474.6,46.75,22.81,69.55,16.7,13.75
2025,ela,3,99,No reported disabilities,Disability Status,354769,347916,2424.6,26.45,21.73,48.18,23.58,28.24
2025,ela,3,111,Not socioeconomically disadvantaged,Economic Status,146042,142655,2460.8,40.34,23.9,64.23,19.0,16.76
2025,ela,3,120,ELs enrolled less than 12 months,English-Language Fluency,5720,1867,2298.7,4.26,4.9,9.16,10.78,80.06
2025,ela,3,121,Declined to state,Parent Education,51360,49883,2392.1,17.55,17.95,35.5,23.11,41.39
2025,ela,3,128,Reported disabilities,Disability Status,60696,58159,2353.0,9.18,11.27,20.45,20.54,59.01
2025,ela,3,142,ELs enrolled 12 months or more,English-Language Fluency,86198,85270,2347.9,4.06,11.31,15.38,25.69,58.93
2025,ela,3,144,Two or more races,Race and Ethnicity,27937,27121,2446.3,35.67,22.26,57.93,19.94,22.13
2025,ela,3,160,"EL (English learner, excluding RFEP)",English-Language Fluency,92089,87255,2346.8,4.06,11.17,15.24,25.37,59.39
2025,ela,3,170,EverEL,English-Language Fluency,122670,117716,2377.8,12.95,16.09,29.03,24.41,46.55
2025,ela,3,180,EO (English only),English-Language Fluency,271755,267505,2425.3,27.04,21.76,48.79,23.01,28.2
2025,ela,3,190,TBD (To be determined),English-Language Fluency,68,20,2324.6,5.0,0.0,5.0,15.0,80.0
2025,ela,3,200,Black or African American,Ethnicity for Socioeconomically Disadvantaged,15710,15336,2366.9,10.18,14.8,24.98,23.52,51.5
2025,ela,3,201,American Indian or Alaska Native,Ethnicity for Socioeconomically Disadvantaged,1212,1178,2365.2,8.57,14.43,23.01,24.28,52.72
2025,ela,3,202,Asian,Ethnicity for Socioeconomically Disadvantaged,17824,17162,2431.2,29.93,21.68,51.61,22.15,26.24
2025,ela,3,203,Filipino,Ethnicity for Socioeconomically Disadvantaged,3319,3257,2442.3,31.86,24.64,56.5,21.84,21.66
2025,ela,3,204,Hispanic or Latino,Ethnicity for Socioeconomically Disadvantaged,185908,182373,2381.6,12.49,17.45,29.94,26.05,44.01
2025,ela,3,205,Native Hawaiian or Pacific Islander,Ethnicity for Socioeconomically Disadvantaged,1183,1145,2379.6,12.85,15.91,28.76,25.0,46.24
2025,ela,3,206,White,Ethnicity for Socioeconomically Disadvantaged,32163,31238,2411.2,21.35,21.56,42.91,24.98,32.1
2025,ela,3,207,Two or more races,Ethnicity for Socioeconomically Disadvantaged,12104,11731,2405.5,20.36,20.14,40.5,24.53,34.97
2025,ela,3,220,Black or African American,Ethnicity for Not Socioeconomically Disadvantaged,3760,3653,2421.7,26.08,22.65,48.73,21.97,29.31
2025,ela,3,221,American Indian or Alaska Native,Ethnicity for Not Socioeconomically Disadvantaged,441,424,2429.8,25.53,22.46,47.99,24.11,27.9
2025,ela,3,222,Asian,Ethnicity for Not Socioeconomically Disadvantaged,24656,23998,2498.6,57.53,21.54,79.06,12.42,8.52
2025,ela,3,223,Filipino,Ethnicity for Not Socioeconomically Disadvantaged,4828,4771,2474.9,45.97,25.59,71.56,16.37,12.07
2025,ela,3,224,Hispanic or Latino,Ethnicity for Not Socioeconomically Disadvantaged,45891,44770,2430.0,27.66,23.45,51.11,23.58,25.3
2025,ela,3,225,Native Hawaiian or Pacific Islander,Ethnicity for Not Socioeconomically Disadvantaged,365,354,2426.8,27.4,21.75,49.15,22.6,28.25
2025,ela,3,226,White,Ethnicity for Not Socioeconomically Disadvantaged,50268,49295,2467.2,42.02,25.41,67.44,18.82,13.75
2025,ela,3,227,Two or more races,Ethnicity for Not Socioeconomically Disadvantaged,15833,15390,2477.4,47.34,23.88,71.22,16.44,12.34
2025,ela,3,240,Foster youth,Foster Status,1452,1412,2363.7,8.72,13.75,22.47,26.01,51.52
2025,ela,3,241,Not foster youth,Foster Status,414013,404663,2414.5,24.03,20.25,44.29,23.14,32.58
2025,ela,3,251,ARLTEL (At-Risk of becoming LTEL),English-Language Fluency,15938,15807,2362.6,5.5,13.92,19.42,29.1,51.48
2025,ela,3,252,NeverEL,English-Language Fluency,292671,288267,2429.3,28.48,21.92,50.41,22.63,26.96
2015,ela,4,1,All Students,All Students,477280,465425,2445.7,19.0,21.0,40.0,21.0,39.0
2015,ela,4,3,Male,Gender,477280,237085,2435.1,16.0,19.0,35.0,21.0,44.0
2015,ela,4,4,Female,Gender,477280,228340,2456.7,22.0,22.0,44.0,22.0,34.0
2015,ela,4,6,"IFEP, RFEP, and EO (Fluent English proficient and English only)",English-Language Fluency,477280,343570,2467.4,25.0,25.0,49.0,22.0,29.0
2015,ela,4,7,IFEP (Initial fluent English proficient),English-Language Fluency,477280,18183,2511.6,43.0,26.0,69.0,17.0,14.0
2015,ela,4,8,RFEP (Reclassified fluent English proficient),English-Language Fluency,477280,62035,2484.0,24.0,32.0,56.0,27.0,17.0
2015,ela,4,28,Migrant education,Migrant,477280,4517,2391.9,4.0,12.0,16.0,22.0,62.0
2015,ela,4,31,Socioeconomically disadvantaged,Economic Status,477280,287408,2416.1,9.0,17.0,26.0,23.0,51.0
2015,ela,4,74,Black or African American,Race and Ethnicity,477280,26270,2407.0,8.0,15.0,23.0,20.0,56.0
2015,ela,4,75,American Indian or Alaska Native,Race and Ethnicity,477280,2485,2423.0,11.0,18.0,30.0,22.0,49.0
2015,ela,4,76,Asian,Race and Ethnicity,477280,41255,2509.6,44.0,24.0,68.0,16.0,16.0
2015,ela,4,77,Filipino,Race and Ethnicity,477280,11206,2490.5,33.0,28.0,61.0,20.0,19.0
2015,ela,4,78,Hispanic or Latino,Race and Ethnicity,477280,254171,2419.1,10.0,17.0,27.0,23.0,50.0
2015,ela,4,79,Native Hawaiian or Pacific Islander,Race and Ethnicity,477280,2301,2434.9,13.0,20.0,33.0,26.0,41.0
2015,ela,4,80,White,Race and Ethnicity,477280,110821,2483.3,31.0,26.0,57.0,20.0,23.0
2015,ela,4,90,Not a high school graduate,Parent Education,477280,74062,2398.2,5.0,13.0,18.0,22.0,60.0
2015,ela,4,91,High school graduate,Parent Education,477280,96164,2417.3,9.0,17.0,26.0,24.0,50.0
2015,ela,4,92,Some college (includes AA degree),Parent Education,477280,97012,2443.3,15.0,23.0,38.0,24.0,38.0
2015,ela,4,93,College graduate,Parent Education,477280,84172,2484.4,31.0,27.0,58.0,20.0,22.0
2015,ela,4,94,Graduate school/Post graduate,Parent Education,477280,60626,2516.1,47.0,25.0,72.0,15.0,14.0
2015,ela,4,99,No reported disabilities,Disability Status,477280,416052,2454.6,21.0,22.0,43.0,22.0,35.0
2015,ela,4,111,Not socioeconomically disadvantaged,Economic Status,477280,178017,2493.4,35.0,26.0,62.0,19.0,20.0
2015,ela,4,120,ELs enrolled less than 12 months,English-Language Fluency,477280,1890,2368.3,5.0,9.0,14.0,14.0,72.0
2015,ela,4,121,Declined to state,Parent Education,477280,53105,2425.9,13.0,18.0,31.0,21.0,48.0
2015,ela,4,128,Reported disabilities,Disability Status,477280,49373,2369.9,5.0,8.0,14.0,13.0,74.0
2015,ela,4,142,ELs enrolled 12 months or more,English-Language Fluency,477280,118386,2384.2,3.0,9.0,11.0,20.0,68.0
2015,ela,4,144,Two or more races,Race and Ethnicity,477280,14443,2483.5,32.0,25.0,57.0,19.0,24.0
2015,ela,4,160,"EL (English learner, excluding RFEP)",English-Language Fluency,477280,120692,2384.0,3.0,9.0,11.0,20.0,68.0
2015,ela,4,180,EO (English only),English-Language Fluency,477280,263352,2460.4,24.0,23.0,47.0,21.0,33.0
2015,ela,4,200,Black or African American,Ethnicity for Socioeconomically Disadvantaged,477280,19750,2395.1,6.0,13.0,18.0,20.0,62.0
2015,ela,4,201,American Indian or Alaska Native,Ethnicity for Socioeconomically Disadvantaged,477280,1675,2402.8,6.0,15.0,21.0,22.0,57.0
2015,ela,4,202,Asian,Ethnicity for Socioeconomically Disadvantaged,477280,14816,2464.5,24.0,25.0,48.0,22.0,30.0
2015,ela,4,203,Filipino,Ethnicity for Socioeconomically Disadvantaged,477280,3932,2464.9,21.0,27.0,48.0,24.0,28.0
2015,ela,4,204,Hispanic or Latino,Ethnicity for Socioeconomically Disadvantaged,477280,206660,2410.1,7.0,16.0,23.0,23.0,54.0
2015,ela,4,205,Native Hawaiian or Pacific Islander,Ethnicity for Socioeconomically Disadvantaged,477280,1547,2421.6,8.0,18.0,26.0,27.0,47.0
2015,ela,4,206,White,Ethnicity for Socioeconomically Disadvantaged,477280,32464,2436.6,14.0,22.0,35.0,24.0,41.0
2015,ela,4,207,Two or more races,Ethnicity for Socioeconomically Disadvantaged,477280,5093,2436.7,14.0,20.0,35.0,24.0,42.0
2015,ela,4,220,Black or African American,Ethnicity for Not Socioeconomically Disadvantaged,477280,6520,2443.0,17.0,22.0,39.0,23.0,38.0
2015,ela,4,221,American Indian or Alaska Native,Ethnicity for Not Socioeconomically Disadvantaged,477280,810,2464.7,24.0,24.0,48.0,21.0,31.0
2015,ela,4,222,Asian,Ethnicity for Not Socioeconomically Disadvantaged,477280,26439,2534.9,56.0,24.0,79.0,12.0,9.0
2015,ela,4,223,Filipino,Ethnicity for Not Socioeconomically Disadvantaged,477280,7274,2504.4,39.0,29.0,68.0,17.0,14.0
2015,ela,4,224,Hispanic or Latino,Ethnicity for Not Socioeconomically Disadvantaged,477280,47511,2458.6,21.0,25.0,46.0,23.0,31.0
2015,ela,4,225,Native Hawaiian or Pacific Islander,Ethnicity for Not Socioeconomically Disadvantaged,477280,754,2462.1,23.0,24.0,47.0,24.0,29.0
2015,ela,4,226,White,Ethnicity for Not Socioeconomically Disadvantaged,477280,78357,2502.5,38.0,28.0,67.0,18.0,15.0
2015,ela,4,227,Two or more races,Ethnicity for Not Socioeconomically Disadvantaged,477280,9350,2509.0,42.0,27.0,69.0,16.0,14.0
2016,ela,4,1,All Students,All Students,488406,474588,2454.4,23.0,21.0,44.0,20.0,36.0
2016,ela,4,3,Male,Gender,249787,242526,2443.8,19.0,20.0,40.0,20.0,40.0
2016,ela,4,4,Female,Gender,238619,232062,2465.5,26.0,22.0,48.0,21.0,31.0
2016,ela,4,6,"IFEP, RFEP, and EO (Fluent English proficient and English only)",English-Language Fluency,359274,350741,2476.6,29.0,25.0,54.0,20.0,26.0
2016,ela,4,7,IFEP (Initial fluent English proficient),English-Language Fluency,18947,18612,2522.6,49.0,24.0,73.0,14.0,12.0
2016,ela,4,8,RFEP (Reclassified fluent English proficient),English-Language Fluency,61950,61466,2496.6,31.0,33.0,64.0,24.0,13.0
2016,ela,4,28,Migrant education,Migrant,4758,4619,2397.9,6.0,14.0,20.0,21.0,60.0
2016,ela,4,31,Socioeconomically disadvantaged,Economic Status,310392,302754,2425.2,12.0,19.0,31.0,23.0,47.0
2016,ela,4,74,Black or African American,Race and Ethnicity,27270,26164,2415.2,11.0,16.0,27.0,21.0,52.0
2016,ela,4,75,American Indian or Alaska Native,Race and Ethnicity,2568,2471,2426.7,13.0,19.0,32.0,22.0,46.0
2016,ela,4,76,Asian,Race and Ethnicity,43154,41642,2517.5,48.0,23.0,71.0,14.0,15.0
2016,ela,4,77,Filipino,Race and Ethnicity,11011,10795,2503.6,39.0,27.0,67.0,17.0,16.0
2016,ela,4,78,Hispanic or Latino,Race and Ethnicity,268576,263084,2428.9,13.0,19.0,32.0,23.0,45.0
2016,ela,4,79,Native Hawaiian or Pacific Islander,Race and Ethnicity,2296,2201,2445.6,17.0,22.0,38.0,25.0,37.0
2016,ela,4,80,White,Race and Ethnicity,113615,109413,2491.8,36.0,25.0,61.0,18.0,21.0
2016,ela,4,90,Not a high school graduate,Parent Education,75123,73391,2406.5,7.0,15.0,23.0,22.0,56.0
2016,ela,4,91,High school graduate,Parent Education,101760,99470,2425.7,12.0,19.0,30.0,23.0,46.0
2016,ela,4,92,Some college (includes AA degree),Parent Education,101318,98766,2451.9,19.0,24.0,43.0,23.0,34.0
2016,ela,4,93,College graduate,Parent Education,88443,85897,2492.2,35.0,26.0,61.0,18.0,20.0
2016,ela,4,94,Graduate school/Post graduate,Parent Education,64012,61750,2524.8,51.0,23.0,75.0,13.0,12.0
2016,ela,4,99,No reported disabilities,Disability Status,433248,421531,2464.6,25.0,23.0,47.0,21.0,31.0
2016,ela,4,111,Not socioeconomically disadvantaged,Economic Status,178014,171834,2505.8,41.0,26.0,67.0,17.0,16.0
2016,ela,4,120,ELs enrolled less than 12 months,English-Language Fluency,3712,1545,2376.2,5.0,12.0,17.0,16.0,67.0
2016,ela,4,121,Declined to state,Parent Education,57021,55017,2436.8,17.0,19.0,36.0,20.0,43.0
2016,ela,4,128,Reported disabilities,Disability Status,55158,53057,2373.4,6.0,9.0,15.0,13.0,72.0
2016,ela,4,142,ELs enrolled 12 months or more,English-Language Fluency,122752,120808,2391.5,4.0,11.0,15.0,21.0,64.0
2016,ela,4,144,Two or more races,Race and Ethnicity,16527,16027,2491.8,36.0,24.0,61.0,17.0,22.0
2016,ela,4,160,"EL (English learner, excluding RFEP)",English-Language Fluency,127234,122961,2391.3,4.0,11.0,15.0,21.0,64.0
2016,ela,4,180,EO (English only),English-Language Fluency,278377,270663,2468.9,27.0,23.0,50.0,20.0,30.0
2016,ela,4,200,Black or African American,Ethnicity for Socioeconomically Disadvantaged,21090,20245,2402.9,8.0,14.0,22.0,21.0,57.0
2016,ela,4,201,American Indian or Alaska Native,Ethnicity for Socioeconomically Disadvantaged,1810,1746,2409.0,8.0,17.0,25.0,22.0,54.0
2016,ela,4,202,Asian,Ethnicity for Socioeconomically Disadvantaged,15744,15137,2472.5,28.0,24.0,52.0,20.0,27.0
2016,ela,4,203,Filipino,Ethnicity for Socioeconomically Disadvantaged,4002,3908,2479.4,28.0,28.0,57.0,20.0,23.0
2016,ela,4,204,Hispanic or Latino,Ethnicity for Socioeconomically Disadvantaged,223158,219013,2419.6,10.0,18.0,28.0,23.0,49.0
2016,ela,4,205,Native Hawaiian or Pacific Islander,Ethnicity for Socioeconomically Disadvantaged,1571,1502,2429.2,11.0,20.0,31.0,26.0,44.0
2016,ela,4,206,White,Ethnicity for Socioeconomically Disadvantaged,35145,33748,2445.2,17.0,23.0,40.0,22.0,38.0
2016,ela,4,207,Two or more races,Ethnicity for Socioeconomically Disadvantaged,6156,5941,2443.5,17.0,22.0,39.0,21.0,39.0
2016,ela,4,220,Black or African American,Ethnicity for Not Socioeconomically Disadvantaged,6180,5919,2457.0,22.0,23.0,46.0,21.0,33.0
2016,ela,4,221,American Indian or Alaska Native,Ethnicity for Not Socioeconomically Disadvantaged,758,725,2469.2,25.0,25.0,50.0,23.0,28.0
2016,ela,4,222,Asian,Ethnicity for Not Socioeconomically Disadvantaged,27410,26505,2543.1,60.0,22.0,82.0,11.0,8.0
2016,ela,4,223,Filipino,Ethnicity for Not Socioeconomically Disadvantaged,7009,6887,2517.3,46.0,27.0,73.0,16.0,12.0
2016,ela,4,224,Hispanic or Latino,Ethnicity for Not Socioeconomically Disadvantaged,45418,44071,2474.8,27.0,26.0,53.0,21.0,25.0
2016,ela,4,225,Native Hawaiian or Pacific Islander,Ethnicity for Not Socioeconomically Disadvantaged,725,699,2480.8,29.0,26.0,55.0,22.0,22.0
2016,ela,4,226,White,Ethnicity for Not Socioeconomically Disadvantaged,78470,75665,2512.5,44.0,27.0,70.0,16.0,13.0
2016,ela,4,227,Two or more races,Ethnicity for Not Socioeconomically Disadvantaged,10371,10086,2520.3,48.0,25.0,73.0,15.0,12.0
2017,ela,4,1,All Students,All Students,468793,458339,2455.9,23.07,21.99,45.06,20.12,34.83
2017,ela,4,3,Male,Gender,239986,234283,2446.1,20.51,20.74,41.25,19.81,38.94
2017,ela,4,4,Female,Gender,228807,224056,2466.1,25.74,23.3,49.03,20.44,30.53
2017,ela,4,6,"IFEP, RFEP, and EO (Fluent English proficient and English only)",English-Language Fluency,353987,348189,2477.1,29.31,25.45,54.76,19.76,25.48
2017,ela,4,7,IFEP (Initial fluent English proficient),English-Language Fluency,17301,17175,2525.0,50.2,24.26,74.47,13.58,11.96
2017,ela,4,8,RFEP (Reclassified fluent English proficient),English-Language Fluency,65785,65560,2496.1,30.74,32.95,63.69,23.08,13.23
2017,ela,4,28,Migrant education,Migrant,4161,4068,2403.4,7.5,15.33,22.83,20.76,56.41
2017,ela,4,31,Socioeconomically disadvantaged,Economic Status,289041,283462,2426.6,12.44,19.47,31.92,22.24,45.85
2017,ela,4,74,Black or African American,Race and Ethnicity,25701,24984,2414.9,11.43,16.5,27.93,20.01,52.06
2017,ela,4,75,American Indian or Alaska Native,Race and Ethnicity,2370,2298,2428.5,13.1,20.2,33.3,21.07,45.62
2017,ela,4,76,Asian,Race and Ethnicity,42173,41010,2518.6,48.37,23.73,72.1,13.53,14.37
2017,ela,4,77,Filipino,Race and Ethnicity,9005,8866,2501.6,38.95,27.08,66.03,17.18,16.79
2017,ela,4,78,Hispanic or Latino,Race and Ethnicity,257671,253285,2431.3,13.61,20.26,33.87,22.44,43.7
2017,ela,4,79,Native Hawaiian or Pacific Islander,Race and Ethnicity,2200,2136,2441.6,16.25,21.36,37.61,23.23,39.16
2017,ela,4,80,White,Race and Ethnicity,108061,104940,2491.4,35.48,26.0,61.49,17.85,20.67
2017,ela,4,90,Not a high school graduate,Parent Education,69060,67643,2407.5,7.95,15.95,23.9,21.38,54.71
2017,ela,4,91,High school graduate,Parent Education,98032,96181,2426.6,11.85,19.9,31.75,22.67,45.57
2017,ela,4,92,Some college (includes AA degree),Parent Education,97276,95536,2452.2,18.97,24.38,43.35,22.55,34.1
2017,ela,4,93,College graduate,Parent Education,87400,85426,2491.8,35.14,26.44,61.57,18.34,20.09
2017,ela,4,94,Graduate school/Post graduate,Parent Education,63512,61910,2523.8,50.62,24.01,74.63,13.15,12.22
2017,ela,4,99,No reported disabilities,Disability Status,413480,405294,2466.6,25.23,23.67,48.9,20.98,30.12
2017,ela,4,111,Not socioeconomically disadvantaged,Economic Status,179752,174877,2503.3,40.29,26.07,66.36,16.67,16.97
2017,ela,4,120,ELs enrolled less than 12 months,English-Language Fluency,3981,1325,2367.5,5.59,9.98,15.57,14.74,69.69
2017,ela,4,121,Declined to state,Parent Education,53162,51489,2439.5,18.34,19.59,37.93,20.5,41.57
2017,ela,4,128,Reported disabilities,Disability Status,55313,53045,2373.9,6.54,9.13,15.67,13.49,70.84
2017,ela,4,142,ELs enrolled 12 months or more,English-Language Fluency,108336,107187,2388.5,3.18,11.02,14.19,21.3,64.5
2017,ela,4,144,Two or more races,Race and Ethnicity,18025,17631,2492.8,36.92,24.57,61.49,16.8,21.71
2017,ela,4,160,"EL (English learner, excluding RFEP)",English-Language Fluency,113248,109364,2388.3,3.21,11.0,14.21,21.26,64.53
2017,ela,4,170,EverEL,English-Language Fluency,179033,174924,2428.7,13.53,19.23,32.76,21.94,45.3
2017,ela,4,180,EO (English only),English-Language Fluency,270901,265454,2469.4,27.6,23.67,51.27,19.34,29.39
2017,ela,4,190,TBD (To be determined),English-Language Fluency,453,160,2406.1,16.25,14.38,30.63,13.75,55.63
2017,ela,4,200,Black or African American,Ethnicity for Socioeconomically Disadvantaged,19678,19132,2402.0,7.96,14.59,22.56,19.51,57.94
2017,ela,4,201,American Indian or Alaska Native,Ethnicity for Socioeconomically Disadvantaged,1611,1560,2410.4,8.4,16.55,24.95,21.23,53.82
2017,ela,4,202,Asian,Ethnicity for Socioeconomically Disadvantaged,14527,14101,2474.9,28.82,25.23,54.05,19.38,26.57
2017,ela,4,203,Filipino,Ethnicity for Socioeconomically Disadvantaged,3132,3069,2480.1,29.82,26.43,56.26,19.88,23.86
2017,ela,4,204,Hispanic or Latino,Ethnicity for Socioeconomically Disadvantaged,208489,205449,2421.7,10.59,18.87,29.45,22.76,47.79
2017,ela,4,205,Native Hawaiian or Pacific Islander,Ethnicity for Socioeconomically Disadvantaged,1505,1462,2428.0,11.5,19.03,30.53,24.78,44.7
2017,ela,4,206,White,Ethnicity for Socioeconomically Disadvantaged,31879,30786,2444.9,17.52,22.98,40.49,22.06,37.44
2017,ela,4,207,Two or more races,Ethnicity for Socioeconomically Disadvantaged,6372,6201,2445.0,18.12,21.95,40.07,21.88,38.05
2017,ela,4,220,Black or African American,Ethnicity for Not Socioeconomically Disadvantaged,6023,5852,2457.0,22.74,22.74,45.48,21.66,32.86
2017,ela,4,221,American Indian or Alaska Native,Ethnicity for Not Socioeconomically Disadvantaged,759,738,2466.7,23.04,27.91,50.95,20.73,28.32
2017,ela,4,222,Asian,Ethnicity for Not Socioeconomically Disadvantaged,27646,26909,2541.5,58.62,22.94,81.56,10.46,7.98
2017,ela,4,223,Filipino,Ethnicity for Not Socioeconomically Disadvantaged,5873,5797,2512.9,43.78,27.43,71.21,15.75,13.04
2017,ela,4,224,Hispanic or Latino,Ethnicity for Not Socioeconomically Disadvantaged,49182,47836,2472.4,26.56,26.27,52.83,21.05,26.12
2017,ela,4,225,Native Hawaiian or Pacific Islander,Ethnicity for Not Socioeconomically Disadvantaged,695,674,2471.0,26.56,26.41,52.97,19.88,27.15
2017,ela,4,226,White,Ethnicity for Not Socioeconomically Disadvantaged,76182,74154,2510.7,42.94,27.26,70.2,16.09,13.71
2017,ela,4,227,Two or more races,Ethnicity for Not Socioeconomically Disadvantaged,11653,11430,2518.7,47.12,25.99,73.11,14.04,12.84
2018,ela,4,1,All Students,All Students,463838,453771,2463.7,26.31,22.36,48.67,19.25,32.08
2018,ela,4,3,Male,Gender,238626,233097,2453.6,23.37,21.49,44.85,19.12,36.03
2018,ela,4,4,Female,Gender,225212,220674,2474.4,29.42,23.28,52.7,19.39,27.91
2018,ela,4,6,"IFEP, RFEP, and EO (Fluent English proficient and English only)",English-Language Fluency,358475,352489,2484.5,32.81,25.33,58.14,18.45,23.41
2018,ela,4,7,IFEP (Initial fluent English proficient),English-Language Fluency,17450,17278,2534.2,54.6,23.52,78.12,11.9,9.98
2018,ela,4,8,RFEP (Reclassified fluent English proficient),English-Language Fluency,70523,70164,2504.0,35.33,32.37,67.7,20.49,11.82
2018,ela,4,28,Migrant education,Migrant,3923,3820,2411.6,9.61,16.66,26.27,22.42,51.31
2018,ela,4,31,Socioeconomically disadvantaged,Economic Status,290563,284920,2436.0,15.67,20.87,36.54,21.65,41.81
2018,ela,4,74,Black or African American,Race and Ethnicity,25018,24335,2421.3,13.63,17.76,31.39,19.62,48.99
2018,ela,4,75,American Indian or Alaska Native,Race and Ethnicity,2260,2185,2433.8,16.42,20.78,37.2,19.22,43.58
2018,ela,4,76,Asian,Race and Ethnicity,42657,41597,2527.4,53.08,21.87,74.94,12.16,12.89
2018,ela,4,77,Filipino,Race and Ethnicity,9019,8890,2509.4,42.79,26.15,68.94,15.88,15.18
2018,ela,4,78,Hispanic or Latino,Race and Ethnicity,255840,251567,2440.1,16.65,21.52,38.17,21.85,39.98
2018,ela,4,79,Native Hawaiian or Pacific Islander,Race and Ethnicity,2121,2078,2448.6,19.01,22.95,41.96,21.51,36.53
2018,ela,4,80,White,Race and Ethnicity,104346,101293,2497.5,38.85,25.25,64.1,16.49,19.41
2018,ela,4,90,Not a high school graduate,Parent Education,66353,64998,2416.0,10.17,17.77,27.94,21.71,50.35
2018,ela,4,91,High school graduate,Parent Education,97547,95797,2434.5,14.63,21.21,35.84,22.14,42.01
2018,ela,4,92,Some college (includes AA degree),Parent Education,95685,93964,2459.7,22.41,24.76,47.17,21.27,31.56
2018,ela,4,93,College graduate,Parent Education,88418,86419,2498.6,38.84,25.49,64.33,16.88,18.79
2018,ela,4,94,Graduate school/Post graduate,Parent Education,63979,62434,2530.0,53.82,22.63,76.45,12.05,11.51
2018,ela,4,99,No reported disabilities,Disability Status,407612,399870,2474.9,28.8,24.01,52.8,19.95,27.25
2018,ela,4,111,Not socioeconomically disadvantaged,Economic Status,173275,168851,2510.6,44.26,24.87,69.13,15.21,15.66
2018,ela,4,120,ELs enrolled less than 12 months,English-Language Fluency,3494,1358,2375.5,7.04,11.05,18.09,15.57,66.35
2018,ela,4,121,Declined to state,Parent Education,51555,50024,2446.3,20.99,20.29,41.28,19.82,38.9
2018,ela,4,128,Reported disabilities,Disability Status,56226,53901,2380.4,7.84,10.11,17.95,14.08,67.97
2018,ela,4,142,ELs enrolled 12 months or more,English-Language Fluency,100131,98856,2391.4,3.54,11.98,15.52,22.15,62.32
2018,ela,4,144,Two or more races,Race and Ethnicity,18902,18474,2497.4,39.95,23.34,63.3,15.93,20.78
2018,ela,4,160,"EL (English learner, excluding RFEP)",English-Language Fluency,104201,100689,2391.2,3.59,11.98,15.57,22.06,62.38
2018,ela,4,170,EverEL,English-Language Fluency,174724,170853,2437.6,16.63,20.35,36.98,21.41,41.61
2018,ela,4,180,EO (English only),English-Language Fluency,270502,265047,2476.1,30.72,23.58,54.3,18.34,27.36
2018,ela,4,190,TBD (To be determined),English-Language Fluency,368,144,2412.1,14.08,15.49,29.58,19.72,50.7
2018,ela,4,200,Black or African American,Ethnicity for Socioeconomically Disadvantaged,19354,18823,2408.1,9.97,15.65,25.61,19.74,54.65
2018,ela,4,201,American Indian or Alaska Native,Ethnicity for Socioeconomically Disadvantaged,1541,1490,2417.9,11.65,18.52,30.17,18.99,50.84
2018,ela,4,202,Asian,Ethnicity for Socioeconomically Disadvantaged,15778,15368,2487.4,34.86,24.54,59.4,17.33,23.27
2018,ela,4,203,Filipino,Ethnicity for Socioeconomically Disadvantaged,3413,3345,2488.3,33.19,26.26,59.45,19.05,21.5
2018,ela,4,204,Hispanic or Latino,Ethnicity for Socioeconomically Disadvantaged,207296,204150,2430.7,13.42,20.53,33.95,22.38,43.67
2018,ela,4,205,Native Hawaiian or Pacific Islander,Ethnicity for Socioeconomically Disadvantaged,1438,1413,2431.4,12.95,20.74,33.69,22.72,43.6
2018,ela,4,206,White,Ethnicity for Socioeconomically Disadvantaged,32919,31774,2454.4,21.71,23.63,45.34,20.78,33.88
2018,ela,4,207,Two or more races,Ethnicity for Socioeconomically Disadvantaged,6906,6734,2450.5,20.79,22.54,43.33,20.7,35.97
2018,ela,4,220,Black or African American,Ethnicity for Not Socioeconomically Disadvantaged,5664,5512,2466.3,26.12,24.98,51.1,19.22,29.68
2018,ela,4,221,American Indian or Alaska Native,Ethnicity for Not Socioeconomically Disadvantaged,719,695,2467.6,26.62,25.61,52.23,19.71,28.06
2018,ela,4,222,Asian,Ethnicity for Not Socioeconomically Disadvantaged,26879,26229,2550.9,63.75,20.3,84.05,9.14,6.81
2018,ela,4,223,Filipino,Ethnicity for Not Socioeconomically Disadvantaged,5606,5545,2522.1,48.58,26.09,74.67,13.96,11.37
2018,ela,4,224,Hispanic or Latino,Ethnicity for Not Socioeconomically Disadvantaged,48544,47417,2480.4,30.52,25.81,56.33,19.58,24.08
2018,ela,4,225,Native Hawaiian or Pacific Islander,Ethnicity for Not Socioeconomically Disadvantaged,683,665,2485.1,31.88,27.67,59.55,18.95,21.5
2018,ela,4,226,White,Ethnicity for Not Socioeconomically Disadvantaged,71427,69519,2517.3,46.68,26.0,72.68,14.53,12.8
2018,ela,4,227,Two or more races,Ethnicity for Not Socioeconomically Disadvantaged,11996,11740,2524.3,50.93,23.8,74.74,13.19,12.07
2019,ela,4,1,All Students,All Students,445185,435581,2466.1,26.87,22.59,49.47,19.35,31.18
2019,ela,4,3,Male,Gender,228448,223201,2457.5,24.4,21.85,46.24,19.06,34.69
2019,ela,4,4,Female,Gender,216737,212380,2475.2,29.48,23.38,52.85,19.65,27.49
2019,ela,4,6,"IFEP, RFEP, and EO (Fluent English proficient and English only)",English-Language Fluency,343566,337996,2486.1,33.38,25.27,58.65,18.39,22.96
2019,ela,4,7,IFEP (Initial fluent English proficient),English-Language Fluency,17181,17026,2534.5,54.25,23.3,77.55,12.79,9.65
2019,ela,4,8,RFEP (Reclassified fluent English proficient),English-Language Fluency,63927,63727,2506.1,36.5,32.17,68.67,19.94,11.39
2019,ela,4,28,Migrant education,Migrant,3842,3744,2415.1,10.39,17.23,27.62,21.85,50.53
2019,ela,4,31,Socioeconomically disadvantaged,Economic Status,275677,270452,2438.7,16.26,21.23,37.49,21.82,40.69
2019,ela,4,50,Armed forces family member,Military Status,4614,4507,2488.5,33.64,25.56,59.19,19.56,21.25
2019,ela,4,51,Not armed forces family member,Military Status,440571,431074,2465.9,26.8,22.56,49.37,19.35,31.29
2019,ela,4,52,Homeless,Homeless Status,18291,17478,2425.0,13.11,18.63,31.74,21.06,47.21
2019,ela,4,53,Not homeless,Homeless Status,426894,418103,2467.8,27.45,22.76,50.21,19.28,30.51
2019,ela,4,74,Black or African American,Race and Ethnicity,23714,23090,2422.7,13.77,18.15,31.92,19.86,48.22
2019,ela,4,75,American Indian or Alaska Native,Race and Ethnicity,2091,2026,2435.2,15.72,20.37,36.09,21.06,42.86
2019,ela,4,76,Asian,Race and Ethnicity,40714,39769,2527.5,53.02,21.62,74.64,12.25,13.11
2019,ela,4,77,Filipino,Race and Ethnicity,8645,8516,2510.1,42.88,25.88,68.76,16.14,15.1
2019,ela,4,78,Hispanic or Latino,Race and Ethnicity,244748,240525,2443.2,17.42,21.9,39.31,21.98,38.71
2019,ela,4,79,Native Hawaiian or Pacific Islander,Race and Ethnicity,1961,1920,2448.0,18.39,22.88,41.27,21.0,37.72
2019,ela,4,80,White,Race and Ethnicity,100189,97362,2498.4,38.93,25.34,64.27,16.52,19.21
2019,ela,4,90,Not a high school graduate,Parent Education,61614,60331,2418.6,10.76,17.95,28.71,21.69,49.6
2019,ela,4,91,High school graduate,Parent Education,94238,92597,2436.8,15.29,21.25,36.54,22.26,41.19
2019,ela,4,92,Some college (includes AA degree),Parent Education,90504,88827,2461.9,22.93,24.96,47.89,21.45,30.67
2019,ela,4,93,College graduate,Parent Education,86745,84912,2499.7,38.81,25.77,64.57,17.12,18.3
2019,ela,4,94,Graduate school/Post graduate,Parent Education,63070,61572,2530.6,53.88,22.58,76.46,12.09,11.45
2019,ela,4,99,No reported disabilities,Disability Status,389327,381922,2477.3,29.47,24.22,53.68,19.98,26.34
2019,ela,4,111,Not socioeconomically disadvantaged,Economic Status,169508,165129,2511.1,44.26,24.82,69.08,15.31,15.62
2019,ela,4,120,ELs enrolled less than 12 months,English-Language Fluency,3936,1341,2365.7,4.49,10.1,14.6,15.42,69.99
2019,ela,4,121,Declined to state,Parent Education,48693,47210,2448.2,20.94,21.03,41.97,20.17,37.87
2019,ela,4,128,Reported disabilities,Disability Status,55858,53659,2386.3,8.41,11.02,19.43,14.89,65.68
2019,ela,4,142,ELs enrolled 12 months or more,English-Language Fluency,96250,95295,2397.2,4.28,13.35,17.64,22.84,59.53
2019,ela,4,144,Two or more races,Race and Ethnicity,19538,19130,2500.1,40.56,23.63,64.19,16.17,19.64
2019,ela,4,160,"EL (English learner, excluding RFEP)",English-Language Fluency,100936,97241,2396.6,4.28,13.31,17.58,22.69,59.73
2019,ela,4,170,EverEL,English-Language Fluency,164863,160968,2440.0,17.03,20.77,37.81,21.6,40.59
2019,ela,4,180,EO (English only),English-Language Fluency,262458,257243,2478.0,31.23,23.69,54.91,18.38,26.71
2019,ela,4,190,TBD (To be determined),English-Language Fluency,312,115,2420.0,16.81,21.24,38.05,13.27,48.67
2019,ela,4,200,Black or African American,Ethnicity for Socioeconomically Disadvantaged,18390,17926,2410.7,10.38,16.33,26.71,19.91,53.38
2019,ela,4,201,American Indian or Alaska Native,Ethnicity for Socioeconomically Disadvantaged,1458,1416,2419.1,10.61,18.46,29.07,21.57,49.36
2019,ela,4,202,Asian,Ethnicity for Socioeconomically Disadvantaged,14572,14232,2485.1,33.8,24.55,58.35,17.72,23.94
2019,ela,4,203,Filipino,Ethnicity for Socioeconomically Disadvantaged,3167,3110,2488.5,33.0,26.47,59.47,19.62,20.91
2019,ela,4,204,Hispanic or Latino,Ethnicity for Socioeconomically Disadvantaged,195739,192788,2433.8,14.14,20.9,35.05,22.55,42.41
2019,ela,4,205,Native Hawaiian or Pacific Islander,Ethnicity for Socioeconomically Disadvantaged,1356,1331,2433.2,12.72,21.6,34.31,22.12,43.57
2019,ela,4,206,White,Ethnicity for Socioeconomically Disadvantaged,32152,31100,2456.2,22.04,23.91,45.96,20.82,33.22
2019,ela,4,207,Two or more races,Ethnicity for Socioeconomically Disadvantaged,7087,6905,2456.3,22.84,22.65,45.49,20.65,33.86
2019,ela,4,220,Black or African American,Ethnicity for Not Socioeconomically Disadvantaged,5324,5164,2464.5,25.54,24.46,50.0,19.71,30.29
2019,ela,4,221,American Indian or Alaska Native,Ethnicity for Not Socioeconomically Disadvantaged,633,610,2472.5,27.59,24.79,52.38,19.87,27.75
2019,ela,4,222,Asian,Ethnicity for Not Socioeconomically Disadvantaged,26142,25537,2551.1,63.74,19.99,83.72,9.21,7.07
2019,ela,4,223,Filipino,Ethnicity for Not Socioeconomically Disadvantaged,5478,5406,2522.5,48.57,25.54,74.11,14.14,11.75
2019,ela,4,224,Hispanic or Latino,Ethnicity for Not Socioeconomically Disadvantaged,49009,47737,2481.4,30.64,25.92,56.56,19.67,23.78
2019,ela,4,225,Native Hawaiian or Pacific Islander,Ethnicity for Not Socioeconomically Disadvantaged,605,589,2481.7,31.28,25.81,57.09,18.46,24.44
2019,ela,4,226,White,Ethnicity for Not Socioeconomically Disadvantaged,68037,66262,2518.2,46.85,26.01,72.87,14.5,12.64
2019,ela,4,227,Two or more races,Ethnicity for Not Socioeconomically Disadvantaged,12451,12225,2524.8,50.57,24.18,74.74,13.64,11.62
2021,ela,4,1,All Students,All Students,440260,82760,2447.3,21.09,20.39,41.48,20.64,37.87
2021,ela,4,3,Male,Gender,225159,41977,2439.8,19.2,19.63,38.83,20.39,40.78
2021,ela,4,4,Female,Gender,215067,40776,2455.1,23.04,21.17,44.21,20.91,34.88
2021,ela,4,6,"IFEP, RFEP, and EO (Fluent English proficient and English only)",English-Language Fluency,340859,65030,2466.7,25.92,23.33,49.25,21.28,29.47
2021,ela,4,7,IFEP (Initial fluent English proficient),English-Language Fluency,16211,2853,2526.3,49.89,24.28,74.18,13.72,12.11
2021,ela,4,8,RFEP (Reclassified fluent English proficient),English-Language Fluency,56402,8918,2480.4,27.14,27.2,54.34,24.02,21.64
2021,ela,4,28,Migrant education,Migrant,3649,778,2378.5,4.64,10.18,14.82,19.33,65.85
2021,ela,4,29,Not migrant education,Migrant,436611,81982,2448.0,21.25,20.49,41.74,20.66,37.61
2021,ela,4,31,Socioeconomically disadvantaged,Economic Status,262703,44696,2410.9,9.7,16.48,26.18,21.72,52.1
2021,ela,4,50,Armed forces family member,Military Status,5815,1110,2461.5,22.83,23.38,46.21,22.74,31.05
2021,ela,4,51,Not armed forces family member,Military Status,434445,81650,2447.1,21.07,20.35,41.42,20.62,37.97
2021,ela,4,52,Homeless,Homeless Status,15653,1801,2389.2,6.14,12.67,18.81,19.75,61.44
2021,ela,4,53,Not homeless,Homeless Status,424607,80959,2448.6,21.42,20.56,41.99,20.66,37.35
2021,ela,4,74,Black or African American,Race and Ethnicity,23370,3171,2413.5,11.78,16.02,27.8,21.18,51.01
2021,ela,4,75,American Indian or Alaska Native,Race and Ethnicity,1849,597,2407.6,7.41,16.67,24.07,23.23,52.69
2021,ela,4,76,Asian,Race and Ethnicity,41251,7741,2510.3,45.01,22.25,67.25,14.64,18.11
2021,ela,4,77,Filipino,Race and Ethnicity,8461,1433,2486.5,33.12,24.93,58.05,20.31,21.64
2021,ela,4,78,Hispanic or Latino,Race and Ethnicity,245571,40154,2414.9,10.96,16.88,27.84,21.6,50.56
2021,ela,4,79,Native Hawaiian or Pacific Islander,Race and Ethnicity,1884,348,2435.4,16.67,19.83,36.49,19.83,43.68
2021,ela,4,80,White,Race and Ethnicity,93175,23828,2477.2,28.99,25.05,54.03,21.37,24.59
2021,ela,4,90,Not a high school graduate,Parent Education,49721,9236,2384.7,5.21,11.92,17.13,18.33,64.54
2021,ela,4,91,High school graduate,Parent Education,84158,16766,2405.2,7.87,15.38,23.24,22.24,54.52
2021,ela,4,92,Some college (includes AA degree),Parent Education,84394,17914,2437.5,14.66,21.33,35.99,24.47,39.54
2021,ela,4,93,College graduate,Parent Education,84519,18066,2478.1,28.93,25.96,54.9,20.77,24.33
2021,ela,4,94,Graduate school/Post graduate,Parent Education,63539,14685,2515.7,45.93,24.35,70.29,15.69,14.02
2021,ela,4,99,No reported disabilities,Disability Status,384644,73264,2455.8,22.9,21.63,44.53,21.19,34.28
2021,ela,4,111,Not socioeconomically disadvantaged,Economic Status,177557,38064,2490.0,34.44,24.97,59.4,19.39,21.21
2021,ela,4,120,ELs enrolled less than 12 months,English-Language Fluency,1465,109,2350.4,0.92,8.26,9.17,13.76,77.06
2021,ela,4,121,Declined to state,Parent Education,73824,6073,2430.3,17.17,18.06,35.23,20.15,44.62
2021,ela,4,128,Reported disabilities,Disability Status,55616,9496,2382.0,7.17,10.78,17.95,16.46,65.6
2021,ela,4,142,ELs enrolled 12 months or more,English-Language Fluency,97196,17428,2376.3,3.39,9.53,12.92,18.38,68.7
2021,ela,4,144,Two or more races,Race and Ethnicity,24699,5488,2479.8,31.04,24.95,56.0,18.5,25.5
2021,ela,4,160,"EL (English learner, excluding RFEP)",English-Language Fluency,99101,17681,2376.0,3.35,9.54,12.89,18.32,68.8
2021,ela,4,170,EverEL,English-Language Fluency,155503,26599,2411.0,11.33,15.46,26.79,20.23,52.98
2021,ela,4,180,EO (English only),English-Language Fluency,268246,53259,2461.2,24.43,22.63,47.06,21.23,31.72
2021,ela,4,190,TBD (To be determined),English-Language Fluency,158,12,2430.3,8.33,25.0,33.33,25.0,41.67
2021,ela,4,200,Black or African American,Ethnicity for Socioeconomically Disadvantaged,17494,2183,2396.3,8.11,13.04,21.14,20.22,58.64
2021,ela,4,201,American Indian or Alaska Native,Ethnicity for Socioeconomically Disadvantaged,1243,435,2394.2,3.23,14.32,17.55,24.71,57.74
2021,ela,4,202,Asian,Ethnicity for Socioeconomically Disadvantaged,13550,2340,2446.4,19.04,22.04,41.08,21.31,37.61
2021,ela,4,203,Filipino,Ethnicity for Socioeconomically Disadvantaged,2890,444,2465.0,23.81,24.04,47.85,23.36,28.8
2021,ela,4,204,Hispanic or Latino,Ethnicity for Socioeconomically Disadvantaged,187754,29785,2401.3,7.48,14.88,22.36,21.21,56.44
2021,ela,4,205,Native Hawaiian or Pacific Islander,Ethnicity for Socioeconomically Disadvantaged,1209,198,2419.9,12.12,16.67,28.79,20.2,51.01
2021,ela,4,206,White,Ethnicity for Socioeconomically Disadvantaged,29435,7515,2435.1,14.57,20.83,35.4,24.0,40.61
2021,ela,4,207,Two or more races,Ethnicity for Socioeconomically Disadvantaged,9128,1796,2430.1,13.61,20.45,34.06,22.07,43.87
2021,ela,4,220,Black or African American,Ethnicity for Not Socioeconomically Disadvantaged,5876,988,2451.5,19.86,22.59,42.45,23.3,34.25
2021,ela,4,221,American Indian or Alaska Native,Ethnicity for Not Socioeconomically Disadvantaged,606,162,2443.7,18.63,22.98,41.61,19.25,39.13
2021,ela,4,222,Asian,Ethnicity for Not Socioeconomically Disadvantaged,27701,5401,2537.9,56.26,22.34,78.59,11.75,9.66
2021,ela,4,223,Filipino,Ethnicity for Not Socioeconomically Disadvantaged,5571,989,2496.1,37.28,25.33,62.61,18.95,18.44
2021,ela,4,224,Hispanic or Latino,Ethnicity for Not Socioeconomically Disadvantaged,57817,10369,2454.0,20.93,22.63,43.56,22.74,33.7
2021,ela,4,225,Native Hawaiian or Pacific Islander,Ethnicity for Not Socioeconomically Disadvantaged,675,150,2455.8,22.67,24.0,46.67,19.33,34.0
2021,ela,4,226,White,Ethnicity for Not Socioeconomically Disadvantaged,63740,16313,2496.6,35.62,26.98,62.6,20.17,17.23
2021,ela,4,227,Two or more races,Ethnicity for Not Socioeconomically Disadvantaged,15571,3692,2503.8,39.48,27.14,66.62,16.77,16.61
2022,ela,4,1,All Students,All Students,431050,420037,2454.0,23.5,20.72,44.22,20.21,35.57
2022,ela,4,3,Male,Gender,220009,213968,2446.2,21.58,19.83,41.41,19.99,38.59
2022,ela,4,4,Female,Gender,210976,206007,2462.1,25.48,21.65,47.13,20.44,32.43
2022,ela,4,6,"IFEP, RFEP, and EO (Fluent English proficient and English only)",English-Language Fluency,327135,320152,2474.4,29.54,23.3,52.84,19.74,27.42
2022,ela,4,7,IFEP (Initial fluent English proficient),English-Language Fluency,15892,15687,2529.1,50.98,23.32,74.3,14.32,11.38
2022,ela,4,8,RFEP (Reclassified fluent English proficient),English-Language Fluency,46756,46381,2503.1,36.58,29.49,66.07,19.74,14.19
2022,ela,4,28,Migrant education,Migrant,3406,3310,2393.3,6.8,13.42,20.22,20.37,59.41
2022,ela,4,29,Not migrant education,Migrant,427644,416727,2454.5,23.63,20.78,44.41,20.21,35.38
2022,ela,4,31,Socioeconomically disadvantaged,Economic Status,259610,253701,2423.9,13.13,18.41,31.54,22.1,46.36
2022,ela,4,50,Armed forces family member,Military Status,6930,6779,2463.6,25.07,23.11,48.18,20.93,30.89
2022,ela,4,51,Not armed forces family member,Military Status,424120,413258,2453.9,23.47,20.68,44.15,20.2,35.64
2022,ela,4,52,Homeless,Homeless Status,14539,13821,2405.6,9.94,14.79,24.73,20.83,54.44
2022,ela,4,53,Not homeless,Homeless Status,416511,406216,2455.7,23.96,20.92,44.88,20.19,34.93
2022,ela,4,74,Black or African American,Race and Ethnicity,21995,21056,2410.8,11.63,15.73,27.36,20.48,52.16
2022,ela,4,75,American Indian or Alaska Native,Race and Ethnicity,1867,1784,2418.6,12.45,16.71,29.16,21.76,49.07
2022,ela,4,76,Asian,Race and Ethnicity,43108,42104,2523.5,51.04,21.62,72.66,12.66,14.69
2022,ela,4,77,Filipino,Race and Ethnicity,9380,9262,2508.0,41.65,26.27,67.91,16.74,15.35
2022,ela,4,78,Hispanic or Latino,Race and Ethnicity,239595,234467,2427.3,13.71,19.09,32.8,22.42,44.78
2022,ela,4,79,Native Hawaiian or Pacific Islander,Race and Ethnicity,1805,1749,2434.3,15.57,19.58,35.15,22.38,42.47
2022,ela,4,80,White,Race and Ethnicity,88658,86007,2489.7,34.76,24.82,59.58,18.85,21.57
2022,ela,4,90,Not a high school graduate,Parent Education,51993,50734,2399.2,7.58,14.63,22.2,20.76,57.04
2022,ela,4,91,High school graduate,Parent Education,91427,89281,2419.0,11.15,17.92,29.07,22.82,48.11
2022,ela,4,92,Some college (includes AA degree),Parent Education,85665,83694,2446.2,17.73,22.55,40.28,23.45,36.27
2022,ela,4,93,College graduate,Parent Education,88855,86760,2489.4,34.53,25.13,59.66,18.77,21.57
2022,ela,4,94,Graduate school/Post graduate,Parent Education,65580,63992,2524.1,50.15,23.0,73.16,13.75,13.1
2022,ela,4,99,No reported disabilities,Disability Status,377570,369115,2464.0,25.64,22.12,47.76,20.79,31.45
2022,ela,4,111,Not socioeconomically disadvantaged,Economic Status,171440,166336,2499.9,39.31,24.25,63.55,17.34,19.1
2022,ela,4,120,ELs enrolled less than 12 months,English-Language Fluency,3988,1620,2333.7,2.41,6.13,8.54,10.77,80.69
2022,ela,4,121,Declined to state,Parent Education,46944,45274,2432.4,17.6,18.06,35.65,20.4,43.95
2022,ela,4,128,Reported disabilities,Disability Status,53480,50922,2381.8,7.93,10.59,18.52,16.01,65.48
2022,ela,4,142,ELs enrolled 12 months or more,English-Language Fluency,98850,97602,2389.7,4.12,12.55,16.67,21.95,61.38
2022,ela,4,144,Two or more races,Race and Ethnicity,24642,23608,2487.2,35.36,23.1,58.46,17.62,23.92
2022,ela,4,160,"EL (English learner, excluding RFEP)",English-Language Fluency,103449,99618,2388.7,4.09,12.43,16.52,21.75,61.73
2022,ela,4,170,EverEL,English-Language Fluency,150205,145999,2425.1,14.41,17.85,32.26,21.11,46.63
2022,ela,4,180,EO (English only),English-Language Fluency,264487,258084,2465.9,26.97,22.19,49.16,20.07,30.77
2022,ela,4,190,TBD (To be determined),English-Language Fluency,186,58,2356.5,8.62,10.34,18.97,5.17,75.86
2022,ela,4,200,Black or African American,Ethnicity for Socioeconomically Disadvantaged,16681,15942,2397.1,8.4,13.39,21.78,20.06,58.16
2022,ela,4,201,American Indian or Alaska Native,Ethnicity for Socioeconomically Disadvantaged,1287,1227,2401.1,8.24,13.13,21.37,21.29,57.34
2022,ela,4,202,Asian,Ethnicity for Socioeconomically Disadvantaged,15412,15062,2477.2,31.51,23.38,54.89,18.02,27.09
2022,ela,4,203,Filipino,Ethnicity for Socioeconomically Disadvantaged,3214,3162,2485.2,32.11,26.45,58.56,19.68,21.77
2022,ela,4,204,Hispanic or Latino,Ethnicity for Socioeconomically Disadvantaged,183468,180142,2416.4,10.53,17.61,28.14,22.61,49.25
2022,ela,4,205,Native Hawaiian or Pacific Islander,Ethnicity for Socioeconomically Disadvantaged,1208,1168,2415.1,9.59,18.15,27.74,22.35,49.91
2022,ela,4,206,White,Ethnicity for Socioeconomically Disadvantaged,28958,28010,2447.8,19.26,22.36,41.62,22.51,35.87
2022,ela,4,207,Two or more races,Ethnicity for Socioeconomically Disadvantaged,9382,8988,2440.6,18.3,20.57,38.87,21.84,39.29
2022,ela,4,220,Black or African American,Ethnicity for Not Socioeconomically Disadvantaged,5314,5114,2453.7,21.73,23.03,44.76,21.81,33.43
2022,ela,4,221,American Indian or Alaska Native,Ethnicity for Not Socioeconomically Disadvantaged,580,557,2457.2,21.72,24.6,46.32,22.8,30.88
2022,ela,4,222,Asian,Ethnicity for Not Socioeconomically Disadvantaged,27696,27042,2549.3,61.92,20.64,82.56,9.67,7.78
2022,ela,4,223,Filipino,Ethnicity for Not Socioeconomically Disadvantaged,6166,6100,2519.7,46.59,26.17,72.76,15.22,12.02
2022,ela,4,224,Hispanic or Latino,Ethnicity for Not Socioeconomically Disadvantaged,56127,54325,2463.3,24.29,23.98,48.27,21.77,29.96
2022,ela,4,225,Native Hawaiian or Pacific Islander,Ethnicity for Not Socioeconomically Disadvantaged,597,581,2473.1,27.63,22.45,50.09,22.45,27.46
2022,ela,4,226,White,Ethnicity for Not Socioeconomically Disadvantaged,59700,57997,2509.9,42.25,26.0,68.25,17.09,14.66
2022,ela,4,227,Two or more races,Ethnicity for Not Socioeconomically Disadvantaged,15260,14620,2515.8,45.85,24.65,70.5,15.03,14.47
2022,ela,4,240,Foster youth,Foster Status,1566,1510,2393.8,7.03,14.33,21.37,20.64,58.0
2022,ela,4,241,Not foster youth,Foster Status,429484,418527,2454.2,23.56,20.75,44.3,20.21,35.49
2023,ela,4,1,All Students,All Students,425000,416005,2452.3,24.0,19.74,43.73,19.37,36.89
2023,ela,4,3,Male,Gender,216881,212029,2445.2,22.25,18.97,41.22,19.15,39.63
2023,ela,4,4,Female,Gender,208038,203900,2459.8,25.81,20.52,46.33,19.61,34.05
2023,ela,4,6,"IFEP, RFEP, and EO (Fluent English proficient and English only)",English-Language Fluency,331283,326885,2472.6,29.68,22.25,51.93,19.3,28.77
2023,ela,4,7,IFEP (Initial fluent English proficient),English-Language Fluency,26147,26010,2507.9,41.81,23.26,65.07,17.28,17.65
2023,ela,4,8,RFEP (Reclassified fluent English proficient),English-Language Fluency,39633,39464,2507.0,38.55,29.19,67.74,19.25,13.01
2023,ela,4,28,Migrant education,Migrant,3132,3034,2387.7,6.76,12.89,19.65,18.13,62.22
2023,ela,4,29,Not migrant education,Migrant,421868,412971,2452.8,24.12,19.79,43.91,19.38,36.71
2023,ela,4,31,Socioeconomically disadvantaged,Economic Status,267978,262896,2422.7,14.0,17.62,31.62,21.01,47.37
2023,ela,4,50,Armed forces family member,Military Status,7158,7047,2462.5,25.25,22.27,47.52,20.34,32.14
2023,ela,4,51,Not armed forces family member,Military Status,417842,408958,2452.2,23.97,19.69,43.67,19.36,36.98
2023,ela,4,52,Homeless,Homeless Status,14774,14005,2398.4,9.13,13.92,23.05,19.33,57.62
2023,ela,4,53,Not homeless,Homeless Status,410226,402000,2454.2,24.51,19.94,44.45,19.38,36.17
2023,ela,4,74,Black or African American,Race and Ethnicity,21477,20926,2408.4,12.03,15.06,27.09,19.26,53.65
2023,ela,4,75,American Indian or Alaska Native,Race and Ethnicity,1869,1815,2417.0,12.42,17.28,29.71,20.49,49.81
2023,ela,4,76,Asian,Race and Ethnicity,44223,43207,2522.4,50.75,20.96,71.71,12.39,15.9
2023,ela,4,77,Filipino,Race and Ethnicity,9227,9143,2505.7,41.3,24.84,66.15,16.88,16.98
2023,ela,4,78,Hispanic or Latino,Race and Ethnicity,235317,230991,2424.9,14.29,18.1,32.39,21.33,46.27
2023,ela,4,79,Native Hawaiian or Pacific Islander,Race and Ethnicity,1723,1681,2432.7,15.88,19.27,35.16,21.95,42.89
2023,ela,4,80,White,Race and Ethnicity,86339,83996,2487.8,34.89,23.61,58.5,18.44,23.05
2023,ela,4,90,Not a high school graduate,Parent Education,47139,46055,2396.1,8.17,13.81,21.97,19.58,58.45
2023,ela,4,91,High school graduate,Parent Education,89657,87813,2415.0,11.45,16.8,28.24,21.31,50.44
2023,ela,4,92,Some college (includes AA degree),Parent Education,84094,82677,2443.1,18.14,20.93,39.07,22.71,38.21
2023,ela,4,93,College graduate,Parent Education,91223,89429,2486.3,34.02,23.96,57.97,18.69,23.34
2023,ela,4,94,Graduate school/Post graduate,Parent Education,68236,66880,2521.7,49.36,22.36,71.72,13.53,14.75
2023,ela,4,99,No reported disabilities,Disability Status,369110,362104,2463.4,26.35,21.2,47.55,20.05,32.4
2023,ela,4,111,Not socioeconomically disadvantaged,Economic Status,157022,153109,2503.2,41.17,23.37,64.53,16.56,18.91
2023,ela,4,120,ELs enrolled less than 12 months,English-Language Fluency,5478,1870,2328.8,1.61,5.9,7.51,8.96,83.53
2023,ela,4,121,Declined to state,Parent Education,44506,43063,2428.0,17.56,16.93,34.49,19.29,46.22
2023,ela,4,128,Reported disabilities,Disability Status,55890,53901,2378.1,8.16,9.89,18.05,14.82,67.13
2023,ela,4,142,ELs enrolled 12 months or more,English-Language Fluency,87595,86783,2379.3,3.16,10.62,13.78,19.89,66.33
2023,ela,4,144,Two or more races,Race and Ethnicity,24825,24246,2487.7,36.29,21.97,58.26,17.15,24.6
2023,ela,4,160,"EL (English learner, excluding RFEP)",English-Language Fluency,93515,89001,2378.1,3.12,10.51,13.63,19.65,66.73
2023,ela,4,170,EverEL,English-Language Fluency,133148,128465,2417.7,14.01,16.25,30.25,19.53,50.22
2023,ela,4,180,EO (English only),English-Language Fluency,265503,261411,2463.8,27.14,21.1,48.24,19.51,32.25
2023,ela,4,190,TBD (To be determined),English-Language Fluency,86,26,2389.6,11.54,7.69,19.23,23.08,57.69
2023,ela,4,200,Black or African American,Ethnicity for Socioeconomically Disadvantaged,16922,16495,2395.8,8.7,13.46,22.17,19.19,58.65
2023,ela,4,201,American Indian or Alaska Native,Ethnicity for Socioeconomically Disadvantaged,1343,1306,2399.3,6.91,15.04,21.95,21.41,56.64
2023,ela,4,202,Asian,Ethnicity for Socioeconomically Disadvantaged,17131,16744,2479.1,33.35,22.16,55.5,16.63,27.87
2023,ela,4,203,Filipino,Ethnicity for Socioeconomically Disadvantaged,3483,3450,2482.7,31.02,25.14,56.16,20.82,23.02
2023,ela,4,204,Hispanic or Latino,Ethnicity for Socioeconomically Disadvantaged,186581,183730,2414.4,11.2,16.76,27.97,21.56,50.48
2023,ela,4,205,Native Hawaiian or Pacific Islander,Ethnicity for Socioeconomically Disadvantaged,1239,1211,2421.2,13.05,17.26,30.31,22.05,47.65
2023,ela,4,206,White,Ethnicity for Socioeconomically Disadvantaged,30953,29923,2445.5,19.83,21.12,40.95,21.33,37.72
2023,ela,4,207,Two or more races,Ethnicity for Socioeconomically Disadvantaged,10326,10037,2440.6,19.32,19.96,39.29,20.37,40.34
2023,ela,4,220,Black or African American,Ethnicity for Not Socioeconomically Disadvantaged,4555,4431,2455.5,24.41,21.03,45.44,19.51,35.05
2023,ela,4,221,American Indian or Alaska Native,Ethnicity for Not Socioeconomically Disadvantaged,526,509,2462.4,26.57,23.03,49.61,18.11,32.28
2023,ela,4,222,Asian,Ethnicity for Not Socioeconomically Disadvantaged,27092,26463,2549.8,61.77,20.21,81.97,9.7,8.32
2023,ela,4,223,Filipino,Ethnicity for Not Socioeconomically Disadvantaged,5744,5693,2519.7,47.53,24.66,72.19,14.49,13.31
2023,ela,4,224,Hispanic or Latino,Ethnicity for Not Socioeconomically Disadvantaged,48736,47261,2465.9,26.29,23.32,49.61,20.47,29.92
2023,ela,4,225,Native Hawaiian or Pacific Islander,Ethnicity for Not Socioeconomically Disadvantaged,484,470,2462.4,23.19,24.47,47.66,21.7,30.64
2023,ela,4,226,White,Ethnicity for Not Socioeconomically Disadvantaged,55386,54073,2511.2,43.22,24.99,68.21,16.85,14.94
2023,ela,4,227,Two or more races,Ethnicity for Not Socioeconomically Disadvantaged,14499,14209,2521.0,48.26,23.39,71.65,14.87,13.48
2023,ela,4,240,Foster youth,Foster Status,1636,1588,2385.2,6.74,11.08,17.82,18.89,63.29
2023,ela,4,241,Not foster youth,Foster Status,423364,414417,2452.6,24.06,19.77,43.83,19.38,36.79
2023,ela,4,251,ARLTEL (At-Risk of becoming LTEL),English-Language Fluency,52851,52329,2353.2,0.65,4.36,5.01,14.7,80.3
2023,ela,4,252,NeverEL,English-Language Fluency,291736,287447,2467.8,28.46,21.29,49.76,19.31,30.93
2024,ela,4,1,All Students,All Students,424534,413723,2452.0,24.21,19.69,43.9,19.08,37.02
2024,ela,4,3,Male,Gender,216789,210962,2444.7,22.37,18.95,41.32,18.92,39.75
2024,ela,4,4,Female,Gender,207637,202661,2459.5,26.11,20.46,46.57,19.25,34.18
2024,ela,4,6,"IFEP, RFEP, and EO (Fluent English proficient and English only)",English-Language Fluency,332231,327698,2472.0,29.77,22.24,52.01,18.94,29.05
2024,ela,4,7,IFEP (Initial fluent English proficient),English-Language Fluency,28332,28156,2509.7,42.59,23.39,65.98,16.87,17.15
2024,ela,4,8,RFEP (Reclassified fluent English proficient),English-Language Fluency,36086,35934,2506.7,38.79,29.69,68.48,18.46,13.07
2024,ela,4,28,Migrant education,Migrant,3505,3343,2384.1,7.45,12.06,19.51,17.41,63.08
2024,ela,4,29,Not migrant education,Migrant,421029,410380,2452.5,24.34,19.75,44.1,19.1,36.81
2024,ela,4,31,Socioeconomically disadvantaged,Economic Status,279075,272567,2425.9,15.55,17.83,33.38,20.48,46.14
2024,ela,4,50,Armed forces family member,Military Status,6613,6512,2458.9,24.5,21.89,46.38,20.67,32.94
2024,ela,4,51,Not armed forces family member,Military Status,417921,407211,2451.8,24.2,19.66,43.86,19.06,37.09
2024,ela,4,52,Homeless,Homeless Status,16416,15194,2395.1,9.17,13.44,22.61,18.63,58.76
2024,ela,4,53,Not homeless,Homeless Status,408118,398529,2454.1,24.78,19.93,44.71,19.1,36.19
2024,ela,4,74,Black or African American,Race and Ethnicity,20641,20152,2407.6,12.38,14.55,26.93,19.1,53.97
2024,ela,4,75,American Indian or Alaska Native,Race and Ethnicity,1892,1831,2417.8,12.84,16.45,29.29,20.87,49.84
2024,ela,4,76,Asian,Race and Ethnicity,43437,42161,2519.2,49.57,20.87,70.44,12.92,16.64
2024,ela,4,77,Filipino,Race and Ethnicity,8894,8799,2510.1,44.01,23.99,68.0,15.47,16.53
2024,ela,4,78,Hispanic or Latino,Race and Ethnicity,235581,229605,2425.5,14.97,18.2,33.17,20.8,46.03
2024,ela,4,79,Native Hawaiian or Pacific Islander,Race and Ethnicity,1731,1687,2428.1,15.66,17.73,33.39,20.88,45.73
2024,ela,4,80,White,Race and Ethnicity,86731,84549,2485.6,34.22,23.48,57.7,18.29,24.01
2024,ela,4,90,Not a high school graduate,Parent Education,39430,37888,2393.5,8.28,13.19,21.47,19.07,59.47
2024,ela,4,91,High school graduate,Parent Education,84397,82198,2413.1,11.63,16.52,28.15,20.67,51.18
2024,ela,4,92,Some college (includes AA degree),Parent Education,80132,78642,2441.5,18.0,20.85,38.85,22.17,38.97
2024,ela,4,93,College graduate,Parent Education,89465,87487,2483.4,33.31,23.54,56.85,18.57,24.58
2024,ela,4,94,Graduate school/Post graduate,Parent Education,71073,69580,2519.3,48.23,22.53,70.76,14.03,15.2
2024,ela,4,99,No reported disabilities,Disability Status,365053,356378,2464.1,26.82,21.28,48.1,19.77,32.13
2024,ela,4,111,Not socioeconomically disadvantaged,Economic Status,145459,141156,2502.2,40.92,23.29,64.21,16.39,19.4
2024,ela,4,120,ELs enrolled less than 12 months,English-Language Fluency,7208,1910,2316.2,2.15,4.2,6.36,7.36,86.28
2024,ela,4,121,Declined to state,Parent Education,58677,56730,2431.2,18.3,17.62,35.93,19.48,44.59
2024,ela,4,128,Reported disabilities,Disability Status,59481,57345,2376.5,7.96,9.81,17.76,14.79,67.44
2024,ela,4,142,ELs enrolled 12 months or more,English-Language Fluency,84604,83890,2377.1,3.03,10.11,13.13,19.92,66.94
2024,ela,4,144,Two or more races,Race and Ethnicity,25627,24939,2487.4,36.37,21.63,57.99,17.34,24.66
2024,ela,4,160,"EL (English learner, excluding RFEP)",English-Language Fluency,92068,85939,2375.7,3.0,9.97,12.97,19.64,67.39
2024,ela,4,170,EverEL,English-Language Fluency,128154,121873,2414.4,13.56,15.78,29.34,19.29,51.37
2024,ela,4,180,EO (English only),English-Language Fluency,267813,263608,2463.2,27.17,21.11,48.27,19.22,32.5
2024,ela,4,190,TBD (To be determined),English-Language Fluency,139,24,2307.3,0.0,8.33,8.33,4.17,87.5
2024,ela,4,200,Black or African American,Ethnicity for Socioeconomically Disadvantaged,16669,16292,2396.5,9.6,12.97,22.57,18.8,58.63
2024,ela,4,201,American Indian or Alaska Native,Ethnicity for Socioeconomically Disadvantaged,1418,1373,2403.0,8.67,14.8,23.47,21.06,55.47
2024,ela,4,202,Asian,Ethnicity for Socioeconomically Disadvantaged,18975,18438,2482.4,34.83,21.9,56.73,16.76,26.51
2024,ela,4,203,Filipino,Ethnicity for Socioeconomically Disadvantaged,3831,3788,2491.0,36.2,23.82,60.02,18.04,21.94
2024,ela,4,204,Hispanic or Latino,Ethnicity for Socioeconomically Disadvantaged,189038,185021,2415.5,12.05,17.0,29.05,21.03,49.92
2024,ela,4,205,Native Hawaiian or Pacific Islander,Ethnicity for Socioeconomically Disadvantaged,1282,1252,2415.3,11.82,16.61,28.43,20.85,50.72
2024,ela,4,206,White,Ethnicity for Socioeconomically Disadvantaged,36075,34935,2451.3,22.34,21.23,43.57,20.61,35.82
2024,ela,4,207,Two or more races,Ethnicity for Socioeconomically Disadvantaged,11787,11468,2449.8,23.14,19.75,42.89,20.2,36.91
2024,ela,4,220,Black or African American,Ethnicity for Not Socioeconomically Disadvantaged,3972,3860,2454.8,24.14,21.21,45.36,20.38,34.26
2024,ela,4,221,American Indian or Alaska Native,Ethnicity for Not Socioeconomically Disadvantaged,474,458,2462.1,25.33,21.4,46.72,20.31,32.97
2024,ela,4,222,Asian,Ethnicity for Not Socioeconomically Disadvantaged,24462,23723,2547.7,61.01,20.07,81.09,9.95,8.97
2024,ela,4,223,Filipino,Ethnicity for Not Socioeconomically Disadvantaged,5063,5011,2524.6,49.91,24.13,74.04,13.53,12.43
2024,ela,4,224,Hispanic or Latino,Ethnicity for Not Socioeconomically Disadvantaged,46543,44584,2466.9,27.08,23.19,50.26,19.85,29.88
2024,ela,4,225,Native Hawaiian or Pacific Islander,Ethnicity for Not Socioeconomically Disadvantaged,449,435,2465.0,26.73,20.97,47.7,20.97,31.34
2024,ela,4,226,White,Ethnicity for Not Socioeconomically Disadvantaged,50656,49614,2509.7,42.59,25.05,67.64,16.66,15.7
2024,ela,4,227,Two or more races,Ethnicity for Not Socioeconomically Disadvantaged,13840,13471,2519.3,47.63,23.22,70.85,14.91,14.24
2024,ela,4,240,Foster youth,Foster Status,1421,1371,2379.7,6.2,10.8,17.01,17.01,65.99
2024,ela,4,241,Not foster youth,Foster Status,423113,412352,2452.2,24.27,19.72,43.99,19.09,36.92
2024,ela,4,251,ARLTEL (At-Risk of becoming LTEL),English-Language Fluency,49178,48731,2349.6,0.58,3.75,4.33,13.86,81.81
2024,ela,4,252,NeverEL,English-Language Fluency,296284,291788,2467.7,28.65,21.33,49.98,18.99,31.03
2025,ela,4,1,All Students,All Students,417649,408592,2457.4,25.32,20.38,45.7,19.59,34.7
2025,ela,4,3,Male,Gender,213316,208383,2451.1,23.74,19.8,43.54,19.35,37.11
2025,ela,4,4,Female,Gender,204222,200103,2463.8,26.95,20.99,47.95,19.85,32.2
2025,ela,4,6,"IFEP, RFEP, and EO (Fluent English proficient and English only)",English-Language Fluency,330747,326441,2477.7,30.94,23.01,53.95,19.44,26.61
2025,ela,4,7,IFEP (Initial fluent English proficient),English-Language Fluency,25048,24909,2521.4,46.87,23.68,70.56,16.05,13.39
2025,ela,4,8,RFEP (Reclassified fluent English proficient),English-Language Fluency,38871,38704,2505.5,37.53,30.32,67.85,19.44,12.71
2025,ela,4,28,Migrant education,Migrant,3647,3510,2387.2,7.58,13.25,20.83,17.84,61.33
2025,ela,4,29,Not migrant education,Migrant,414002,405082,2458.0,25.47,20.44,45.92,19.61,34.47
2025,ela,4,31,Socioeconomically disadvantaged,Economic Status,270074,264393,2429.7,15.88,18.6,34.48,21.32,44.19
2025,ela,4,50,Armed forces family member,Military Status,7286,7152,2466.2,26.03,22.97,48.99,21.01,30.0
2025,ela,4,51,Not armed forces family member,Military Status,410363,401440,2457.2,25.31,20.34,45.64,19.57,34.79
2025,ela,4,52,Homeless,Homeless Status,18189,17202,2396.4,9.43,13.7,23.13,19.51,57.36
2025,ela,4,53,Not homeless,Homeless Status,399460,391390,2460.0,26.02,20.68,46.69,19.6,33.71
2025,ela,4,74,Black or African American,Race and Ethnicity,19407,18939,2417.6,14.0,16.05,30.05,20.03,49.93
2025,ela,4,75,American Indian or Alaska Native,Race and Ethnicity,1633,1584,2424.0,15.12,18.28,33.4,20.81,45.79
2025,ela,4,76,Asian,Race and Ethnicity,44352,43026,2520.3,49.84,20.84,70.69,13.0,16.32
2025,ela,4,77,Filipino,Race and Ethnicity,8728,8645,2511.2,43.79,24.59,68.38,15.76,15.86
2025,ela,4,78,Hispanic or Latino,Race and Ethnicity,232620,228254,2431.4,16.15,18.98,35.13,21.55,43.32
2025,ela,4,79,Native Hawaiian or Pacific Islander,Race and Ethnicity,1617,1566,2437.5,16.41,18.84,35.25,24.84,39.91
2025,ela,4,80,White,Race and Ethnicity,83094,81178,2491.0,35.48,24.21,59.68,18.49,21.83
2025,ela,4,90,Not a high school graduate,Parent Education,36577,35558,2398.8,9.14,14.08,23.22,19.98,56.8
2025,ela,4,91,High school graduate,Parent Education,83614,81844,2418.9,12.43,17.32,29.75,21.73,48.52
2025,ela,4,92,Some college (includes AA degree),Parent Education,78135,76880,2446.8,18.81,21.95,40.76,22.8,36.43
2025,ela,4,93,College graduate,Parent Education,91243,89355,2486.3,33.65,23.96,57.61,19.2,23.19
2025,ela,4,94,Graduate school/Post graduate,Parent Education,72593,71175,2523.5,49.71,22.59,72.29,13.78,13.92
2025,ela,4,99,No reported disabilities,Disability Status,355851,348972,2470.0,28.2,22.07,50.28,20.17,29.55
2025,ela,4,111,Not socioeconomically disadvantaged,Economic Status,147575,144199,2508.0,42.62,23.65,66.27,16.42,17.31
2025,ela,4,120,ELs enrolled less than 12 months,English-Language Fluency,5657,1784,2316.6,1.8,4.05,5.86,7.55,86.6
2025,ela,4,121,Declined to state,Parent Education,54113,52709,2433.7,18.73,18.05,36.78,19.85,43.37
2025,ela,4,128,Reported disabilities,Disability Status,61798,59620,2383.7,8.43,10.48,18.91,16.22,64.87
2025,ela,4,142,ELs enrolled 12 months or more,English-Language Fluency,80947,80181,2377.7,2.98,10.07,13.05,20.49,66.46
2025,ela,4,144,Two or more races,Race and Ethnicity,26198,25400,2491.1,37.07,22.0,59.07,17.32,23.61
2025,ela,4,160,"EL (English learner, excluding RFEP)",English-Language Fluency,86742,82061,2376.3,2.96,9.94,12.89,20.2,66.91
2025,ela,4,170,EverEL,English-Language Fluency,125613,120765,2417.7,14.04,16.47,30.51,19.96,49.54
2025,ela,4,180,EO (English only),English-Language Fluency,266828,262828,2469.5,28.46,21.87,50.33,19.76,29.91
2025,ela,4,190,TBD (To be determined),English-Language Fluency,63,18,2369.8,16.67,5.56,22.22,5.56,72.22
2025,ela,4,200,Black or African American,Ethnicity for Socioeconomically Disadvantaged,15473,15101,2405.7,10.86,14.6,25.45,19.9,54.64
2025,ela,4,201,American Indian or Alaska Native,Ethnicity for Socioeconomically Disadvantaged,1179,1140,2408.1,9.67,17.33,27.0,20.32,52.68
2025,ela,4,202,Asian,Ethnicity for Socioeconomically Disadvantaged,18530,17843,2477.8,33.0,21.76,54.76,17.67,27.57
2025,ela,4,203,Filipino,Ethnicity for Socioeconomically Disadvantaged,3512,3474,2489.8,34.82,24.19,59.01,18.87,22.12
2025,ela,4,204,Hispanic or Latino,Ethnicity for Socioeconomically Disadvantaged,186766,183554,2421.3,13.1,17.87,30.97,21.76,47.27
2025,ela,4,205,Native Hawaiian or Pacific Islander,Ethnicity for Socioeconomically Disadvantaged,1215,1177,2425.8,13.0,17.42,30.42,24.3,45.28
2025,ela,4,206,White,Ethnicity for Socioeconomically Disadvantaged,32013,31107,2452.1,21.46,21.98,43.44,21.7,34.87
2025,ela,4,207,Two or more races,Ethnicity for Socioeconomically Disadvantaged,11386,10997,2446.9,20.69,20.1,40.79,21.38,37.83
2025,ela,4,220,Black or African American,Ethnicity for Not Socioeconomically Disadvantaged,3934,3838,2464.3,26.35,21.76,48.11,20.51,31.38
2025,ela,4,221,American Indian or Alaska Native,Ethnicity for Not Socioeconomically Disadvantaged,454,444,2464.8,29.05,20.72,49.77,22.07,28.15
2025,ela,4,222,Asian,Ethnicity for Not Socioeconomically Disadvantaged,25822,25183,2550.5,61.78,20.19,81.97,9.69,8.34
2025,ela,4,223,Filipino,Ethnicity for Not Socioeconomically Disadvantaged,5216,5171,2525.5,49.82,24.85,74.67,13.67,11.66
2025,ela,4,224,Hispanic or Latino,Ethnicity for Not Socioeconomically Disadvantaged,45854,44700,2473.1,28.67,23.55,52.22,20.66,27.12
2025,ela,4,225,Native Hawaiian or Pacific Islander,Ethnicity for Not Socioeconomically Disadvantaged,402,389,2473.1,26.74,23.14,49.87,26.48,23.65
2025,ela,4,226,White,Ethnicity for Not Socioeconomically Disadvantaged,51081,50071,2515.2,44.18,25.59,69.77,16.5,13.73
2025,ela,4,227,Two or more races,Ethnicity for Not Socioeconomically Disadvantaged,14812,14403,2524.8,49.57,23.45,73.03,14.22,12.75
2025,ela,4,240,Foster youth,Foster Status,1267,1234,2395.2,7.7,14.1,21.8,20.26,57.94
2025,ela,4,241,Not foster youth,Foster Status,416382,407358,2457.6,25.37,20.4,45.77,19.59,34.63
2025,ela,4,251,ARLTEL (At-Risk of becoming LTEL),English-Language Fluency,44169,43767,2357.7,0.72,4.58,5.3,16.29,78.4
2025,ela,4,252,NeverEL,English-Language Fluency,291939,287755,2474.0,30.05,22.02,52.08,19.44,28.48
2015,ela,5,1,All Students,All Students,479011,462675,2487.1,17.0,27.0,45.0,21.0,34.0
2015,ela,5,3,Male,Gender,479011,236304,2473.7,14.0,25.0,39.0,21.0,39.0
2015,ela,5,4,Female,Gender,479011,226371,2501.1,21.0,30.0,50.0,22.0,28.0
2015,ela,5,6,"IFEP, RFEP, and EO (Fluent English proficient and English only)",English-Language Fluency,479011,360695,2507.5,22.0,32.0,54.0,21.0,24.0
2015,ela,5,7,IFEP (Initial fluent English proficient),English-Language Fluency,479011,20290,2547.3,37.0,33.0,71.0,16.0,13.0
2015,ela,5,8,RFEP (Reclassified fluent English proficient),English-Language Fluency,479011,81255,2517.9,20.0,39.0,58.0,26.0,15.0
2015,ela,5,28,Migrant education,Migrant,479011,4495,2433.4,4.0,17.0,21.0,23.0,56.0
2015,ela,5,31,Socioeconomically disadvantaged,Economic Status,479011,281427,2457.1,8.0,23.0,31.0,24.0,45.0
2015,ela,5,74,Black or African American,Race and Ethnicity,479011,26679,2446.8,7.0,21.0,28.0,22.0,50.0
2015,ela,5,75,American Indian or Alaska Native,Race and Ethnicity,479011,2548,2452.4,8.0,21.0,29.0,23.0,48.0
2015,ela,5,76,Asian,Race and Ethnicity,479011,42352,2550.8,42.0,31.0,72.0,14.0,14.0
2015,ela,5,77,Filipino,Race and Ethnicity,479011,11836,2529.8,29.0,36.0,65.0,19.0,16.0
2015,ela,5,78,Hispanic or Latino,Race and Ethnicity,479011,248199,2460.6,8.0,24.0,32.0,24.0,43.0
2015,ela,5,79,Native Hawaiian or Pacific Islander,Race and Ethnicity,479011,2402,2473.3,12.0,26.0,38.0,25.0,37.0
2015,ela,5,80,White,Race and Ethnicity,479011,113040,2523.0,28.0,34.0,62.0,19.0,19.0
2015,ela,5,90,Not a high school graduate,Parent Education,479011,74460,2440.0,5.0,19.0,23.0,24.0,53.0
2015,ela,5,91,High school graduate,Parent Education,479011,94119,2458.7,8.0,24.0,32.0,25.0,44.0
2015,ela,5,92,Some college (includes AA degree),Parent Education,479011,95951,2483.9,13.0,30.0,43.0,24.0,32.0
2015,ela,5,93,College graduate,Parent Education,479011,84209,2525.6,28.0,35.0,63.0,19.0,18.0
2015,ela,5,94,Graduate school/Post graduate,Parent Education,479011,59943,2557.9,44.0,32.0,76.0,13.0,11.0
2015,ela,5,99,No reported disabilities,Disability Status,479011,411601,2497.7,19.0,30.0,49.0,22.0,29.0
2015,ela,5,111,Not socioeconomically disadvantaged,Economic Status,479011,181248,2533.5,32.0,34.0,66.0,17.0,16.0
2015,ela,5,120,ELs enrolled less than 12 months,English-Language Fluency,479011,1652,2400.1,3.0,11.0,14.0,15.0,71.0
2015,ela,5,121,Declined to state,Parent Education,479011,53728,2468.3,13.0,24.0,37.0,21.0,42.0
2015,ela,5,128,Reported disabilities,Disability Status,479011,51074,2401.0,4.0,9.0,13.0,14.0,73.0
2015,ela,5,142,ELs enrolled 12 months or more,English-Language Fluency,479011,98981,2414.4,1.0,10.0,11.0,22.0,67.0
2015,ela,5,144,Two or more races,Race and Ethnicity,479011,13174,2523.2,29.0,32.0,61.0,18.0,21.0
2015,ela,5,160,"EL (English learner, excluding RFEP)",English-Language Fluency,479011,100933,2414.2,1.0,10.0,11.0,22.0,67.0
2015,ela,5,180,EO (English only),English-Language Fluency,479011,259150,2501.1,21.0,30.0,52.0,20.0,28.0
2015,ela,5,200,Black or African American,Ethnicity for Socioeconomically Disadvantaged,479011,19581,2433.9,5.0,18.0,22.0,22.0,56.0
2015,ela,5,201,American Indian or Alaska Native,Ethnicity for Socioeconomically Disadvantaged,479011,1747,2435.7,5.0,17.0,22.0,23.0,55.0
2015,ela,5,202,Asian,Ethnicity for Socioeconomically Disadvantaged,479011,15290,2506.5,23.0,32.0,54.0,20.0,25.0
2015,ela,5,203,Filipino,Ethnicity for Socioeconomically Disadvantaged,479011,4258,2507.6,21.0,34.0,55.0,23.0,22.0
2015,ela,5,204,Hispanic or Latino,Ethnicity for Socioeconomically Disadvantaged,479011,201226,2451.5,6.0,22.0,28.0,25.0,47.0
2015,ela,5,205,Native Hawaiian or Pacific Islander,Ethnicity for Socioeconomically Disadvantaged,479011,1575,2457.4,8.0,23.0,31.0,25.0,44.0
2015,ela,5,206,White,Ethnicity for Socioeconomically Disadvantaged,479011,31750,2475.0,12.0,28.0,40.0,23.0,37.0
2015,ela,5,207,Two or more races,Ethnicity for Socioeconomically Disadvantaged,479011,4672,2475.8,12.0,28.0,40.0,23.0,37.0
2015,ela,5,220,Black or African American,Ethnicity for Not Socioeconomically Disadvantaged,479011,7098,2482.4,14.0,29.0,44.0,23.0,33.0
2015,ela,5,221,American Indian or Alaska Native,Ethnicity for Not Socioeconomically Disadvantaged,479011,801,2489.2,16.0,29.0,46.0,23.0,32.0
2015,ela,5,222,Asian,Ethnicity for Not Socioeconomically Disadvantaged,479011,27062,2575.7,52.0,30.0,82.0,10.0,7.0
2015,ela,5,223,Filipino,Ethnicity for Not Socioeconomically Disadvantaged,479011,7578,2542.3,34.0,37.0,71.0,17.0,12.0
2015,ela,5,224,Hispanic or Latino,Ethnicity for Not Socioeconomically Disadvantaged,479011,46973,2499.6,18.0,33.0,51.0,22.0,27.0
2015,ela,5,225,Native Hawaiian or Pacific Islander,Ethnicity for Not Socioeconomically Disadvantaged,479011,827,2503.8,19.0,32.0,51.0,26.0,23.0
2015,ela,5,226,White,Ethnicity for Not Socioeconomically Disadvantaged,479011,81290,2541.7,34.0,36.0,70.0,17.0,13.0
2015,ela,5,227,Two or more races,Ethnicity for Not Socioeconomically Disadvantaged,479011,8502,2549.0,38.0,34.0,73.0,16.0,12.0
2016,ela,5,1,All Students,All Students,478203,465458,2495.5,21.0,28.0,49.0,21.0,31.0
2016,ela,5,3,Male,Gender,243626,236844,2482.1,17.0,26.0,43.0,21.0,36.0
2016,ela,5,4,Female,Gender,234577,228614,2509.5,24.0,30.0,54.0,20.0,25.0
2016,ela,5,6,"IFEP, RFEP, and EO (Fluent English proficient and English only)",English-Language Fluency,375513,367522,2515.9,26.0,33.0,58.0,20.0,22.0
2016,ela,5,7,IFEP (Initial fluent English proficient),English-Language Fluency,18944,18661,2563.5,46.0,31.0,77.0,14.0,9.0
2016,ela,5,8,RFEP (Reclassified fluent English proficient),English-Language Fluency,87623,87124,2526.2,23.0,40.0,63.0,24.0,13.0
2016,ela,5,28,Migrant education,Migrant,4669,4527,2441.5,5.0,21.0,26.0,23.0,51.0
2016,ela,5,31,Socioeconomically disadvantaged,Economic Status,300621,293638,2466.0,10.0,25.0,36.0,24.0,41.0
2016,ela,5,74,Black or African American,Race and Ethnicity,26852,25817,2452.5,9.0,22.0,31.0,22.0,48.0
2016,ela,5,75,American Indian or Alaska Native,Race and Ethnicity,2523,2422,2465.7,12.0,23.0,36.0,22.0,42.0
2016,ela,5,76,Asian,Race and Ethnicity,43162,41840,2560.8,47.0,29.0,75.0,13.0,12.0
2016,ela,5,77,Filipino,Race and Ethnicity,11384,11202,2542.6,35.0,35.0,70.0,17.0,13.0
2016,ela,5,78,Hispanic or Latino,Race and Ethnicity,259902,254884,2470.0,11.0,26.0,37.0,24.0,39.0
2016,ela,5,79,Native Hawaiian or Pacific Islander,Race and Ethnicity,2373,2302,2482.4,14.0,29.0,43.0,22.0,34.0
2016,ela,5,80,White,Race and Ethnicity,113798,109801,2531.5,32.0,33.0,65.0,17.0,18.0
2016,ela,5,90,Not a high school graduate,Parent Education,75712,73979,2448.6,7.0,21.0,28.0,24.0,48.0
2016,ela,5,91,High school graduate,Parent Education,98270,96212,2467.0,10.0,26.0,36.0,24.0,40.0
2016,ela,5,92,Some college (includes AA degree),Parent Education,99156,96781,2491.9,16.0,31.0,48.0,23.0,29.0
2016,ela,5,93,College graduate,Parent Education,87674,85268,2534.1,33.0,34.0,67.0,17.0,16.0
2016,ela,5,94,Graduate school/Post graduate,Parent Education,63278,61305,2565.9,48.0,30.0,78.0,12.0,10.0
2016,ela,5,99,No reported disabilities,Disability Status,422041,411370,2507.5,23.0,31.0,53.0,21.0,25.0
2016,ela,5,111,Not socioeconomically disadvantaged,Economic Status,177582,171820,2546.0,38.0,33.0,71.0,15.0,14.0
2016,ela,5,120,ELs enrolled less than 12 months,English-Language Fluency,3508,1436,2400.4,3.0,13.0,16.0,15.0,69.0
2016,ela,5,121,Declined to state,Parent Education,53503,51708,2475.6,15.0,25.0,40.0,21.0,39.0
2016,ela,5,128,Reported disabilities,Disability Status,56162,54088,2404.1,4.0,10.0,15.0,14.0,71.0
2016,ela,5,142,ELs enrolled 12 months or more,English-Language Fluency,96929,95295,2418.9,2.0,12.0,13.0,23.0,64.0
2016,ela,5,144,Two or more races,Race and Ethnicity,15339,14872,2531.7,33.0,31.0,65.0,17.0,19.0
2016,ela,5,160,"EL (English learner, excluding RFEP)",English-Language Fluency,101090,97215,2418.6,2.0,12.0,13.0,23.0,64.0
2016,ela,5,180,EO (English only),English-Language Fluency,268946,261737,2509.1,25.0,30.0,55.0,19.0,26.0
2016,ela,5,200,Black or African American,Ethnicity for Socioeconomically Disadvantaged,20710,19936,2439.8,6.0,19.0,25.0,22.0,53.0
2016,ela,5,201,American Indian or Alaska Native,Ethnicity for Socioeconomically Disadvantaged,1726,1663,2444.5,6.0,21.0,26.0,23.0,51.0
2016,ela,5,202,Asian,Ethnicity for Socioeconomically Disadvantaged,15866,15360,2516.4,27.0,32.0,58.0,19.0,22.0
2016,ela,5,203,Filipino,Ethnicity for Socioeconomically Disadvantaged,4184,4094,2517.8,24.0,35.0,59.0,21.0,20.0
2016,ela,5,204,Hispanic or Latino,Ethnicity for Socioeconomically Disadvantaged,215153,211404,2460.9,8.0,25.0,33.0,24.0,43.0
2016,ela,5,205,Native Hawaiian or Pacific Islander,Ethnicity for Socioeconomically Disadvantaged,1637,1587,2466.4,9.0,27.0,36.0,24.0,40.0
2016,ela,5,206,White,Ethnicity for Socioeconomically Disadvantaged,34354,32961,2483.4,15.0,29.0,44.0,23.0,33.0
2016,ela,5,207,Two or more races,Ethnicity for Socioeconomically Disadvantaged,5575,5382,2483.1,15.0,29.0,43.0,24.0,33.0
2016,ela,5,220,Black or African American,Ethnicity for Not Socioeconomically Disadvantaged,6142,5881,2495.8,19.0,30.0,50.0,21.0,29.0
2016,ela,5,221,American Indian or Alaska Native,Ethnicity for Not Socioeconomically Disadvantaged,797,759,2512.1,27.0,30.0,56.0,21.0,23.0
2016,ela,5,222,Asian,Ethnicity for Not Socioeconomically Disadvantaged,27296,26480,2586.5,58.0,27.0,85.0,9.0,6.0
2016,ela,5,223,Filipino,Ethnicity for Not Socioeconomically Disadvantaged,7200,7108,2556.9,41.0,36.0,77.0,14.0,9.0
2016,ela,5,224,Hispanic or Latino,Ethnicity for Not Socioeconomically Disadvantaged,44749,43480,2514.1,24.0,34.0,58.0,20.0,22.0
2016,ela,5,225,Native Hawaiian or Pacific Islander,Ethnicity for Not Socioeconomically Disadvantaged,736,715,2518.1,26.0,34.0,60.0,19.0,21.0
2016,ela,5,226,White,Ethnicity for Not Socioeconomically Disadvantaged,79444,76840,2552.0,40.0,35.0,74.0,15.0,11.0
2016,ela,5,227,Two or more races,Ethnicity for Not Socioeconomically Disadvantaged,9764,9490,2559.2,44.0,33.0,77.0,13.0,10.0
2017,ela,5,1,All Students,All Students,484701,474653,2489.5,19.79,26.75,46.54,20.61,32.84
2017,ela,5,3,Male,Gender,247725,242298,2476.6,16.66,24.96,41.62,20.56,37.81
2017,ela,5,4,Female,Gender,236976,232355,2503.0,23.05,28.62,51.67,20.67,27.66
2017,ela,5,6,"IFEP, RFEP, and EO (Fluent English proficient and English only)",English-Language Fluency,381617,375743,2510.5,24.55,31.12,55.68,20.42,23.91
2017,ela,5,7,IFEP (Initial fluent English proficient),English-Language Fluency,19275,19135,2561.9,45.2,30.79,75.99,13.36,10.64
2017,ela,5,8,RFEP (Reclassified fluent English proficient),English-Language Fluency,88052,87799,2521.2,22.04,38.18,60.21,24.62,15.17
2017,ela,5,28,Migrant education,Migrant,4285,4192,2432.6,4.7,18.31,23.01,22.12,54.87
2017,ela,5,31,Socioeconomically disadvantaged,Economic Status,299216,293850,2459.0,9.87,23.55,33.43,23.3,43.27
2017,ela,5,74,Black or African American,Race and Ethnicity,26368,25681,2445.7,9.04,20.28,29.32,20.92,49.76
2017,ela,5,75,American Indian or Alaska Native,Race and Ethnicity,2498,2422,2456.8,11.95,21.92,33.87,20.51,45.62
2017,ela,5,76,Asian,Race and Ethnicity,43351,42371,2556.5,45.36,28.08,73.44,12.96,13.6
2017,ela,5,77,Filipino,Race and Ethnicity,10202,10053,2539.2,34.79,34.18,68.97,16.54,14.49
2017,ela,5,78,Hispanic or Latino,Race and Ethnicity,267420,263260,2463.7,10.77,24.51,35.27,23.48,41.25
2017,ela,5,79,Native Hawaiian or Pacific Islander,Race and Ethnicity,2194,2151,2480.9,14.56,27.59,42.16,23.27,34.57
2017,ela,5,80,White,Race and Ethnicity,111653,108447,2526.7,31.15,32.0,63.14,17.58,19.28
2017,ela,5,90,Not a high school graduate,Parent Education,74811,73397,2440.5,6.15,19.48,25.63,23.0,51.37
2017,ela,5,91,High school graduate,Parent Education,100947,99309,2459.4,9.57,23.78,33.34,23.8,42.86
2017,ela,5,92,Some college (includes AA degree),Parent Education,99970,98236,2485.4,15.59,29.38,44.97,23.05,31.98
2017,ela,5,93,College graduate,Parent Education,89047,87127,2528.0,30.92,32.77,63.69,17.9,18.4
2017,ela,5,94,Graduate school/Post graduate,Parent Education,64387,62856,2562.2,46.8,29.57,76.37,12.32,11.31
2017,ela,5,99,No reported disabilities,Disability Status,426530,418641,2502.0,21.84,29.07,50.9,21.52,27.58
2017,ela,5,111,Not socioeconomically disadvantaged,Economic Status,185485,180803,2539.1,35.9,31.96,67.86,16.25,15.89
2017,ela,5,120,ELs enrolled less than 12 months,English-Language Fluency,3750,1274,2382.6,2.44,10.55,12.99,14.57,72.44
2017,ela,5,121,Declined to state,Parent Education,55220,53594,2472.2,15.33,24.34,39.67,21.11,39.22
2017,ela,5,128,Reported disabilities,Disability Status,58171,56012,2396.2,4.47,9.46,13.93,13.86,72.21
2017,ela,5,142,ELs enrolled 12 months or more,English-Language Fluency,97220,96221,2409.7,1.57,10.08,11.65,21.46,66.88
2017,ela,5,144,Two or more races,Race and Ethnicity,17724,17325,2528.0,32.47,30.86,63.33,16.41,20.25
2017,ela,5,160,"EL (English learner, excluding RFEP)",English-Language Fluency,101765,98223,2409.3,1.58,10.08,11.66,21.38,66.96
2017,ela,5,170,EverEL,English-Language Fluency,189817,186022,2462.1,11.24,23.34,34.58,22.91,42.51
2017,ela,5,180,EO (English only),English-Language Fluency,274290,268809,2503.4,23.9,28.84,52.75,19.55,27.71
2017,ela,5,190,TBD (To be determined),English-Language Fluency,380,164,2425.8,11.59,13.41,25.0,21.34,53.66
2017,ela,5,200,Black or African American,Ethnicity for Socioeconomically Disadvantaged,19909,19424,2432.6,6.16,17.77,23.93,20.83,55.24
2017,ela,5,201,American Indian or Alaska Native,Ethnicity for Socioeconomically Disadvantaged,1682,1628,2437.2,7.45,18.15,25.6,20.68,53.72
2017,ela,5,202,Asian,Ethnicity for Socioeconomically Disadvantaged,15285,14890,2509.7,25.69,30.01,55.7,19.27,25.04
2017,ela,5,203,Filipino,Ethnicity for Socioeconomically Disadvantaged,3613,3545,2515.1,24.81,33.53,58.34,20.58,21.08
2017,ela,5,204,Hispanic or Latino,Ethnicity for Socioeconomically Disadvantaged,217108,214166,2453.9,8.1,22.78,30.88,24.02,45.1
2017,ela,5,205,Native Hawaiian or Pacific Islander,Ethnicity for Socioeconomically Disadvantaged,1444,1413,2462.1,8.86,25.44,34.3,23.95,41.74
2017,ela,5,206,White,Ethnicity for Socioeconomically Disadvantaged,32278,31184,2477.6,14.4,27.72,42.12,22.63,35.25
2017,ela,5,207,Two or more races,Ethnicity for Socioeconomically Disadvantaged,6142,5974,2477.2,14.42,27.87,42.29,21.36,36.35
2017,ela,5,220,Black or African American,Ethnicity for Not Socioeconomically Disadvantaged,6459,6257,2486.5,18.0,28.07,46.07,21.2,32.73
2017,ela,5,221,American Indian or Alaska Native,Ethnicity for Not Socioeconomically Disadvantaged,816,794,2496.8,21.19,29.63,50.82,20.18,29.0
2017,ela,5,222,Asian,Ethnicity for Not Socioeconomically Disadvantaged,28066,27481,2581.9,56.01,27.04,83.05,9.55,7.4
2017,ela,5,223,Filipino,Ethnicity for Not Socioeconomically Disadvantaged,6589,6508,2552.3,40.22,34.54,74.76,14.34,10.9
2017,ela,5,224,Hispanic or Latino,Ethnicity for Not Socioeconomically Disadvantaged,50312,49094,2506.3,22.38,32.03,54.42,21.11,24.48
2017,ela,5,225,Native Hawaiian or Pacific Islander,Ethnicity for Not Socioeconomically Disadvantaged,750,738,2516.8,25.47,31.71,57.18,21.95,20.87
2017,ela,5,226,White,Ethnicity for Not Socioeconomically Disadvantaged,79375,77263,2546.6,37.9,33.72,71.62,15.54,12.83
2017,ela,5,227,Two or more races,Ethnicity for Not Socioeconomically Disadvantaged,11582,11351,2554.7,41.97,32.43,74.41,13.81,11.78
2018,ela,5,1,All Students,All Students,469247,459434,2496.3,21.8,27.63,49.43,19.99,30.58
2018,ela,5,3,Male,Gender,240381,234957,2484.2,18.97,25.76,44.73,19.9,35.37
2018,ela,5,4,Female,Gender,228866,224477,2508.9,24.77,29.58,54.35,20.08,25.57
2018,ela,5,6,"IFEP, RFEP, and EO (Fluent English proficient and English only)",English-Language Fluency,377391,371161,2516.4,26.64,31.73,58.38,19.4,22.22
2018,ela,5,7,IFEP (Initial fluent English proficient),English-Language Fluency,17841,17682,2568.4,48.15,29.61,77.76,12.93,9.32
2018,ela,5,8,RFEP (Reclassified fluent English proficient),English-Language Fluency,89703,89222,2526.2,24.32,38.64,62.97,23.11,13.93
2018,ela,5,28,Migrant education,Migrant,4017,3916,2440.9,7.0,19.98,26.99,21.39,51.62
2018,ela,5,31,Socioeconomically disadvantaged,Economic Status,292516,287196,2466.9,11.81,25.07,36.88,22.93,40.19
2018,ela,5,74,Black or African American,Race and Ethnicity,25431,24768,2452.3,10.26,22.11,32.37,20.28,47.35
2018,ela,5,75,American Indian or Alaska Native,Race and Ethnicity,2408,2333,2466.3,13.48,23.22,36.7,21.42,41.89
2018,ela,5,76,Asian,Race and Ethnicity,42815,41888,2562.7,48.14,27.35,75.49,12.28,12.23
2018,ela,5,77,Filipino,Race and Ethnicity,9160,9044,2545.2,37.82,33.14,70.96,15.56,13.48
2018,ela,5,78,Hispanic or Latino,Race and Ethnicity,257974,253922,2471.1,12.46,26.11,38.57,23.14,38.29
2018,ela,5,79,Native Hawaiian or Pacific Islander,Race and Ethnicity,2229,2175,2481.6,16.06,26.6,42.66,22.87,34.47
2018,ela,5,80,White,Race and Ethnicity,107588,104351,2532.0,33.37,31.96,65.32,16.37,18.3
2018,ela,5,90,Not a high school graduate,Parent Education,68981,67682,2446.9,7.15,20.89,28.03,23.48,48.49
2018,ela,5,91,High school graduate,Parent Education,98304,96674,2465.9,10.91,25.43,36.33,23.33,40.33
2018,ela,5,92,Some college (includes AA degree),Parent Education,96789,94998,2491.9,17.49,30.66,48.15,22.08,29.78
2018,ela,5,93,College graduate,Parent Education,88560,86663,2532.6,33.01,32.77,65.78,16.62,17.6
2018,ela,5,94,Graduate school/Post graduate,Parent Education,65349,63719,2565.8,48.52,28.91,77.44,11.87,10.7
2018,ela,5,99,No reported disabilities,Disability Status,411447,403909,2508.8,24.1,29.92,54.02,20.67,25.31
2018,ela,5,111,Not socioeconomically disadvantaged,Economic Status,176731,172238,2545.3,38.46,31.9,70.36,15.09,14.55
2018,ela,5,120,ELs enrolled less than 12 months,English-Language Fluency,3196,1225,2394.5,2.95,11.64,14.59,17.21,68.2
2018,ela,5,121,Declined to state,Parent Education,50995,49579,2478.9,17.37,24.7,42.07,21.04,36.89
2018,ela,5,128,Reported disabilities,Disability Status,57800,55525,2405.3,5.06,10.97,16.03,15.03,68.94
2018,ela,5,142,ELs enrolled 12 months or more,English-Language Fluency,87075,86059,2411.5,1.34,10.25,11.59,22.57,65.84
2018,ela,5,144,Two or more races,Race and Ethnicity,18232,17844,2533.3,35.05,30.13,65.18,15.77,19.05
2018,ela,5,160,"EL (English learner, excluding RFEP)",English-Language Fluency,90830,87762,2411.3,1.37,10.28,11.64,22.48,65.88
2018,ela,5,170,EverEL,English-Language Fluency,180533,176984,2469.2,12.94,24.58,37.52,22.8,39.68
2018,ela,5,180,EO (English only),English-Language Fluency,269847,264257,2509.7,25.99,29.54,55.53,18.58,25.89
2018,ela,5,190,TBD (To be determined),English-Language Fluency,323,130,2436.8,12.5,21.09,33.59,13.28,53.13
2018,ela,5,200,Black or African American,Ethnicity for Socioeconomically Disadvantaged,19348,18864,2438.5,7.15,19.5,26.65,20.32,53.02
2018,ela,5,201,American Indian or Alaska Native,Ethnicity for Socioeconomically Disadvantaged,1630,1575,2447.5,8.46,20.55,29.01,21.25,49.75
2018,ela,5,202,Asian,Ethnicity for Socioeconomically Disadvantaged,15746,15417,2519.8,30.15,29.54,59.7,17.99,22.32
2018,ela,5,203,Filipino,Ethnicity for Socioeconomically Disadvantaged,3334,3277,2522.3,28.75,31.86,60.6,20.08,19.32
2018,ela,5,204,Hispanic or Latino,Ethnicity for Socioeconomically Disadvantaged,208767,205809,2461.3,9.61,24.48,34.09,23.92,41.98
2018,ela,5,205,Native Hawaiian or Pacific Islander,Ethnicity for Socioeconomically Disadvantaged,1541,1506,2466.6,11.1,25.2,36.3,23.87,39.83
2018,ela,5,206,White,Ethnicity for Socioeconomically Disadvantaged,33760,32624,2486.4,17.19,28.84,46.03,21.19,32.78
2018,ela,5,207,Two or more races,Ethnicity for Socioeconomically Disadvantaged,6606,6428,2484.1,16.84,28.22,45.06,21.45,33.5
2018,ela,5,220,Black or African American,Ethnicity for Not Socioeconomically Disadvantaged,6083,5904,2496.4,20.18,30.45,50.63,20.13,29.25
2018,ela,5,221,American Indian or Alaska Native,Ethnicity for Not Socioeconomically Disadvantaged,778,758,2505.3,23.88,28.76,52.64,21.77,25.59
2018,ela,5,222,Asian,Ethnicity for Not Socioeconomically Disadvantaged,27069,26471,2587.7,58.62,26.08,84.7,8.96,6.35
2018,ela,5,223,Filipino,Ethnicity for Not Socioeconomically Disadvantaged,5826,5767,2558.3,42.98,33.87,76.85,12.99,10.16
2018,ela,5,224,Hispanic or Latino,Ethnicity for Not Socioeconomically Disadvantaged,49207,48113,2513.1,24.65,33.09,57.74,19.8,22.46
2018,ela,5,225,Native Hawaiian or Pacific Islander,Ethnicity for Not Socioeconomically Disadvantaged,688,669,2515.4,27.2,29.75,56.95,20.63,22.42
2018,ela,5,226,White,Ethnicity for Not Socioeconomically Disadvantaged,73828,71727,2552.7,40.72,33.38,74.1,14.18,11.72
2018,ela,5,227,Two or more races,Ethnicity for Not Socioeconomically Disadvantaged,11626,11416,2561.0,45.3,31.2,76.5,12.57,10.93
2019,ela,5,1,All Students,All Students,463976,454770,2502.4,23.66,28.02,51.68,19.88,28.44
2019,ela,5,3,Male,Gender,238673,233547,2491.6,21.02,26.41,47.43,19.94,32.63
2019,ela,5,4,Female,Gender,225303,221223,2513.7,26.44,29.73,56.16,19.83,24.01
2019,ela,5,6,"IFEP, RFEP, and EO (Fluent English proficient and English only)",English-Language Fluency,374237,368702,2522.1,28.78,31.84,60.62,18.87,20.51
2019,ela,5,7,IFEP (Initial fluent English proficient),English-Language Fluency,18116,17981,2573.2,50.58,29.22,79.8,11.85,8.34
2019,ela,5,8,RFEP (Reclassified fluent English proficient),English-Language Fluency,87054,86784,2534.8,27.88,39.32,67.2,21.27,11.53
2019,ela,5,28,Migrant education,Migrant,3907,3791,2448.7,7.94,21.96,29.9,22.59,47.51
2019,ela,5,31,Socioeconomically disadvantaged,Economic Status,287516,282477,2473.9,13.55,26.05,39.6,23.0,37.4
2019,ela,5,50,Armed forces family member,Military Status,4662,4562,2528.6,31.4,31.53,62.92,18.79,18.29
2019,ela,5,51,Not armed forces family member,Military Status,459314,450208,2502.1,23.58,27.99,51.57,19.9,28.54
2019,ela,5,52,Homeless,Homeless Status,18763,18033,2460.8,10.79,23.46,34.26,22.81,42.94
2019,ela,5,53,Not homeless,Homeless Status,445213,436737,2504.1,24.19,28.21,52.4,19.76,27.84
2019,ela,5,74,Black or African American,Race and Ethnicity,24941,24361,2458.1,11.3,22.74,34.03,21.22,44.74
2019,ela,5,75,American Indian or Alaska Native,Race and Ethnicity,2253,2183,2469.7,13.85,25.22,39.06,20.08,40.85
2019,ela,5,76,Asian,Race and Ethnicity,43067,42199,2568.7,50.51,27.16,77.67,11.3,11.03
2019,ela,5,77,Filipino,Race and Ethnicity,9293,9162,2547.5,38.64,33.03,71.68,15.45,12.87
2019,ela,5,78,Hispanic or Latino,Race and Ethnicity,256535,252473,2478.1,14.36,26.91,41.27,23.22,35.51
2019,ela,5,79,Native Hawaiian or Pacific Islander,Race and Ethnicity,2117,2079,2485.0,15.73,28.19,43.92,23.09,33.0
2019,ela,5,80,White,Race and Ethnicity,103527,100743,2536.9,35.29,31.77,67.07,16.01,16.92
2019,ela,5,90,Not a high school graduate,Parent Education,65997,64659,2454.5,8.82,22.43,31.25,23.6,45.14
2019,ela,5,91,High school graduate,Parent Education,97203,95674,2472.3,12.49,26.34,38.84,23.37,37.79
2019,ela,5,92,Some college (includes AA degree),Parent Education,94489,92812,2497.3,19.37,30.72,50.09,22.0,27.9
2019,ela,5,93,College graduate,Parent Education,89633,87863,2537.2,34.87,32.16,67.03,16.57,16.4
2019,ela,5,94,Graduate school/Post graduate,Parent Education,64942,63563,2570.2,50.23,28.76,78.98,11.3,9.71
2019,ela,5,99,No reported disabilities,Disability Status,404523,397560,2515.1,26.18,30.34,56.52,20.38,23.1
2019,ela,5,111,Not socioeconomically disadvantaged,Economic Status,176460,172293,2549.1,40.22,31.27,71.49,14.78,13.74
2019,ela,5,120,ELs enrolled less than 12 months,English-Language Fluency,3554,1197,2382.8,1.34,10.34,11.68,14.03,74.29
2019,ela,5,121,Declined to state,Parent Education,51452,50085,2484.2,18.67,25.29,43.96,21.19,34.85
2019,ela,5,128,Reported disabilities,Disability Status,59453,57210,2414.0,6.08,11.91,17.98,16.45,65.57
2019,ela,5,142,ELs enrolled 12 months or more,English-Language Fluency,84926,84039,2418.2,1.66,11.64,13.3,24.42,62.28
2019,ela,5,144,Two or more races,Race and Ethnicity,19133,18746,2536.7,36.72,29.59,66.31,15.31,18.38
2019,ela,5,160,"EL (English learner, excluding RFEP)",English-Language Fluency,89150,85761,2417.6,1.66,11.64,13.29,24.23,62.48
2019,ela,5,170,EverEL,English-Language Fluency,176204,172545,2476.6,14.85,25.56,40.41,22.74,36.85
2019,ela,5,180,EO (English only),English-Language Fluency,269067,263937,2514.5,27.59,29.55,57.14,18.57,24.29
2019,ela,5,190,TBD (To be determined),English-Language Fluency,286,105,2433.1,14.56,13.59,28.16,20.39,51.46
2019,ela,5,200,Black or African American,Ethnicity for Socioeconomically Disadvantaged,19020,18584,2444.8,7.97,20.47,28.44,21.42,50.14
2019,ela,5,201,American Indian or Alaska Native,Ethnicity for Socioeconomically Disadvantaged,1515,1469,2453.3,9.82,22.9,32.72,20.45,46.83
2019,ela,5,202,Asian,Ethnicity for Socioeconomically Disadvantaged,15703,15392,2527.4,33.04,29.49,62.53,17.0,20.46
2019,ela,5,203,Filipino,Ethnicity for Socioeconomically Disadvantaged,3345,3286,2524.3,29.12,32.38,61.5,19.14,19.35
2019,ela,5,204,Hispanic or Latino,Ethnicity for Socioeconomically Disadvantaged,205589,202726,2468.6,11.38,25.6,36.98,24.07,38.95
2019,ela,5,205,Native Hawaiian or Pacific Islander,Ethnicity for Socioeconomically Disadvantaged,1425,1404,2467.9,10.61,25.71,36.32,24.79,38.89
2019,ela,5,206,White,Ethnicity for Socioeconomically Disadvantaged,32464,31410,2493.1,19.0,29.8,48.8,20.94,30.26
2019,ela,5,207,Two or more races,Ethnicity for Socioeconomically Disadvantaged,6877,6718,2487.0,18.38,27.56,45.95,21.11,32.94
2019,ela,5,220,Black or African American,Ethnicity for Not Socioeconomically Disadvantaged,5921,5777,2500.9,22.0,30.02,52.03,20.6,27.37
2019,ela,5,221,American Indian or Alaska Native,Ethnicity for Not Socioeconomically Disadvantaged,738,714,2503.4,22.13,29.97,52.1,19.33,28.57
2019,ela,5,222,Asian,Ethnicity for Not Socioeconomically Disadvantaged,27364,26807,2592.3,60.55,25.82,86.37,8.03,5.61
2019,ela,5,223,Filipino,Ethnicity for Not Socioeconomically Disadvantaged,5948,5876,2560.5,43.97,33.4,77.37,13.39,9.25
2019,ela,5,224,Hispanic or Latino,Ethnicity for Not Socioeconomically Disadvantaged,50946,49747,2517.0,26.51,32.25,58.75,19.76,21.49
2019,ela,5,225,Native Hawaiian or Pacific Islander,Ethnicity for Not Socioeconomically Disadvantaged,692,675,2520.5,26.37,33.33,59.7,19.56,20.74
2019,ela,5,226,White,Ethnicity for Not Socioeconomically Disadvantaged,71063,69333,2556.7,42.67,32.67,75.34,13.78,10.88
2019,ela,5,227,Two or more races,Ethnicity for Not Socioeconomically Disadvantaged,12256,12028,2564.4,46.96,30.72,77.68,12.07,10.25
2021,ela,5,1,All Students,All Students,442335,84544,2490.1,20.98,25.47,46.45,20.23,33.32
2021,ela,5,3,Male,Gender,225757,42898,2479.4,18.23,24.42,42.65,20.2,37.15
2021,ela,5,4,Female,Gender,216545,41644,2501.0,23.81,26.55,50.36,20.27,29.37
2021,ela,5,6,"IFEP, RFEP, and EO (Fluent English proficient and English only)",English-Language Fluency,357564,69052,2509.2,25.22,28.92,54.14,20.37,25.49
2021,ela,5,7,IFEP (Initial fluent English proficient),English-Language Fluency,17175,3114,2569.3,48.31,28.56,76.87,12.96,10.16
2021,ela,5,8,RFEP (Reclassified fluent English proficient),English-Language Fluency,77652,12941,2518.9,24.02,34.33,58.35,23.12,18.53
2021,ela,5,28,Migrant education,Migrant,3653,803,2415.3,4.15,14.34,18.49,19.25,62.26
2021,ela,5,29,Not migrant education,Migrant,438682,83741,2490.8,21.14,25.57,46.71,20.24,33.05
2021,ela,5,31,Socioeconomically disadvantaged,Economic Status,265352,46108,2454.0,10.36,21.63,31.99,22.18,45.84
2021,ela,5,50,Armed forces family member,Military Status,5518,1036,2506.9,25.02,27.63,52.66,23.0,24.35
2021,ela,5,51,Not armed forces family member,Military Status,436817,83508,2489.9,20.93,25.44,46.37,20.2,33.43
2021,ela,5,52,Homeless,Homeless Status,15975,1917,2434.1,6.75,17.68,24.43,21.85,53.72
2021,ela,5,53,Not homeless,Homeless Status,426360,82627,2491.4,21.31,25.65,46.95,20.19,32.85
2021,ela,5,74,Black or African American,Race and Ethnicity,23494,3116,2452.3,11.57,20.37,31.94,20.85,47.2
2021,ela,5,75,American Indian or Alaska Native,Race and Ethnicity,1921,647,2457.9,13.93,19.2,33.13,19.35,47.52
2021,ela,5,76,Asian,Race and Ethnicity,41964,8015,2557.0,45.96,25.93,71.89,12.89,15.23
2021,ela,5,77,Filipino,Race and Ethnicity,8908,1484,2535.0,33.42,31.53,64.95,18.81,16.24
2021,ela,5,78,Hispanic or Latino,Race and Ethnicity,246898,41404,2457.3,10.91,22.24,33.15,22.43,44.42
2021,ela,5,79,Native Hawaiian or Pacific Islander,Race and Ethnicity,1896,398,2467.4,15.52,23.41,38.93,20.61,40.46
2021,ela,5,80,White,Race and Ethnicity,93964,24126,2519.7,28.45,30.49,58.94,19.41,21.65
2021,ela,5,90,Not a high school graduate,Parent Education,52488,9956,2429.6,5.91,16.68,22.58,21.04,56.38
2021,ela,5,91,High school graduate,Parent Education,84522,17273,2450.3,9.26,20.29,29.55,22.95,47.5
2021,ela,5,92,Some college (includes AA degree),Parent Education,85141,18240,2480.0,14.7,27.49,42.19,23.42,34.38
2021,ela,5,93,College graduate,Parent Education,83657,18178,2521.9,28.6,31.42,60.01,19.57,20.42
2021,ela,5,94,Graduate school/Post graduate,Parent Education,63115,14490,2560.8,45.43,29.05,74.48,13.5,12.02
2021,ela,5,99,No reported disabilities,Disability Status,385671,74878,2500.5,22.97,27.23,50.19,20.72,29.08
2021,ela,5,111,Not socioeconomically disadvantaged,Economic Status,176983,38436,2533.2,33.67,30.06,63.72,17.91,18.37
2021,ela,5,120,ELs enrolled less than 12 months,English-Language Fluency,1254,92,2366.7,4.4,3.3,7.69,10.99,81.32
2021,ela,5,121,Declined to state,Parent Education,73334,6394,2468.5,16.62,22.25,38.87,19.73,41.41
2021,ela,5,128,Reported disabilities,Disability Status,56664,9666,2409.1,5.55,11.82,17.37,16.41,66.23
2021,ela,5,142,ELs enrolled 12 months or more,English-Language Fluency,82747,15159,2404.5,1.91,10.03,11.95,19.71,68.34
2021,ela,5,144,Two or more races,Race and Ethnicity,23290,5354,2523.6,30.73,29.2,59.93,18.09,21.98
2021,ela,5,160,"EL (English learner, excluding RFEP)",English-Language Fluency,84499,15442,2404.3,1.96,9.98,11.94,19.61,68.45
2021,ela,5,170,EverEL,English-Language Fluency,162151,28383,2456.6,12.02,21.09,33.11,21.21,45.67
2021,ela,5,180,EO (English only),English-Language Fluency,262737,52997,2503.3,24.15,27.62,51.77,20.13,28.09
2021,ela,5,200,Black or African American,Ethnicity for Socioeconomically Disadvantaged,17528,2139,2433.0,7.63,17.11,24.74,20.12,55.14
2021,ela,5,201,American Indian or Alaska Native,Ethnicity for Socioeconomically Disadvantaged,1307,461,2442.0,9.13,16.74,25.87,21.09,53.04
2021,ela,5,202,Asian,Ethnicity for Socioeconomically Disadvantaged,14252,2551,2497.1,23.76,26.44,50.2,19.31,30.5
2021,ela,5,203,Filipino,Ethnicity for Socioeconomically Disadvantaged,2972,421,2511.6,24.05,33.57,57.62,19.52,22.86
2021,ela,5,204,Hispanic or Latino,Ethnicity for Socioeconomically Disadvantaged,189820,30996,2445.1,8.0,20.26,28.26,22.36,49.38
2021,ela,5,205,Native Hawaiian or Pacific Islander,Ethnicity for Socioeconomically Disadvantaged,1239,232,2439.8,9.61,18.78,28.38,20.52,51.09
2021,ela,5,206,White,Ethnicity for Socioeconomically Disadvantaged,29764,7500,2475.1,14.64,25.81,40.45,23.15,36.4
2021,ela,5,207,Two or more races,Ethnicity for Socioeconomically Disadvantaged,8470,1808,2473.1,14.42,25.0,39.42,22.66,37.92
2021,ela,5,220,Black or African American,Ethnicity for Not Socioeconomically Disadvantaged,5966,977,2494.5,20.19,27.5,47.68,22.45,29.87
2021,ela,5,221,American Indian or Alaska Native,Ethnicity for Not Socioeconomically Disadvantaged,614,186,2497.4,25.81,25.27,51.08,15.05,33.87
2021,ela,5,222,Asian,Ethnicity for Not Socioeconomically Disadvantaged,27712,5464,2584.9,56.28,25.69,81.97,9.9,8.13
2021,ela,5,223,Filipino,Ethnicity for Not Socioeconomically Disadvantaged,5936,1063,2544.3,37.15,30.72,67.86,18.53,13.61
2021,ela,5,224,Hispanic or Latino,Ethnicity for Not Socioeconomically Disadvantaged,57078,10408,2493.5,19.52,28.13,47.65,22.65,29.7
2021,ela,5,225,Native Hawaiian or Pacific Islander,Ethnicity for Not Socioeconomically Disadvantaged,657,166,2506.0,23.78,29.88,53.66,20.73,25.61
2021,ela,5,226,White,Ethnicity for Not Socioeconomically Disadvantaged,64200,16626,2539.8,34.68,32.6,67.28,17.73,15.0
2021,ela,5,227,Two or more races,Ethnicity for Not Socioeconomically Disadvantaged,14820,3546,2549.2,39.02,31.33,70.34,15.78,13.88
2022,ela,5,1,All Students,All Students,438771,428017,2491.4,21.44,25.65,47.09,20.28,32.63
2022,ela,5,3,Male,Gender,224504,218630,2481.4,19.01,24.55,43.55,20.17,36.28
2022,ela,5,4,Female,Gender,214177,209301,2501.8,23.97,26.8,50.78,20.39,28.83
2022,ela,5,6,"IFEP, RFEP, and EO (Fluent English proficient and English only)",English-Language Fluency,348646,341494,2511.6,26.36,29.18,55.54,19.8,24.67
2022,ela,5,7,IFEP (Initial fluent English proficient),English-Language Fluency,16645,16448,2567.4,47.58,28.14,75.72,13.84,10.44
2022,ela,5,8,RFEP (Reclassified fluent English proficient),English-Language Fluency,67621,67144,2528.8,27.77,35.43,63.19,21.54,15.27
2022,ela,5,28,Migrant education,Migrant,3542,3454,2429.6,6.87,16.02,22.89,21.04,56.07
2022,ela,5,29,Not migrant education,Migrant,435229,424563,2491.9,21.56,25.73,47.28,20.27,32.44
2022,ela,5,31,Socioeconomically disadvantaged,Economic Status,264735,258960,2461.2,11.96,22.82,34.78,22.63,42.6
2022,ela,5,50,Armed forces family member,Military Status,7158,7012,2501.7,22.93,28.59,51.52,20.5,27.98
2022,ela,5,51,Not armed forces family member,Military Status,431613,421005,2491.2,21.41,25.6,47.01,20.28,32.71
2022,ela,5,52,Homeless,Homeless Status,14653,14009,2442.2,8.43,19.33,27.76,22.48,49.76
2022,ela,5,53,Not homeless,Homeless Status,424118,414008,2493.0,21.88,25.86,47.74,20.2,32.05
2022,ela,5,74,Black or African American,Race and Ethnicity,22944,22030,2447.7,10.7,20.02,30.72,20.21,49.07
2022,ela,5,75,American Indian or Alaska Native,Race and Ethnicity,1908,1820,2453.3,11.34,21.02,32.36,21.46,46.18
2022,ela,5,76,Asian,Race and Ethnicity,41444,40574,2564.7,48.92,26.27,75.19,11.95,12.86
2022,ela,5,77,Filipino,Race and Ethnicity,9643,9545,2544.5,37.43,31.88,69.31,16.51,14.18
2022,ela,5,78,Hispanic or Latino,Race and Ethnicity,245738,240782,2465.0,12.6,23.62,36.23,22.89,40.88
2022,ela,5,79,Native Hawaiian or Pacific Islander,Race and Ethnicity,1852,1789,2475.9,14.71,26.62,41.33,21.81,36.86
2022,ela,5,80,White,Race and Ethnicity,91219,88412,2527.2,31.47,30.87,62.34,18.13,19.53
2022,ela,5,90,Not a high school graduate,Parent Education,56090,54799,2438.5,7.24,18.48,25.72,22.47,51.81
2022,ela,5,91,High school graduate,Parent Education,93255,91207,2456.3,10.23,22.27,32.51,23.3,44.2
2022,ela,5,92,Some college (includes AA degree),Parent Education,87337,85270,2484.1,16.31,27.72,44.03,23.32,32.65
2022,ela,5,93,College graduate,Parent Education,88536,86584,2527.5,31.42,31.04,62.46,18.17,19.37
2022,ela,5,94,Graduate school/Post graduate,Parent Education,66257,64700,2563.2,46.63,28.75,75.38,12.93,11.69
2022,ela,5,99,No reported disabilities,Disability Status,382802,374671,2503.3,23.64,27.68,51.32,20.9,27.79
2022,ela,5,111,Not socioeconomically disadvantaged,Economic Status,174036,169057,2537.6,35.95,29.99,65.94,16.68,17.37
2022,ela,5,120,ELs enrolled less than 12 months,English-Language Fluency,3516,1425,2346.9,0.91,4.43,5.35,9.78,84.87
2022,ela,5,121,Declined to state,Parent Education,46749,45183,2468.1,15.77,22.55,38.32,20.39,41.29
2022,ela,5,128,Reported disabilities,Disability Status,55969,53346,2407.4,5.95,11.42,17.37,15.93,66.69
2022,ela,5,142,ELs enrolled 12 months or more,English-Language Fluency,85603,84496,2412.5,2.0,11.83,13.84,22.44,63.72
2022,ela,5,144,Two or more races,Race and Ethnicity,24023,23065,2523.6,31.78,28.79,60.57,17.31,22.12
2022,ela,5,160,"EL (English learner, excluding RFEP)",English-Language Fluency,89705,86304,2411.3,1.98,11.7,13.68,22.19,64.13
2022,ela,5,170,EverEL,English-Language Fluency,157326,153448,2462.7,13.27,22.08,35.35,21.91,42.75
2022,ela,5,180,EO (English only),English-Language Fluency,264380,257902,2503.6,24.64,27.62,52.26,19.72,28.02
2022,ela,5,190,TBD (To be determined),English-Language Fluency,175,49,2435.0,17.39,19.57,36.96,8.7,54.35
2022,ela,5,200,Black or African American,Ethnicity for Socioeconomically Disadvantaged,17255,16556,2433.5,7.71,17.42,25.13,20.12,54.74
2022,ela,5,201,American Indian or Alaska Native,Ethnicity for Socioeconomically Disadvantaged,1291,1220,2435.4,6.57,19.31,25.88,20.79,53.33
2022,ela,5,202,Asian,Ethnicity for Socioeconomically Disadvantaged,14659,14322,2517.5,29.54,28.67,58.21,17.99,23.8
2022,ela,5,203,Filipino,Ethnicity for Socioeconomically Disadvantaged,3323,3288,2523.4,29.21,30.82,60.02,20.11,19.87
2022,ela,5,204,Hispanic or Latino,Ethnicity for Socioeconomically Disadvantaged,188343,185065,2454.2,9.75,21.91,31.66,23.34,45.0
2022,ela,5,205,Native Hawaiian or Pacific Islander,Ethnicity for Socioeconomically Disadvantaged,1208,1163,2462.4,10.24,25.39,35.63,23.15,41.22
2022,ela,5,206,White,Ethnicity for Socioeconomically Disadvantaged,29499,28532,2483.7,17.17,27.22,44.39,22.22,33.39
2022,ela,5,207,Two or more races,Ethnicity for Socioeconomically Disadvantaged,9157,8814,2475.3,15.44,25.29,40.73,22.36,36.91
2022,ela,5,220,Black or African American,Ethnicity for Not Socioeconomically Disadvantaged,5689,5474,2490.6,19.74,27.88,47.61,20.49,31.9
2022,ela,5,221,American Indian or Alaska Native,Ethnicity for Not Socioeconomically Disadvantaged,617,600,2489.6,21.0,24.5,45.5,22.83,31.67
2022,ela,5,222,Asian,Ethnicity for Not Socioeconomically Disadvantaged,26785,26252,2590.5,59.49,24.97,84.45,8.66,6.89
2022,ela,5,223,Filipino,Ethnicity for Not Socioeconomically Disadvantaged,6320,6257,2555.6,41.76,32.44,74.2,14.61,11.19
2022,ela,5,224,Hispanic or Latino,Ethnicity for Not Socioeconomically Disadvantaged,57395,55717,2501.0,22.1,29.3,51.4,21.4,27.2
2022,ela,5,225,Native Hawaiian or Pacific Islander,Ethnicity for Not Socioeconomically Disadvantaged,644,626,2501.1,23.0,28.91,51.92,19.33,28.75
2022,ela,5,226,White,Ethnicity for Not Socioeconomically Disadvantaged,61720,59880,2547.9,38.27,32.61,70.88,16.19,12.93
2022,ela,5,227,Two or more races,Ethnicity for Not Socioeconomically Disadvantaged,14866,14251,2553.5,41.88,30.96,72.84,14.19,12.98
2022,ela,5,240,Foster youth,Foster Status,1616,1554,2425.4,5.35,16.39,21.74,20.13,58.13
2022,ela,5,241,Not foster youth,Foster Status,437155,426463,2491.6,21.5,25.68,47.18,20.28,32.54
2023,ela,5,1,All Students,All Students,430897,421850,2490.5,21.87,24.81,46.69,19.95,33.36
2023,ela,5,3,Male,Gender,220048,215113,2481.3,19.79,23.78,43.57,19.68,36.75
2023,ela,5,4,Female,Gender,210727,206620,2500.1,24.03,25.89,49.92,20.24,29.84
2023,ela,5,6,"IFEP, RFEP, and EO (Fluent English proficient and English only)",English-Language Fluency,343560,338745,2511.1,26.84,28.27,55.12,19.51,25.38
2023,ela,5,7,IFEP (Initial fluent English proficient),English-Language Fluency,16437,16304,2568.9,48.02,28.17,76.2,13.42,10.39
2023,ela,5,8,RFEP (Reclassified fluent English proficient),English-Language Fluency,65614,65342,2530.9,29.0,34.79,63.79,21.24,14.98
2023,ela,5,28,Migrant education,Migrant,3515,3415,2425.1,6.0,15.81,21.82,21.38,56.81
2023,ela,5,29,Not migrant education,Migrant,427382,418435,2491.0,22.0,24.89,46.89,19.94,33.17
2023,ela,5,31,Socioeconomically disadvantaged,Economic Status,272032,266840,2460.6,12.49,22.3,34.8,22.24,42.96
2023,ela,5,50,Armed forces family member,Military Status,7205,7092,2497.2,22.92,25.7,48.62,21.64,29.75
2023,ela,5,51,Not armed forces family member,Military Status,423692,414758,2490.4,21.85,24.8,46.65,19.93,33.42
2023,ela,5,52,Homeless,Homeless Status,14905,14105,2434.5,8.02,17.68,25.71,20.69,53.61
2023,ela,5,53,Not homeless,Homeless Status,415992,407745,2492.4,22.35,25.06,47.41,19.93,32.66
2023,ela,5,74,Black or African American,Race and Ethnicity,21774,21210,2444.3,10.2,19.31,29.52,20.57,49.92
2023,ela,5,75,American Indian or Alaska Native,Race and Ethnicity,1836,1753,2453.2,10.85,21.3,32.15,21.42,46.43
2023,ela,5,76,Asian,Race and Ethnicity,43855,42936,2563.1,48.05,26.37,74.42,12.22,13.37
2023,ela,5,77,Filipino,Race and Ethnicity,9457,9353,2547.0,38.92,30.62,69.53,16.15,14.32
2023,ela,5,78,Hispanic or Latino,Race and Ethnicity,240538,236180,2463.1,12.79,22.8,35.59,22.56,41.85
2023,ela,5,79,Native Hawaiian or Pacific Islander,Race and Ethnicity,1832,1785,2467.2,14.25,22.77,37.02,21.65,41.33
2023,ela,5,80,White,Race and Ethnicity,87547,85174,2526.9,32.19,29.69,61.88,17.6,20.52
2023,ela,5,90,Not a high school graduate,Parent Education,51300,50204,2434.9,7.51,17.47,24.97,21.64,53.39
2023,ela,5,91,High school graduate,Parent Education,90977,89168,2453.7,10.31,21.5,31.81,22.7,45.49
2023,ela,5,92,Some college (includes AA degree),Parent Education,84788,83328,2481.3,15.94,26.79,42.73,23.32,33.95
2023,ela,5,93,College graduate,Parent Education,90249,88438,2526.0,31.46,29.84,61.3,18.28,20.42
2023,ela,5,94,Graduate school/Post graduate,Parent Education,68264,66882,2562.3,46.71,27.8,74.51,12.94,12.55
2023,ela,5,99,No reported disabilities,Disability Status,374519,367615,2503.1,24.2,26.85,51.05,20.58,28.38
2023,ela,5,111,Not socioeconomically disadvantaged,Economic Status,158865,155010,2541.9,38.01,29.14,67.15,16.01,16.84
2023,ela,5,120,ELs enrolled less than 12 months,English-Language Fluency,5141,1807,2348.4,1.61,4.95,6.56,9.56,83.88
2023,ela,5,121,Declined to state,Parent Education,45161,43727,2465.4,15.89,21.52,37.41,20.12,42.47
2023,ela,5,128,Reported disabilities,Disability Status,56378,54235,2405.2,6.07,11.03,17.1,15.74,67.16
2023,ela,5,142,ELs enrolled 12 months or more,English-Language Fluency,81599,80876,2407.8,1.6,10.84,12.44,22.07,65.49
2023,ela,5,144,Two or more races,Race and Ethnicity,24058,23459,2525.6,33.12,27.6,60.72,17.16,22.13
2023,ela,5,160,"EL (English learner, excluding RFEP)",English-Language Fluency,87144,83010,2406.4,1.6,10.7,12.3,21.78,65.91
2023,ela,5,170,EverEL,English-Language Fluency,152758,148352,2461.2,13.67,21.32,34.98,21.54,43.47
2023,ela,5,180,EO (English only),English-Language Fluency,261509,257099,2502.4,24.95,26.62,51.57,19.46,28.97
2023,ela,5,190,TBD (To be determined),English-Language Fluency,86,18,2357.2,0.0,0.0,0.0,16.67,83.33
2023,ela,5,200,Black or African American,Ethnicity for Socioeconomically Disadvantaged,16930,16479,2431.1,7.33,17.07,24.4,20.5,55.1
2023,ela,5,201,American Indian or Alaska Native,Ethnicity for Socioeconomically Disadvantaged,1308,1245,2432.3,5.63,17.38,23.01,23.25,53.74
2023,ela,5,202,Asian,Ethnicity for Socioeconomically Disadvantaged,16852,16482,2518.3,30.3,28.53,58.83,17.5,23.67
2023,ela,5,203,Filipino,Ethnicity for Socioeconomically Disadvantaged,3511,3468,2522.9,28.52,31.43,59.95,20.01,20.04
2023,ela,5,204,Hispanic or Latino,Ethnicity for Socioeconomically Disadvantaged,190797,187939,2452.6,9.99,21.29,31.28,23.01,45.7
2023,ela,5,205,Native Hawaiian or Pacific Islander,Ethnicity for Socioeconomically Disadvantaged,1285,1257,2450.2,9.8,20.56,30.36,21.83,47.81
2023,ela,5,206,White,Ethnicity for Socioeconomically Disadvantaged,31377,30301,2484.0,18.18,26.41,44.59,21.48,33.92
2023,ela,5,207,Two or more races,Ethnicity for Socioeconomically Disadvantaged,9972,9669,2478.4,17.3,24.92,42.22,21.46,36.33
2023,ela,5,220,Black or African American,Ethnicity for Not Socioeconomically Disadvantaged,4844,4731,2490.3,20.19,27.13,47.33,20.83,31.85
2023,ela,5,221,American Indian or Alaska Native,Ethnicity for Not Socioeconomically Disadvantaged,528,508,2504.3,23.62,30.91,54.53,16.93,28.54
2023,ela,5,222,Asian,Ethnicity for Not Socioeconomically Disadvantaged,27003,26454,2591.0,59.11,25.02,84.12,8.93,6.95
2023,ela,5,223,Filipino,Ethnicity for Not Socioeconomically Disadvantaged,5946,5885,2561.2,45.05,30.14,75.18,13.87,10.95
2023,ela,5,224,Hispanic or Latino,Ethnicity for Not Socioeconomically Disadvantaged,49741,48241,2503.8,23.69,28.68,52.36,20.79,26.85
2023,ela,5,225,Native Hawaiian or Pacific Islander,Ethnicity for Not Socioeconomically Disadvantaged,547,528,2507.6,24.81,28.03,52.84,21.21,25.95
2023,ela,5,226,White,Ethnicity for Not Socioeconomically Disadvantaged,56170,54873,2550.5,39.92,31.5,71.42,15.46,13.12
2023,ela,5,227,Two or more races,Ethnicity for Not Socioeconomically Disadvantaged,14086,13790,2558.6,44.2,29.48,73.68,14.14,12.18
2023,ela,5,240,Foster youth,Foster Status,1569,1508,2422.2,5.77,17.37,23.14,18.5,58.36
2023,ela,5,241,Not foster youth,Foster Status,429328,420342,2490.7,21.93,24.84,46.77,19.96,33.27
2023,ela,5,251,ARLTEL (At-Risk of becoming LTEL),English-Language Fluency,41070,40690,2387.8,0.43,5.04,5.46,17.6,76.94
2023,ela,5,252,NeverEL,English-Language Fluency,278032,273421,2506.4,26.33,26.71,53.04,19.09,27.87
2024,ela,5,1,All Students,All Students,429109,418641,2490.7,22.2,25.17,47.37,19.41,33.22
2024,ela,5,3,Male,Gender,219159,213611,2481.3,20.04,24.22,44.26,19.14,36.6
2024,ela,5,4,Female,Gender,209828,204913,2500.6,24.45,26.17,50.62,19.69,29.69
2024,ela,5,6,"IFEP, RFEP, and EO (Fluent English proficient and English only)",English-Language Fluency,346862,342159,2510.7,26.84,28.56,55.4,19.11,25.49
2024,ela,5,7,IFEP (Initial fluent English proficient),English-Language Fluency,26665,26485,2549.6,39.83,29.29,69.12,16.36,14.52
2024,ela,5,8,RFEP (Reclassified fluent English proficient),English-Language Fluency,55789,55549,2531.0,29.07,35.76,64.84,20.41,14.75
2024,ela,5,28,Migrant education,Migrant,3481,3307,2422.3,6.48,15.86,22.34,20.43,57.23
2024,ela,5,29,Not migrant education,Migrant,425628,415334,2491.3,22.33,25.25,47.57,19.4,33.03
2024,ela,5,31,Socioeconomically disadvantaged,Economic Status,281288,275053,2463.4,13.67,23.02,36.68,21.4,41.92
2024,ela,5,50,Armed forces family member,Military Status,6592,6487,2496.6,22.2,28.09,50.29,19.66,30.05
2024,ela,5,51,Not armed forces family member,Military Status,422517,412154,2490.7,22.2,25.13,47.33,19.4,33.27
2024,ela,5,52,Homeless,Homeless Status,16004,14838,2431.9,8.29,17.65,25.93,19.97,54.09
2024,ela,5,53,Not homeless,Homeless Status,413105,403803,2492.9,22.71,25.45,48.16,19.39,32.45
2024,ela,5,74,Black or African American,Race and Ethnicity,21438,20915,2444.6,10.83,19.65,30.48,19.52,50.0
2024,ela,5,75,American Indian or Alaska Native,Race and Ethnicity,1874,1813,2453.2,11.98,21.03,33.0,20.97,46.03
2024,ela,5,76,Asian,Race and Ethnicity,45338,44187,2563.1,48.42,25.96,74.38,11.72,13.9
2024,ela,5,77,Filipino,Race and Ethnicity,9477,9377,2547.1,38.27,31.96,70.23,16.22,13.55
2024,ela,5,78,Hispanic or Latino,Race and Ethnicity,238048,232409,2463.4,13.13,23.45,36.59,21.86,41.56
2024,ela,5,79,Native Hawaiian or Pacific Islander,Race and Ethnicity,1742,1708,2469.1,12.94,24.36,37.3,24.41,38.29
2024,ela,5,80,White,Race and Ethnicity,86361,84048,2524.7,31.59,29.6,61.19,17.7,21.11
2024,ela,5,90,Not a high school graduate,Parent Education,42401,40878,2432.2,7.36,17.82,25.18,20.94,53.88
2024,ela,5,91,High school graduate,Parent Education,85460,83351,2451.6,10.26,21.5,31.76,22.33,45.9
2024,ela,5,92,Some college (includes AA degree),Parent Education,79355,77918,2479.9,15.93,27.03,42.96,22.28,34.76
2024,ela,5,93,College graduate,Parent Education,89269,87294,2522.9,30.5,29.85,60.35,18.29,21.36
2024,ela,5,94,Graduate school/Post graduate,Parent Education,70506,69111,2561.9,46.37,28.23,74.6,12.72,12.68
2024,ela,5,99,No reported disabilities,Disability Status,370211,361895,2504.5,24.78,27.35,52.13,20.05,27.82
2024,ela,5,111,Not socioeconomically disadvantaged,Economic Status,147821,143588,2543.1,38.55,29.3,67.85,15.59,16.56
2024,ela,5,120,ELs enrolled less than 12 months,English-Language Fluency,6653,1821,2332.2,0.94,3.98,4.91,6.9,88.18
2024,ela,5,121,Declined to state,Parent Education,60614,58740,2470.2,17.15,22.55,39.7,19.85,40.45
2024,ela,5,128,Reported disabilities,Disability Status,58898,56746,2402.7,5.76,11.28,17.04,15.3,67.66
2024,ela,5,142,ELs enrolled 12 months or more,English-Language Fluency,75154,74447,2402.9,1.43,10.19,11.62,21.08,67.3
2024,ela,5,144,Two or more races,Race and Ethnicity,24831,24184,2526.1,33.82,27.39,61.2,16.51,22.28
2024,ela,5,160,"EL (English learner, excluding RFEP)",English-Language Fluency,82021,76389,2401.2,1.42,10.03,11.45,20.73,67.82
2024,ela,5,170,EverEL,English-Language Fluency,137810,131938,2455.9,13.06,20.87,33.93,20.6,45.47
2024,ela,5,180,EO (English only),English-Language Fluency,264408,260125,2502.5,25.04,26.94,51.98,19.11,28.9
2024,ela,5,190,TBD (To be determined),English-Language Fluency,140,30,2343.3,6.9,3.45,10.34,0.0,89.66
2024,ela,5,200,Black or African American,Ethnicity for Socioeconomically Disadvantaged,17177,16782,2431.6,7.95,17.51,25.46,19.66,54.88
2024,ela,5,201,American Indian or Alaska Native,Ethnicity for Socioeconomically Disadvantaged,1395,1345,2435.4,7.07,19.2,26.26,21.28,52.46
2024,ela,5,202,Asian,Ethnicity for Socioeconomically Disadvantaged,19459,18945,2525.1,33.52,27.83,61.35,16.01,22.64
2024,ela,5,203,Filipino,Ethnicity for Socioeconomically Disadvantaged,4129,4073,2527.4,29.78,32.7,62.48,19.21,18.3
2024,ela,5,204,Hispanic or Latino,Ethnicity for Socioeconomically Disadvantaged,191668,187860,2453.5,10.48,22.06,32.54,22.34,45.12
2024,ela,5,205,Native Hawaiian or Pacific Islander,Ethnicity for Socioeconomically Disadvantaged,1312,1285,2458.7,10.35,23.5,33.85,24.44,41.71
2024,ela,5,206,White,Ethnicity for Socioeconomically Disadvantaged,34928,33833,2486.8,19.57,26.54,46.11,20.72,33.17
2024,ela,5,207,Two or more races,Ethnicity for Socioeconomically Disadvantaged,11220,10930,2483.9,19.77,25.4,45.17,19.82,35.01
2024,ela,5,220,Black or African American,Ethnicity for Not Socioeconomically Disadvantaged,4261,4133,2497.3,22.54,28.3,50.84,18.98,30.19
2024,ela,5,221,American Indian or Alaska Native,Ethnicity for Not Socioeconomically Disadvantaged,479,468,2504.3,26.07,26.28,52.35,20.09,27.56
2024,ela,5,222,Asian,Ethnicity for Not Socioeconomically Disadvantaged,25879,25242,2591.6,59.6,24.56,84.15,8.5,7.35
2024,ela,5,223,Filipino,Ethnicity for Not Socioeconomically Disadvantaged,5348,5304,2562.3,44.79,31.38,76.18,13.92,9.9
2024,ela,5,224,Hispanic or Latino,Ethnicity for Not Socioeconomically Disadvantaged,46380,44549,2505.0,24.33,29.31,53.65,19.81,26.54
2024,ela,5,225,Native Hawaiian or Pacific Islander,Ethnicity for Not Socioeconomically Disadvantaged,430,423,2500.5,20.8,26.95,47.75,24.35,27.9
2024,ela,5,226,White,Ethnicity for Not Socioeconomically Disadvantaged,51433,50215,2550.2,39.68,31.66,71.35,15.67,12.99
2024,ela,5,227,Two or more races,Ethnicity for Not Socioeconomically Disadvantaged,13611,13254,2560.8,45.4,29.02,74.42,13.79,11.8
2024,ela,5,240,Foster youth,Foster Status,1412,1360,2418.7,5.74,13.54,19.28,20.46,60.26
2024,ela,5,241,Not foster youth,Foster Status,427697,417281,2491.0,22.25,25.21,47.46,19.4,33.13
2024,ela,5,251,ARLTEL (At-Risk of becoming LTEL),English-Language Fluency,38022,37656,2384.7,0.4,5.0,5.4,17.04,77.56
2024,ela,5,252,NeverEL,English-Language Fluency,291213,286640,2506.8,26.41,27.15,53.56,18.86,27.58
2025,ela,5,1,All Students,All Students,426928,417860,2495.7,23.25,25.55,48.8,19.68,31.52
2025,ela,5,3,Male,Gender,218066,213188,2487.9,21.5,24.62,46.12,19.44,34.43
2025,ela,5,4,Female,Gender,208723,204542,2503.9,25.06,26.51,51.57,19.93,28.5
2025,ela,5,6,"IFEP, RFEP, and EO (Fluent English proficient and English only)",English-Language Fluency,349157,344487,2515.6,27.91,28.89,56.8,19.38,23.82
2025,ela,5,7,IFEP (Initial fluent English proficient),English-Language Fluency,28803,28635,2555.1,41.04,30.32,71.37,15.77,12.87
2025,ela,5,8,RFEP (Reclassified fluent English proficient),English-Language Fluency,53597,53366,2532.8,28.91,36.42,65.33,21.17,13.51
2025,ela,5,28,Migrant education,Migrant,3663,3522,2424.5,7.64,15.82,23.46,19.6,56.94
2025,ela,5,29,Not migrant education,Migrant,423265,414338,2496.3,23.38,25.63,49.01,19.68,31.31
2025,ela,5,31,Socioeconomically disadvantaged,Economic Status,276366,270660,2467.2,14.1,23.47,37.57,22.03,40.4
2025,ela,5,50,Armed forces family member,Military Status,7706,7569,2505.4,24.45,28.31,52.76,20.85,26.39
2025,ela,5,51,Not armed forces family member,Military Status,419222,410291,2495.5,23.22,25.5,48.72,19.66,31.62
2025,ela,5,52,Homeless,Homeless Status,18844,17857,2436.0,8.64,18.19,26.83,20.38,52.79
2025,ela,5,53,Not homeless,Homeless Status,408084,400003,2498.4,23.9,25.88,49.78,19.65,30.58
2025,ela,5,74,Black or African American,Race and Ethnicity,20664,20212,2452.3,12.14,20.32,32.46,20.85,46.69
2025,ela,5,75,American Indian or Alaska Native,Race and Ethnicity,1838,1790,2462.3,12.53,23.89,36.43,19.47,44.1
2025,ela,5,76,Asian,Race and Ethnicity,44607,43385,2561.2,47.76,25.65,73.41,12.18,14.4
2025,ela,5,77,Filipino,Race and Ethnicity,9101,9013,2553.8,41.53,30.69,72.23,14.8,12.97
2025,ela,5,78,Hispanic or Latino,Race and Ethnicity,237274,232842,2469.5,14.38,24.02,38.4,22.21,39.39
2025,ela,5,79,Native Hawaiian or Pacific Islander,Race and Ethnicity,1749,1702,2472.1,14.51,25.03,39.54,20.51,39.95
2025,ela,5,80,White,Race and Ethnicity,85937,83900,2529.7,32.85,29.93,62.77,17.66,19.57
2025,ela,5,90,Not a high school graduate,Parent Education,39102,38033,2435.8,7.61,17.94,25.55,21.58,52.86
2025,ela,5,91,High school graduate,Parent Education,85203,83525,2456.3,10.86,22.23,33.09,22.71,44.19
2025,ela,5,92,Some college (includes AA degree),Parent Education,79554,78218,2485.0,17.02,27.39,44.41,22.78,32.81
2025,ela,5,93,College graduate,Parent Education,92121,90225,2526.8,31.46,30.04,61.5,18.36,20.14
2025,ela,5,94,Graduate school/Post graduate,Parent Education,73299,71930,2564.1,47.06,27.86,74.91,12.97,12.12
2025,ela,5,99,No reported disabilities,Disability Status,365039,358285,2509.6,26.08,27.79,53.88,20.18,25.95
2025,ela,5,111,Not socioeconomically disadvantaged,Economic Status,150562,147200,2548.1,40.06,29.37,69.43,15.36,15.21
2025,ela,5,120,ELs enrolled less than 12 months,English-Language Fluency,5278,1714,2338.4,0.76,2.99,3.76,6.64,89.61
2025,ela,5,121,Declined to state,Parent Education,56202,54780,2472.2,17.18,22.8,39.98,20.34,39.68
2025,ela,5,128,Reported disabilities,Disability Status,61889,59575,2412.1,6.19,12.05,18.23,16.69,65.08
2025,ela,5,142,ELs enrolled 12 months or more,English-Language Fluency,72235,71507,2403.8,1.37,10.0,11.38,21.44,67.19
2025,ela,5,144,Two or more races,Race and Ethnicity,25758,25016,2530.3,34.76,27.49,62.25,16.7,21.06
2025,ela,5,160,"EL (English learner, excluding RFEP)",English-Language Fluency,77650,73318,2402.2,1.36,9.83,11.19,21.08,67.73
2025,ela,5,170,EverEL,English-Language Fluency,131247,126684,2457.2,12.97,21.03,34.0,21.12,44.88
2025,ela,5,180,EO (English only),English-Language Fluency,266757,262486,2507.8,26.27,27.21,53.47,19.41,27.11
2025,ela,5,190,TBD (To be determined),English-Language Fluency,59,13,2428.4,15.38,15.38,30.77,7.69,61.54
2025,ela,5,200,Black or African American,Ethnicity for Socioeconomically Disadvantaged,16546,16197,2440.1,9.19,18.55,27.75,21.17,51.08
2025,ela,5,201,American Indian or Alaska Native,Ethnicity for Socioeconomically Disadvantaged,1329,1299,2449.1,8.41,22.99,31.4,20.45,48.15
2025,ela,5,202,Asian,Ethnicity for Socioeconomically Disadvantaged,18758,18090,2517.6,30.98,27.45,58.43,17.07,24.5
2025,ela,5,203,Filipino,Ethnicity for Socioeconomically Disadvantaged,3820,3766,2531.9,32.19,31.87,64.06,18.11,17.82
2025,ela,5,204,Hispanic or Latino,Ethnicity for Socioeconomically Disadvantaged,190474,187175,2458.7,11.4,22.58,33.97,22.74,43.29
2025,ela,5,205,Native Hawaiian or Pacific Islander,Ethnicity for Socioeconomically Disadvantaged,1271,1242,2458.3,10.55,23.03,33.57,21.82,44.61
2025,ela,5,206,White,Ethnicity for Socioeconomically Disadvantaged,32946,31993,2489.2,19.33,27.12,46.45,21.9,31.65
2025,ela,5,207,Two or more races,Ethnicity for Socioeconomically Disadvantaged,11222,10898,2485.8,19.21,26.09,45.3,21.22,33.48
2025,ela,5,220,Black or African American,Ethnicity for Not Socioeconomically Disadvantaged,4118,4015,2501.6,24.03,27.45,51.48,19.55,28.97
2025,ela,5,221,American Indian or Alaska Native,Ethnicity for Not Socioeconomically Disadvantaged,509,491,2497.2,23.42,26.27,49.69,16.9,33.4
2025,ela,5,222,Asian,Ethnicity for Not Socioeconomically Disadvantaged,25849,25295,2592.4,59.77,24.36,84.12,8.69,7.19
2025,ela,5,223,Filipino,Ethnicity for Not Socioeconomically Disadvantaged,5281,5247,2569.5,48.24,29.85,78.08,12.43,9.49
2025,ela,5,224,Hispanic or Latino,Ethnicity for Not Socioeconomically Disadvantaged,46800,45667,2513.7,26.61,29.93,56.54,20.02,23.44
2025,ela,5,225,Native Hawaiian or Pacific Islander,Ethnicity for Not Socioeconomically Disadvantaged,478,460,2509.4,25.22,30.43,55.65,16.96,27.39
2025,ela,5,226,White,Ethnicity for Not Socioeconomically Disadvantaged,52991,51907,2554.6,41.17,31.66,72.83,15.05,12.12
2025,ela,5,227,Two or more races,Ethnicity for Not Socioeconomically Disadvantaged,14536,14118,2564.7,46.76,28.57,75.34,13.2,11.46
2025,ela,5,240,Foster youth,Foster Status,1312,1264,2426.7,5.95,17.84,23.79,19.19,57.02
2025,ela,5,241,Not foster youth,Foster Status,425616,416596,2495.9,23.3,25.57,48.87,19.68,31.45
2025,ela,5,251,ARLTEL (At-Risk of becoming LTEL),English-Language Fluency,35493,35143,2391.1,0.34,5.45,5.79,18.78,75.43
2025,ela,5,252,NeverEL,English-Language Fluency,295619,291134,2512.5,27.72,27.51,55.23,19.05,25.71
2015,ela,6,1,All Students,All Students,470945,459401,2511.8,13.0,29.0,43.0,29.0,28.0
2015,ela,6,3,Male,Gender,470945,234656,2498.7,11.0,26.0,37.0,29.0,34.0
2015,ela,6,4,Female,Gender,470945,224745,2525.5,16.0,33.0,49.0,29.0,22.0
2015,ela,6,6,"IFEP, RFEP, and EO (Fluent English proficient and English only)",English-Language Fluency,470945,381395,2528.3,16.0,34.0,50.0,30.0,21.0
2015,ela,6,7,IFEP (Initial fluent English proficient),English-Language Fluency,470945,21621,2565.8,30.0,36.0,67.0,22.0,11.0
2015,ela,6,8,RFEP (Reclassified fluent English proficient),English-Language Fluency,470945,104577,2529.0,12.0,36.0,48.0,36.0,16.0
2015,ela,6,28,Migrant education,Migrant,470945,3957,2461.2,3.0,18.0,21.0,31.0,48.0
2015,ela,6,31,Socioeconomically disadvantaged,Economic Status,470945,277942,2483.2,6.0,24.0,29.0,33.0,38.0
2015,ela,6,74,Black or African American,Race and Ethnicity,470945,26830,2474.2,5.0,21.0,27.0,30.0,43.0
2015,ela,6,75,American Indian or Alaska Native,Race and Ethnicity,470945,2547,2483.5,7.0,24.0,31.0,30.0,39.0
2015,ela,6,76,Asian,Race and Ethnicity,470945,41934,2576.5,36.0,36.0,72.0,17.0,10.0
2015,ela,6,77,Filipino,Race and Ethnicity,470945,12486,2554.5,24.0,40.0,64.0,24.0,12.0
2015,ela,6,78,Hispanic or Latino,Race and Ethnicity,470945,245109,2486.2,6.0,24.0,30.0,33.0,36.0
2015,ela,6,79,Native Hawaiian or Pacific Islander,Race and Ethnicity,470945,2314,2502.4,9.0,29.0,38.0,33.0,29.0
2015,ela,6,80,White,Race and Ethnicity,470945,113383,2544.6,21.0,38.0,59.0,25.0,16.0
2015,ela,6,90,Not a high school graduate,Parent Education,470945,75273,2467.1,3.0,19.0,22.0,32.0,45.0
2015,ela,6,91,High school graduate,Parent Education,470945,93863,2486.7,6.0,25.0,30.0,34.0,36.0
2015,ela,6,92,Some college (includes AA degree),Parent Education,470945,94013,2508.9,9.0,32.0,41.0,32.0,27.0
2015,ela,6,93,College graduate,Parent Education,470945,83386,2548.3,22.0,39.0,61.0,25.0,15.0
2015,ela,6,94,Graduate school/Post graduate,Parent Education,470945,58346,2578.3,35.0,38.0,73.0,17.0,9.0
2015,ela,6,99,No reported disabilities,Disability Status,470945,411173,2522.5,15.0,32.0,47.0,30.0,23.0
2015,ela,6,111,Not socioeconomically disadvantaged,Economic Status,470945,181459,2555.4,25.0,38.0,64.0,23.0,13.0
2015,ela,6,120,ELs enrolled less than 12 months,English-Language Fluency,470945,1389,2410.8,1.0,8.0,10.0,20.0,70.0
2015,ela,6,121,Declined to state,Parent Education,470945,54270,2494.1,10.0,25.0,35.0,30.0,35.0
2015,ela,6,128,Reported disabilities,Disability Status,470945,48228,2419.6,2.0,8.0,10.0,19.0,71.0
2015,ela,6,142,ELs enrolled 12 months or more,English-Language Fluency,470945,75298,2430.2,1.0,7.0,7.0,27.0,66.0
2015,ela,6,144,Two or more races,Race and Ethnicity,470945,11844,2543.5,22.0,36.0,58.0,24.0,18.0
2015,ela,6,160,"EL (English learner, excluding RFEP)",English-Language Fluency,470945,76945,2429.9,1.0,7.0,7.0,27.0,66.0
2015,ela,6,180,EO (English only),English-Language Fluency,470945,255197,2524.8,16.0,33.0,49.0,28.0,23.0
2015,ela,6,200,Black or African American,Ethnicity for Socioeconomically Disadvantaged,470945,19517,2461.1,3.0,18.0,21.0,30.0,49.0
2015,ela,6,201,American Indian or Alaska Native,Ethnicity for Socioeconomically Disadvantaged,470945,1690,2467.0,4.0,20.0,24.0,30.0,46.0
2015,ela,6,202,Asian,Ethnicity for Socioeconomically Disadvantaged,470945,15428,2535.8,19.0,36.0,55.0,26.0,19.0
2015,ela,6,203,Filipino,Ethnicity for Socioeconomically Disadvantaged,470945,4436,2529.5,15.0,37.0,52.0,30.0,19.0
2015,ela,6,204,Hispanic or Latino,Ethnicity for Socioeconomically Disadvantaged,470945,197797,2477.3,4.0,22.0,26.0,34.0,40.0
2015,ela,6,205,Native Hawaiian or Pacific Islander,Ethnicity for Socioeconomically Disadvantaged,470945,1513,2488.0,5.0,25.0,30.0,36.0,34.0
2015,ela,6,206,White,Ethnicity for Socioeconomically Disadvantaged,470945,31783,2499.9,8.0,29.0,37.0,32.0,31.0
2015,ela,6,207,Two or more races,Ethnicity for Socioeconomically Disadvantaged,470945,4151,2498.6,9.0,28.0,36.0,32.0,32.0
2015,ela,6,220,Black or African American,Ethnicity for Not Socioeconomically Disadvantaged,470945,7313,2508.9,12.0,31.0,42.0,29.0,29.0
2015,ela,6,221,American Indian or Alaska Native,Ethnicity for Not Socioeconomically Disadvantaged,470945,857,2516.1,13.0,31.0,44.0,31.0,25.0
2015,ela,6,222,Asian,Ethnicity for Not Socioeconomically Disadvantaged,470945,26506,2600.2,46.0,37.0,82.0,12.0,5.0
2015,ela,6,223,Filipino,Ethnicity for Not Socioeconomically Disadvantaged,470945,8050,2568.2,29.0,42.0,71.0,21.0,9.0
2015,ela,6,224,Hispanic or Latino,Ethnicity for Not Socioeconomically Disadvantaged,470945,47312,2523.1,13.0,35.0,48.0,31.0,21.0
2015,ela,6,225,Native Hawaiian or Pacific Islander,Ethnicity for Not Socioeconomically Disadvantaged,470945,801,2529.4,15.0,37.0,52.0,27.0,21.0
2015,ela,6,226,White,Ethnicity for Not Socioeconomically Disadvantaged,470945,81600,2562.0,26.0,41.0,67.0,22.0,10.0
2015,ela,6,227,Two or more races,Ethnicity for Not Socioeconomically Disadvantaged,470945,7693,2567.6,29.0,41.0,69.0,20.0,10.0
2016,ela,6,1,All Students,All Students,472957,460569,2519.4,17.0,31.0,47.0,26.0,26.0
2016,ela,6,3,Male,Gender,242000,235401,2505.4,13.0,28.0,41.0,27.0,32.0
2016,ela,6,4,Female,Gender,230957,225168,2534.1,20.0,34.0,53.0,26.0,21.0
2016,ela,6,6,"IFEP, RFEP, and EO (Fluent English proficient and English only)",English-Language Fluency,387936,379844,2537.4,20.0,35.0,55.0,26.0,19.0
2016,ela,6,7,IFEP (Initial fluent English proficient),English-Language Fluency,20871,20547,2578.0,36.0,36.0,72.0,19.0,9.0
2016,ela,6,8,RFEP (Reclassified fluent English proficient),English-Language Fluency,103789,103115,2541.6,16.0,40.0,56.0,31.0,13.0
2016,ela,6,28,Migrant education,Migrant,4115,3989,2465.4,3.0,20.0,24.0,31.0,45.0
2016,ela,6,31,Socioeconomically disadvantaged,Economic Status,293548,286773,2490.2,8.0,26.0,34.0,30.0,36.0
2016,ela,6,74,Black or African American,Race and Ethnicity,27079,25985,2476.1,7.0,23.0,30.0,28.0,43.0
2016,ela,6,75,American Indian or Alaska Native,Race and Ethnicity,2567,2462,2483.9,8.0,24.0,32.0,29.0,38.0
2016,ela,6,76,Asian,Race and Ethnicity,43909,42622,2586.2,41.0,34.0,76.0,15.0,10.0
2016,ela,6,77,Filipino,Race and Ethnicity,11959,11784,2568.2,31.0,39.0,69.0,20.0,10.0
2016,ela,6,78,Hispanic or Latino,Race and Ethnicity,252663,247928,2493.7,8.0,27.0,35.0,31.0,34.0
2016,ela,6,79,Native Hawaiian or Pacific Islander,Race and Ethnicity,2437,2349,2507.8,11.0,30.0,41.0,29.0,29.0
2016,ela,6,80,White,Race and Ethnicity,114785,110832,2553.0,26.0,37.0,63.0,22.0,15.0
2016,ela,6,90,Not a high school graduate,Parent Education,76527,74809,2472.7,5.0,22.0,26.0,31.0,43.0
2016,ela,6,91,High school graduate,Parent Education,96371,94328,2491.8,7.0,27.0,35.0,31.0,35.0
2016,ela,6,92,Some college (includes AA degree),Parent Education,97657,95491,2515.8,12.0,33.0,46.0,29.0,25.0
2016,ela,6,93,College graduate,Parent Education,87400,85124,2557.8,27.0,38.0,65.0,22.0,13.0
2016,ela,6,94,Graduate school/Post graduate,Parent Education,62014,60125,2588.0,41.0,36.0,77.0,15.0,8.0
2016,ela,6,99,No reported disabilities,Disability Status,419764,409247,2531.9,18.0,33.0,52.0,27.0,21.0
2016,ela,6,111,Not socioeconomically disadvantaged,Economic Status,179409,173796,2567.7,31.0,38.0,69.0,20.0,11.0
2016,ela,6,120,ELs enrolled less than 12 months,English-Language Fluency,3064,1173,2409.0,2.0,9.0,11.0,20.0,69.0
2016,ela,6,121,Declined to state,Parent Education,52365,50465,2500.7,12.0,27.0,39.0,27.0,34.0
2016,ela,6,128,Reported disabilities,Disability Status,53193,51322,2419.1,2.0,9.0,11.0,20.0,69.0
2016,ela,6,142,ELs enrolled 12 months or more,English-Language Fluency,79723,78297,2434.5,1.0,9.0,10.0,29.0,62.0
2016,ela,6,144,Two or more races,Race and Ethnicity,14113,13700,2553.2,27.0,35.0,62.0,22.0,16.0
2016,ela,6,160,"EL (English learner, excluding RFEP)",English-Language Fluency,83401,79917,2434.1,1.0,9.0,10.0,28.0,62.0
2016,ela,6,180,EO (English only),English-Language Fluency,263276,256182,2532.5,20.0,33.0,53.0,25.0,22.0
2016,ela,6,200,Black or African American,Ethnicity for Socioeconomically Disadvantaged,20393,19571,2462.8,4.0,20.0,24.0,28.0,48.0
2016,ela,6,201,American Indian or Alaska Native,Ethnicity for Socioeconomically Disadvantaged,1781,1708,2466.2,5.0,20.0,25.0,30.0,45.0
2016,ela,6,202,Asian,Ethnicity for Socioeconomically Disadvantaged,16298,15794,2544.4,23.0,36.0,59.0,23.0,18.0
2016,ela,6,203,Filipino,Ethnicity for Socioeconomically Disadvantaged,4382,4303,2545.3,21.0,38.0,59.0,25.0,16.0
2016,ela,6,204,Hispanic or Latino,Ethnicity for Socioeconomically Disadvantaged,208454,204947,2484.7,6.0,25.0,31.0,32.0,37.0
2016,ela,6,205,Native Hawaiian or Pacific Islander,Ethnicity for Socioeconomically Disadvantaged,1659,1604,2493.9,8.0,26.0,35.0,31.0,34.0
2016,ela,6,206,White,Ethnicity for Socioeconomically Disadvantaged,33768,32400,2506.2,11.0,31.0,42.0,29.0,29.0
2016,ela,6,207,Two or more races,Ethnicity for Socioeconomically Disadvantaged,5177,4986,2506.3,11.0,30.0,41.0,30.0,29.0
2016,ela,6,220,Black or African American,Ethnicity for Not Socioeconomically Disadvantaged,6686,6414,2516.4,15.0,32.0,47.0,27.0,26.0
2016,ela,6,221,American Indian or Alaska Native,Ethnicity for Not Socioeconomically Disadvantaged,786,754,2523.8,15.0,34.0,50.0,28.0,23.0
2016,ela,6,222,Asian,Ethnicity for Not Socioeconomically Disadvantaged,27611,26828,2610.8,52.0,33.0,86.0,10.0,5.0
2016,ela,6,223,Filipino,Ethnicity for Not Socioeconomically Disadvantaged,7577,7481,2581.4,36.0,40.0,75.0,17.0,7.0
2016,ela,6,224,Hispanic or Latino,Ethnicity for Not Socioeconomically Disadvantaged,44209,42981,2536.6,18.0,37.0,56.0,26.0,18.0
2016,ela,6,225,Native Hawaiian or Pacific Islander,Ethnicity for Not Socioeconomically Disadvantaged,778,745,2537.8,18.0,37.0,55.0,26.0,18.0
2016,ela,6,226,White,Ethnicity for Not Socioeconomically Disadvantaged,81017,78432,2572.3,32.0,40.0,72.0,19.0,9.0
2016,ela,6,227,Two or more races,Ethnicity for Not Socioeconomically Disadvantaged,8936,8714,2580.0,36.0,38.0,74.0,17.0,9.0
2017,ela,6,1,All Students,All Students,473125,462979,2518.9,16.5,30.53,47.04,26.2,26.76
2017,ela,6,3,Male,Gender,241187,235694,2505.3,13.68,27.82,41.51,26.61,31.88
2017,ela,6,4,Female,Gender,231938,227285,2532.9,19.43,33.34,52.77,25.78,21.45
2017,ela,6,6,"IFEP, RFEP, and EO (Fluent English proficient and English only)",English-Language Fluency,390686,384539,2537.1,19.69,35.07,54.76,26.15,19.09
2017,ela,6,7,IFEP (Initial fluent English proficient),English-Language Fluency,19163,19017,2585.1,38.48,35.94,74.42,17.44,8.14
2017,ela,6,8,RFEP (Reclassified fluent English proficient),English-Language Fluency,107827,107391,2539.9,15.89,39.27,55.16,30.93,13.91
2017,ela,6,28,Migrant education,Migrant,3992,3890,2466.7,4.56,20.17,24.73,28.88,46.39
2017,ela,6,31,Socioeconomically disadvantaged,Economic Status,289302,283744,2489.0,7.62,26.18,33.8,30.15,36.05
2017,ela,6,74,Black or African American,Race and Ethnicity,25772,24983,2475.8,6.72,23.12,29.84,27.62,42.55
2017,ela,6,75,American Indian or Alaska Native,Race and Ethnicity,2498,2411,2487.8,8.65,24.44,33.08,28.97,37.95
2017,ela,6,76,Asian,Race and Ethnicity,43114,42229,2586.6,41.6,33.64,75.24,14.93,9.83
2017,ela,6,77,Filipino,Race and Ethnicity,10647,10528,2567.4,29.35,40.22,69.57,19.57,10.86
2017,ela,6,78,Hispanic or Latino,Race and Ethnicity,258465,254137,2493.1,8.24,27.35,35.59,30.13,34.28
2017,ela,6,79,Native Hawaiian or Pacific Islander,Race and Ethnicity,2269,2226,2507.9,11.79,30.14,41.93,29.24,28.83
2017,ela,6,80,White,Race and Ethnicity,110880,107762,2553.8,25.76,37.02,62.78,22.25,14.96
2017,ela,6,90,Not a high school graduate,Parent Education,75351,73822,2471.1,4.66,21.62,26.28,30.22,43.5
2017,ela,6,91,High school graduate,Parent Education,97805,96107,2490.2,7.26,26.87,34.13,30.64,35.23
2017,ela,6,92,Some college (includes AA degree),Parent Education,97501,95725,2515.3,12.24,33.2,45.43,29.24,25.32
2017,ela,6,93,College graduate,Parent Education,87917,86136,2557.0,26.5,37.95,64.45,21.98,13.57
2017,ela,6,94,Graduate school/Post graduate,Parent Education,63090,61734,2588.4,41.03,35.54,76.57,14.96,8.47
2017,ela,6,99,No reported disabilities,Disability Status,417846,409761,2531.7,18.31,33.36,51.67,27.09,21.24
2017,ela,6,111,Not socioeconomically disadvantaged,Economic Status,183823,179235,2566.1,30.56,37.42,67.98,19.95,12.06
2017,ela,6,120,ELs enrolled less than 12 months,English-Language Fluency,3490,1152,2406.2,1.39,9.91,11.3,17.91,70.78
2017,ela,6,121,Declined to state,Parent Education,51113,49307,2499.5,12.36,26.64,39.0,27.11,33.89
2017,ela,6,128,Reported disabilities,Disability Status,55279,53218,2419.7,2.57,8.71,11.28,19.34,69.38
2017,ela,6,142,ELs enrolled 12 months or more,English-Language Fluency,76899,75962,2429.1,0.74,8.16,8.9,26.61,64.49
2017,ela,6,144,Two or more races,Race and Ethnicity,16470,16096,2556.4,28.14,35.39,63.53,21.18,15.29
2017,ela,6,160,"EL (English learner, excluding RFEP)",English-Language Fluency,81152,77782,2428.9,0.76,8.19,8.95,26.48,64.56
2017,ela,6,170,EverEL,English-Language Fluency,188979,185173,2493.3,9.53,26.22,35.75,29.06,35.19
2017,ela,6,180,EO (English only),English-Language Fluency,263696,258131,2532.4,19.89,33.25,53.14,24.81,22.05
2017,ela,6,190,TBD (To be determined),English-Language Fluency,403,184,2452.6,9.24,17.93,27.17,17.39,55.43
2017,ela,6,200,Black or African American,Ethnicity for Socioeconomically Disadvantaged,19284,18694,2462.0,4.16,19.52,23.69,28.18,48.13
2017,ela,6,201,American Indian or Alaska Native,Ethnicity for Socioeconomically Disadvantaged,1654,1599,2468.6,4.08,20.83,24.91,30.11,44.98
2017,ela,6,202,Asian,Ethnicity for Socioeconomically Disadvantaged,15465,15111,2543.4,23.4,35.07,58.46,23.06,18.48
2017,ela,6,203,Filipino,Ethnicity for Socioeconomically Disadvantaged,3733,3670,2543.8,20.41,38.15,58.56,24.96,16.49
2017,ela,6,204,Hispanic or Latino,Ethnicity for Socioeconomically Disadvantaged,208857,205809,2483.6,6.0,25.2,31.2,31.03,37.77
2017,ela,6,205,Native Hawaiian or Pacific Islander,Ethnicity for Socioeconomically Disadvantaged,1508,1475,2492.4,6.59,28.11,34.69,30.82,34.49
2017,ela,6,206,White,Ethnicity for Socioeconomically Disadvantaged,31604,30516,2506.4,10.95,30.38,41.33,29.6,29.06
2017,ela,6,207,Two or more races,Ethnicity for Socioeconomically Disadvantaged,5576,5400,2507.2,11.21,31.02,42.23,29.05,28.72
2017,ela,6,220,Black or African American,Ethnicity for Not Socioeconomically Disadvantaged,6488,6289,2516.9,14.3,33.81,48.11,25.92,25.97
2017,ela,6,221,American Indian or Alaska Native,Ethnicity for Not Socioeconomically Disadvantaged,844,812,2525.6,17.61,31.53,49.14,26.72,24.14
2017,ela,6,222,Asian,Ethnicity for Not Socioeconomically Disadvantaged,27649,27118,2610.7,51.74,32.85,84.59,10.39,5.02
2017,ela,6,223,Filipino,Ethnicity for Not Socioeconomically Disadvantaged,6914,6858,2580.0,34.14,41.33,75.47,16.68,7.85
2017,ela,6,224,Hispanic or Latino,Ethnicity for Not Socioeconomically Disadvantaged,49608,48328,2533.6,17.78,36.52,54.3,26.27,19.43
2017,ela,6,225,Native Hawaiian or Pacific Islander,Ethnicity for Not Socioeconomically Disadvantaged,761,751,2538.3,22.0,34.13,56.13,26.13,17.73
2017,ela,6,226,White,Ethnicity for Not Socioeconomically Disadvantaged,79276,77246,2572.4,31.61,39.64,71.26,19.35,9.39
2017,ela,6,227,Two or more races,Ethnicity for Not Socioeconomically Disadvantaged,10894,10696,2581.2,36.68,37.59,74.27,17.21,8.52
2018,ela,6,1,All Students,All Students,482835,472515,2518.9,17.26,30.58,47.83,24.89,27.27
2018,ela,6,3,Male,Gender,247021,241347,2505.1,14.32,28.2,42.52,25.04,32.45
2018,ela,6,4,Female,Gender,235814,231168,2533.3,20.32,33.06,53.38,24.74,21.87
2018,ela,6,6,"IFEP, RFEP, and EO (Fluent English proficient and English only)",English-Language Fluency,402901,395955,2536.6,20.46,34.83,55.29,24.66,20.06
2018,ela,6,7,IFEP (Initial fluent English proficient),English-Language Fluency,19614,19428,2587.5,40.46,35.34,75.8,15.77,8.43
2018,ela,6,8,RFEP (Reclassified fluent English proficient),English-Language Fluency,111640,110945,2539.4,16.47,39.45,55.93,29.05,15.02
2018,ela,6,28,Migrant education,Migrant,3916,3820,2468.3,4.93,22.22,27.15,27.57,45.28
2018,ela,6,31,Socioeconomically disadvantaged,Economic Status,300323,294646,2490.2,8.67,26.78,35.45,28.46,36.09
2018,ela,6,74,Black or African American,Race and Ethnicity,25837,25111,2473.8,7.31,22.55,29.87,26.16,43.97
2018,ela,6,75,American Indian or Alaska Native,Race and Ethnicity,2519,2412,2486.3,9.67,24.53,34.21,25.86,39.93
2018,ela,6,76,Asian,Race and Ethnicity,43520,42641,2586.9,42.4,33.5,75.9,14.12,9.98
2018,ela,6,77,Filipino,Race and Ethnicity,10383,10256,2568.7,31.16,39.3,70.45,18.69,10.86
2018,ela,6,78,Hispanic or Latino,Race and Ethnicity,266958,262563,2494.5,9.25,27.89,37.14,28.58,34.28
2018,ela,6,79,Native Hawaiian or Pacific Islander,Race and Ethnicity,2197,2153,2511.2,12.78,30.86,43.63,27.74,28.62
2018,ela,6,80,White,Race and Ethnicity,109936,106582,2552.8,26.46,36.45,62.91,21.09,16.01
2018,ela,6,90,Not a high school graduate,Parent Education,74318,72940,2471.3,5.19,22.17,27.35,29.16,43.49
2018,ela,6,91,High school graduate,Parent Education,100744,98969,2489.6,7.99,26.98,34.96,29.13,35.9
2018,ela,6,92,Some college (includes AA degree),Parent Education,99213,97367,2515.1,13.05,33.22,46.27,27.56,26.17
2018,ela,6,93,College graduate,Parent Education,89395,87468,2556.3,27.0,37.51,64.51,20.84,14.65
2018,ela,6,94,Graduate school/Post graduate,Parent Education,64563,63048,2588.5,41.86,34.99,76.86,14.3,8.84
2018,ela,6,99,No reported disabilities,Disability Status,425130,417031,2532.1,19.16,33.38,52.54,25.69,21.77
2018,ela,6,111,Not socioeconomically disadvantaged,Economic Status,182512,177869,2566.4,31.48,36.87,68.35,18.99,12.66
2018,ela,6,120,ELs enrolled less than 12 months,English-Language Fluency,2898,1137,2401.9,1.86,8.5,10.36,17.54,72.1
2018,ela,6,121,Declined to state,Parent Education,54340,52599,2501.6,13.53,27.32,40.84,25.53,33.63
2018,ela,6,128,Reported disabilities,Disability Status,57705,55484,2419.6,2.93,9.45,12.38,18.94,68.68
2018,ela,6,142,ELs enrolled 12 months or more,English-Language Fluency,75495,74449,2427.4,0.62,8.44,9.06,26.31,64.63
2018,ela,6,144,Two or more races,Race and Ethnicity,17982,17564,2555.0,28.13,35.11,63.24,20.44,16.32
2018,ela,6,160,"EL (English learner, excluding RFEP)",English-Language Fluency,78921,76043,2427.0,0.64,8.46,9.1,26.17,64.74
2018,ela,6,170,EverEL,English-Language Fluency,190561,186988,2493.7,10.04,26.85,36.89,27.88,35.23
2018,ela,6,180,EO (English only),English-Language Fluency,271647,265582,2531.7,20.65,32.87,53.52,23.47,23.01
2018,ela,6,190,TBD (To be determined),English-Language Fluency,312,122,2465.1,12.5,16.67,29.17,22.5,48.33
2018,ela,6,200,Black or African American,Ethnicity for Socioeconomically Disadvantaged,19336,18807,2460.1,4.77,19.61,24.38,26.28,49.35
2018,ela,6,201,American Indian or Alaska Native,Ethnicity for Socioeconomically Disadvantaged,1683,1615,2466.8,5.58,20.57,26.15,26.27,47.58
2018,ela,6,202,Asian,Ethnicity for Socioeconomically Disadvantaged,16433,16075,2545.7,24.61,35.84,60.46,21.15,18.39
2018,ela,6,203,Filipino,Ethnicity for Socioeconomically Disadvantaged,3771,3704,2545.4,21.29,39.64,60.93,23.29,15.78
2018,ela,6,204,Hispanic or Latino,Ethnicity for Socioeconomically Disadvantaged,215487,212258,2484.8,6.92,25.84,32.77,29.51,37.72
2018,ela,6,205,Native Hawaiian or Pacific Islander,Ethnicity for Socioeconomically Disadvantaged,1439,1408,2493.5,8.03,28.22,36.25,29.0,34.75
2018,ela,6,206,White,Ethnicity for Socioeconomically Disadvantaged,33895,32751,2507.3,12.4,30.59,42.99,27.39,29.62
2018,ela,6,207,Two or more races,Ethnicity for Socioeconomically Disadvantaged,6406,6226,2507.8,12.38,30.74,43.12,27.56,29.32
2018,ela,6,220,Black or African American,Ethnicity for Not Socioeconomically Disadvantaged,6501,6304,2514.5,14.92,31.34,46.26,25.82,27.92
2018,ela,6,221,American Indian or Alaska Native,Ethnicity for Not Socioeconomically Disadvantaged,836,797,2526.1,17.99,32.58,50.57,25.03,24.4
2018,ela,6,222,Asian,Ethnicity for Not Socioeconomically Disadvantaged,27087,26566,2611.9,53.17,32.08,85.25,9.87,4.88
2018,ela,6,223,Filipino,Ethnicity for Not Socioeconomically Disadvantaged,6612,6552,2581.8,36.73,39.1,75.84,16.08,8.08
2018,ela,6,224,Hispanic or Latino,Ethnicity for Not Socioeconomically Disadvantaged,51471,50305,2535.5,19.04,36.53,55.58,24.64,19.78
2018,ela,6,225,Native Hawaiian or Pacific Islander,Ethnicity for Not Socioeconomically Disadvantaged,758,745,2544.7,21.74,35.84,57.58,25.37,17.05
2018,ela,6,226,White,Ethnicity for Not Socioeconomically Disadvantaged,76041,73831,2573.0,32.69,39.05,71.74,18.29,9.97
2018,ela,6,227,Two or more races,Ethnicity for Not Socioeconomically Disadvantaged,11576,11338,2580.9,36.78,37.51,74.29,16.53,9.18
2019,ela,6,1,All Students,All Students,467657,457718,2524.8,18.85,31.16,50.01,24.58,25.41
2019,ela,6,3,Male,Gender,239861,234442,2512.2,16.12,28.99,45.12,24.75,30.14
2019,ela,6,4,Female,Gender,227796,223276,2538.0,21.7,33.44,55.14,24.41,20.45
2019,ela,6,6,"IFEP, RFEP, and EO (Fluent English proficient and English only)",English-Language Fluency,391431,384892,2542.2,22.27,35.37,57.64,23.88,18.48
2019,ela,6,7,IFEP (Initial fluent English proficient),English-Language Fluency,18231,18061,2592.3,42.64,35.0,77.64,15.0,7.37
2019,ela,6,8,RFEP (Reclassified fluent English proficient),English-Language Fluency,106108,105659,2546.7,18.91,40.67,59.58,27.57,12.85
2019,ela,6,28,Migrant education,Migrant,3701,3599,2475.1,6.73,22.99,29.72,27.55,42.73
2019,ela,6,31,Socioeconomically disadvantaged,Economic Status,288301,282795,2496.8,10.1,27.78,37.88,28.34,33.78
2019,ela,6,50,Armed forces family member,Military Status,4419,4325,2546.4,23.11,37.0,60.11,23.0,16.89
2019,ela,6,51,Not armed forces family member,Military Status,463238,453393,2524.6,18.81,31.11,49.91,24.59,25.49
2019,ela,6,52,Homeless,Homeless Status,17534,16700,2481.1,7.6,24.05,31.65,28.29,40.06
2019,ela,6,53,Not homeless,Homeless Status,450123,441018,2526.4,19.27,31.43,50.7,24.44,24.86
2019,ela,6,74,Black or African American,Race and Ethnicity,25002,24273,2479.9,8.45,23.31,31.76,26.63,41.61
2019,ela,6,75,American Indian or Alaska Native,Race and Ethnicity,2432,2344,2492.9,10.09,26.92,37.01,26.67,36.32
2019,ela,6,76,Asian,Race and Ethnicity,42799,42019,2590.9,44.11,32.97,77.07,13.66,9.27
2019,ela,6,77,Filipino,Race and Ethnicity,9394,9278,2571.9,32.9,38.25,71.15,18.49,10.36
2019,ela,6,78,Hispanic or Latino,Race and Ethnicity,258272,253869,2501.1,10.66,28.94,39.61,28.54,31.86
2019,ela,6,79,Native Hawaiian or Pacific Islander,Race and Ethnicity,2196,2151,2509.3,12.18,31.24,43.42,27.85,28.73
2019,ela,6,80,White,Race and Ethnicity,105871,102809,2557.6,28.22,36.59,64.81,20.22,14.97
2019,ela,6,90,Not a high school graduate,Parent Education,68710,67341,2478.2,6.39,23.46,29.85,29.17,40.98
2019,ela,6,91,High school graduate,Parent Education,97825,96176,2495.3,9.18,27.93,37.11,29.06,33.82
2019,ela,6,92,Some college (includes AA degree),Parent Education,95761,93952,2519.7,14.25,33.59,47.85,27.49,24.66
2019,ela,6,93,College graduate,Parent Education,89510,87661,2559.7,28.41,37.33,65.74,20.28,13.98
2019,ela,6,94,Graduate school/Post graduate,Parent Education,64845,63432,2591.4,43.13,34.67,77.8,13.94,8.26
2019,ela,6,99,No reported disabilities,Disability Status,410074,402390,2538.3,21.0,34.02,55.03,25.15,19.83
2019,ela,6,111,Not socioeconomically disadvantaged,Economic Status,179356,174923,2570.0,32.99,36.62,69.62,18.5,11.89
2019,ela,6,120,ELs enrolled less than 12 months,English-Language Fluency,3352,1211,2396.6,1.34,7.38,8.72,15.76,75.52
2019,ela,6,121,Declined to state,Parent Education,50748,49038,2507.5,15.19,27.87,43.06,25.35,31.6
2019,ela,6,128,Reported disabilities,Disability Status,57583,55328,2425.9,3.16,10.33,13.48,20.45,66.07
2019,ela,6,142,ELs enrolled 12 months or more,English-Language Fluency,71660,70818,2433.0,0.65,8.87,9.52,28.53,61.95
2019,ela,6,144,Two or more races,Race and Ethnicity,18545,18131,2559.7,30.46,34.73,65.19,19.15,15.66
2019,ela,6,160,"EL (English learner, excluding RFEP)",English-Language Fluency,75605,72495,2432.3,0.66,8.84,9.5,28.3,62.21
2019,ela,6,170,EverEL,English-Language Fluency,181713,178154,2500.2,11.49,27.72,39.21,27.87,32.93
2019,ela,6,180,EO (English only),English-Language Fluency,267092,261172,2536.9,22.22,33.25,55.48,23.0,21.52
2019,ela,6,190,TBD (To be determined),English-Language Fluency,307,117,2442.0,10.26,16.24,26.5,16.24,57.26
2019,ela,6,200,Black or African American,Ethnicity for Socioeconomically Disadvantaged,18810,18280,2466.9,5.74,20.5,26.24,26.95,46.81
2019,ela,6,201,American Indian or Alaska Native,Ethnicity for Socioeconomically Disadvantaged,1620,1559,2473.9,5.66,23.28,28.94,27.14,43.92
2019,ela,6,202,Asian,Ethnicity for Socioeconomically Disadvantaged,15518,15204,2551.9,27.33,35.3,62.63,19.94,17.42
2019,ela,6,203,Filipino,Ethnicity for Socioeconomically Disadvantaged,3276,3221,2550.6,24.53,37.58,62.11,21.99,15.9
2019,ela,6,204,Hispanic or Latino,Ethnicity for Socioeconomically Disadvantaged,206211,203097,2491.5,8.25,27.0,35.26,29.56,35.18
2019,ela,6,205,Native Hawaiian or Pacific Islander,Ethnicity for Socioeconomically Disadvantaged,1501,1469,2496.9,8.71,29.75,38.46,28.52,33.02
2019,ela,6,206,White,Ethnicity for Socioeconomically Disadvantaged,33187,32064,2514.0,14.08,31.9,45.98,26.54,27.48
2019,ela,6,207,Two or more races,Ethnicity for Socioeconomically Disadvantaged,6583,6392,2512.3,14.01,31.1,45.1,26.46,28.43
2019,ela,6,220,Black or African American,Ethnicity for Not Socioeconomically Disadvantaged,6192,5993,2519.7,16.71,31.88,48.59,25.63,25.78
2019,ela,6,221,American Indian or Alaska Native,Ethnicity for Not Socioeconomically Disadvantaged,812,785,2530.5,18.85,34.14,52.99,25.73,21.27
2019,ela,6,222,Asian,Ethnicity for Not Socioeconomically Disadvantaged,27281,26815,2613.1,53.61,31.65,85.26,10.09,4.65
2019,ela,6,223,Filipino,Ethnicity for Not Socioeconomically Disadvantaged,6118,6057,2583.3,37.35,38.6,75.95,16.63,7.42
2019,ela,6,224,Hispanic or Latino,Ethnicity for Not Socioeconomically Disadvantaged,52061,50772,2539.3,20.31,36.7,57.01,24.43,18.57
2019,ela,6,225,Native Hawaiian or Pacific Islander,Ethnicity for Not Socioeconomically Disadvantaged,695,682,2536.0,19.65,34.46,54.11,26.39,19.5
2019,ela,6,226,White,Ethnicity for Not Socioeconomically Disadvantaged,72684,70745,2577.3,34.62,38.71,73.34,17.36,9.31
2019,ela,6,227,Two or more races,Ethnicity for Not Socioeconomically Disadvantaged,11962,11739,2585.5,39.41,36.71,76.12,15.17,8.71
2021,ela,6,1,All Students,All Students,433526,88066,2511.2,16.2,27.37,43.57,26.03,30.41
2021,ela,6,3,Male,Gender,222635,45097,2497.8,13.27,25.33,38.61,26.26,35.14
2021,ela,6,4,Female,Gender,210817,42952,2525.3,19.28,29.49,48.77,25.79,25.45
2021,ela,6,6,"IFEP, RFEP, and EO (Fluent English proficient and English only)",English-Language Fluency,353850,72545,2529.7,19.49,31.46,50.95,26.08,22.97
2021,ela,6,7,IFEP (Initial fluent English proficient),English-Language Fluency,17526,3310,2587.7,40.43,32.49,72.92,18.04,9.04
2021,ela,6,8,RFEP (Reclassified fluent English proficient),English-Language Fluency,84459,15396,2537.7,17.75,35.83,53.58,29.98,16.44
2021,ela,6,28,Migrant education,Migrant,3208,715,2457.5,4.67,17.4,22.07,29.0,48.94
2021,ela,6,29,Not migrant education,Migrant,430318,87351,2511.7,16.3,27.45,43.74,26.0,30.26
2021,ela,6,31,Socioeconomically disadvantaged,Economic Status,260092,48986,2478.1,7.61,22.14,29.75,28.79,41.46
2021,ela,6,50,Armed forces family member,Military Status,4841,836,2521.1,16.25,32.01,48.26,27.32,24.43
2021,ela,6,51,Not armed forces family member,Military Status,428685,87230,2511.2,16.2,27.32,43.52,26.01,30.46
2021,ela,6,52,Homeless,Homeless Status,14722,2118,2460.1,5.11,18.1,23.21,28.32,48.47
2021,ela,6,53,Not homeless,Homeless Status,418804,85948,2512.5,16.47,27.59,44.07,25.97,29.96
2021,ela,6,74,Black or African American,Race and Ethnicity,22951,3918,2471.4,7.46,20.73,28.19,27.28,44.53
2021,ela,6,75,American Indian or Alaska Native,Race and Ethnicity,1887,605,2472.4,6.48,18.6,25.08,31.73,43.19
2021,ela,6,76,Asian,Race and Ethnicity,40355,8043,2581.5,39.85,32.01,71.85,16.33,11.82
2021,ela,6,77,Filipino,Race and Ethnicity,8862,1653,2561.0,29.62,34.49,64.11,22.67,13.22
2021,ela,6,78,Hispanic or Latino,Race and Ethnicity,243088,44154,2481.5,8.23,22.97,31.2,28.84,39.96
2021,ela,6,79,Native Hawaiian or Pacific Islander,Race and Ethnicity,1907,456,2502.3,10.6,29.14,39.74,28.04,32.23
2021,ela,6,80,White,Race and Ethnicity,92024,23826,2539.2,21.71,33.65,55.35,24.8,19.84
2021,ela,6,90,Not a high school graduate,Parent Education,53480,10864,2457.1,4.67,16.9,21.57,27.9,50.53
2021,ela,6,91,High school graduate,Parent Education,82679,18085,2474.3,6.78,21.15,27.93,29.59,42.48
2021,ela,6,92,Some college (includes AA degree),Parent Education,82626,18707,2501.7,10.54,28.61,39.15,29.69,31.16
2021,ela,6,93,College graduate,Parent Education,80744,18175,2543.6,23.1,34.2,57.3,24.61,18.09
2021,ela,6,94,Graduate school/Post graduate,Parent Education,60009,14446,2581.6,37.91,34.64,72.55,16.87,10.58
2021,ela,6,99,No reported disabilities,Disability Status,377671,77826,2523.4,17.93,29.78,47.71,26.95,25.34
2021,ela,6,111,Not socioeconomically disadvantaged,Economic Status,173434,39080,2552.6,26.9,33.88,60.77,22.58,16.65
2021,ela,6,120,ELs enrolled less than 12 months,English-Language Fluency,1329,100,2387.9,1.02,4.08,5.1,15.31,79.59
2021,ela,6,121,Declined to state,Parent Education,73907,7776,2487.6,10.92,23.67,34.6,26.77,38.63
2021,ela,6,128,Reported disabilities,Disability Status,55855,10240,2419.0,3.02,8.96,11.98,19.01,69.01
2021,ela,6,142,ELs enrolled 12 months or more,English-Language Fluency,77610,15178,2424.9,0.76,8.14,8.9,25.9,65.19
2021,ela,6,144,Two or more races,Race and Ethnicity,22452,5411,2542.9,25.04,31.8,56.84,22.36,20.8
2021,ela,6,160,"EL (English learner, excluding RFEP)",English-Language Fluency,79422,15483,2424.6,0.76,8.12,8.88,25.8,65.33
2021,ela,6,170,EverEL,English-Language Fluency,163881,30879,2481.0,9.22,21.93,31.15,27.88,40.97
2021,ela,6,180,EO (English only),English-Language Fluency,251865,53839,2523.8,18.69,30.16,48.85,25.46,25.69
2021,ela,6,200,Black or African American,Ethnicity for Socioeconomically Disadvantaged,16832,2716,2455.5,4.81,17.65,22.46,26.55,51.0
2021,ela,6,201,American Indian or Alaska Native,Ethnicity for Socioeconomically Disadvantaged,1279,415,2458.9,4.13,15.05,19.17,32.52,48.3
2021,ela,6,202,Asian,Ethnicity for Socioeconomically Disadvantaged,14120,2712,2530.8,20.3,32.17,52.47,24.54,22.98
2021,ela,6,203,Filipino,Ethnicity for Socioeconomically Disadvantaged,3007,542,2538.3,19.37,33.15,52.51,28.12,19.37
2021,ela,6,204,Hispanic or Latino,Ethnicity for Socioeconomically Disadvantaged,186625,33209,2470.2,6.07,20.41,26.48,29.12,44.4
2021,ela,6,205,Native Hawaiian or Pacific Islander,Ethnicity for Socioeconomically Disadvantaged,1193,278,2485.5,6.88,25.72,32.61,26.81,40.58
2021,ela,6,206,White,Ethnicity for Socioeconomically Disadvantaged,28843,7234,2495.3,9.69,26.85,36.54,29.52,33.94
2021,ela,6,207,Two or more races,Ethnicity for Socioeconomically Disadvantaged,8193,1880,2491.1,9.84,24.09,33.92,29.35,36.72
2021,ela,6,220,Black or African American,Ethnicity for Not Socioeconomically Disadvantaged,6119,1202,2507.5,13.45,27.66,41.12,28.93,29.95
2021,ela,6,221,American Indian or Alaska Native,Ethnicity for Not Socioeconomically Disadvantaged,608,190,2501.8,11.58,26.32,37.89,30.0,32.11
2021,ela,6,222,Asian,Ethnicity for Not Socioeconomically Disadvantaged,26235,5331,2607.1,49.72,31.92,81.64,12.18,6.18
2021,ela,6,223,Filipino,Ethnicity for Not Socioeconomically Disadvantaged,5855,1111,2572.0,34.6,35.14,69.75,20.02,10.24
2021,ela,6,224,Hispanic or Latino,Ethnicity for Not Socioeconomically Disadvantaged,56463,10945,2515.4,14.76,30.69,45.45,28.01,26.54
2021,ela,6,225,Native Hawaiian or Pacific Islander,Ethnicity for Not Socioeconomically Disadvantaged,714,178,2528.7,16.38,34.46,50.85,29.94,19.21
2021,ela,6,226,White,Ethnicity for Not Socioeconomically Disadvantaged,63181,16592,2558.4,26.93,36.61,63.54,22.75,13.71
2021,ela,6,227,Two or more races,Ethnicity for Not Socioeconomically Disadvantaged,14259,3531,2570.2,33.07,35.88,68.95,18.66,12.39
2022,ela,6,1,All Students,All Students,438426,425893,2514.6,17.06,28.05,45.11,25.35,29.55
2022,ela,6,3,Male,Gender,223940,217440,2502.5,14.3,26.25,40.55,25.62,33.83
2022,ela,6,4,Female,Gender,214292,208268,2527.2,19.94,29.91,49.85,25.07,25.08
2022,ela,6,6,"IFEP, RFEP, and EO (Fluent English proficient and English only)",English-Language Fluency,362398,353380,2532.9,20.41,32.07,52.48,25.25,22.27
2022,ela,6,7,IFEP (Initial fluent English proficient),English-Language Fluency,17338,17067,2586.7,39.17,34.34,73.5,17.27,9.23
2022,ela,6,8,RFEP (Reclassified fluent English proficient),English-Language Fluency,87800,86977,2541.5,19.01,36.89,55.9,28.22,15.88
2022,ela,6,28,Migrant education,Migrant,3197,3115,2461.3,5.39,19.04,24.44,26.69,48.88
2022,ela,6,29,Not migrant education,Migrant,435229,422778,2515.0,17.15,28.11,45.26,25.34,29.4
2022,ela,6,31,Socioeconomically disadvantaged,Economic Status,265211,258097,2486.5,9.24,24.25,33.49,28.07,38.43
2022,ela,6,50,Armed forces family member,Military Status,5855,5703,2525.5,18.07,31.45,49.52,25.66,24.82
2022,ela,6,51,Not armed forces family member,Military Status,432571,420190,2514.5,17.05,28.0,45.05,25.34,29.61
2022,ela,6,52,Homeless,Homeless Status,14090,13378,2468.4,6.65,20.66,27.31,27.0,45.68
2022,ela,6,53,Not homeless,Homeless Status,424336,412515,2516.1,17.4,28.29,45.68,25.29,29.02
2022,ela,6,74,Black or African American,Race and Ethnicity,22863,21733,2471.2,7.72,20.87,28.6,26.11,45.29
2022,ela,6,75,American Indian or Alaska Native,Race and Ethnicity,1956,1846,2481.0,9.12,21.54,30.66,28.21,41.13
2022,ela,6,76,Asian,Race and Ethnicity,41432,40651,2587.1,41.98,32.11,74.1,14.82,11.08
2022,ela,6,77,Filipino,Race and Ethnicity,9957,9821,2568.6,31.19,36.83,68.02,20.01,11.97
2022,ela,6,78,Hispanic or Latino,Race and Ethnicity,246613,240574,2490.1,9.69,25.09,34.78,28.43,36.79
2022,ela,6,79,Native Hawaiian or Pacific Islander,Race and Ethnicity,1874,1804,2497.0,11.81,26.18,37.99,27.29,34.72
2022,ela,6,80,White,Race and Ethnicity,90651,87417,2546.5,24.63,34.11,58.74,22.96,18.3
2022,ela,6,90,Not a high school graduate,Parent Education,58678,57039,2465.6,5.71,19.67,25.39,27.68,46.94
2022,ela,6,91,High school graduate,Parent Education,92430,89943,2482.8,7.89,23.65,31.54,29.0,39.46
2022,ela,6,92,Some college (includes AA degree),Parent Education,87467,84968,2507.6,12.27,29.5,41.77,28.94,29.29
2022,ela,6,93,College graduate,Parent Education,86706,84536,2549.2,25.2,34.75,59.95,22.69,17.36
2022,ela,6,94,Graduate school/Post graduate,Parent Education,64750,63081,2583.7,39.15,33.89,73.03,16.62,10.35
2022,ela,6,99,No reported disabilities,Disability Status,383221,373714,2527.7,19.0,30.66,49.66,26.23,24.11
2022,ela,6,111,Not socioeconomically disadvantaged,Economic Status,173215,167796,2557.9,29.08,33.88,62.96,21.16,15.88
2022,ela,6,120,ELs enrolled less than 12 months,English-Language Fluency,3357,1493,2369.7,0.54,3.83,4.37,12.31,83.32
2022,ela,6,121,Declined to state,Parent Education,47935,46090,2492.7,12.68,24.1,36.78,25.55,37.67
2022,ela,6,128,Reported disabilities,Disability Status,55205,52179,2421.1,3.16,9.34,12.5,18.99,68.51
2022,ela,6,142,ELs enrolled 12 months or more,English-Language Fluency,71729,70425,2426.8,0.68,8.53,9.21,26.16,64.64
2022,ela,6,144,Two or more races,Race and Ethnicity,23080,22047,2545.4,25.45,32.68,58.12,21.8,20.08
2022,ela,6,160,"EL (English learner, excluding RFEP)",English-Language Fluency,75638,72312,2425.5,0.67,8.42,9.09,25.85,65.06
2022,ela,6,170,EverEL,English-Language Fluency,163438,159289,2488.9,10.69,23.97,34.66,27.15,38.19
2022,ela,6,180,EO (English only),English-Language Fluency,257260,249336,2526.2,19.62,30.23,49.85,24.75,25.4
2022,ela,6,190,TBD (To be determined),English-Language Fluency,178,55,2426.8,9.26,16.67,25.93,11.11,62.96
2022,ela,6,200,Black or African American,Ethnicity for Socioeconomically Disadvantaged,16917,16040,2457.1,5.17,17.99,23.17,25.97,50.87
2022,ela,6,201,American Indian or Alaska Native,Ethnicity for Socioeconomically Disadvantaged,1326,1246,2462.5,5.39,17.94,23.33,28.96,47.71
2022,ela,6,202,Asian,Ethnicity for Socioeconomically Disadvantaged,15006,14711,2544.3,25.55,32.82,58.36,21.73,19.91
2022,ela,6,203,Filipino,Ethnicity for Socioeconomically Disadvantaged,3364,3307,2546.5,23.44,35.26,58.69,23.68,17.63
2022,ela,6,204,Hispanic or Latino,Ethnicity for Socioeconomically Disadvantaged,189127,184980,2480.1,7.42,23.21,30.63,28.91,40.45
2022,ela,6,205,Native Hawaiian or Pacific Islander,Ethnicity for Socioeconomically Disadvantaged,1252,1202,2481.2,7.99,24.06,32.06,27.64,40.3
2022,ela,6,206,White,Ethnicity for Socioeconomically Disadvantaged,29465,28289,2505.0,12.92,28.11,41.03,27.77,31.2
2022,ela,6,207,Two or more races,Ethnicity for Socioeconomically Disadvantaged,8754,8322,2499.2,11.2,27.85,39.05,27.32,33.63
2022,ela,6,220,Black or African American,Ethnicity for Not Socioeconomically Disadvantaged,5946,5693,2511.0,14.91,28.99,43.89,26.52,29.58
2022,ela,6,221,American Indian or Alaska Native,Ethnicity for Not Socioeconomically Disadvantaged,630,600,2519.3,16.83,29.0,45.83,26.67,27.5
2022,ela,6,222,Asian,Ethnicity for Not Socioeconomically Disadvantaged,26426,25940,2611.5,51.3,31.72,83.01,10.9,6.08
2022,ela,6,223,Filipino,Ethnicity for Not Socioeconomically Disadvantaged,6593,6514,2579.8,35.13,37.63,72.75,18.15,9.09
2022,ela,6,224,Hispanic or Latino,Ethnicity for Not Socioeconomically Disadvantaged,57486,55594,2523.3,17.23,31.32,48.56,26.82,24.63
2022,ela,6,225,Native Hawaiian or Pacific Islander,Ethnicity for Not Socioeconomically Disadvantaged,622,602,2528.4,19.44,30.4,49.83,26.58,23.59
2022,ela,6,226,White,Ethnicity for Not Socioeconomically Disadvantaged,61186,59128,2566.3,30.23,36.98,67.21,20.66,12.12
2022,ela,6,227,Two or more races,Ethnicity for Not Socioeconomically Disadvantaged,14326,13725,2573.4,34.08,35.6,69.68,18.45,11.87
2022,ela,6,240,Foster youth,Foster Status,1572,1473,2449.0,3.53,17.11,20.64,27.02,52.34
2022,ela,6,241,Not foster youth,Foster Status,436854,424420,2514.9,17.11,28.09,45.19,25.34,29.47
2023,ela,6,1,All Students,All Students,435508,425697,2511.9,16.92,27.25,44.16,25.01,30.82
2023,ela,6,3,Male,Gender,222876,217709,2500.3,14.45,25.52,39.98,25.09,34.93
2023,ela,6,4,Female,Gender,212404,207780,2524.0,19.49,29.05,48.54,24.93,26.53
2023,ela,6,6,"IFEP, RFEP, and EO (Fluent English proficient and English only)",English-Language Fluency,360678,354706,2530.1,20.19,31.2,51.39,25.08,23.53
2023,ela,6,7,IFEP (Initial fluent English proficient),English-Language Fluency,16773,16619,2585.4,39.9,32.99,72.88,17.14,9.98
2023,ela,6,8,RFEP (Reclassified fluent English proficient),English-Language Fluency,84439,83965,2538.9,18.72,35.9,54.62,28.39,16.99
2023,ela,6,28,Migrant education,Migrant,3397,3315,2454.1,5.16,17.71,22.87,25.74,51.39
2023,ela,6,29,Not migrant education,Migrant,432111,422382,2512.3,17.01,27.32,44.33,25.01,30.66
2023,ela,6,31,Socioeconomically disadvantaged,Economic Status,274576,268823,2484.0,9.24,23.51,32.75,27.53,39.71
2023,ela,6,50,Armed forces family member,Military Status,5847,5753,2520.9,16.85,30.8,47.65,26.26,26.09
2023,ela,6,51,Not armed forces family member,Military Status,429661,419944,2511.8,16.92,27.2,44.12,25.0,30.89
2023,ela,6,52,Homeless,Homeless Status,14049,13373,2460.2,5.8,18.41,24.22,26.41,49.37
2023,ela,6,53,Not homeless,Homeless Status,421459,412324,2513.6,17.28,27.53,44.81,24.97,30.22
2023,ela,6,74,Black or African American,Race and Ethnicity,22423,21776,2468.0,7.58,19.85,27.43,25.28,47.29
2023,ela,6,75,American Indian or Alaska Native,Race and Ethnicity,1864,1773,2475.1,8.97,21.84,30.81,25.06,44.13
2023,ela,6,76,Asian,Race and Ethnicity,41731,40846,2586.6,42.37,31.38,73.74,14.87,11.39
2023,ela,6,77,Filipino,Race and Ethnicity,9622,9551,2565.7,30.95,35.84,66.8,20.51,12.7
2023,ela,6,78,Hispanic or Latino,Race and Ethnicity,245997,241123,2486.7,9.48,24.21,33.69,27.98,38.33
2023,ela,6,79,Native Hawaiian or Pacific Islander,Race and Ethnicity,1827,1779,2495.8,10.52,25.08,35.6,30.6,33.8
2023,ela,6,80,White,Race and Ethnicity,88604,86032,2544.6,24.41,33.66,58.08,22.73,19.19
2023,ela,6,90,Not a high school graduate,Parent Education,55002,53814,2461.4,5.46,18.48,23.94,27.25,48.8
2023,ela,6,91,High school graduate,Parent Education,92200,90223,2477.5,7.44,22.46,29.9,28.38,41.72
2023,ela,6,92,Some college (includes AA degree),Parent Education,86050,84257,2504.3,11.9,28.64,40.55,28.59,30.86
2023,ela,6,93,College graduate,Parent Education,89112,87270,2546.1,24.73,33.79,58.52,22.97,18.51
2023,ela,6,94,Graduate school/Post graduate,Parent Education,67854,66444,2580.5,38.36,33.4,71.76,16.91,11.33
2023,ela,6,99,No reported disabilities,Disability Status,379379,371926,2525.2,18.88,29.83,48.71,25.98,25.31
2023,ela,6,111,Not socioeconomically disadvantaged,Economic Status,160932,156874,2559.6,30.07,33.64,63.71,20.69,15.59
2023,ela,6,120,ELs enrolled less than 12 months,English-Language Fluency,4766,2002,2370.5,0.65,3.87,4.52,11.45,84.03
2023,ela,6,121,Declined to state,Parent Education,45029,43475,2486.7,12.06,22.78,34.84,24.83,40.34
2023,ela,6,128,Reported disabilities,Disability Status,56129,53771,2419.6,3.32,9.34,12.67,18.32,69.02
2023,ela,6,142,ELs enrolled 12 months or more,English-Language Fluency,69342,68430,2422.1,0.53,7.6,8.13,25.1,66.77
2023,ela,6,144,Two or more races,Race and Ethnicity,23440,22817,2543.9,25.77,31.79,57.56,21.64,20.8
2023,ela,6,160,"EL (English learner, excluding RFEP)",English-Language Fluency,74604,70852,2420.6,0.54,7.47,8.01,24.68,67.31
2023,ela,6,170,EverEL,English-Language Fluency,159043,154817,2484.8,10.4,22.9,33.3,26.69,40.01
2023,ela,6,180,EO (English only),English-Language Fluency,259466,254122,2523.6,19.39,29.52,48.92,24.51,26.58
2023,ela,6,190,TBD (To be determined),English-Language Fluency,110,57,2409.3,5.36,14.29,19.64,8.93,71.43
2023,ela,6,200,Black or African American,Ethnicity for Socioeconomically Disadvantaged,17215,16714,2455.0,5.33,17.02,22.35,24.91,52.74
2023,ela,6,201,American Indian or Alaska Native,Ethnicity for Socioeconomically Disadvantaged,1301,1228,2459.1,5.3,19.56,24.86,24.94,50.2
2023,ela,6,202,Asian,Ethnicity for Socioeconomically Disadvantaged,16019,15672,2544.1,26.0,31.95,57.94,21.61,20.45
2023,ela,6,203,Filipino,Ethnicity for Socioeconomically Disadvantaged,3559,3528,2544.5,22.44,35.26,57.7,24.96,17.33
2023,ela,6,204,Hispanic or Latino,Ethnicity for Socioeconomically Disadvantaged,193871,190585,2476.7,7.25,22.22,29.48,28.47,42.05
2023,ela,6,205,Native Hawaiian or Pacific Islander,Ethnicity for Socioeconomically Disadvantaged,1258,1230,2482.9,7.73,22.29,30.02,32.55,37.43
2023,ela,6,206,White,Ethnicity for Socioeconomically Disadvantaged,31610,30442,2504.3,12.92,28.57,41.49,26.62,31.89
2023,ela,6,207,Two or more races,Ethnicity for Socioeconomically Disadvantaged,9743,9424,2499.8,12.37,26.95,39.32,26.62,34.06
2023,ela,6,220,Black or African American,Ethnicity for Not Socioeconomically Disadvantaged,5208,5062,2511.0,14.99,29.2,44.19,26.51,29.3
2023,ela,6,221,American Indian or Alaska Native,Ethnicity for Not Socioeconomically Disadvantaged,563,545,2511.2,17.25,26.97,44.22,25.32,30.46
2023,ela,6,222,Asian,Ethnicity for Not Socioeconomically Disadvantaged,25712,25174,2613.0,52.55,31.02,83.58,10.67,5.75
2023,ela,6,223,Filipino,Ethnicity for Not Socioeconomically Disadvantaged,6063,6023,2578.1,35.93,36.18,72.12,17.9,9.98
2023,ela,6,224,Hispanic or Latino,Ethnicity for Not Socioeconomically Disadvantaged,52126,50538,2524.7,17.89,31.69,49.58,26.11,24.31
2023,ela,6,225,Native Hawaiian or Pacific Islander,Ethnicity for Not Socioeconomically Disadvantaged,569,549,2524.6,16.76,31.33,48.09,26.23,25.68
2023,ela,6,226,White,Ethnicity for Not Socioeconomically Disadvantaged,56994,55590,2566.6,30.71,36.45,67.16,20.6,12.24
2023,ela,6,227,Two or more races,Ethnicity for Not Socioeconomically Disadvantaged,13697,13393,2574.9,35.2,35.19,70.38,18.14,11.48
2023,ela,6,240,Foster youth,Foster Status,1594,1517,2438.9,3.31,13.63,16.94,23.89,59.17
2023,ela,6,241,Not foster youth,Foster Status,433914,424180,2512.1,16.97,27.29,44.26,25.02,30.72
2023,ela,6,250,LTEL (Long-Term English learner),English-Language Fluency,32962,32484,2408.4,0.37,4.37,4.74,20.32,74.94
2023,ela,6,251,ARLTEL (At-Risk of becoming LTEL),English-Language Fluency,3322,3260,2393.8,0.34,3.41,3.74,16.05,80.2
2023,ela,6,252,NeverEL,English-Language Fluency,276349,270798,2527.4,20.65,29.73,50.38,24.05,25.57
2024,ela,6,1,All Students,All Students,431881,420698,2515.3,18.1,27.72,45.82,24.3,29.88
2024,ela,6,3,Male,Gender,220658,214817,2503.5,15.49,26.09,41.58,24.31,34.11
2024,ela,6,4,Female,Gender,211021,205691,2527.6,20.82,29.43,50.25,24.28,25.47
2024,ela,6,6,"IFEP, RFEP, and EO (Fluent English proficient and English only)",English-Language Fluency,357794,351978,2533.7,21.53,31.65,53.18,24.19,22.64
2024,ela,6,7,IFEP (Initial fluent English proficient),English-Language Fluency,16728,16559,2590.2,42.0,32.3,74.3,16.54,9.16
2024,ela,6,8,RFEP (Reclassified fluent English proficient),English-Language Fluency,82731,82234,2543.9,20.25,37.32,57.57,26.77,15.66
2024,ela,6,28,Migrant education,Migrant,3453,3316,2453.3,4.8,18.85,23.65,24.07,52.28
2024,ela,6,29,Not migrant education,Migrant,428428,417382,2515.8,18.21,27.79,46.0,24.3,29.7
2024,ela,6,31,Socioeconomically disadvantaged,Economic Status,284405,277522,2490.2,10.87,24.75,35.62,26.8,37.58
2024,ela,6,50,Armed forces family member,Military Status,5234,5135,2523.9,18.56,30.44,49.0,25.3,25.71
2024,ela,6,51,Not armed forces family member,Military Status,426647,415563,2515.2,18.1,27.69,45.79,24.28,29.93
2024,ela,6,52,Homeless,Homeless Status,15334,14198,2459.4,6.23,18.96,25.19,25.16,49.65
2024,ela,6,53,Not homeless,Homeless Status,416547,406500,2517.2,18.52,28.03,46.54,24.27,29.19
2024,ela,6,74,Black or African American,Race and Ethnicity,21635,21034,2469.8,8.12,20.17,28.29,25.22,46.49
2024,ela,6,75,American Indian or Alaska Native,Race and Ethnicity,1863,1790,2476.4,9.69,19.93,29.62,26.37,44.01
2024,ela,6,76,Asian,Race and Ethnicity,44531,43487,2587.9,43.35,31.31,74.66,13.99,11.35
2024,ela,6,77,Filipino,Race and Ethnicity,9548,9422,2574.6,34.55,36.23,70.79,18.54,10.68
2024,ela,6,78,Hispanic or Latino,Race and Ethnicity,242444,236378,2489.9,10.2,25.18,35.38,27.38,37.24
2024,ela,6,79,Native Hawaiian or Pacific Islander,Race and Ethnicity,1861,1809,2495.2,11.78,25.66,37.44,26.49,36.06
2024,ela,6,80,White,Race and Ethnicity,86004,83490,2546.6,25.67,33.16,58.83,22.18,18.99
2024,ela,6,90,Not a high school graduate,Parent Education,45942,44338,2462.1,5.66,19.3,24.96,26.74,48.3
2024,ela,6,91,High school graduate,Parent Education,85849,83650,2478.7,7.82,22.96,30.78,27.65,41.57
2024,ela,6,92,Some college (includes AA degree),Parent Education,79817,78071,2505.7,12.25,29.0,41.25,28.33,30.42
2024,ela,6,93,College graduate,Parent Education,87649,85754,2546.8,25.41,33.61,59.03,22.37,18.6
2024,ela,6,94,Graduate school/Post graduate,Parent Education,69516,68018,2582.0,39.64,32.86,72.5,16.1,11.4
2024,ela,6,99,No reported disabilities,Disability Status,375246,366352,2529.0,20.29,30.35,50.64,25.01,24.35
2024,ela,6,111,Not socioeconomically disadvantaged,Economic Status,147476,143176,2563.9,32.12,33.48,65.6,19.44,14.95
2024,ela,6,120,ELs enrolled less than 12 months,English-Language Fluency,6274,2014,2361.6,0.15,3.24,3.39,8.12,88.49
2024,ela,6,121,Declined to state,Parent Education,61454,59369,2497.5,14.42,24.75,39.17,24.58,36.26
2024,ela,6,128,Reported disabilities,Disability Status,56635,54346,2422.8,3.35,9.99,13.34,19.47,67.19
2024,ela,6,142,ELs enrolled 12 months or more,English-Language Fluency,67318,66454,2422.6,0.54,7.75,8.29,25.4,66.31
2024,ela,6,144,Two or more races,Race and Ethnicity,23995,23288,2547.2,27.52,31.44,58.96,21.0,20.04
2024,ela,6,160,"EL (English learner, excluding RFEP)",English-Language Fluency,73869,68637,2420.8,0.53,7.61,8.14,24.88,66.98
2024,ela,6,170,EverEL,English-Language Fluency,156600,150871,2487.9,11.28,23.81,35.09,25.91,39.0
2024,ela,6,180,EO (English only),English-Language Fluency,258335,253185,2526.8,20.61,29.76,50.37,23.85,25.79
2024,ela,6,190,TBD (To be determined),English-Language Fluency,134,33,2370.2,0.0,9.09,9.09,3.03,87.88
2024,ela,6,200,Black or African American,Ethnicity for Socioeconomically Disadvantaged,17283,16813,2458.1,5.98,17.74,23.72,25.39,50.89
2024,ela,6,201,American Indian or Alaska Native,Ethnicity for Socioeconomically Disadvantaged,1368,1323,2461.9,6.29,18.04,24.34,26.69,48.98
2024,ela,6,202,Asian,Ethnicity for Socioeconomically Disadvantaged,19093,18579,2552.5,29.4,32.1,61.5,19.78,18.72
2024,ela,6,203,Filipino,Ethnicity for Socioeconomically Disadvantaged,4027,3973,2556.9,27.69,35.84,63.53,21.65,14.83
2024,ela,6,204,Hispanic or Latino,Ethnicity for Socioeconomically Disadvantaged,195334,191160,2481.0,8.11,23.57,31.68,27.93,40.39
2024,ela,6,205,Native Hawaiian or Pacific Islander,Ethnicity for Socioeconomically Disadvantaged,1391,1354,2484.5,8.8,24.69,33.48,27.35,39.17
2024,ela,6,206,White,Ethnicity for Socioeconomically Disadvantaged,34869,33637,2511.8,15.51,28.88,44.39,25.86,29.74
2024,ela,6,207,Two or more races,Ethnicity for Socioeconomically Disadvantaged,11040,10683,2509.3,15.61,27.82,43.43,25.91,30.66
2024,ela,6,220,Black or African American,Ethnicity for Not Socioeconomically Disadvantaged,4352,4221,2516.4,16.63,29.84,46.47,24.53,29.01
2024,ela,6,221,American Indian or Alaska Native,Ethnicity for Not Socioeconomically Disadvantaged,495,467,2517.4,19.27,25.27,44.54,25.48,29.98
2024,ela,6,222,Asian,Ethnicity for Not Socioeconomically Disadvantaged,25438,24908,2614.3,53.75,30.72,84.47,9.66,5.86
2024,ela,6,223,Filipino,Ethnicity for Not Socioeconomically Disadvantaged,5521,5449,2587.5,39.56,36.52,76.08,16.27,7.66
2024,ela,6,224,Hispanic or Latino,Ethnicity for Not Socioeconomically Disadvantaged,47110,45218,2527.5,19.03,32.0,51.03,25.08,23.89
2024,ela,6,225,Native Hawaiian or Pacific Islander,Ethnicity for Not Socioeconomically Disadvantaged,470,455,2526.8,20.66,28.57,49.23,23.96,26.81
2024,ela,6,226,White,Ethnicity for Not Socioeconomically Disadvantaged,51135,49853,2570.1,32.52,36.04,68.56,19.7,11.74
2024,ela,6,227,Two or more races,Ethnicity for Not Socioeconomically Disadvantaged,12955,12605,2579.2,37.6,34.51,72.11,16.84,11.05
2024,ela,6,240,Foster youth,Foster Status,1395,1332,2446.8,4.59,15.65,20.24,24.38,55.38
2024,ela,6,241,Not foster youth,Foster Status,430486,419366,2515.5,18.15,27.76,45.91,24.3,29.8
2024,ela,6,250,LTEL (Long-Term English learner),English-Language Fluency,30886,30451,2409.6,0.31,4.12,4.43,21.12,74.45
2024,ela,6,251,ARLTEL (At-Risk of becoming LTEL),English-Language Fluency,3622,3559,2392.0,0.17,3.06,3.23,16.62,80.15
2024,ela,6,252,NeverEL,English-Language Fluency,275197,269777,2530.6,21.92,29.91,51.83,23.39,24.77
2025,ela,6,1,All Students,All Students,428262,418557,2520.6,19.63,28.43,48.06,23.64,28.3
2025,ela,6,3,Male,Gender,218868,213781,2509.4,17.08,27.03,44.11,23.73,32.16
2025,ela,6,4,Female,Gender,209222,204614,2532.2,22.3,29.88,52.18,23.55,24.27
2025,ela,6,6,"IFEP, RFEP, and EO (Fluent English proficient and English only)",English-Language Fluency,360251,354599,2538.8,23.07,32.2,55.27,23.43,21.3
2025,ela,6,7,IFEP (Initial fluent English proficient),English-Language Fluency,26754,26568,2578.2,36.36,33.44,69.79,18.91,11.3
2025,ela,6,8,RFEP (Reclassified fluent English proficient),English-Language Fluency,72307,71852,2548.2,21.76,37.97,59.72,25.88,14.4
2025,ela,6,28,Migrant education,Migrant,3370,3251,2455.6,5.88,19.58,25.45,24.04,50.51
2025,ela,6,29,Not migrant education,Migrant,424892,415306,2521.1,19.74,28.5,48.24,23.64,28.12
2025,ela,6,31,Socioeconomically disadvantaged,Economic Status,277886,271738,2493.2,11.61,25.51,37.12,26.49,36.39
2025,ela,6,50,Armed forces family member,Military Status,6332,6198,2532.2,20.59,31.81,52.4,25.06,22.53
2025,ela,6,51,Not armed forces family member,Military Status,421930,412359,2520.4,19.62,28.38,48.0,23.62,28.38
2025,ela,6,52,Homeless,Homeless Status,17898,16911,2460.7,6.93,19.13,26.06,24.44,49.49
2025,ela,6,53,Not homeless,Homeless Status,410364,401646,2523.1,20.17,28.82,48.99,23.61,27.41
2025,ela,6,74,Black or African American,Race and Ethnicity,21266,20636,2475.8,9.07,21.95,31.02,24.95,44.03
2025,ela,6,75,American Indian or Alaska Native,Race and Ethnicity,1804,1747,2482.2,9.46,22.71,32.17,27.06,40.77
2025,ela,6,76,Asian,Race and Ethnicity,45999,44843,2590.2,44.52,30.64,75.15,13.22,11.62
2025,ela,6,77,Filipino,Race and Ethnicity,9557,9458,2578.0,35.2,36.65,71.85,18.31,9.83
2025,ela,6,78,Hispanic or Latino,Race and Ethnicity,238858,234171,2495.1,11.62,26.12,37.74,26.94,35.32
2025,ela,6,79,Native Hawaiian or Pacific Islander,Race and Ethnicity,1726,1678,2504.0,13.4,27.93,41.33,27.33,31.34
2025,ela,6,80,White,Race and Ethnicity,84101,81890,2551.2,27.19,33.57,60.76,21.35,17.89
2025,ela,6,90,Not a high school graduate,Parent Education,41927,40789,2464.1,6.48,19.79,26.27,26.34,47.39
2025,ela,6,91,High school graduate,Parent Education,85928,83991,2483.2,8.99,23.76,32.75,27.58,39.67
2025,ela,6,92,Some college (includes AA degree),Parent Education,78679,77217,2510.9,13.84,29.92,43.77,27.34,28.89
2025,ela,6,93,College graduate,Parent Education,90566,88541,2550.3,26.63,33.73,60.35,21.78,17.87
2025,ela,6,94,Graduate school/Post graduate,Parent Education,71658,70346,2588.0,41.5,33.13,74.63,14.98,10.39
2025,ela,6,99,No reported disabilities,Disability Status,369500,362101,2535.3,22.14,31.24,53.38,24.17,22.45
2025,ela,6,111,Not socioeconomically disadvantaged,Economic Status,150376,146819,2571.1,34.48,33.82,68.3,18.37,13.32
2025,ela,6,120,ELs enrolled less than 12 months,English-Language Fluency,4951,1790,2363.8,0.45,3.48,3.93,7.58,88.5
2025,ela,6,121,Declined to state,Parent Education,57823,56292,2499.6,14.74,25.4,40.14,24.51,35.36
2025,ela,6,128,Reported disabilities,Disability Status,58762,56456,2426.0,3.52,10.4,13.92,20.27,65.81
2025,ela,6,142,ELs enrolled 12 months or more,English-Language Fluency,62818,62009,2421.0,0.57,7.6,8.17,25.32,66.51
2025,ela,6,144,Two or more races,Race and Ethnicity,24951,24134,2553.3,29.56,32.02,61.58,19.27,19.15
2025,ela,6,160,"EL (English learner, excluding RFEP)",English-Language Fluency,67886,63887,2419.4,0.56,7.49,8.05,24.82,67.13
2025,ela,6,170,EverEL,English-Language Fluency,140193,135739,2487.6,11.78,23.62,35.41,25.38,39.22
2025,ela,6,180,EO (English only),English-Language Fluency,261190,256179,2532.1,22.06,30.45,52.51,23.21,24.27
2025,ela,6,190,TBD (To be determined),English-Language Fluency,53,16,2413.5,0.0,6.25,6.25,25.0,68.75
2025,ela,6,200,Black or African American,Ethnicity for Socioeconomically Disadvantaged,16965,16477,2463.8,6.68,19.5,26.19,25.28,48.53
2025,ela,6,201,American Indian or Alaska Native,Ethnicity for Socioeconomically Disadvantaged,1329,1283,2464.8,5.78,18.75,24.53,28.05,47.42
2025,ela,6,202,Asian,Ethnicity for Socioeconomically Disadvantaged,19452,18805,2549.6,29.03,31.65,60.68,19.2,20.12
2025,ela,6,203,Filipino,Ethnicity for Socioeconomically Disadvantaged,3977,3929,2557.9,27.21,36.83,64.04,22.04,13.92
2025,ela,6,204,Hispanic or Latino,Ethnicity for Socioeconomically Disadvantaged,191954,188460,2485.0,9.13,24.47,33.6,27.66,38.74
2025,ela,6,205,Native Hawaiian or Pacific Islander,Ethnicity for Socioeconomically Disadvantaged,1279,1245,2493.2,11.04,26.03,37.07,27.07,35.86
2025,ela,6,206,White,Ethnicity for Socioeconomically Disadvantaged,32069,31044,2511.6,15.51,29.06,44.57,25.76,29.67
2025,ela,6,207,Two or more races,Ethnicity for Socioeconomically Disadvantaged,10861,10495,2510.3,15.96,28.63,44.59,23.98,31.43
2025,ela,6,220,Black or African American,Ethnicity for Not Socioeconomically Disadvantaged,4301,4159,2523.3,18.52,31.63,50.14,23.64,26.21
2025,ela,6,221,American Indian or Alaska Native,Ethnicity for Not Socioeconomically Disadvantaged,475,464,2530.5,19.61,33.62,53.23,24.35,22.41
2025,ela,6,222,Asian,Ethnicity for Not Socioeconomically Disadvantaged,26547,26038,2619.6,55.7,29.9,85.6,8.91,5.49
2025,ela,6,223,Filipino,Ethnicity for Not Socioeconomically Disadvantaged,5580,5529,2592.3,40.88,36.52,77.41,15.67,6.93
2025,ela,6,224,Hispanic or Latino,Ethnicity for Not Socioeconomically Disadvantaged,46904,45711,2536.7,21.88,32.91,54.79,23.97,21.24
2025,ela,6,225,Native Hawaiian or Pacific Islander,Ethnicity for Not Socioeconomically Disadvantaged,447,433,2535.1,20.19,33.41,53.6,28.07,18.33
2025,ela,6,226,White,Ethnicity for Not Socioeconomically Disadvantaged,52032,50846,2575.4,34.32,36.32,70.63,18.66,10.71
2025,ela,6,227,Two or more races,Ethnicity for Not Socioeconomically Disadvantaged,14090,13639,2586.3,40.01,34.63,74.64,15.64,9.72
2025,ela,6,240,Foster youth,Foster Status,1258,1214,2448.7,5.13,16.46,21.59,24.07,54.34
2025,ela,6,241,Not foster youth,Foster Status,427004,417343,2520.8,19.68,28.46,48.14,23.64,28.22
2025,ela,6,250,LTEL (Long-Term English learner),English-Language Fluency,28946,28606,2412.9,0.3,4.49,4.8,22.95,72.25
2025,ela,6,251,ARLTEL (At-Risk of becoming LTEL),English-Language Fluency,2563,2525,2403.3,0.2,4.28,4.48,20.06,75.46
2025,ela,6,252,NeverEL,English-Language Fluency,287997,282763,2536.4,23.4,30.73,54.14,22.81,23.06
2015,ela,7,1,All Students,All Students,466612,453373,2531.6,12.0,32.0,44.0,25.0,31.0
2015,ela,7,3,Male,Gender,466612,231152,2518.0,10.0,29.0,38.0,25.0,36.0
2015,ela,7,4,Female,Gender,466612,222221,2545.7,14.0,35.0,49.0,26.0,25.0
2015,ela,7,6,"IFEP, RFEP, and EO (Fluent English proficient and English only)",English-Language Fluency,466612,385769,2547.7,14.0,36.0,50.0,26.0,23.0
2015,ela,7,7,IFEP (Initial fluent English proficient),English-Language Fluency,466612,20641,2586.5,27.0,40.0,67.0,20.0,13.0
2015,ela,7,8,RFEP (Reclassified fluent English proficient),English-Language Fluency,466612,115829,2544.4,10.0,37.0,47.0,32.0,21.0
2015,ela,7,28,Migrant education,Migrant,466612,3782,2477.1,2.0,19.0,21.0,27.0,52.0
2015,ela,7,31,Socioeconomically disadvantaged,Economic Status,466612,272876,2501.4,5.0,25.0,30.0,29.0,41.0
2015,ela,7,74,Black or African American,Race and Ethnicity,466612,27369,2491.3,4.0,23.0,27.0,26.0,47.0
2015,ela,7,75,American Indian or Alaska Native,Race and Ethnicity,466612,2723,2502.5,6.0,26.0,31.0,27.0,42.0
2015,ela,7,76,Asian,Race and Ethnicity,466612,40634,2601.5,35.0,39.0,74.0,15.0,11.0
2015,ela,7,77,Filipino,Race and Ethnicity,466612,12545,2575.9,20.0,45.0,65.0,21.0,14.0
2015,ela,7,78,Hispanic or Latino,Race and Ethnicity,466612,242344,2504.1,5.0,26.0,31.0,29.0,40.0
2015,ela,7,79,Native Hawaiian or Pacific Islander,Race and Ethnicity,466612,2353,2521.0,7.0,31.0,37.0,31.0,32.0
2015,ela,7,80,White,Race and Ethnicity,466612,111759,2567.7,19.0,41.0,61.0,22.0,17.0
2015,ela,7,90,Not a high school graduate,Parent Education,466612,75686,2484.7,3.0,20.0,23.0,28.0,49.0
2015,ela,7,91,High school graduate,Parent Education,466612,93385,2504.9,5.0,26.0,31.0,30.0,39.0
2015,ela,7,92,Some college (includes AA degree),Parent Education,466612,93228,2530.8,8.0,35.0,43.0,28.0,28.0
2015,ela,7,93,College graduate,Parent Education,466612,79965,2572.1,20.0,42.0,62.0,22.0,16.0
2015,ela,7,94,Graduate school/Post graduate,Parent Education,466612,55738,2601.9,33.0,41.0,75.0,15.0,10.0
2015,ela,7,99,No reported disabilities,Disability Status,466612,407425,2542.2,13.0,34.0,47.0,26.0,26.0
2015,ela,7,111,Not socioeconomically disadvantaged,Economic Status,466612,180497,2577.1,23.0,42.0,64.0,21.0,15.0
2015,ela,7,120,ELs enrolled less than 12 months,English-Language Fluency,466612,1584,2423.2,1.0,8.0,9.0,15.0,76.0
2015,ela,7,121,Declined to state,Parent Education,466612,55133,2512.2,9.0,27.0,35.0,26.0,39.0
2015,ela,7,128,Reported disabilities,Disability Status,466612,45948,2436.6,2.0,8.0,9.0,16.0,74.0
2015,ela,7,142,ELs enrolled 12 months or more,English-Language Fluency,466612,64550,2438.7,0.0,5.0,6.0,20.0,74.0
2015,ela,7,144,Two or more races,Race and Ethnicity,466612,11200,2566.8,20.0,39.0,60.0,22.0,19.0
2015,ela,7,160,"EL (English learner, excluding RFEP)",English-Language Fluency,466612,66445,2438.4,0.0,5.0,6.0,20.0,74.0
2015,ela,7,180,EO (English only),English-Language Fluency,466612,249299,2546.0,15.0,36.0,50.0,24.0,25.0
2015,ela,7,200,Black or African American,Ethnicity for Socioeconomically Disadvantaged,466612,19629,2478.6,3.0,19.0,21.0,26.0,52.0
2015,ela,7,201,American Indian or Alaska Native,Ethnicity for Socioeconomically Disadvantaged,466612,1766,2483.2,3.0,20.0,23.0,28.0,49.0
2015,ela,7,202,Asian,Ethnicity for Socioeconomically Disadvantaged,466612,15067,2559.7,18.0,39.0,57.0,23.0,20.0
2015,ela,7,203,Filipino,Ethnicity for Socioeconomically Disadvantaged,466612,4456,2549.8,12.0,40.0,52.0,27.0,21.0
2015,ela,7,204,Hispanic or Latino,Ethnicity for Socioeconomically Disadvantaged,466612,194263,2494.6,3.0,23.0,27.0,29.0,44.0
2015,ela,7,205,Native Hawaiian or Pacific Islander,Ethnicity for Socioeconomically Disadvantaged,466612,1507,2505.5,4.0,25.0,30.0,33.0,38.0
2015,ela,7,206,White,Ethnicity for Socioeconomically Disadvantaged,466612,31047,2520.6,7.0,32.0,39.0,28.0,33.0
2015,ela,7,207,Two or more races,Ethnicity for Socioeconomically Disadvantaged,466612,3853,2521.9,7.0,33.0,40.0,27.0,33.0
2015,ela,7,220,Black or African American,Ethnicity for Not Socioeconomically Disadvantaged,466612,7740,2523.3,9.0,32.0,41.0,27.0,33.0
2015,ela,7,221,American Indian or Alaska Native,Ethnicity for Not Socioeconomically Disadvantaged,466612,957,2537.8,11.0,37.0,47.0,24.0,29.0
2015,ela,7,222,Asian,Ethnicity for Not Socioeconomically Disadvantaged,466612,25567,2626.0,44.0,39.0,83.0,11.0,6.0
2015,ela,7,223,Filipino,Ethnicity for Not Socioeconomically Disadvantaged,466612,8089,2590.3,24.0,47.0,72.0,18.0,10.0
2015,ela,7,224,Hispanic or Latino,Ethnicity for Not Socioeconomically Disadvantaged,466612,48081,2542.3,11.0,38.0,49.0,27.0,24.0
2015,ela,7,225,Native Hawaiian or Pacific Islander,Ethnicity for Not Socioeconomically Disadvantaged,466612,846,2548.3,11.0,41.0,51.0,28.0,21.0
2015,ela,7,226,White,Ethnicity for Not Socioeconomically Disadvantaged,466612,80712,2585.7,24.0,45.0,69.0,20.0,11.0
2015,ela,7,227,Two or more races,Ethnicity for Not Socioeconomically Disadvantaged,466612,7347,2590.2,27.0,43.0,70.0,19.0,11.0
2016,ela,7,1,All Students,All Students,472784,458910,2541.7,15.0,33.0,48.0,24.0,28.0
2016,ela,7,3,Male,Gender,241849,234511,2527.2,12.0,30.0,42.0,25.0,33.0
2016,ela,7,4,Female,Gender,230935,224399,2556.8,18.0,36.0,54.0,24.0,22.0
2016,ela,7,6,"IFEP, RFEP, and EO (Fluent English proficient and English only)",English-Language Fluency,402919,393558,2558.0,18.0,37.0,54.0,25.0,21.0
2016,ela,7,7,IFEP (Initial fluent English proficient),English-Language Fluency,22394,22042,2599.2,33.0,38.0,71.0,18.0,11.0
2016,ela,7,8,RFEP (Reclassified fluent English proficient),English-Language Fluency,119446,118504,2554.0,13.0,39.0,51.0,30.0,18.0
2016,ela,7,28,Migrant education,Migrant,3864,3712,2485.3,3.0,21.0,24.0,28.0,48.0
2016,ela,7,31,Socioeconomically disadvantaged,Economic Status,290390,282408,2510.5,7.0,27.0,34.0,28.0,38.0
2016,ela,7,74,Black or African American,Race and Ethnicity,27385,26186,2498.6,6.0,24.0,30.0,26.0,44.0
2016,ela,7,75,American Indian or Alaska Native,Race and Ethnicity,2609,2484,2512.2,8.0,28.0,36.0,26.0,39.0
2016,ela,7,76,Asian,Race and Ethnicity,43546,42372,2612.3,40.0,36.0,76.0,14.0,10.0
2016,ela,7,77,Filipino,Race and Ethnicity,12631,12452,2587.9,26.0,43.0,69.0,19.0,12.0
2016,ela,7,78,Hispanic or Latino,Race and Ethnicity,251391,245587,2513.5,7.0,28.0,35.0,28.0,36.0
2016,ela,7,79,Native Hawaiian or Pacific Islander,Race and Ethnicity,2322,2227,2529.1,10.0,31.0,41.0,28.0,30.0
2016,ela,7,80,White,Race and Ethnicity,116313,112020,2578.6,24.0,41.0,65.0,20.0,15.0
2016,ela,7,90,Not a high school graduate,Parent Education,77593,75507,2492.8,4.0,22.0,27.0,28.0,45.0
2016,ela,7,91,High school graduate,Parent Education,96217,93858,2513.8,7.0,29.0,35.0,29.0,36.0
2016,ela,7,92,Some college (includes AA degree),Parent Education,96711,94087,2538.7,11.0,36.0,47.0,27.0,26.0
2016,ela,7,93,College graduate,Parent Education,86449,84114,2581.7,25.0,41.0,66.0,20.0,14.0
2016,ela,7,94,Graduate school/Post graduate,Parent Education,61551,59715,2613.0,39.0,39.0,78.0,14.0,9.0
2016,ela,7,99,No reported disabilities,Disability Status,421358,409561,2553.7,17.0,35.0,52.0,25.0,23.0
2016,ela,7,111,Not socioeconomically disadvantaged,Economic Status,182394,176502,2591.4,29.0,41.0,70.0,18.0,12.0
2016,ela,7,120,ELs enrolled less than 12 months,English-Language Fluency,3103,1159,2427.4,2.0,9.0,11.0,15.0,74.0
2016,ela,7,121,Declined to state,Parent Education,53602,51374,2521.6,11.0,28.0,39.0,25.0,35.0
2016,ela,7,128,Reported disabilities,Disability Status,51426,49349,2441.3,2.0,9.0,11.0,18.0,71.0
2016,ela,7,142,ELs enrolled 12 months or more,English-Language Fluency,64422,62899,2443.0,0.0,7.0,7.0,22.0,71.0
2016,ela,7,144,Two or more races,Race and Ethnicity,13153,12704,2576.3,25.0,38.0,63.0,19.0,17.0
2016,ela,7,160,"EL (English learner, excluding RFEP)",English-Language Fluency,68082,64457,2442.7,1.0,7.0,7.0,22.0,71.0
2016,ela,7,180,EO (English only),English-Language Fluency,261079,253012,2556.2,19.0,36.0,54.0,23.0,23.0
2016,ela,7,200,Black or African American,Ethnicity for Socioeconomically Disadvantaged,20322,19445,2483.6,4.0,20.0,24.0,26.0,50.0
2016,ela,7,201,American Indian or Alaska Native,Ethnicity for Socioeconomically Disadvantaged,1739,1653,2494.4,4.0,24.0,28.0,27.0,45.0
2016,ela,7,202,Asian,Ethnicity for Socioeconomically Disadvantaged,16502,16020,2569.6,23.0,37.0,60.0,21.0,19.0
2016,ela,7,203,Filipino,Ethnicity for Socioeconomically Disadvantaged,4564,4484,2561.3,17.0,40.0,57.0,24.0,19.0
2016,ela,7,204,Hispanic or Latino,Ethnicity for Socioeconomically Disadvantaged,205630,201165,2503.8,5.0,26.0,31.0,29.0,40.0
2016,ela,7,205,Native Hawaiian or Pacific Islander,Ethnicity for Socioeconomically Disadvantaged,1532,1469,2513.7,6.0,28.0,34.0,31.0,35.0
2016,ela,7,206,White,Ethnicity for Socioeconomically Disadvantaged,33727,32170,2531.0,10.0,33.0,43.0,27.0,29.0
2016,ela,7,207,Two or more races,Ethnicity for Socioeconomically Disadvantaged,4716,4516,2526.6,10.0,33.0,43.0,25.0,32.0
2016,ela,7,220,Black or African American,Ethnicity for Not Socioeconomically Disadvantaged,7063,6741,2541.6,14.0,35.0,49.0,24.0,27.0
2016,ela,7,221,American Indian or Alaska Native,Ethnicity for Not Socioeconomically Disadvantaged,870,831,2547.6,15.0,36.0,51.0,24.0,25.0
2016,ela,7,222,Asian,Ethnicity for Not Socioeconomically Disadvantaged,27044,26352,2638.2,51.0,35.0,86.0,9.0,5.0
2016,ela,7,223,Filipino,Ethnicity for Not Socioeconomically Disadvantaged,8067,7968,2602.9,31.0,45.0,76.0,16.0,8.0
2016,ela,7,224,Hispanic or Latino,Ethnicity for Not Socioeconomically Disadvantaged,45761,44422,2557.5,16.0,39.0,55.0,25.0,20.0
2016,ela,7,225,Native Hawaiian or Pacific Islander,Ethnicity for Not Socioeconomically Disadvantaged,790,758,2558.9,18.0,38.0,55.0,23.0,21.0
2016,ela,7,226,White,Ethnicity for Not Socioeconomically Disadvantaged,82586,79850,2597.6,29.0,44.0,73.0,17.0,10.0
2016,ela,7,227,Two or more races,Ethnicity for Not Socioeconomically Disadvantaged,8437,8188,2603.5,33.0,42.0,75.0,16.0,9.0
2017,ela,7,1,All Students,All Students,471265,459252,2542.4,15.8,33.6,49.39,23.39,27.22
2017,ela,7,3,Male,Gender,241055,234629,2527.5,12.98,30.57,43.55,24.01,32.45
2017,ela,7,4,Female,Gender,230210,224623,2558.0,18.74,36.75,55.49,22.75,21.75
2017,ela,7,6,"IFEP, RFEP, and EO (Fluent English proficient and English only)",English-Language Fluency,400731,393141,2559.6,18.35,37.95,56.3,23.53,20.17
2017,ela,7,7,IFEP (Initial fluent English proficient),English-Language Fluency,21351,21136,2603.4,34.3,39.15,73.45,16.43,10.12
2017,ela,7,8,RFEP (Reclassified fluent English proficient),English-Language Fluency,119589,118825,2557.4,13.91,40.21,54.13,28.52,17.35
2017,ela,7,28,Migrant education,Migrant,3685,3602,2484.4,3.75,22.59,26.34,27.04,46.62
2017,ela,7,31,Socioeconomically disadvantaged,Economic Status,282112,275379,2510.0,7.12,28.5,35.62,27.26,37.12
2017,ela,7,74,Black or African American,Race and Ethnicity,26140,25191,2494.9,6.28,24.61,30.9,24.99,44.11
2017,ela,7,75,American Indian or Alaska Native,Race and Ethnicity,2531,2405,2508.5,8.14,27.12,35.25,26.74,38.01
2017,ela,7,76,Asian,Race and Ethnicity,44183,43235,2614.4,40.84,37.08,77.91,12.62,9.47
2017,ela,7,77,Filipino,Race and Ethnicity,11266,11121,2592.2,27.39,44.1,71.49,17.74,10.77
2017,ela,7,78,Hispanic or Latino,Race and Ethnicity,253096,247677,2514.1,7.52,29.77,37.29,27.32,35.39
2017,ela,7,79,Native Hawaiian or Pacific Islander,Race and Ethnicity,2390,2335,2527.0,9.65,32.03,41.68,27.7,30.62
2017,ela,7,80,White,Race and Ethnicity,112781,109229,2579.8,24.45,41.28,65.72,19.51,14.76
2017,ela,7,90,Not a high school graduate,Parent Education,74898,73064,2491.7,4.44,23.65,28.09,27.53,44.38
2017,ela,7,91,High school graduate,Parent Education,94365,92303,2512.2,6.93,29.34,36.28,27.86,35.86
2017,ela,7,92,Some college (includes AA degree),Parent Education,95215,93156,2539.1,11.44,36.64,48.07,26.42,25.51
2017,ela,7,93,College graduate,Parent Education,87384,85464,2583.5,25.31,42.19,67.5,18.78,13.72
2017,ela,7,94,Graduate school/Post graduate,Parent Education,62125,60602,2615.2,39.87,38.98,78.85,12.73,8.42
2017,ela,7,99,No reported disabilities,Disability Status,418615,408801,2555.4,17.48,36.56,54.04,24.03,21.93
2017,ela,7,111,Not socioeconomically disadvantaged,Economic Status,189153,183873,2591.0,28.78,41.22,70.0,17.61,12.39
2017,ela,7,120,ELs enrolled less than 12 months,English-Language Fluency,3760,1263,2414.0,0.64,8.3,8.94,14.68,76.38
2017,ela,7,121,Declined to state,Parent Education,56935,54519,2522.1,11.81,29.49,41.3,24.19,34.51
2017,ela,7,128,Reported disabilities,Disability Status,52650,50451,2437.1,2.08,9.55,11.63,18.2,70.16
2017,ela,7,142,ELs enrolled 12 months or more,English-Language Fluency,64801,63652,2439.8,0.49,7.51,8.0,22.72,69.29
2017,ela,7,144,Two or more races,Race and Ethnicity,15601,15202,2581.6,26.56,39.64,66.2,18.25,15.55
2017,ela,7,160,"EL (English learner, excluding RFEP)",English-Language Fluency,69173,65434,2439.4,0.5,7.54,8.03,22.57,69.4
2017,ela,7,170,EverEL,English-Language Fluency,188762,184259,2515.5,9.15,28.61,37.76,26.41,35.83
2017,ela,7,180,EO (English only),English-Language Fluency,259791,253180,2557.1,19.11,36.78,55.89,21.78,22.33
2017,ela,7,190,TBD (To be determined),English-Language Fluency,394,169,2465.3,7.69,15.98,23.67,18.34,57.99
2017,ela,7,200,Black or African American,Ethnicity for Socioeconomically Disadvantaged,19015,18311,2479.2,3.73,20.74,24.47,25.31,50.21
2017,ela,7,201,American Indian or Alaska Native,Ethnicity for Socioeconomically Disadvantaged,1660,1565,2489.2,4.36,22.64,27.0,28.8,44.19
2017,ela,7,202,Asian,Ethnicity for Socioeconomically Disadvantaged,15782,15405,2571.7,23.67,38.43,62.1,20.06,17.84
2017,ela,7,203,Filipino,Ethnicity for Socioeconomically Disadvantaged,3917,3852,2567.8,18.79,42.52,61.3,21.86,16.84
2017,ela,7,204,Hispanic or Latino,Ethnicity for Socioeconomically Disadvantaged,202585,198693,2503.6,5.41,27.24,32.64,28.28,39.08
2017,ela,7,205,Native Hawaiian or Pacific Islander,Ethnicity for Socioeconomically Disadvantaged,1539,1505,2508.6,5.65,27.64,33.29,29.17,37.54
2017,ela,7,206,White,Ethnicity for Socioeconomically Disadvantaged,30761,29529,2530.0,10.17,34.31,44.47,26.29,29.23
2017,ela,7,207,Two or more races,Ethnicity for Socioeconomically Disadvantaged,5209,5036,2531.1,10.9,34.59,45.49,25.02,29.49
2017,ela,7,220,Black or African American,Ethnicity for Not Socioeconomically Disadvantaged,7125,6880,2536.9,13.08,34.93,48.0,24.13,27.86
2017,ela,7,221,American Indian or Alaska Native,Ethnicity for Not Socioeconomically Disadvantaged,871,840,2544.3,15.16,35.44,50.6,22.91,26.49
2017,ela,7,222,Asian,Ethnicity for Not Socioeconomically Disadvantaged,28401,27830,2638.0,50.34,36.33,86.66,8.5,4.83
2017,ela,7,223,Filipino,Ethnicity for Not Socioeconomically Disadvantaged,7349,7269,2605.1,31.95,44.93,76.89,15.56,7.56
2017,ela,7,224,Hispanic or Latino,Ethnicity for Not Socioeconomically Disadvantaged,50511,48984,2556.6,16.11,40.05,56.15,23.44,20.41
2017,ela,7,225,Native Hawaiian or Pacific Islander,Ethnicity for Not Socioeconomically Disadvantaged,851,830,2560.3,16.93,40.02,56.95,25.03,18.02
2017,ela,7,226,White,Ethnicity for Not Socioeconomically Disadvantaged,82020,79700,2598.3,29.73,43.86,73.59,17.01,9.4
2017,ela,7,227,Two or more races,Ethnicity for Not Socioeconomically Disadvantaged,10392,10166,2606.5,34.3,42.14,76.44,14.9,8.66
2018,ela,7,1,All Students,All Students,474057,461623,2543.9,16.32,33.83,50.15,23.15,26.7
2018,ela,7,3,Male,Gender,241651,235040,2527.6,13.26,30.67,43.93,23.5,32.57
2018,ela,7,4,Female,Gender,232406,226583,2560.7,19.49,37.11,56.6,22.79,20.6
2018,ela,7,6,"IFEP, RFEP, and EO (Fluent English proficient and English only)",English-Language Fluency,405920,397128,2560.8,18.88,38.1,56.98,23.1,19.92
2018,ela,7,7,IFEP (Initial fluent English proficient),English-Language Fluency,19615,19398,2612.1,37.71,39.17,76.88,14.61,8.51
2018,ela,7,8,RFEP (Reclassified fluent English proficient),English-Language Fluency,123617,122467,2559.0,14.41,40.94,55.34,27.81,16.85
2018,ela,7,28,Migrant education,Migrant,3697,3584,2487.6,4.08,23.97,28.06,25.93,46.01
2018,ela,7,31,Socioeconomically disadvantaged,Economic Status,290552,283501,2513.6,7.94,29.43,37.37,27.01,35.62
2018,ela,7,74,Black or African American,Race and Ethnicity,25507,24564,2496.4,6.52,25.37,31.9,24.8,43.3
2018,ela,7,75,American Indian or Alaska Native,Race and Ethnicity,2499,2368,2514.6,8.58,27.86,36.45,27.99,35.56
2018,ela,7,76,Asian,Race and Ethnicity,43653,42848,2615.9,41.78,36.51,78.29,12.41,9.3
2018,ela,7,77,Filipino,Race and Ethnicity,10814,10670,2593.9,28.01,44.38,72.39,16.87,10.73
2018,ela,7,78,Hispanic or Latino,Race and Ethnicity,258687,253087,2517.0,8.18,30.52,38.7,27.16,34.14
2018,ela,7,79,Native Hawaiian or Pacific Islander,Race and Ethnicity,2249,2189,2531.4,10.84,33.03,43.87,27.17,28.96
2018,ela,7,80,White,Race and Ethnicity,110055,106103,2580.0,25.09,40.95,66.04,18.79,15.17
2018,ela,7,90,Not a high school graduate,Parent Education,74518,72762,2494.5,5.0,24.53,29.53,27.4,43.07
2018,ela,7,91,High school graduate,Parent Education,97022,94841,2513.7,7.29,29.91,37.19,27.6,35.2
2018,ela,7,92,Some college (includes AA degree),Parent Education,96950,94602,2540.1,12.11,36.54,48.65,26.0,25.35
2018,ela,7,93,College graduate,Parent Education,89415,87369,2583.0,25.49,41.91,67.4,18.43,14.17
2018,ela,7,94,Graduate school/Post graduate,Parent Education,64619,63011,2615.1,40.07,38.56,78.63,12.85,8.52
2018,ela,7,99,No reported disabilities,Disability Status,419311,409515,2557.1,18.11,36.84,54.95,23.65,21.4
2018,ela,7,111,Not socioeconomically disadvantaged,Economic Status,183505,178122,2592.0,29.65,40.83,70.48,17.03,12.49
2018,ela,7,120,ELs enrolled less than 12 months,English-Language Fluency,3009,1247,2421.8,1.37,10.56,11.93,16.12,71.96
2018,ela,7,121,Declined to state,Parent Education,51281,48937,2521.4,11.81,29.52,41.33,24.45,34.23
2018,ela,7,128,Reported disabilities,Disability Status,54746,52108,2439.9,2.21,10.19,12.39,19.24,68.37
2018,ela,7,142,ELs enrolled 12 months or more,English-Language Fluency,63584,62312,2439.6,0.42,7.28,7.7,23.65,68.64
2018,ela,7,144,Two or more races,Race and Ethnicity,17169,16711,2582.6,27.58,38.73,66.31,18.03,15.66
2018,ela,7,160,"EL (English learner, excluding RFEP)",English-Language Fluency,67156,63978,2439.3,0.44,7.36,7.8,23.53,68.67
2018,ela,7,170,EverEL,English-Language Fluency,190773,186445,2517.9,9.61,29.42,39.03,26.34,34.62
2018,ela,7,180,EO (English only),English-Language Fluency,262688,255263,2557.7,19.6,36.66,56.26,21.49,22.26
2018,ela,7,190,TBD (To be determined),English-Language Fluency,287,132,2455.8,4.55,20.45,25.0,18.18,56.82
2018,ela,7,200,Black or African American,Ethnicity for Socioeconomically Disadvantaged,18792,18107,2482.0,4.09,21.65,25.74,25.6,48.66
2018,ela,7,201,American Indian or Alaska Native,Ethnicity for Socioeconomically Disadvantaged,1659,1576,2496.9,4.51,24.46,28.97,29.92,41.11
2018,ela,7,202,Asian,Ethnicity for Socioeconomically Disadvantaged,16751,16418,2576.2,24.8,39.39,64.19,19.01,16.8
2018,ela,7,203,Filipino,Ethnicity for Socioeconomically Disadvantaged,3915,3853,2569.7,18.74,43.15,61.89,21.7,16.41
2018,ela,7,204,Hispanic or Latino,Ethnicity for Socioeconomically Disadvantaged,207186,203051,2506.8,6.08,28.14,34.22,28.13,37.65
2018,ela,7,205,Native Hawaiian or Pacific Islander,Ethnicity for Socioeconomically Disadvantaged,1480,1442,2516.9,6.73,31.3,38.03,29.35,32.62
2018,ela,7,206,White,Ethnicity for Socioeconomically Disadvantaged,32961,31569,2533.8,11.61,34.83,46.45,25.44,28.12
2018,ela,7,207,Two or more races,Ethnicity for Socioeconomically Disadvantaged,5975,5777,2532.2,11.52,33.65,45.17,25.53,29.3
2018,ela,7,220,Black or African American,Ethnicity for Not Socioeconomically Disadvantaged,6715,6457,2536.6,13.35,35.83,49.18,22.56,28.27
2018,ela,7,221,American Indian or Alaska Native,Ethnicity for Not Socioeconomically Disadvantaged,840,792,2549.7,16.69,34.64,51.33,24.15,24.53
2018,ela,7,222,Asian,Ethnicity for Not Socioeconomically Disadvantaged,26902,26430,2640.6,52.34,34.71,87.05,8.31,4.64
2018,ela,7,223,Filipino,Ethnicity for Not Socioeconomically Disadvantaged,6899,6817,2607.6,33.25,45.08,78.33,14.15,7.53
2018,ela,7,224,Hispanic or Latino,Ethnicity for Not Socioeconomically Disadvantaged,51501,50036,2558.1,16.7,40.17,56.87,23.24,19.9
2018,ela,7,225,Native Hawaiian or Pacific Islander,Ethnicity for Not Socioeconomically Disadvantaged,769,747,2559.4,18.79,36.38,55.17,22.95,21.88
2018,ela,7,226,White,Ethnicity for Not Socioeconomically Disadvantaged,77094,74534,2599.5,30.8,43.54,74.33,15.98,9.69
2018,ela,7,227,Two or more races,Ethnicity for Not Socioeconomically Disadvantaged,11194,10934,2609.3,36.05,41.41,77.46,14.08,8.47
2019,ela,7,1,All Students,All Students,483809,471901,2547.5,18.17,33.2,51.38,22.23,26.39
2019,ela,7,3,Male,Gender,247328,241015,2532.5,15.32,30.22,45.54,22.61,31.85
2019,ela,7,4,Female,Gender,236481,230886,2563.3,21.15,36.32,57.48,21.83,20.69
2019,ela,7,6,"IFEP, RFEP, and EO (Fluent English proficient and English only)",English-Language Fluency,413428,405242,2564.3,21.07,37.23,58.3,21.82,19.89
2019,ela,7,7,IFEP (Initial fluent English proficient),English-Language Fluency,20287,20051,2616.2,40.56,37.24,77.8,13.6,8.61
2019,ela,7,8,RFEP (Reclassified fluent English proficient),English-Language Fluency,122732,121957,2563.3,16.61,41.07,57.68,25.7,16.62
2019,ela,7,28,Migrant education,Migrant,3750,3633,2490.9,5.4,23.86,29.26,26.47,44.27
2019,ela,7,31,Socioeconomically disadvantaged,Economic Status,294893,287896,2517.5,9.49,29.62,39.11,25.76,35.13
2019,ela,7,50,Armed forces family member,Military Status,4539,4441,2572.2,23.54,38.32,61.86,20.68,17.46
2019,ela,7,51,Not armed forces family member,Military Status,479270,467460,2547.3,18.12,33.16,51.28,22.24,26.48
2019,ela,7,52,Homeless,Homeless Status,15885,14987,2499.9,7.28,25.51,32.79,25.13,42.08
2019,ela,7,53,Not homeless,Homeless Status,467924,456914,2549.1,18.53,33.46,51.99,22.13,25.88
2019,ela,7,74,Black or African American,Race and Ethnicity,25712,24814,2500.9,7.64,25.91,33.54,24.25,42.21
2019,ela,7,75,American Indian or Alaska Native,Race and Ethnicity,2514,2390,2514.3,10.52,28.51,39.04,22.85,38.11
2019,ela,7,76,Asian,Race and Ethnicity,44027,43298,2619.7,43.91,35.25,79.15,11.49,9.35
2019,ela,7,77,Filipino,Race and Ethnicity,10664,10518,2599.0,31.85,41.27,73.12,16.29,10.58
2019,ela,7,78,Hispanic or Latino,Race and Ethnicity,267637,261955,2521.3,9.89,30.68,40.57,25.97,33.46
2019,ela,7,79,Native Hawaiian or Pacific Islander,Race and Ethnicity,2180,2127,2535.6,12.41,33.11,45.52,25.8,28.68
2019,ela,7,80,White,Race and Ethnicity,109455,105949,2583.5,27.61,38.98,66.59,18.24,15.17
2019,ela,7,90,Not a high school graduate,Parent Education,73386,71637,2498.8,6.08,25.21,31.29,26.83,41.89
2019,ela,7,91,High school graduate,Parent Education,99599,97423,2516.9,8.73,29.87,38.6,26.38,35.02
2019,ela,7,92,Some college (includes AA degree),Parent Education,97903,95617,2543.2,13.77,36.22,49.99,24.78,25.23
2019,ela,7,93,College graduate,Parent Education,91270,89238,2585.8,27.8,39.85,67.65,18.13,14.21
2019,ela,7,94,Graduate school/Post graduate,Parent Education,66107,64640,2618.6,42.42,36.68,79.09,12.37,8.54
2019,ela,7,99,No reported disabilities,Disability Status,426378,416921,2561.0,20.2,36.1,56.3,22.58,21.12
2019,ela,7,111,Not socioeconomically disadvantaged,Economic Status,188916,184005,2594.5,31.75,38.82,70.57,16.71,12.72
2019,ela,7,120,ELs enrolled less than 12 months,English-Language Fluency,3526,1277,2410.2,0.63,6.57,7.2,14.56,78.24
2019,ela,7,121,Declined to state,Parent Education,55335,53246,2526.6,14.07,29.28,43.35,22.73,33.92
2019,ela,7,128,Reported disabilities,Disability Status,57431,54980,2445.5,2.81,11.22,14.03,19.59,66.38
2019,ela,7,142,ELs enrolled 12 months or more,English-Language Fluency,65482,64405,2445.9,0.53,8.68,9.21,25.05,65.74
2019,ela,7,144,Two or more races,Race and Ethnicity,18569,18074,2585.7,29.71,37.11,66.82,17.33,15.86
2019,ela,7,160,"EL (English learner, excluding RFEP)",English-Language Fluency,69758,66303,2445.2,0.53,8.63,9.16,24.79,66.05
2019,ela,7,170,EverEL,English-Language Fluency,192490,188260,2521.7,10.95,29.65,40.6,25.38,34.02
2019,ela,7,180,EO (English only),English-Language Fluency,270409,263234,2560.9,21.64,35.45,57.1,20.64,22.26
2019,ela,7,190,TBD (To be determined),English-Language Fluency,307,162,2460.4,7.55,18.87,26.42,13.21,60.38
2019,ela,7,200,Black or African American,Ethnicity for Socioeconomically Disadvantaged,18817,18153,2486.9,5.28,22.7,27.98,24.4,47.62
2019,ela,7,201,American Indian or Alaska Native,Ethnicity for Socioeconomically Disadvantaged,1644,1562,2495.2,6.87,24.21,31.09,23.31,45.6
2019,ela,7,202,Asian,Ethnicity for Socioeconomically Disadvantaged,16180,15880,2579.2,27.08,38.13,65.21,17.42,17.37
2019,ela,7,203,Filipino,Ethnicity for Socioeconomically Disadvantaged,3787,3720,2573.5,22.24,40.1,62.35,21.3,16.35
2019,ela,7,204,Hispanic or Latino,Ethnicity for Socioeconomically Disadvantaged,211510,207350,2511.1,7.57,28.62,36.19,26.88,36.93
2019,ela,7,205,Native Hawaiian or Pacific Islander,Ethnicity for Socioeconomically Disadvantaged,1432,1400,2514.9,6.81,29.68,36.49,28.32,35.2
2019,ela,7,206,White,Ethnicity for Socioeconomically Disadvantaged,33563,32210,2537.5,13.54,34.24,47.77,24.25,27.98
2019,ela,7,207,Two or more races,Ethnicity for Socioeconomically Disadvantaged,6389,6153,2536.0,13.86,33.05,46.9,24.05,29.05
2019,ela,7,220,Black or African American,Ethnicity for Not Socioeconomically Disadvantaged,6895,6661,2538.9,14.05,34.65,48.69,23.84,27.46
2019,ela,7,221,American Indian or Alaska Native,Ethnicity for Not Socioeconomically Disadvantaged,870,828,2550.3,17.39,36.59,53.99,21.98,24.03
2019,ela,7,222,Asian,Ethnicity for Not Socioeconomically Disadvantaged,27847,27418,2643.2,53.65,33.58,87.23,8.06,4.71
2019,ela,7,223,Filipino,Ethnicity for Not Socioeconomically Disadvantaged,6877,6798,2612.9,37.1,41.92,79.02,13.55,7.43
2019,ela,7,224,Hispanic or Latino,Ethnicity for Not Socioeconomically Disadvantaged,56127,54605,2560.1,18.7,38.52,57.21,22.52,20.27
2019,ela,7,225,Native Hawaiian or Pacific Islander,Ethnicity for Not Socioeconomically Disadvantaged,748,727,2575.5,23.17,39.72,62.9,20.97,16.14
2019,ela,7,226,White,Ethnicity for Not Socioeconomically Disadvantaged,75892,73739,2603.5,33.76,41.05,74.8,15.62,9.58
2019,ela,7,227,Two or more races,Ethnicity for Not Socioeconomically Disadvantaged,12180,11921,2611.4,37.89,39.21,77.1,13.85,9.05
2021,ela,7,1,All Students,All Students,452852,98320,2543.7,16.8,33.15,49.95,23.19,26.85
2021,ela,7,3,Male,Gender,233054,50161,2529.5,13.92,30.74,44.66,23.74,31.59
2021,ela,7,4,Female,Gender,219688,48135,2558.5,19.79,35.67,55.46,22.63,21.92
2021,ela,7,6,"IFEP, RFEP, and EO (Fluent English proficient and English only)",English-Language Fluency,380922,83218,2561.5,19.73,37.32,57.05,22.78,20.17
2021,ela,7,7,IFEP (Initial fluent English proficient),English-Language Fluency,18507,3882,2617.8,39.72,38.54,78.26,13.46,8.28
2021,ela,7,8,RFEP (Reclassified fluent English proficient),English-Language Fluency,103592,21311,2565.4,17.19,41.17,58.36,25.99,15.65
2021,ela,7,28,Migrant education,Migrant,3324,736,2484.0,5.01,23.23,28.23,23.92,47.84
2021,ela,7,29,Not migrant education,Migrant,449528,97584,2544.2,16.89,33.23,50.12,23.19,26.7
2021,ela,7,31,Socioeconomically disadvantaged,Economic Status,268110,54650,2510.6,8.39,28.12,36.51,26.66,36.83
2021,ela,7,50,Armed forces family member,Military Status,5127,1077,2557.5,18.15,38.37,56.52,22.21,21.27
2021,ela,7,51,Not armed forces family member,Military Status,447725,97243,2543.6,16.79,33.09,49.88,23.21,26.91
2021,ela,7,52,Homeless,Homeless Status,13909,2284,2494.2,6.73,25.11,31.84,24.89,43.27
2021,ela,7,53,Not homeless,Homeless Status,438943,96036,2544.9,17.04,33.34,50.38,23.15,26.47
2021,ela,7,74,Black or African American,Race and Ethnicity,24062,4191,2504.1,8.49,26.52,35.01,25.71,39.28
2021,ela,7,75,American Indian or Alaska Native,Race and Ethnicity,1983,678,2502.8,7.65,24.74,32.38,28.04,39.58
2021,ela,7,76,Asian,Race and Ethnicity,42621,9181,2616.1,41.28,35.8,77.07,13.01,9.91
2021,ela,7,77,Filipino,Race and Ethnicity,9476,2202,2594.1,28.93,42.42,71.35,17.73,10.92
2021,ela,7,78,Hispanic or Latino,Race and Ethnicity,254330,50415,2514.2,8.74,29.15,37.89,26.81,35.3
2021,ela,7,79,Native Hawaiian or Pacific Islander,Race and Ethnicity,2071,505,2531.3,10.98,36.38,47.36,22.76,29.88
2021,ela,7,80,White,Race and Ethnicity,96188,25640,2572.1,22.57,39.54,62.11,20.5,17.4
2021,ela,7,90,Not a high school graduate,Parent Education,57991,12457,2491.1,5.61,23.6,29.22,26.54,44.24
2021,ela,7,91,High school graduate,Parent Education,85895,19643,2507.9,7.39,27.74,35.13,27.65,37.22
2021,ela,7,92,Some college (includes AA degree),Parent Education,86585,20701,2533.9,10.91,34.89,45.81,26.68,27.51
2021,ela,7,93,College graduate,Parent Education,84520,20111,2576.9,24.04,40.08,64.12,20.26,15.63
2021,ela,7,94,Graduate school/Post graduate,Parent Education,62529,15491,2613.1,38.44,38.64,77.08,13.64,9.28
2021,ela,7,99,No reported disabilities,Disability Status,395492,87191,2556.5,18.61,35.97,54.59,23.48,21.93
2021,ela,7,111,Not socioeconomically disadvantaged,Economic Status,184742,43670,2584.7,27.2,39.37,66.58,18.91,14.52
2021,ela,7,120,ELs enrolled less than 12 months,English-Language Fluency,1298,109,2401.7,0.0,3.67,3.67,14.68,81.65
2021,ela,7,121,Declined to state,Parent Education,75256,9905,2523.0,12.68,29.25,41.94,24.05,34.02
2021,ela,7,128,Reported disabilities,Disability Status,57360,11129,2443.2,2.51,10.9,13.4,20.91,65.68
2021,ela,7,142,ELs enrolled 12 months or more,English-Language Fluency,69928,14780,2444.9,0.48,9.99,10.47,25.54,63.99
2021,ela,7,144,Two or more races,Race and Ethnicity,22121,5508,2573.5,24.9,37.13,62.03,19.83,18.14
2021,ela,7,160,"EL (English learner, excluding RFEP)",English-Language Fluency,71661,15053,2444.6,0.47,9.92,10.39,25.48,64.12
2021,ela,7,170,EverEL,English-Language Fluency,175253,36364,2515.5,10.28,28.27,38.55,25.78,35.67
2021,ela,7,180,EO (English only),English-Language Fluency,258823,58025,2556.3,19.32,35.83,55.15,22.24,22.62
2021,ela,7,190,TBD (To be determined),English-Language Fluency,155,12,2502.1,16.67,8.33,25.0,41.67,33.33
2021,ela,7,200,Black or African American,Ethnicity for Socioeconomically Disadvantaged,17230,2828,2487.0,5.65,22.87,28.52,25.84,45.63
2021,ela,7,201,American Indian or Alaska Native,Ethnicity for Socioeconomically Disadvantaged,1270,451,2485.0,5.22,20.86,26.08,26.53,47.39
2021,ela,7,202,Asian,Ethnicity for Socioeconomically Disadvantaged,14748,3022,2567.8,24.06,36.29,60.35,19.96,19.69
2021,ela,7,203,Filipino,Ethnicity for Socioeconomically Disadvantaged,3169,718,2570.6,20.65,40.03,60.68,23.34,15.98
2021,ela,7,204,Hispanic or Latino,Ethnicity for Socioeconomically Disadvantaged,193231,37649,2502.5,6.52,26.57,33.1,27.49,39.41
2021,ela,7,205,Native Hawaiian or Pacific Islander,Ethnicity for Socioeconomically Disadvantaged,1245,285,2512.4,5.82,33.09,38.91,25.82,35.27
2021,ela,7,206,White,Ethnicity for Socioeconomically Disadvantaged,29232,7796,2527.7,10.61,32.84,43.45,25.88,30.67
2021,ela,7,207,Two or more races,Ethnicity for Socioeconomically Disadvantaged,7985,1901,2525.5,11.58,30.29,41.88,26.81,31.31
2021,ela,7,220,Black or African American,Ethnicity for Not Socioeconomically Disadvantaged,6832,1363,2539.2,14.33,34.03,48.36,25.45,26.19
2021,ela,7,221,American Indian or Alaska Native,Ethnicity for Not Socioeconomically Disadvantaged,713,227,2537.6,12.39,32.3,44.69,30.97,24.34
2021,ela,7,222,Asian,Ethnicity for Not Socioeconomically Disadvantaged,27873,6159,2639.5,49.62,35.56,85.17,9.65,5.17
2021,ela,7,223,Filipino,Ethnicity for Not Socioeconomically Disadvantaged,6307,1484,2605.5,32.92,43.58,76.5,15.03,8.47
2021,ela,7,224,Hispanic or Latino,Ethnicity for Not Socioeconomically Disadvantaged,61099,12766,2548.2,15.25,36.71,51.96,24.8,23.23
2021,ela,7,225,Native Hawaiian or Pacific Islander,Ethnicity for Not Socioeconomically Disadvantaged,826,220,2555.2,17.51,40.55,58.06,18.89,23.04
2021,ela,7,226,White,Ethnicity for Not Socioeconomically Disadvantaged,66956,17844,2591.3,27.76,42.44,70.21,18.16,11.63
2021,ela,7,227,Two or more races,Ethnicity for Not Socioeconomically Disadvantaged,14136,3607,2598.5,31.83,40.69,72.52,16.2,11.28
2022,ela,7,1,All Students,All Students,433224,417713,2542.4,17.47,31.75,49.22,22.86,27.92
2022,ela,7,3,Male,Gender,222484,214575,2529.2,14.99,29.53,44.52,23.15,32.33
2022,ela,7,4,Female,Gender,210387,202834,2556.3,20.08,34.1,54.18,22.55,23.27
2022,ela,7,6,"IFEP, RFEP, and EO (Fluent English proficient and English only)",English-Language Fluency,361070,349593,2561.6,20.77,36.01,56.78,22.28,20.94
2022,ela,7,7,IFEP (Initial fluent English proficient),English-Language Fluency,18023,17691,2614.1,39.0,36.53,75.54,14.94,9.53
2022,ela,7,8,RFEP (Reclassified fluent English proficient),English-Language Fluency,94882,93516,2567.1,18.31,40.69,58.99,25.04,15.97
2022,ela,7,28,Migrant education,Migrant,2977,2878,2485.2,5.36,24.14,29.5,23.65,46.85
2022,ela,7,29,Not migrant education,Migrant,430247,414835,2542.8,17.55,31.81,49.36,22.85,27.79
2022,ela,7,31,Socioeconomically disadvantaged,Economic Status,259841,250643,2512.2,9.38,28.03,37.41,26.05,36.55
2022,ela,7,50,Armed forces family member,Military Status,5796,5637,2553.0,17.34,36.64,53.98,23.01,23.01
2022,ela,7,51,Not armed forces family member,Military Status,427428,412076,2542.2,17.47,31.69,49.16,22.86,27.99
2022,ela,7,52,Homeless,Homeless Status,12602,11763,2488.6,6.01,22.83,28.84,25.71,45.44
2022,ela,7,53,Not homeless,Homeless Status,420622,405950,2543.9,17.8,32.01,49.81,22.78,27.41
2022,ela,7,74,Black or African American,Race and Ethnicity,22370,21062,2496.0,7.81,24.47,32.28,24.61,43.11
2022,ela,7,75,American Indian or Alaska Native,Race and Ethnicity,1934,1781,2504.6,7.93,27.39,35.32,25.37,39.31
2022,ela,7,76,Asian,Race and Ethnicity,40576,39774,2621.7,43.86,34.71,78.57,11.9,9.53
2022,ela,7,77,Filipino,Race and Ethnicity,10095,9939,2601.0,32.44,40.23,72.67,16.85,10.48
2022,ela,7,78,Hispanic or Latino,Race and Ethnicity,244136,236264,2515.5,9.69,28.87,38.56,26.3,35.14
2022,ela,7,79,Native Hawaiian or Pacific Islander,Race and Ethnicity,1878,1795,2528.9,12.05,30.97,43.02,25.67,31.31
2022,ela,7,80,White,Race and Ethnicity,89955,86058,2577.2,25.39,38.24,63.63,19.58,16.79
2022,ela,7,90,Not a high school graduate,Parent Education,59253,57083,2490.7,5.88,23.36,29.23,26.54,44.23
2022,ela,7,91,High school graduate,Parent Education,90717,87531,2508.5,8.15,27.5,35.65,26.89,37.46
2022,ela,7,92,Some college (includes AA degree),Parent Education,85460,82322,2535.8,12.83,33.83,46.67,25.75,27.58
2022,ela,7,93,College graduate,Parent Education,85167,82580,2580.1,26.07,38.45,64.52,19.62,15.87
2022,ela,7,94,Graduate school/Post graduate,Parent Education,63306,61410,2615.2,39.86,37.02,76.88,13.56,9.56
2022,ela,7,99,No reported disabilities,Disability Status,379009,366954,2556.3,19.48,34.6,54.08,23.25,22.68
2022,ela,7,111,Not socioeconomically disadvantaged,Economic Status,173383,167070,2587.6,29.59,37.33,66.93,18.08,14.99
2022,ela,7,120,ELs enrolled less than 12 months,English-Language Fluency,3538,1729,2377.7,0.41,2.9,3.3,10.14,86.56
2022,ela,7,121,Declined to state,Parent Education,48737,46487,2518.2,12.64,27.58,40.22,23.72,36.05
2022,ela,7,128,Reported disabilities,Disability Status,54215,50759,2441.3,2.9,11.16,14.07,20.05,65.88
2022,ela,7,142,ELs enrolled 12 months or more,English-Language Fluency,67600,65798,2445.4,0.49,10.08,10.57,26.33,63.09
2022,ela,7,144,Two or more races,Race and Ethnicity,22280,21040,2574.5,26.35,35.68,62.03,18.98,18.98
2022,ela,7,160,"EL (English learner, excluding RFEP)",English-Language Fluency,71716,67896,2443.4,0.49,9.87,10.36,25.86,63.78
2022,ela,7,170,EverEL,English-Language Fluency,166598,161412,2515.1,10.82,27.73,38.55,25.38,36.07
2022,ela,7,180,EO (English only),English-Language Fluency,248165,238386,2555.6,20.39,34.13,54.51,21.74,23.74
2022,ela,7,190,TBD (To be determined),English-Language Fluency,200,75,2404.3,4.11,10.96,15.07,12.33,72.6
2022,ela,7,200,Black or African American,Ethnicity for Socioeconomically Disadvantaged,16132,15117,2480.7,5.43,21.1,26.53,24.48,48.99
2022,ela,7,201,American Indian or Alaska Native,Ethnicity for Socioeconomically Disadvantaged,1274,1163,2486.4,4.66,22.41,27.07,27.84,45.09
2022,ela,7,202,Asian,Ethnicity for Socioeconomically Disadvantaged,14820,14490,2579.1,27.46,36.94,64.4,18.02,17.58
2022,ela,7,203,Filipino,Ethnicity for Socioeconomically Disadvantaged,3495,3438,2577.7,23.16,40.21,63.37,21.97,14.66
2022,ela,7,204,Hispanic or Latino,Ethnicity for Socioeconomically Disadvantaged,185914,180301,2504.7,7.35,26.88,34.22,27.12,38.66
2022,ela,7,205,Native Hawaiian or Pacific Islander,Ethnicity for Socioeconomically Disadvantaged,1184,1127,2508.4,7.3,27.31,34.61,27.49,37.9
2022,ela,7,206,White,Ethnicity for Socioeconomically Disadvantaged,28724,27216,2532.4,12.99,32.93,45.93,24.76,29.31
2022,ela,7,207,Two or more races,Ethnicity for Socioeconomically Disadvantaged,8298,7791,2525.4,12.77,29.95,42.72,24.93,32.35
2022,ela,7,220,Black or African American,Ethnicity for Not Socioeconomically Disadvantaged,6238,5945,2535.0,13.86,33.01,46.87,24.94,28.19
2022,ela,7,221,American Indian or Alaska Native,Ethnicity for Not Socioeconomically Disadvantaged,660,618,2538.7,14.08,36.73,50.81,20.71,28.48
2022,ela,7,222,Asian,Ethnicity for Not Socioeconomically Disadvantaged,25756,25284,2646.1,53.25,33.44,86.69,8.39,4.93
2022,ela,7,223,Filipino,Ethnicity for Not Socioeconomically Disadvantaged,6600,6501,2613.4,37.34,40.24,77.58,14.14,8.28
2022,ela,7,224,Hispanic or Latino,Ethnicity for Not Socioeconomically Disadvantaged,58222,55963,2550.1,17.23,35.29,52.51,23.67,23.82
2022,ela,7,225,Native Hawaiian or Pacific Islander,Ethnicity for Not Socioeconomically Disadvantaged,694,668,2563.3,20.06,37.13,57.19,22.6,20.21
2022,ela,7,226,White,Ethnicity for Not Socioeconomically Disadvantaged,61231,58842,2597.9,31.12,40.69,71.81,17.19,11.0
2022,ela,7,227,Two or more races,Ethnicity for Not Socioeconomically Disadvantaged,13982,13249,2603.3,34.32,39.05,73.37,15.49,11.14
2022,ela,7,240,Foster youth,Foster Status,1594,1465,2462.5,4.04,15.61,19.64,24.57,55.78
2022,ela,7,241,Not foster youth,Foster Status,431630,416248,2542.6,17.52,31.81,49.33,22.85,27.82
2023,ela,7,1,All Students,All Students,436906,424411,2537.3,16.93,30.51,47.44,22.6,29.96
2023,ela,7,3,Male,Gender,223256,217054,2525.0,14.69,28.49,43.17,22.71,34.11
2023,ela,7,4,Female,Gender,213269,207011,2550.2,19.26,32.63,51.89,22.49,25.62
2023,ela,7,6,"IFEP, RFEP, and EO (Fluent English proficient and English only)",English-Language Fluency,371115,362593,2555.2,19.75,34.42,54.17,22.55,23.28
2023,ela,7,7,IFEP (Initial fluent English proficient),English-Language Fluency,17815,17595,2612.1,38.78,35.45,74.22,15.62,10.15
2023,ela,7,8,RFEP (Reclassified fluent English proficient),English-Language Fluency,99932,98979,2557.4,16.94,37.74,54.68,25.62,19.7
2023,ela,7,28,Migrant education,Migrant,3112,3023,2478.5,5.63,20.48,26.12,24.89,48.99
2023,ela,7,29,Not migrant education,Migrant,433794,421388,2537.7,17.01,30.58,47.59,22.58,29.82
2023,ela,7,31,Socioeconomically disadvantaged,Economic Status,275082,267386,2507.5,9.15,26.73,35.88,25.42,38.7
2023,ela,7,50,Armed forces family member,Military Status,5682,5565,2545.7,17.54,32.7,50.23,23.79,25.97
2023,ela,7,51,Not armed forces family member,Military Status,431224,418846,2537.2,16.92,30.48,47.4,22.58,30.01
2023,ela,7,52,Homeless,Homeless Status,13419,12560,2479.9,5.64,21.44,27.09,23.7,49.22
2023,ela,7,53,Not homeless,Homeless Status,423487,411851,2539.1,17.27,30.79,48.06,22.57,29.37
2023,ela,7,74,Black or African American,Race and Ethnicity,22483,21558,2490.1,7.4,22.86,30.26,23.89,45.86
2023,ela,7,75,American Indian or Alaska Native,Race and Ethnicity,1949,1842,2503.4,9.47,25.86,35.33,24.61,40.07
2023,ela,7,76,Asian,Race and Ethnicity,41960,41148,2618.2,43.46,33.97,77.43,11.98,10.59
2023,ela,7,77,Filipino,Race and Ethnicity,9985,9874,2599.3,31.8,40.17,71.97,17.45,10.59
2023,ela,7,78,Hispanic or Latino,Race and Ethnicity,246817,240346,2509.7,9.15,27.48,36.63,25.77,37.6
2023,ela,7,79,Native Hawaiian or Pacific Islander,Race and Ethnicity,1883,1829,2519.3,10.78,29.45,40.23,25.01,34.76
2023,ela,7,80,White,Race and Ethnicity,89115,85879,2572.4,24.55,37.09,61.63,19.97,18.4
2023,ela,7,90,Not a high school graduate,Parent Education,57415,55788,2484.6,5.66,21.79,27.45,25.36,47.18
2023,ela,7,91,High school graduate,Parent Education,91805,89230,2502.1,7.58,25.84,33.42,26.29,40.3
2023,ela,7,92,Some college (includes AA degree),Parent Education,86276,83937,2529.6,11.91,32.3,44.21,25.87,29.92
2023,ela,7,93,College graduate,Parent Education,88107,85821,2574.1,24.92,37.18,62.1,20.07,17.83
2023,ela,7,94,Graduate school/Post graduate,Parent Education,67928,66307,2609.5,38.4,36.35,74.75,14.11,11.14
2023,ela,7,99,No reported disabilities,Disability Status,382245,372632,2551.2,18.87,33.25,52.12,23.15,24.72
2023,ela,7,111,Not socioeconomically disadvantaged,Economic Status,161824,157025,2588.1,30.17,36.94,67.11,17.79,15.09
2023,ela,7,120,ELs enrolled less than 12 months,English-Language Fluency,4600,1989,2377.4,0.15,3.34,3.49,9.45,87.06
2023,ela,7,121,Declined to state,Parent Education,45172,43177,2509.2,11.73,25.72,37.45,23.15,39.4
2023,ela,7,128,Reported disabilities,Disability Status,54661,51779,2437.0,2.92,10.77,13.69,18.61,67.7
2023,ela,7,142,ELs enrolled 12 months or more,English-Language Fluency,60511,59338,2434.4,0.35,7.67,8.02,23.4,68.57
2023,ela,7,144,Two or more races,Race and Ethnicity,22714,21935,2573.1,26.35,35.08,61.43,18.79,19.78
2023,ela,7,160,"EL (English learner, excluding RFEP)",English-Language Fluency,65575,61691,2432.4,0.34,7.51,7.86,22.92,69.22
2023,ela,7,170,EverEL,English-Language Fluency,165507,160670,2509.4,10.57,26.14,36.71,24.58,38.71
2023,ela,7,180,EO (English only),English-Language Fluency,253368,246019,2550.2,19.53,33.01,52.53,21.81,25.66
2023,ela,7,190,TBD (To be determined),English-Language Fluency,105,43,2458.2,7.14,28.57,35.71,9.52,54.76
2023,ela,7,200,Black or African American,Ethnicity for Socioeconomically Disadvantaged,17024,16267,2475.1,5.06,19.61,24.67,23.82,51.51
2023,ela,7,201,American Indian or Alaska Native,Ethnicity for Socioeconomically Disadvantaged,1375,1289,2484.8,6.15,21.96,28.12,25.86,46.03
2023,ela,7,202,Asian,Ethnicity for Socioeconomically Disadvantaged,16122,15780,2575.8,27.41,36.0,63.42,17.8,18.79
2023,ela,7,203,Filipino,Ethnicity for Socioeconomically Disadvantaged,3696,3654,2577.0,23.2,39.96,63.16,21.67,15.17
2023,ela,7,204,Hispanic or Latino,Ethnicity for Socioeconomically Disadvantaged,194591,190012,2499.2,6.98,25.42,32.4,26.46,41.13
2023,ela,7,205,Native Hawaiian or Pacific Islander,Ethnicity for Socioeconomically Disadvantaged,1331,1290,2504.3,7.69,26.48,34.16,26.24,39.6
2023,ela,7,206,White,Ethnicity for Socioeconomically Disadvantaged,31720,30287,2528.8,12.94,31.5,44.45,24.58,30.97
2023,ela,7,207,Two or more races,Ethnicity for Socioeconomically Disadvantaged,9223,8807,2523.9,12.39,30.36,42.75,23.91,33.34
2023,ela,7,220,Black or African American,Ethnicity for Not Socioeconomically Disadvantaged,5459,5291,2536.0,14.57,32.83,47.4,24.11,28.5
2023,ela,7,221,American Indian or Alaska Native,Ethnicity for Not Socioeconomically Disadvantaged,574,553,2546.8,17.18,34.9,52.08,21.7,26.22
2023,ela,7,222,Asian,Ethnicity for Not Socioeconomically Disadvantaged,25838,25368,2644.6,53.44,32.71,86.15,8.36,5.5
2023,ela,7,223,Filipino,Ethnicity for Not Socioeconomically Disadvantaged,6289,6220,2612.4,36.85,40.29,77.14,14.97,7.89
2023,ela,7,224,Hispanic or Latino,Ethnicity for Not Socioeconomically Disadvantaged,52226,50334,2549.3,17.32,35.26,52.58,23.16,24.26
2023,ela,7,225,Native Hawaiian or Pacific Islander,Ethnicity for Not Socioeconomically Disadvantaged,552,539,2555.3,18.18,36.55,54.73,22.08,23.19
2023,ela,7,226,White,Ethnicity for Not Socioeconomically Disadvantaged,57395,55592,2596.0,30.86,40.13,70.99,17.46,11.55
2023,ela,7,227,Two or more races,Ethnicity for Not Socioeconomically Disadvantaged,13491,13128,2606.1,35.69,38.25,73.94,15.36,10.7
2023,ela,7,240,Foster youth,Foster Status,1665,1529,2458.8,3.34,16.32,19.66,22.94,57.4
2023,ela,7,241,Not foster youth,Foster Status,435241,422882,2537.6,16.98,30.56,47.54,22.6,29.86
2023,ela,7,250,LTEL (Long-Term English learner),English-Language Fluency,29226,28558,2418.2,0.32,3.94,4.26,18.12,77.62
2023,ela,7,251,ARLTEL (At-Risk of becoming LTEL),English-Language Fluency,2771,2714,2402.1,0.29,2.91,3.21,14.74,82.05
2023,ela,7,252,NeverEL,English-Language Fluency,271288,263657,2554.3,20.81,33.17,53.98,21.39,24.63
2024,ela,7,1,All Students,All Students,438526,424815,2536.2,17.3,29.9,47.19,22.01,30.79
2024,ela,7,3,Male,Gender,224436,217513,2523.3,14.9,27.92,42.83,22.11,35.06
2024,ela,7,4,Female,Gender,213783,207026,2549.7,19.8,31.97,51.77,21.91,26.32
2024,ela,7,6,"IFEP, RFEP, and EO (Fluent English proficient and English only)",English-Language Fluency,371861,363441,2554.6,20.16,33.83,53.98,22.06,23.95
2024,ela,7,7,IFEP (Initial fluent English proficient),English-Language Fluency,17398,17190,2614.0,40.48,34.08,74.56,15.05,10.38
2024,ela,7,8,RFEP (Reclassified fluent English proficient),English-Language Fluency,96622,95712,2558.2,17.48,37.56,55.04,25.25,19.71
2024,ela,7,28,Migrant education,Migrant,3342,3204,2472.0,5.79,19.12,24.91,24.07,51.02
2024,ela,7,29,Not migrant education,Migrant,435184,421611,2536.7,17.39,29.98,47.36,22.0,30.64
2024,ela,7,31,Socioeconomically disadvantaged,Economic Status,285510,276829,2508.2,10.03,26.53,36.56,24.49,38.95
2024,ela,7,50,Armed forces family member,Military Status,5158,5008,2540.9,16.89,31.84,48.73,23.41,27.86
2024,ela,7,51,Not armed forces family member,Military Status,433368,419807,2536.1,17.3,29.87,47.18,22.0,30.83
2024,ela,7,52,Homeless,Homeless Status,14486,13265,2477.5,6.14,20.54,26.68,23.24,50.08
2024,ela,7,53,Not homeless,Homeless Status,424040,411550,2538.1,17.66,30.2,47.86,21.97,30.17
2024,ela,7,74,Black or African American,Race and Ethnicity,22263,21364,2489.2,7.72,22.53,30.25,23.18,46.57
2024,ela,7,75,American Indian or Alaska Native,Race and Ethnicity,1908,1801,2498.5,8.57,24.11,32.68,24.11,43.21
2024,ela,7,76,Asian,Race and Ethnicity,42764,41736,2618.5,44.18,32.77,76.95,12.04,11.01
2024,ela,7,77,Filipino,Race and Ethnicity,9720,9620,2599.3,31.99,39.9,71.89,17.03,11.08
2024,ela,7,78,Hispanic or Latino,Race and Ethnicity,248304,240796,2508.4,9.56,26.96,36.52,25.01,38.47
2024,ela,7,79,Native Hawaiian or Pacific Islander,Race and Ethnicity,1837,1788,2514.0,10.03,28.12,38.15,25.32,36.53
2024,ela,7,80,White,Race and Ethnicity,88196,85044,2570.7,24.52,36.52,61.05,19.62,19.33
2024,ela,7,90,Not a high school graduate,Parent Education,48644,46821,2480.6,5.57,21.12,26.69,24.6,48.71
2024,ela,7,91,High school graduate,Parent Education,87262,84489,2497.8,7.61,24.58,32.19,25.52,42.29
2024,ela,7,92,Some college (includes AA degree),Parent Education,81075,78814,2527.1,11.72,31.56,43.28,25.57,31.15
2024,ela,7,93,College graduate,Parent Education,87649,85269,2571.3,24.58,36.34,60.92,20.02,19.06
2024,ela,7,94,Graduate school/Post graduate,Parent Education,70077,68314,2609.4,38.78,35.62,74.4,13.91,11.69
2024,ela,7,99,No reported disabilities,Disability Status,382743,371994,2550.4,19.32,32.63,51.95,22.57,25.48
2024,ela,7,111,Not socioeconomically disadvantaged,Economic Status,153016,147986,2588.5,30.89,36.19,67.08,17.39,15.53
2024,ela,7,120,ELs enrolled less than 12 months,English-Language Fluency,6060,2208,2364.6,0.23,1.87,2.1,6.16,91.74
2024,ela,7,121,Declined to state,Parent Education,61659,59141,2512.2,12.54,26.4,38.94,22.45,38.61
2024,ela,7,128,Reported disabilities,Disability Status,55783,52821,2435.7,3.05,10.61,13.67,18.11,68.22
2024,ela,7,142,ELs enrolled 12 months or more,English-Language Fluency,60160,58925,2429.2,0.36,6.77,7.13,22.32,70.55
2024,ela,7,144,Two or more races,Race and Ethnicity,23534,22666,2572.0,26.9,34.22,61.12,18.12,20.76
2024,ela,7,160,"EL (English learner, excluding RFEP)",English-Language Fluency,66468,61300,2426.8,0.35,6.59,6.94,21.72,71.34
2024,ela,7,170,EverEL,English-Language Fluency,163090,157012,2506.9,10.8,25.48,36.28,23.87,39.85
2024,ela,7,180,EO (English only),English-Language Fluency,257841,250539,2549.2,19.78,32.38,52.16,21.33,26.51
2024,ela,7,190,TBD (To be determined),English-Language Fluency,126,31,2388.6,3.23,6.45,9.68,12.9,77.42
2024,ela,7,200,Black or African American,Ethnicity for Socioeconomically Disadvantaged,17445,16735,2476.1,5.66,19.79,25.45,23.12,51.43
2024,ela,7,201,American Indian or Alaska Native,Ethnicity for Socioeconomically Disadvantaged,1368,1294,2482.2,5.58,20.53,26.1,24.55,49.34
2024,ela,7,202,Asian,Ethnicity for Socioeconomically Disadvantaged,18035,17511,2578.9,29.25,34.73,63.98,17.55,18.48
2024,ela,7,203,Filipino,Ethnicity for Socioeconomically Disadvantaged,3923,3870,2579.9,24.86,39.23,64.1,20.19,15.71
2024,ela,7,204,Hispanic or Latino,Ethnicity for Socioeconomically Disadvantaged,198319,192984,2498.3,7.42,25.08,32.5,25.65,41.85
2024,ela,7,205,Native Hawaiian or Pacific Islander,Ethnicity for Socioeconomically Disadvantaged,1346,1305,2501.8,7.13,26.15,33.28,26.3,40.41
2024,ela,7,206,White,Ethnicity for Socioeconomically Disadvantaged,34524,33022,2531.8,14.38,31.83,46.21,23.06,30.73
2024,ela,7,207,Two or more races,Ethnicity for Socioeconomically Disadvantaged,10550,10108,2528.0,14.68,29.84,44.51,22.72,32.76
2024,ela,7,220,Black or African American,Ethnicity for Not Socioeconomically Disadvantaged,4818,4629,2536.5,15.15,32.42,47.57,23.41,29.03
2024,ela,7,221,American Indian or Alaska Native,Ethnicity for Not Socioeconomically Disadvantaged,540,507,2540.4,16.24,33.27,49.5,22.97,27.52
2024,ela,7,222,Asian,Ethnicity for Not Socioeconomically Disadvantaged,24729,24225,2647.1,54.97,31.36,86.33,8.06,5.61
2024,ela,7,223,Filipino,Ethnicity for Not Socioeconomically Disadvantaged,5797,5750,2612.4,36.78,40.35,77.14,14.91,7.95
2024,ela,7,224,Hispanic or Latino,Ethnicity for Not Socioeconomically Disadvantaged,49985,47812,2549.3,18.19,34.54,52.73,22.45,24.82
2024,ela,7,225,Native Hawaiian or Pacific Islander,Ethnicity for Not Socioeconomically Disadvantaged,491,483,2546.9,17.88,33.47,51.35,22.66,25.99
2024,ela,7,226,White,Ethnicity for Not Socioeconomically Disadvantaged,53672,52022,2595.4,30.96,39.5,70.46,17.43,12.11
2024,ela,7,227,Two or more races,Ethnicity for Not Socioeconomically Disadvantaged,12984,12558,2607.4,36.72,37.74,74.46,14.43,11.11
2024,ela,7,240,Foster youth,Foster Status,1499,1387,2451.9,2.96,15.82,18.79,20.16,61.05
2024,ela,7,241,Not foster youth,Foster Status,437027,423428,2536.5,17.35,29.94,47.29,22.02,30.69
2024,ela,7,250,LTEL (Long-Term English learner),English-Language Fluency,29137,28443,2412.7,0.25,3.24,3.5,16.97,79.53
2024,ela,7,251,ARLTEL (At-Risk of becoming LTEL),English-Language Fluency,3130,3068,2397.5,0.13,2.94,3.07,13.21,83.72
2024,ela,7,252,NeverEL,English-Language Fluency,275365,267760,2553.4,21.11,32.49,53.6,20.92,25.48
2025,ela,7,1,All Students,All Students,433823,421932,2542.9,18.92,30.73,49.65,21.8,28.55
2025,ela,7,3,Male,Gender,221600,215583,2530.0,16.57,28.63,45.2,21.95,32.85
2025,ela,7,4,Female,Gender,211954,206096,2556.4,21.37,32.93,54.31,21.63,24.06
2025,ela,7,6,"IFEP, RFEP, and EO (Fluent English proficient and English only)",English-Language Fluency,369874,362082,2561.6,21.99,34.58,56.56,21.67,21.77
2025,ela,7,7,IFEP (Initial fluent English proficient),English-Language Fluency,17255,17047,2622.3,42.97,34.19,77.16,14.23,8.61
2025,ela,7,8,RFEP (Reclassified fluent English proficient),English-Language Fluency,95599,94780,2566.1,19.63,38.84,58.47,24.37,17.16
2025,ela,7,28,Migrant education,Migrant,3461,3345,2474.1,5.63,20.81,26.45,23.57,49.99
2025,ela,7,29,Not migrant education,Migrant,430362,418587,2543.5,19.03,30.81,49.84,21.78,28.38
2025,ela,7,31,Socioeconomically disadvantaged,Economic Status,280305,272655,2513.9,11.05,27.72,38.78,24.57,36.66
2025,ela,7,50,Armed forces family member,Military Status,5763,5629,2550.4,18.93,33.56,52.49,22.15,25.36
2025,ela,7,51,Not armed forces family member,Military Status,428060,416303,2542.8,18.92,30.69,49.62,21.79,28.59
2025,ela,7,52,Homeless,Homeless Status,16843,15770,2476.7,6.28,20.91,27.19,22.65,50.17
2025,ela,7,53,Not homeless,Homeless Status,416980,406162,2545.5,19.41,31.11,50.53,21.77,27.71
2025,ela,7,74,Black or African American,Race and Ethnicity,21533,20730,2496.2,8.73,23.68,32.42,24.24,43.35
2025,ela,7,75,American Indian or Alaska Native,Race and Ethnicity,1857,1768,2500.1,9.17,23.54,32.71,24.05,43.24
2025,ela,7,76,Asian,Race and Ethnicity,45754,44669,2619.6,44.71,32.66,77.37,11.57,11.06
2025,ela,7,77,Filipino,Race and Ethnicity,9746,9630,2605.9,34.98,39.24,74.23,15.81,9.96
2025,ela,7,78,Hispanic or Latino,Race and Ethnicity,243561,237496,2515.4,10.85,28.4,39.25,24.99,35.76
2025,ela,7,79,Native Hawaiian or Pacific Islander,Race and Ethnicity,1876,1812,2518.7,11.39,27.47,38.86,25.76,35.38
2025,ela,7,80,White,Race and Ethnicity,85357,82598,2576.4,26.5,36.38,62.88,19.17,17.95
2025,ela,7,90,Not a high school graduate,Parent Education,45068,43643,2485.1,6.32,22.34,28.66,24.57,46.78
2025,ela,7,91,High school graduate,Parent Education,86627,84259,2503.6,8.31,26.19,34.51,25.59,39.91
2025,ela,7,92,Some college (includes AA degree),Parent Education,79087,77070,2532.3,12.94,32.31,45.25,25.53,29.22
2025,ela,7,93,College graduate,Parent Education,90039,87795,2576.1,26.09,36.66,62.75,19.45,17.81
2025,ela,7,94,Graduate school/Post graduate,Parent Education,72044,70439,2614.6,40.81,35.02,75.82,13.64,10.54
2025,ela,7,99,No reported disabilities,Disability Status,377762,368777,2557.4,21.19,33.45,54.64,22.08,23.29
2025,ela,7,111,Not socioeconomically disadvantaged,Economic Status,153518,149277,2595.9,33.29,36.22,69.51,16.74,13.75
2025,ela,7,120,ELs enrolled less than 12 months,English-Language Fluency,5013,2095,2374.7,0.14,3.69,3.83,8.0,88.16
2025,ela,7,121,Declined to state,Parent Education,59341,57394,2520.5,14.29,27.36,41.65,22.81,35.53
2025,ela,7,128,Reported disabilities,Disability Status,56061,53155,2442.9,3.22,11.85,15.07,19.88,65.06
2025,ela,7,142,ELs enrolled 12 months or more,English-Language Fluency,58675,57583,2432.2,0.39,7.56,7.95,23.14,68.91
2025,ela,7,144,Two or more races,Race and Ethnicity,24139,23229,2578.3,28.69,34.27,62.96,18.01,19.03
2025,ela,7,160,"EL (English learner, excluding RFEP)",English-Language Fluency,63827,59782,2430.1,0.38,7.43,7.81,22.6,69.59
2025,ela,7,170,EverEL,English-Language Fluency,159426,154562,2513.5,12.19,26.69,38.88,23.69,37.44
2025,ela,7,180,EO (English only),English-Language Fluency,257020,250255,2555.7,21.45,32.99,54.44,21.15,24.41
2025,ela,7,200,Black or African American,Ethnicity for Socioeconomically Disadvantaged,16856,16225,2483.3,6.46,21.3,27.77,24.24,48.0
2025,ela,7,201,American Indian or Alaska Native,Ethnicity for Socioeconomically Disadvantaged,1308,1248,2483.4,6.17,20.43,26.6,24.28,49.12
2025,ela,7,202,Asian,Ethnicity for Socioeconomically Disadvantaged,19261,18652,2576.8,29.01,34.72,63.74,16.8,19.47
2025,ela,7,203,Filipino,Ethnicity for Socioeconomically Disadvantaged,3914,3861,2584.5,26.3,40.18,66.48,19.53,13.99
2025,ela,7,204,Hispanic or Latino,Ethnicity for Socioeconomically Disadvantaged,195142,190582,2504.9,8.52,26.61,35.13,25.72,39.15
2025,ela,7,205,Native Hawaiian or Pacific Islander,Ethnicity for Socioeconomically Disadvantaged,1383,1334,2504.5,8.72,24.57,33.28,26.15,40.57
2025,ela,7,206,White,Ethnicity for Socioeconomically Disadvantaged,32076,30844,2534.5,15.35,31.54,46.89,23.16,29.94
2025,ela,7,207,Two or more races,Ethnicity for Socioeconomically Disadvantaged,10365,9909,2533.6,15.03,31.07,46.1,23.74,30.16
2025,ela,7,220,Black or African American,Ethnicity for Not Socioeconomically Disadvantaged,4677,4505,2542.5,16.89,32.25,49.14,24.25,26.61
2025,ela,7,221,American Indian or Alaska Native,Ethnicity for Not Socioeconomically Disadvantaged,549,520,2540.3,16.38,31.02,47.4,23.51,29.09
2025,ela,7,222,Asian,Ethnicity for Not Socioeconomically Disadvantaged,26493,26017,2650.4,55.97,31.18,87.14,7.82,5.04
2025,ela,7,223,Filipino,Ethnicity for Not Socioeconomically Disadvantaged,5832,5769,2620.2,40.8,38.62,79.42,13.32,7.27
2025,ela,7,224,Hispanic or Latino,Ethnicity for Not Socioeconomically Disadvantaged,48419,46914,2558.2,20.28,35.69,55.97,22.03,21.99
2025,ela,7,225,Native Hawaiian or Pacific Islander,Ethnicity for Not Socioeconomically Disadvantaged,493,478,2558.0,18.83,35.56,54.39,24.69,20.92
2025,ela,7,226,White,Ethnicity for Not Socioeconomically Disadvantaged,53281,51754,2601.3,33.14,39.26,72.4,16.79,10.81
2025,ela,7,227,Two or more races,Ethnicity for Not Socioeconomically Disadvantaged,13774,13320,2611.5,38.84,36.65,75.5,13.75,10.76
2025,ela,7,240,Foster youth,Foster Status,1278,1200,2463.2,4.85,17.38,22.22,21.22,56.56
2025,ela,7,241,Not foster youth,Foster Status,432545,420732,2543.2,18.96,30.77,49.73,21.8,28.47
2025,ela,7,250,LTEL (Long-Term English learner),English-Language Fluency,27405,26848,2421.1,0.28,4.03,4.31,19.39,76.3
2025,ela,7,251,ARLTEL (At-Risk of becoming LTEL),English-Language Fluency,2046,2006,2407.1,0.35,3.29,3.64,17.4,78.96
2025,ela,7,252,NeverEL,English-Language Fluency,274324,267312,2560.0,22.82,33.07,55.89,20.71,23.4
2015,ela,8,1,All Students,All Students,474479,455494,2552.5,12.0,33.0,45.0,29.0,26.0
2015,ela,8,3,Male,Gender,474479,232555,2537.4,9.0,30.0,39.0,29.0,32.0
2015,ela,8,4,Female,Gender,474479,222939,2568.3,14.0,37.0,52.0,29.0,20.0
2015,ela,8,6,"IFEP, RFEP, and EO (Fluent English proficient and English only)",English-Language Fluency,474479,395427,2566.7,14.0,38.0,51.0,30.0,19.0
2015,ela,8,7,IFEP (Initial fluent English proficient),English-Language Fluency,474479,21132,2603.0,26.0,41.0,67.0,22.0,11.0
2015,ela,8,8,RFEP (Reclassified fluent English proficient),English-Language Fluency,474479,125318,2562.3,9.0,38.0,47.0,36.0,17.0
2015,ela,8,28,Migrant education,Migrant,474479,3926,2501.8,3.0,20.0,23.0,32.0,44.0
2015,ela,8,31,Socioeconomically disadvantaged,Economic Status,474479,270611,2524.1,5.0,27.0,32.0,33.0,34.0
2015,ela,8,74,Black or African American,Race and Ethnicity,474479,28305,2512.6,5.0,24.0,28.0,31.0,40.0
2015,ela,8,75,American Indian or Alaska Native,Race and Ethnicity,474479,2654,2524.8,6.0,27.0,33.0,33.0,34.0
2015,ela,8,76,Asian,Race and Ethnicity,474479,40902,2619.4,33.0,41.0,74.0,17.0,9.0
2015,ela,8,77,Filipino,Race and Ethnicity,474479,13034,2594.8,19.0,48.0,66.0,23.0,11.0
2015,ela,8,78,Hispanic or Latino,Race and Ethnicity,474479,241998,2526.5,5.0,28.0,33.0,34.0,33.0
2015,ela,8,79,Native Hawaiian or Pacific Islander,Race and Ethnicity,474479,2339,2539.1,7.0,31.0,38.0,33.0,29.0
2015,ela,8,80,White,Race and Ethnicity,474479,113261,2586.5,19.0,42.0,61.0,24.0,14.0
2015,ela,8,90,Not a high school graduate,Parent Education,474479,77016,2509.5,3.0,23.0,26.0,34.0,40.0
2015,ela,8,91,High school graduate,Parent Education,474479,92172,2527.2,5.0,28.0,33.0,34.0,33.0
2015,ela,8,92,Some college (includes AA degree),Parent Education,474479,92915,2551.9,9.0,36.0,45.0,32.0,23.0
2015,ela,8,93,College graduate,Parent Education,474479,80499,2590.8,20.0,44.0,63.0,24.0,13.0
2015,ela,8,94,Graduate school/Post graduate,Parent Education,474479,54200,2620.2,33.0,42.0,75.0,17.0,8.0
2015,ela,8,99,No reported disabilities,Disability Status,474479,410195,2563.0,13.0,36.0,49.0,30.0,21.0
2015,ela,8,111,Not socioeconomically disadvantaged,Economic Status,474479,184883,2594.0,22.0,42.0,64.0,23.0,13.0
2015,ela,8,120,ELs enrolled less than 12 months,English-Language Fluency,474479,1394,2444.5,0.0,9.0,10.0,20.0,71.0
2015,ela,8,121,Declined to state,Parent Education,474479,58483,2534.1,9.0,28.0,37.0,30.0,33.0
2015,ela,8,128,Reported disabilities,Disability Status,474479,45299,2456.8,1.0,8.0,10.0,21.0,69.0
2015,ela,8,142,ELs enrolled 12 months or more,English-Language Fluency,474479,57406,2457.8,0.0,5.0,6.0,26.0,68.0
2015,ela,8,144,Two or more races,Race and Ethnicity,474479,10555,2585.0,20.0,40.0,61.0,23.0,16.0
2015,ela,8,160,"EL (English learner, excluding RFEP)",English-Language Fluency,474479,59042,2457.5,0.0,5.0,6.0,26.0,68.0
2015,ela,8,180,EO (English only),English-Language Fluency,474479,248977,2565.9,15.0,37.0,52.0,27.0,21.0
2015,ela,8,200,Black or African American,Ethnicity for Socioeconomically Disadvantaged,474479,19929,2499.5,3.0,20.0,23.0,32.0,46.0
2015,ela,8,201,American Indian or Alaska Native,Ethnicity for Socioeconomically Disadvantaged,474479,1663,2506.7,3.0,21.0,25.0,34.0,42.0
2015,ela,8,202,Asian,Ethnicity for Socioeconomically Disadvantaged,474479,15503,2581.2,18.0,41.0,59.0,25.0,16.0
2015,ela,8,203,Filipino,Ethnicity for Socioeconomically Disadvantaged,474479,4539,2569.6,11.0,43.0,54.0,29.0,17.0
2015,ela,8,204,Hispanic or Latino,Ethnicity for Socioeconomically Disadvantaged,474479,192250,2518.0,4.0,25.0,29.0,35.0,36.0
2015,ela,8,205,Native Hawaiian or Pacific Islander,Ethnicity for Socioeconomically Disadvantaged,474479,1485,2522.2,4.0,27.0,31.0,34.0,35.0
2015,ela,8,206,White,Ethnicity for Socioeconomically Disadvantaged,474479,30414,2541.5,7.0,33.0,41.0,31.0,28.0
2015,ela,8,207,Two or more races,Ethnicity for Socioeconomically Disadvantaged,474479,3622,2540.7,8.0,34.0,41.0,30.0,29.0
2015,ela,8,220,Black or African American,Ethnicity for Not Socioeconomically Disadvantaged,474479,8376,2543.9,9.0,33.0,42.0,30.0,27.0
2015,ela,8,221,American Indian or Alaska Native,Ethnicity for Not Socioeconomically Disadvantaged,474479,991,2554.9,10.0,36.0,46.0,32.0,22.0
2015,ela,8,222,Asian,Ethnicity for Not Socioeconomically Disadvantaged,474479,25399,2642.7,42.0,41.0,83.0,12.0,5.0
2015,ela,8,223,Filipino,Ethnicity for Not Socioeconomically Disadvantaged,474479,8495,2608.2,23.0,50.0,73.0,19.0,8.0
2015,ela,8,224,Hispanic or Latino,Ethnicity for Not Socioeconomically Disadvantaged,474479,49748,2559.3,11.0,38.0,49.0,30.0,21.0
2015,ela,8,225,Native Hawaiian or Pacific Islander,Ethnicity for Not Socioeconomically Disadvantaged,474479,854,2568.3,13.0,38.0,50.0,32.0,18.0
2015,ela,8,226,White,Ethnicity for Not Socioeconomically Disadvantaged,474479,82847,2602.9,23.0,46.0,69.0,22.0,10.0
2015,ela,8,227,Two or more races,Ethnicity for Not Socioeconomically Disadvantaged,474479,6933,2607.9,27.0,44.0,71.0,19.0,10.0
2016,ela,8,1,All Students,All Students,467793,452784,2559.5,14.0,34.0,49.0,27.0,25.0
2016,ela,8,3,Male,Gender,238868,230869,2543.3,12.0,31.0,42.0,27.0,30.0
2016,ela,8,4,Female,Gender,228925,221915,2576.3,18.0,38.0,56.0,26.0,18.0
2016,ela,8,6,"IFEP, RFEP, and EO (Fluent English proficient and English only)",English-Language Fluency,407431,396572,2573.9,16.0,38.0,55.0,27.0,18.0
2016,ela,8,7,IFEP (Initial fluent English proficient),English-Language Fluency,21527,21130,2615.1,30.0,41.0,72.0,19.0,9.0
2016,ela,8,8,RFEP (Reclassified fluent English proficient),English-Language Fluency,129928,128659,2569.4,12.0,40.0,51.0,32.0,16.0
2016,ela,8,28,Migrant education,Migrant,3977,3832,2504.5,4.0,23.0,26.0,31.0,43.0
2016,ela,8,31,Socioeconomically disadvantaged,Economic Status,286284,277663,2530.4,7.0,29.0,36.0,31.0,33.0
2016,ela,8,74,Black or African American,Race and Ethnicity,28335,26941,2517.0,6.0,26.0,32.0,28.0,40.0
2016,ela,8,75,American Indian or Alaska Native,Race and Ethnicity,2748,2593,2530.8,8.0,29.0,37.0,29.0,34.0
2016,ela,8,76,Asian,Race and Ethnicity,42235,41192,2629.6,38.0,39.0,77.0,14.0,8.0
2016,ela,8,77,Filipino,Race and Ethnicity,12697,12508,2605.2,25.0,45.0,70.0,20.0,10.0
2016,ela,8,78,Hispanic or Latino,Race and Ethnicity,249067,242721,2533.2,7.0,30.0,37.0,31.0,31.0
2016,ela,8,79,Native Hawaiian or Pacific Islander,Race and Ethnicity,2449,2353,2547.1,9.0,34.0,43.0,30.0,27.0
2016,ela,8,80,White,Race and Ethnicity,115013,110236,2593.6,23.0,42.0,64.0,22.0,14.0
2016,ela,8,90,Not a high school graduate,Parent Education,77973,75791,2514.5,4.0,25.0,29.0,32.0,39.0
2016,ela,8,91,High school graduate,Parent Education,96067,93430,2533.6,7.0,31.0,37.0,31.0,31.0
2016,ela,8,92,Some college (includes AA degree),Parent Education,95280,92518,2558.1,11.0,38.0,49.0,29.0,22.0
2016,ela,8,93,College graduate,Parent Education,83322,80786,2598.8,24.0,43.0,67.0,21.0,12.0
2016,ela,8,94,Graduate school/Post graduate,Parent Education,57791,55920,2628.3,37.0,40.0,77.0,15.0,8.0
2016,ela,8,99,No reported disabilities,Disability Status,418403,405912,2571.2,16.0,37.0,53.0,27.0,20.0
2016,ela,8,111,Not socioeconomically disadvantaged,Economic Status,181509,175121,2605.5,27.0,42.0,69.0,20.0,11.0
2016,ela,8,120,ELs enrolled less than 12 months,English-Language Fluency,2739,1092,2440.8,1.0,10.0,11.0,18.0,72.0
2016,ela,8,121,Declined to state,Parent Education,56794,54101,2539.4,11.0,30.0,40.0,28.0,32.0
2016,ela,8,128,Reported disabilities,Disability Status,49390,46872,2456.8,2.0,9.0,11.0,21.0,68.0
2016,ela,8,142,ELs enrolled 12 months or more,English-Language Fluency,55570,53998,2457.0,0.0,6.0,7.0,26.0,68.0
2016,ela,8,144,Two or more races,Race and Ethnicity,12215,11702,2591.6,23.0,40.0,63.0,22.0,15.0
2016,ela,8,160,"EL (English learner, excluding RFEP)",English-Language Fluency,58775,55418,2456.6,0.0,6.0,7.0,26.0,68.0
2016,ela,8,180,EO (English only),English-Language Fluency,255976,246783,2572.6,18.0,37.0,55.0,25.0,21.0
2016,ela,8,200,Black or African American,Ethnicity for Socioeconomically Disadvantaged,20804,19799,2504.0,4.0,23.0,26.0,29.0,45.0
2016,ela,8,201,American Indian or Alaska Native,Ethnicity for Socioeconomically Disadvantaged,1801,1689,2510.8,4.0,25.0,29.0,31.0,40.0
2016,ela,8,202,Asian,Ethnicity for Socioeconomically Disadvantaged,15990,15560,2589.2,22.0,41.0,62.0,22.0,15.0
2016,ela,8,203,Filipino,Ethnicity for Socioeconomically Disadvantaged,4539,4455,2579.8,16.0,43.0,59.0,26.0,15.0
2016,ela,8,204,Hispanic or Latino,Ethnicity for Socioeconomically Disadvantaged,202648,197834,2524.3,5.0,28.0,33.0,32.0,35.0
2016,ela,8,205,Native Hawaiian or Pacific Islander,Ethnicity for Socioeconomically Disadvantaged,1590,1528,2531.9,6.0,30.0,36.0,32.0,32.0
2016,ela,8,206,White,Ethnicity for Socioeconomically Disadvantaged,32985,31270,2547.7,10.0,35.0,45.0,29.0,26.0
2016,ela,8,207,Two or more races,Ethnicity for Socioeconomically Disadvantaged,4476,4230,2545.8,9.0,34.0,44.0,29.0,28.0
2016,ela,8,220,Black or African American,Ethnicity for Not Socioeconomically Disadvantaged,7531,7142,2552.9,12.0,36.0,48.0,26.0,26.0
2016,ela,8,221,American Indian or Alaska Native,Ethnicity for Not Socioeconomically Disadvantaged,947,904,2567.7,16.0,37.0,53.0,26.0,21.0
2016,ela,8,222,Asian,Ethnicity for Not Socioeconomically Disadvantaged,26245,25632,2654.1,48.0,38.0,86.0,10.0,4.0
2016,ela,8,223,Filipino,Ethnicity for Not Socioeconomically Disadvantaged,8158,8053,2619.3,30.0,46.0,76.0,17.0,7.0
2016,ela,8,224,Hispanic or Latino,Ethnicity for Not Socioeconomically Disadvantaged,46419,44887,2572.3,15.0,40.0,55.0,27.0,18.0
2016,ela,8,225,Native Hawaiian or Pacific Islander,Ethnicity for Not Socioeconomically Disadvantaged,859,825,2575.1,14.0,41.0,55.0,28.0,16.0
2016,ela,8,226,White,Ethnicity for Not Socioeconomically Disadvantaged,82028,78966,2611.7,28.0,44.0,72.0,19.0,9.0
2016,ela,8,227,Two or more races,Ethnicity for Not Socioeconomically Disadvantaged,7739,7472,2617.4,30.0,44.0,74.0,18.0,8.0
2017,ela,8,1,All Students,All Students,470237,457047,2558.7,15.47,33.14,48.61,25.97,25.42
2017,ela,8,3,Male,Gender,240486,233511,2541.9,12.3,29.94,42.24,26.27,31.49
2017,ela,8,4,Female,Gender,229751,223536,2576.2,18.79,36.47,55.26,25.66,19.08
2017,ela,8,6,"IFEP, RFEP, and EO (Fluent English proficient and English only)",English-Language Fluency,411703,402781,2573.1,17.49,36.8,54.29,26.23,19.48
2017,ela,8,7,IFEP (Initial fluent English proficient),English-Language Fluency,22779,22493,2616.8,32.6,39.12,71.73,18.15,10.13
2017,ela,8,8,RFEP (Reclassified fluent English proficient),English-Language Fluency,131766,130792,2567.5,12.61,38.2,50.8,31.42,17.78
2017,ela,8,28,Migrant education,Migrant,3684,3580,2502.4,3.97,21.84,25.81,30.68,43.51
2017,ela,8,31,Socioeconomically disadvantaged,Economic Status,278695,271332,2527.8,7.22,28.33,35.55,30.08,34.37
2017,ela,8,74,Black or African American,Race and Ethnicity,26592,25550,2515.1,6.75,24.78,31.54,27.74,40.72
2017,ela,8,75,American Indian or Alaska Native,Race and Ethnicity,2561,2423,2527.1,8.23,26.99,35.22,29.6,35.18
2017,ela,8,76,Asian,Race and Ethnicity,43938,43015,2630.5,39.75,37.29,77.04,14.21,8.75
2017,ela,8,77,Filipino,Race and Ethnicity,12007,11858,2604.1,24.88,44.35,69.23,20.2,10.57
2017,ela,8,78,Hispanic or Latino,Race and Ethnicity,251267,245280,2531.5,7.59,29.4,36.99,30.27,32.74
2017,ela,8,79,Native Hawaiian or Pacific Islander,Race and Ethnicity,2286,2238,2542.4,9.62,31.23,40.85,30.34,28.81
2017,ela,8,80,White,Race and Ethnicity,114370,110271,2593.3,23.72,40.06,63.78,21.62,14.6
2017,ela,8,90,Not a high school graduate,Parent Education,76997,74900,2511.0,4.66,23.92,28.58,30.41,41.01
2017,ela,8,91,High school graduate,Parent Education,95399,93090,2531.1,7.31,29.37,36.68,30.61,32.71
2017,ela,8,92,Some college (includes AA degree),Parent Education,95184,92856,2555.2,11.38,36.08,47.47,28.57,23.96
2017,ela,8,93,College graduate,Parent Education,87661,85485,2597.7,24.66,41.0,65.66,21.15,13.19
2017,ela,8,94,Graduate school/Post graduate,Parent Education,61010,59329,2628.8,38.45,38.32,76.77,14.87,8.36
2017,ela,8,99,No reported disabilities,Disability Status,418805,408126,2571.1,17.1,35.99,53.09,26.61,20.3
2017,ela,8,111,Not socioeconomically disadvantaged,Economic Status,191542,185715,2603.8,27.52,40.16,67.68,19.97,12.35
2017,ela,8,120,ELs enrolled less than 12 months,English-Language Fluency,3417,1155,2428.1,0.7,7.4,8.09,17.41,74.5
2017,ela,8,121,Declined to state,Parent Education,53713,51286,2538.5,11.57,29.02,40.59,27.27,32.14
2017,ela,8,128,Reported disabilities,Disability Status,51432,48921,2454.9,1.86,9.3,11.16,20.67,68.17
2017,ela,8,142,ELs enrolled 12 months or more,English-Language Fluency,53441,52168,2451.1,0.42,5.68,6.1,24.19,69.72
2017,ela,8,144,Two or more races,Race and Ethnicity,14216,13791,2592.5,24.42,38.68,63.1,21.43,15.47
2017,ela,8,160,"EL (English learner, excluding RFEP)",English-Language Fluency,57368,53732,2450.7,0.42,5.74,6.17,24.07,69.76
2017,ela,8,170,EverEL,English-Language Fluency,189134,184524,2533.5,9.06,28.75,37.81,29.28,32.91
2017,ela,8,180,EO (English only),English-Language Fluency,257158,249496,2572.2,18.69,35.86,54.55,24.23,21.22
2017,ela,8,190,TBD (To be determined),English-Language Fluency,359,138,2466.7,6.52,15.94,22.46,21.74,55.8
2017,ela,8,200,Black or African American,Ethnicity for Socioeconomically Disadvantaged,19044,18289,2499.6,4.11,20.98,25.09,28.43,46.48
2017,ela,8,201,American Indian or Alaska Native,Ethnicity for Socioeconomically Disadvantaged,1629,1540,2507.9,4.49,23.05,27.54,30.79,41.67
2017,ela,8,202,Asian,Ethnicity for Socioeconomically Disadvantaged,16094,15703,2588.7,23.17,38.5,61.67,21.89,16.44
2017,ela,8,203,Filipino,Ethnicity for Socioeconomically Disadvantaged,4102,4033,2578.6,17.42,40.11,57.53,26.15,16.32
2017,ela,8,204,Hispanic or Latino,Ethnicity for Socioeconomically Disadvantaged,199376,195071,2521.7,5.55,27.16,32.7,31.23,36.06
2017,ela,8,205,Native Hawaiian or Pacific Islander,Ethnicity for Socioeconomically Disadvantaged,1425,1403,2526.6,6.29,27.86,34.14,31.86,34.0
2017,ela,8,206,White,Ethnicity for Socioeconomically Disadvantaged,30824,29418,2545.1,10.11,33.41,43.52,28.51,27.96
2017,ela,8,207,Two or more races,Ethnicity for Socioeconomically Disadvantaged,4728,4540,2543.9,10.44,32.06,42.5,28.66,28.84
2017,ela,8,220,Black or African American,Ethnicity for Not Socioeconomically Disadvantaged,7548,7261,2554.3,13.41,34.36,47.77,25.99,26.24
2017,ela,8,221,American Indian or Alaska Native,Ethnicity for Not Socioeconomically Disadvantaged,932,883,2560.5,14.72,33.86,48.58,27.52,23.9
2017,ela,8,222,Asian,Ethnicity for Not Socioeconomically Disadvantaged,27844,27312,2654.4,49.28,36.6,85.87,9.8,4.33
2017,ela,8,223,Filipino,Ethnicity for Not Socioeconomically Disadvantaged,7905,7825,2617.3,28.72,46.53,75.25,17.14,7.61
2017,ela,8,224,Hispanic or Latino,Ethnicity for Not Socioeconomically Disadvantaged,51891,50209,2569.5,15.52,38.11,53.63,26.55,19.82
2017,ela,8,225,Native Hawaiian or Pacific Islander,Ethnicity for Not Socioeconomically Disadvantaged,861,835,2568.9,15.21,36.89,52.1,27.78,20.12
2017,ela,8,226,White,Ethnicity for Not Socioeconomically Disadvantaged,83546,80853,2610.8,28.67,42.48,71.15,19.11,9.74
2017,ela,8,227,Two or more races,Ethnicity for Not Socioeconomically Disadvantaged,9488,9251,2616.4,31.28,41.92,73.2,17.88,8.91
2018,ela,8,1,All Students,All Students,472096,458628,2559.0,15.97,33.15,49.12,25.04,25.84
2018,ela,8,3,Male,Gender,241504,234390,2541.3,12.51,29.97,42.48,25.33,32.2
2018,ela,8,4,Female,Gender,230592,224238,2577.5,19.58,36.48,56.06,24.74,19.2
2018,ela,8,6,"IFEP, RFEP, and EO (Fluent English proficient and English only)",English-Language Fluency,415230,405027,2573.5,18.02,36.78,54.8,25.29,19.91
2018,ela,8,7,IFEP (Initial fluent English proficient),English-Language Fluency,21738,21406,2620.6,34.31,39.21,73.52,16.85,9.63
2018,ela,8,8,RFEP (Reclassified fluent English proficient),English-Language Fluency,134623,133180,2568.2,13.34,38.15,51.49,30.27,18.25
2018,ela,8,28,Migrant education,Migrant,3722,3628,2507.8,4.86,23.92,28.78,29.44,41.78
2018,ela,8,31,Socioeconomically disadvantaged,Economic Status,284018,276615,2528.8,7.91,28.62,36.54,28.89,34.57
2018,ela,8,74,Black or African American,Race and Ethnicity,25939,24944,2512.9,6.77,24.69,31.46,26.29,42.25
2018,ela,8,75,American Indian or Alaska Native,Race and Ethnicity,2558,2403,2526.3,8.22,27.4,35.61,28.27,36.11
2018,ela,8,76,Asian,Race and Ethnicity,44694,43875,2631.6,40.65,36.99,77.64,13.39,8.96
2018,ela,8,77,Filipino,Race and Ethnicity,11464,11291,2609.0,27.33,43.28,70.61,19.45,9.94
2018,ela,8,78,Hispanic or Latino,Race and Ethnicity,253674,247730,2531.8,7.97,29.7,37.68,29.26,33.07
2018,ela,8,79,Native Hawaiian or Pacific Islander,Race and Ethnicity,2364,2306,2541.2,11.41,29.34,40.76,28.78,30.47
2018,ela,8,80,White,Race and Ethnicity,112365,107936,2592.9,23.9,39.95,63.84,20.99,15.16
2018,ela,8,90,Not a high school graduate,Parent Education,75191,73235,2511.2,5.09,24.32,29.41,29.64,40.95
2018,ela,8,91,High school graduate,Parent Education,95300,93017,2529.7,7.4,29.22,36.62,29.57,33.81
2018,ela,8,92,Some college (includes AA degree),Parent Education,95788,93338,2555.1,11.87,35.72,47.59,27.88,24.54
2018,ela,8,93,College graduate,Parent Education,88854,86472,2597.6,24.79,41.07,65.86,20.46,13.68
2018,ela,8,94,Graduate school/Post graduate,Parent Education,64284,62376,2629.1,38.74,38.38,77.12,14.11,8.77
2018,ela,8,99,No reported disabilities,Disability Status,419309,408687,2571.7,17.68,36.03,53.71,25.61,20.68
2018,ela,8,111,Not socioeconomically disadvantaged,Economic Status,188078,182013,2604.8,28.2,40.03,68.23,19.19,12.58
2018,ela,8,120,ELs enrolled less than 12 months,English-Language Fluency,2527,1088,2433.7,0.55,8.12,8.67,18.73,72.6
2018,ela,8,121,Declined to state,Parent Education,52466,50094,2536.4,11.81,28.42,40.23,26.13,33.64
2018,ela,8,128,Reported disabilities,Disability Status,52787,49941,2455.0,1.9,9.58,11.48,20.38,68.14
2018,ela,8,142,ELs enrolled 12 months or more,English-Language Fluency,53004,51688,2448.7,0.37,5.49,5.86,23.26,70.87
2018,ela,8,144,Two or more races,Race and Ethnicity,15992,15411,2596.5,26.71,38.19,64.9,19.82,15.28
2018,ela,8,160,"EL (English learner, excluding RFEP)",English-Language Fluency,55950,53100,2448.4,0.37,5.56,5.94,23.15,70.91
2018,ela,8,170,EverEL,English-Language Fluency,190573,186280,2534.1,9.64,28.87,38.51,28.24,33.25
2018,ela,8,180,EO (English only),English-Language Fluency,258869,250441,2572.4,19.11,35.84,54.96,23.36,21.68
2018,ela,8,190,TBD (To be determined),English-Language Fluency,306,135,2450.5,4.48,13.43,17.91,15.67,66.42
2018,ela,8,200,Black or African American,Ethnicity for Socioeconomically Disadvantaged,18655,17915,2497.4,4.28,21.01,25.28,26.51,48.21
2018,ela,8,201,American Indian or Alaska Native,Ethnicity for Socioeconomically Disadvantaged,1661,1550,2509.2,4.98,23.3,28.28,29.71,42.01
2018,ela,8,202,Asian,Ethnicity for Socioeconomically Disadvantaged,17182,16800,2591.7,24.87,38.42,63.29,20.12,16.59
2018,ela,8,203,Filipino,Ethnicity for Socioeconomically Disadvantaged,4073,3999,2582.9,18.54,41.03,59.57,24.44,15.99
2018,ela,8,204,Hispanic or Latino,Ethnicity for Socioeconomically Disadvantaged,201433,197114,2522.0,5.96,27.44,33.4,30.24,36.36
2018,ela,8,205,Native Hawaiian or Pacific Islander,Ethnicity for Socioeconomically Disadvantaged,1525,1492,2524.6,8.12,25.84,33.96,29.6,36.44
2018,ela,8,206,White,Ethnicity for Socioeconomically Disadvantaged,32529,31155,2547.3,11.2,33.56,44.76,27.21,28.03
2018,ela,8,207,Two or more races,Ethnicity for Socioeconomically Disadvantaged,5487,5237,2548.9,12.36,32.82,45.18,26.96,27.86
2018,ela,8,220,Black or African American,Ethnicity for Not Socioeconomically Disadvantaged,7284,7029,2552.4,13.12,34.06,47.18,25.75,27.07
2018,ela,8,221,American Indian or Alaska Native,Ethnicity for Not Socioeconomically Disadvantaged,897,853,2557.2,14.07,34.82,48.89,25.67,25.44
2018,ela,8,222,Asian,Ethnicity for Not Socioeconomically Disadvantaged,27512,27075,2656.3,50.44,36.11,86.55,9.22,4.23
2018,ela,8,223,Filipino,Ethnicity for Not Socioeconomically Disadvantaged,7391,7292,2623.3,32.15,44.51,76.66,16.72,6.62
2018,ela,8,224,Hispanic or Latino,Ethnicity for Not Socioeconomically Disadvantaged,52241,50616,2570.1,15.8,38.52,54.32,25.42,20.26
2018,ela,8,225,Native Hawaiian or Pacific Islander,Ethnicity for Not Socioeconomically Disadvantaged,839,814,2571.8,17.44,35.75,53.19,27.27,19.53
2018,ela,8,226,White,Ethnicity for Not Socioeconomically Disadvantaged,79836,76781,2611.4,29.04,42.54,71.58,18.47,9.95
2018,ela,8,227,Two or more races,Ethnicity for Not Socioeconomically Disadvantaged,10505,10174,2621.0,34.09,40.95,75.04,16.15,8.82
2019,ela,8,1,All Students,All Students,474833,461955,2560.8,17.04,32.37,49.41,24.93,25.66
2019,ela,8,3,Male,Gender,242305,235521,2543.7,13.75,29.28,43.03,25.12,31.85
2019,ela,8,4,Female,Gender,232528,226434,2578.6,20.45,35.59,56.05,24.74,19.22
2019,ela,8,6,"IFEP, RFEP, and EO (Fluent English proficient and English only)",English-Language Fluency,415784,406358,2575.6,19.32,35.98,55.3,24.96,19.74
2019,ela,8,7,IFEP (Initial fluent English proficient),English-Language Fluency,20293,20028,2628.4,38.22,37.28,75.5,15.95,8.54
2019,ela,8,8,RFEP (Reclassified fluent English proficient),English-Language Fluency,134086,133056,2571.3,14.7,38.07,52.77,29.62,17.61
2019,ela,8,28,Migrant education,Migrant,3833,3750,2508.3,5.18,23.74,28.92,27.69,43.39
2019,ela,8,31,Socioeconomically disadvantaged,Economic Status,286314,278950,2530.9,8.76,28.4,37.16,28.73,34.11
2019,ela,8,50,Armed forces family member,Military Status,4889,4802,2578.6,19.69,37.92,57.62,23.0,19.38
2019,ela,8,51,Not armed forces family member,Military Status,469944,457153,2560.6,17.01,32.32,49.33,24.95,25.72
2019,ela,8,52,Homeless,Homeless Status,16028,15152,2512.9,6.3,24.44,30.73,28.09,41.18
2019,ela,8,53,Not homeless,Homeless Status,458805,446803,2562.4,17.4,32.64,50.04,24.82,25.13
2019,ela,8,74,Black or African American,Race and Ethnicity,25453,24413,2513.8,7.37,24.05,31.41,26.69,41.9
2019,ela,8,75,American Indian or Alaska Native,Race and Ethnicity,2507,2397,2527.0,9.19,26.08,35.27,28.17,36.56
2019,ela,8,76,Asian,Race and Ethnicity,44189,43496,2634.3,42.38,35.37,77.75,13.36,8.89
2019,ela,8,77,Filipino,Race and Ethnicity,11049,10908,2611.5,29.28,41.74,71.03,18.99,9.98
2019,ela,8,78,Hispanic or Latino,Race and Ethnicity,259777,253793,2534.3,9.04,29.4,38.44,29.07,32.49
2019,ela,8,79,Native Hawaiian or Pacific Islander,Race and Ethnicity,2261,2189,2543.7,11.38,30.16,41.54,28.52,29.94
2019,ela,8,80,White,Race and Ethnicity,109449,105419,2594.9,25.36,38.73,64.09,20.68,15.23
2019,ela,8,90,Not a high school graduate,Parent Education,74198,72293,2513.2,5.63,24.36,29.99,29.37,40.64
2019,ela,8,91,High school graduate,Parent Education,96953,94695,2530.8,8.13,28.78,36.91,29.46,33.63
2019,ela,8,92,Some college (includes AA degree),Parent Education,96073,93553,2555.9,12.79,34.78,47.57,27.84,24.59
2019,ela,8,93,College graduate,Parent Education,90601,88357,2599.0,26.24,39.42,65.66,20.55,13.8
2019,ela,8,94,Graduate school/Post graduate,Parent Education,65298,63613,2631.8,40.13,37.16,77.3,14.22,8.48
2019,ela,8,99,No reported disabilities,Disability Status,419514,409450,2573.8,18.93,35.21,54.14,25.38,20.48
2019,ela,8,111,Not socioeconomically disadvantaged,Economic Status,188519,183005,2606.4,29.65,38.42,68.07,19.14,12.79
2019,ela,8,120,ELs enrolled less than 12 months,English-Language Fluency,2938,1079,2419.0,0.19,5.14,5.32,17.09,77.59
2019,ela,8,121,Declined to state,Parent Education,51551,49386,2537.4,12.63,27.66,40.29,25.88,33.83
2019,ela,8,128,Reported disabilities,Disability Status,55319,52505,2458.8,2.24,10.2,12.43,21.44,66.13
2019,ela,8,142,ELs enrolled 12 months or more,English-Language Fluency,55023,53828,2452.4,0.33,5.85,6.18,24.96,68.87
2019,ela,8,144,Two or more races,Race and Ethnicity,17523,16966,2598.9,27.94,37.13,65.08,19.39,15.53
2019,ela,8,160,"EL (English learner, excluding RFEP)",English-Language Fluency,58504,55331,2451.7,0.33,5.85,6.18,24.76,69.05
2019,ela,8,170,EverEL,English-Language Fluency,192590,188387,2536.2,10.48,28.62,39.1,28.19,32.71
2019,ela,8,180,EO (English only),English-Language Fluency,261405,253274,2573.8,20.25,34.78,55.03,23.22,21.75
2019,ela,8,190,TBD (To be determined),English-Language Fluency,273,115,2481.6,5.22,18.26,23.48,18.26,58.26
2019,ela,8,200,Black or African American,Ethnicity for Socioeconomically Disadvantaged,18454,17715,2499.3,4.81,20.59,25.39,27.23,47.37
2019,ela,8,201,American Indian or Alaska Native,Ethnicity for Socioeconomically Disadvantaged,1601,1534,2508.1,5.35,22.58,27.94,29.44,42.62
2019,ela,8,202,Asian,Ethnicity for Socioeconomically Disadvantaged,16648,16356,2594.4,25.96,38.08,64.03,19.82,16.15
2019,ela,8,203,Filipino,Ethnicity for Socioeconomically Disadvantaged,3785,3715,2586.5,20.73,40.3,61.02,23.69,15.29
2019,ela,8,204,Hispanic or Latino,Ethnicity for Socioeconomically Disadvantaged,204432,200100,2524.3,6.86,27.32,34.18,30.02,35.81
2019,ela,8,205,Native Hawaiian or Pacific Islander,Ethnicity for Socioeconomically Disadvantaged,1443,1400,2526.7,6.86,26.88,33.74,31.38,34.88
2019,ela,8,206,White,Ethnicity for Socioeconomically Disadvantaged,32643,31138,2549.0,12.2,33.2,45.4,26.88,27.73
2019,ela,8,207,Two or more races,Ethnicity for Socioeconomically Disadvantaged,5959,5719,2549.9,13.36,31.7,45.07,26.87,28.06
2019,ela,8,220,Black or African American,Ethnicity for Not Socioeconomically Disadvantaged,6999,6698,2552.1,14.12,33.2,47.32,25.25,27.42
2019,ela,8,221,American Indian or Alaska Native,Ethnicity for Not Socioeconomically Disadvantaged,906,863,2560.5,16.03,32.29,48.32,25.9,25.78
2019,ela,8,222,Asian,Ethnicity for Not Socioeconomically Disadvantaged,27541,27140,2658.4,52.27,33.74,86.01,9.47,4.51
2019,ela,8,223,Filipino,Ethnicity for Not Socioeconomically Disadvantaged,7264,7193,2624.5,33.7,42.49,76.2,16.56,7.24
2019,ela,8,224,Hispanic or Latino,Ethnicity for Not Socioeconomically Disadvantaged,55345,53693,2571.5,17.18,37.12,54.3,25.56,20.13
2019,ela,8,225,Native Hawaiian or Pacific Islander,Ethnicity for Not Socioeconomically Disadvantaged,818,789,2573.8,19.39,35.99,55.39,23.45,21.17
2019,ela,8,226,White,Ethnicity for Not Socioeconomically Disadvantaged,76806,74281,2614.1,30.87,41.05,71.92,18.09,9.99
2019,ela,8,227,Two or more races,Ethnicity for Not Socioeconomically Disadvantaged,11564,11247,2623.8,35.35,39.89,75.24,15.6,9.16
2021,ela,8,1,All Students,All Students,460669,99975,2554.1,16.14,31.24,47.37,25.01,27.62
2021,ela,8,3,Male,Gender,236342,51330,2538.3,13.24,28.54,41.78,25.42,32.81
2021,ela,8,4,Female,Gender,224161,48611,2570.7,19.2,34.09,53.29,24.57,22.14
2021,ela,8,6,"IFEP, RFEP, and EO (Fluent English proficient and English only)",English-Language Fluency,397035,86368,2570.8,18.58,35.04,53.62,25.13,21.25
2021,ela,8,7,IFEP (Initial fluent English proficient),English-Language Fluency,18911,4032,2630.5,38.1,36.89,74.99,15.92,9.09
2021,ela,8,8,RFEP (Reclassified fluent English proficient),English-Language Fluency,118456,24253,2570.1,15.05,37.93,52.98,28.73,18.29
2021,ela,8,28,Migrant education,Migrant,3480,807,2492.8,5.25,20.38,25.63,27.38,47.0
2021,ela,8,29,Not migrant education,Migrant,457189,99168,2554.6,16.23,31.33,47.55,24.99,27.46
2021,ela,8,31,Socioeconomically disadvantaged,Economic Status,272263,55720,2521.3,8.13,26.53,34.66,28.28,37.06
2021,ela,8,50,Armed forces family member,Military Status,5586,1116,2569.3,17.06,37.66,54.72,22.78,22.5
2021,ela,8,51,Not armed forces family member,Military Status,455083,98859,2553.9,16.13,31.16,47.29,25.03,27.68
2021,ela,8,52,Homeless,Homeless Status,14696,2482,2502.3,6.06,21.73,27.79,27.37,44.84
2021,ela,8,53,Not homeless,Homeless Status,445973,97493,2555.4,16.39,31.47,47.86,24.95,27.19
2021,ela,8,74,Black or African American,Race and Ethnicity,24342,4466,2513.6,7.83,24.08,31.9,27.45,40.65
2021,ela,8,75,American Indian or Alaska Native,Race and Ethnicity,2179,711,2515.7,7.05,24.32,31.37,27.48,41.15
2021,ela,8,76,Asian,Race and Ethnicity,42974,9179,2630.4,40.06,35.89,75.94,13.71,10.35
2021,ela,8,77,Filipino,Race and Ethnicity,9630,2275,2608.4,27.4,43.15,70.55,18.79,10.66
2021,ela,8,78,Hispanic or Latino,Race and Ethnicity,257242,51437,2523.9,8.38,27.17,35.55,28.59,35.86
2021,ela,8,79,Native Hawaiian or Pacific Islander,Race and Ethnicity,2130,504,2536.6,8.94,31.91,40.85,26.83,32.32
2021,ela,8,80,White,Race and Ethnicity,100258,26104,2582.6,21.84,37.03,58.87,22.87,18.26
2021,ela,8,90,Not a high school graduate,Parent Education,60808,12934,2501.9,5.19,22.37,27.55,27.84,44.6
2021,ela,8,91,High school graduate,Parent Education,87086,19999,2517.4,6.87,25.65,32.53,29.91,37.56
2021,ela,8,92,Some college (includes AA degree),Parent Education,88378,20704,2543.5,10.77,32.32,43.09,28.57,28.34
2021,ela,8,93,College graduate,Parent Education,85604,19917,2588.1,22.89,38.48,61.38,21.86,16.76
2021,ela,8,94,Graduate school/Post graduate,Parent Education,64125,15868,2626.9,37.62,37.36,74.99,15.29,9.72
2021,ela,8,99,No reported disabilities,Disability Status,403801,88879,2567.3,17.91,33.93,51.85,25.6,22.56
2021,ela,8,111,Not socioeconomically disadvantaged,Economic Status,188406,44255,2594.7,26.08,37.08,63.16,20.95,15.89
2021,ela,8,120,ELs enrolled less than 12 months,English-Language Fluency,1080,98,2410.9,1.03,1.03,2.06,17.53,80.41
2021,ela,8,121,Declined to state,Parent Education,74588,10538,2532.2,11.98,27.33,39.31,26.03,34.66
2021,ela,8,128,Reported disabilities,Disability Status,56868,11096,2448.0,1.85,9.53,11.38,20.26,68.36
2021,ela,8,142,ELs enrolled 12 months or more,English-Language Fluency,61938,13314,2446.6,0.42,6.72,7.15,24.26,68.59
2021,ela,8,144,Two or more races,Race and Ethnicity,21914,5299,2587.3,24.85,35.27,60.12,20.93,18.96
2021,ela,8,160,"EL (English learner, excluding RFEP)",English-Language Fluency,63388,13566,2446.3,0.43,6.73,7.17,24.19,68.64
2021,ela,8,170,EverEL,English-Language Fluency,181844,37819,2525.9,9.83,26.79,36.62,27.11,36.27
2021,ela,8,180,EO (English only),English-Language Fluency,259668,58083,2567.0,18.69,33.72,52.4,24.27,23.32
2021,ela,8,200,Black or African American,Ethnicity for Socioeconomically Disadvantaged,17206,2934,2494.8,4.84,20.16,25.0,27.52,47.48
2021,ela,8,201,American Indian or Alaska Native,Ethnicity for Socioeconomically Disadvantaged,1382,466,2499.4,3.76,20.58,24.34,29.2,46.46
2021,ela,8,202,Asian,Ethnicity for Socioeconomically Disadvantaged,14987,3084,2580.1,23.07,34.81,57.88,21.62,20.5
2021,ela,8,203,Filipino,Ethnicity for Socioeconomically Disadvantaged,3115,696,2580.1,18.05,41.92,59.97,23.58,16.45
2021,ela,8,204,Hispanic or Latino,Ethnicity for Socioeconomically Disadvantaged,196347,38536,2513.1,6.29,25.09,31.38,29.07,39.55
2021,ela,8,205,Native Hawaiian or Pacific Islander,Ethnicity for Socioeconomically Disadvantaged,1300,279,2516.3,5.51,26.47,31.99,29.41,38.6
2021,ela,8,206,White,Ethnicity for Socioeconomically Disadvantaged,30198,7917,2540.4,11.13,31.05,42.17,27.77,30.06
2021,ela,8,207,Two or more races,Ethnicity for Socioeconomically Disadvantaged,7728,1808,2537.1,11.22,28.84,40.06,27.76,32.18
2021,ela,8,220,Black or African American,Ethnicity for Not Socioeconomically Disadvantaged,7136,1532,2549.1,13.49,31.5,44.98,27.31,27.71
2021,ela,8,221,American Indian or Alaska Native,Ethnicity for Not Socioeconomically Disadvantaged,797,245,2545.9,13.17,31.28,44.44,24.28,31.28
2021,ela,8,222,Asian,Ethnicity for Not Socioeconomically Disadvantaged,27987,6095,2655.5,48.57,36.42,85.0,9.74,5.26
2021,ela,8,223,Filipino,Ethnicity for Not Socioeconomically Disadvantaged,6515,1579,2621.0,31.53,43.69,75.23,16.67,8.11
2021,ela,8,224,Hispanic or Latino,Ethnicity for Not Socioeconomically Disadvantaged,60895,12901,2555.8,14.54,33.32,47.87,27.18,24.96
2021,ela,8,225,Native Hawaiian or Pacific Islander,Ethnicity for Not Socioeconomically Disadvantaged,830,225,2561.7,13.18,38.64,51.82,23.64,24.55
2021,ela,8,226,White,Ethnicity for Not Socioeconomically Disadvantaged,70060,18187,2600.8,26.46,39.61,66.07,20.76,13.17
2021,ela,8,227,Two or more races,Ethnicity for Not Socioeconomically Disadvantaged,14186,3491,2612.9,31.79,38.55,70.34,17.44,12.21
2022,ela,8,1,All Students,All Students,454322,435976,2552.5,15.8,30.84,46.64,25.35,28.01
2022,ela,8,3,Male,Gender,233945,224844,2538.0,13.19,28.39,41.58,25.39,33.03
2022,ela,8,4,Female,Gender,219912,210724,2567.9,18.57,33.45,52.02,25.3,22.68
2022,ela,8,6,"IFEP, RFEP, and EO (Fluent English proficient and English only)",English-Language Fluency,389971,375732,2569.4,18.28,34.74,53.02,25.28,21.7
2022,ela,8,7,IFEP (Initial fluent English proficient),English-Language Fluency,19099,18656,2624.7,36.5,36.64,73.14,16.82,10.04
2022,ela,8,8,RFEP (Reclassified fluent English proficient),English-Language Fluency,114330,112425,2571.0,15.45,37.83,53.28,28.43,18.3
2022,ela,8,28,Migrant education,Migrant,3310,3211,2495.6,4.96,21.72,26.68,27.02,46.3
2022,ela,8,29,Not migrant education,Migrant,451012,432765,2552.9,15.88,30.91,46.79,25.34,27.88
2022,ela,8,31,Socioeconomically disadvantaged,Economic Status,271518,261026,2523.3,8.65,26.64,35.29,28.37,36.34
2022,ela,8,50,Armed forces family member,Military Status,6720,6476,2560.4,15.94,34.06,49.99,25.99,24.01
2022,ela,8,51,Not armed forces family member,Military Status,447602,429500,2552.4,15.8,30.79,46.59,25.34,28.07
2022,ela,8,52,Homeless,Homeless Status,13644,12767,2501.9,5.86,22.59,28.45,27.54,44.01
2022,ela,8,53,Not homeless,Homeless Status,440678,423209,2554.0,16.1,31.09,47.19,25.28,27.53
2022,ela,8,74,Black or African American,Race and Ethnicity,23721,22269,2507.6,7.14,23.03,30.17,26.83,43.0
2022,ela,8,75,American Indian or Alaska Native,Race and Ethnicity,2079,1918,2516.2,7.95,25.16,33.11,27.77,39.12
2022,ela,8,76,Asian,Race and Ethnicity,42960,42128,2634.7,41.34,35.74,77.08,13.62,9.3
2022,ela,8,77,Filipino,Race and Ethnicity,10568,10407,2609.1,27.31,42.77,70.08,19.76,10.16
2022,ela,8,78,Hispanic or Latino,Race and Ethnicity,256502,247388,2525.9,8.6,27.52,36.12,28.82,35.06
2022,ela,8,79,Native Hawaiian or Pacific Islander,Race and Ethnicity,2082,1979,2537.5,9.81,29.49,39.3,29.99,30.7
2022,ela,8,80,White,Race and Ethnicity,94712,89535,2586.2,22.89,37.55,60.43,22.33,17.24
2022,ela,8,90,Not a high school graduate,Parent Education,63963,61530,2504.3,5.55,22.67,28.21,28.77,43.02
2022,ela,8,91,High school graduate,Parent Education,94013,90480,2519.8,7.42,26.26,33.68,29.15,37.18
2022,ela,8,92,Some college (includes AA degree),Parent Education,89927,86187,2544.7,11.25,32.03,43.28,28.57,28.14
2022,ela,8,93,College graduate,Parent Education,89184,85792,2589.3,23.46,37.83,61.29,22.42,16.29
2022,ela,8,94,Graduate school/Post graduate,Parent Education,66049,63664,2624.3,36.55,37.34,73.89,15.95,10.16
2022,ela,8,99,No reported disabilities,Disability Status,398357,384148,2566.3,17.65,33.67,51.32,25.89,22.79
2022,ela,8,111,Not socioeconomically disadvantaged,Economic Status,182804,174950,2596.0,26.46,37.1,63.56,20.84,15.6
2022,ela,8,120,ELs enrolled less than 12 months,English-Language Fluency,3352,1619,2383.8,0.0,2.61,2.61,8.13,89.27
2022,ela,8,121,Declined to state,Parent Education,50660,48068,2529.2,11.71,26.74,38.45,25.75,35.8
2022,ela,8,128,Reported disabilities,Disability Status,55965,51828,2450.5,2.06,9.82,11.88,21.33,66.79
2022,ela,8,142,ELs enrolled 12 months or more,English-Language Fluency,60070,58107,2448.6,0.29,6.53,6.83,26.34,66.83
2022,ela,8,144,Two or more races,Race and Ethnicity,21698,20352,2582.5,24.06,34.6,58.67,21.29,20.05
2022,ela,8,160,"EL (English learner, excluding RFEP)",English-Language Fluency,63922,60042,2446.6,0.28,6.42,6.7,25.79,67.51
2022,ela,8,170,EverEL,English-Language Fluency,178252,172467,2527.7,10.17,26.91,37.08,27.51,35.41
2022,ela,8,180,EO (English only),English-Language Fluency,256542,244651,2564.5,18.2,33.18,51.37,24.48,24.15
2022,ela,8,190,TBD (To be determined),English-Language Fluency,190,55,2440.8,3.64,16.36,20.0,9.09,70.91
2022,ela,8,200,Black or African American,Ethnicity for Socioeconomically Disadvantaged,16766,15667,2491.7,4.85,19.45,24.3,26.83,48.87
2022,ela,8,201,American Indian or Alaska Native,Ethnicity for Socioeconomically Disadvantaged,1329,1212,2498.2,5.22,21.03,26.24,27.73,46.03
2022,ela,8,202,Asian,Ethnicity for Socioeconomically Disadvantaged,15943,15597,2594.9,27.13,36.04,63.17,20.24,16.59
2022,ela,8,203,Filipino,Ethnicity for Socioeconomically Disadvantaged,3683,3614,2587.1,20.29,40.94,61.22,24.49,14.28
2022,ela,8,204,Hispanic or Latino,Ethnicity for Socioeconomically Disadvantaged,195202,188813,2515.9,6.71,25.49,32.2,29.4,38.39
2022,ela,8,205,Native Hawaiian or Pacific Islander,Ethnicity for Socioeconomically Disadvantaged,1296,1220,2518.0,5.25,26.93,32.18,30.62,37.19
2022,ela,8,206,White,Ethnicity for Socioeconomically Disadvantaged,29292,27423,2541.9,11.67,31.23,42.9,27.51,29.59
2022,ela,8,207,Two or more races,Ethnicity for Socioeconomically Disadvantaged,8007,7480,2533.2,11.11,28.27,39.38,27.31,33.31
2022,ela,8,220,Black or African American,Ethnicity for Not Socioeconomically Disadvantaged,6955,6602,2545.2,12.56,31.54,44.11,26.83,29.06
2022,ela,8,221,American Indian or Alaska Native,Ethnicity for Not Socioeconomically Disadvantaged,750,706,2547.0,12.64,32.24,44.89,27.84,27.27
2022,ela,8,222,Asian,Ethnicity for Not Socioeconomically Disadvantaged,27017,26531,2658.1,49.69,35.57,85.25,9.73,5.02
2022,ela,8,223,Filipino,Ethnicity for Not Socioeconomically Disadvantaged,6885,6793,2620.7,31.05,43.75,74.8,17.23,7.97
2022,ela,8,224,Hispanic or Latino,Ethnicity for Not Socioeconomically Disadvantaged,61300,58575,2557.9,14.68,34.06,48.73,26.95,24.32
2022,ela,8,225,Native Hawaiian or Pacific Islander,Ethnicity for Not Socioeconomically Disadvantaged,786,759,2568.7,17.13,33.6,50.72,28.99,20.29
2022,ela,8,226,White,Ethnicity for Not Socioeconomically Disadvantaged,65420,62112,2605.8,27.83,40.33,68.16,20.04,11.79
2022,ela,8,227,Two or more races,Ethnicity for Not Socioeconomically Disadvantaged,13691,12872,2611.1,31.58,38.28,69.86,17.79,12.35
2022,ela,8,240,Foster youth,Foster Status,1705,1523,2474.3,3.63,17.23,20.86,22.77,56.37
2022,ela,8,241,Not foster youth,Foster Status,452617,434453,2552.8,15.84,30.89,46.73,25.36,27.91
2023,ela,8,1,All Students,All Students,433294,418879,2548.8,15.87,29.79,45.66,24.68,29.65
2023,ela,8,3,Male,Gender,222751,215641,2535.2,13.35,27.73,41.08,24.75,34.16
2023,ela,8,4,Female,Gender,210011,202768,2563.2,18.53,31.96,50.49,24.62,24.88
2023,ela,8,6,"IFEP, RFEP, and EO (Fluent English proficient and English only)",English-Language Fluency,373446,362920,2566.2,18.28,33.6,51.88,24.98,23.14
2023,ela,8,7,IFEP (Initial fluent English proficient),English-Language Fluency,18631,18326,2621.4,35.5,36.2,71.7,17.71,10.59
2023,ela,8,8,RFEP (Reclassified fluent English proficient),English-Language Fluency,109122,107741,2565.7,15.0,36.03,51.03,28.71,20.26
2023,ela,8,28,Migrant education,Migrant,3342,3237,2490.5,4.98,20.49,25.46,26.64,47.9
2023,ela,8,29,Not migrant education,Migrant,429952,415642,2549.3,15.96,29.87,45.82,24.67,29.51
2023,ela,8,31,Socioeconomically disadvantaged,Economic Status,271899,263136,2519.8,8.81,25.77,34.58,27.5,37.92
2023,ela,8,50,Armed forces family member,Military Status,6764,6595,2553.0,14.76,32.37,47.13,25.59,27.28
2023,ela,8,51,Not armed forces family member,Military Status,426530,412284,2548.8,15.89,29.75,45.64,24.67,29.69
2023,ela,8,52,Homeless,Homeless Status,13261,12344,2489.5,5.64,19.45,25.09,25.27,49.63
2023,ela,8,53,Not homeless,Homeless Status,420033,406535,2550.6,16.18,30.11,46.29,24.67,29.05
2023,ela,8,74,Black or African American,Race and Ethnicity,22170,21164,2504.2,6.99,22.32,29.31,26.14,44.55
2023,ela,8,75,American Indian or Alaska Native,Race and Ethnicity,1902,1777,2513.8,9.14,23.12,32.26,27.3,40.44
2023,ela,8,76,Asian,Race and Ethnicity,41403,40653,2631.5,40.82,35.37,76.19,13.67,10.14
2023,ela,8,77,Filipino,Race and Ethnicity,10144,10026,2610.6,29.01,41.21,70.22,19.2,10.58
2023,ela,8,78,Hispanic or Latino,Race and Ethnicity,245221,237789,2521.1,8.64,26.35,35.0,27.91,37.1
2023,ela,8,79,Native Hawaiian or Pacific Islander,Race and Ethnicity,1850,1790,2530.1,10.12,27.74,37.86,26.96,35.18
2023,ela,8,80,White,Race and Ethnicity,88730,84732,2583.4,22.87,36.44,59.32,22.06,18.62
2023,ela,8,90,Not a high school graduate,Parent Education,58917,57066,2497.9,5.74,21.08,26.83,27.49,45.68
2023,ela,8,91,High school graduate,Parent Education,90487,87626,2514.0,7.31,24.88,32.2,28.29,39.52
2023,ela,8,92,Some college (includes AA degree),Parent Education,84582,81836,2542.0,11.59,30.93,42.52,27.91,29.57
2023,ela,8,93,College graduate,Parent Education,86157,83475,2586.2,23.24,37.12,60.36,21.99,17.65
2023,ela,8,94,Graduate school/Post graduate,Parent Education,65829,63764,2620.8,35.83,36.56,72.39,16.36,11.25
2023,ela,8,99,No reported disabilities,Disability Status,379298,368320,2562.7,17.73,32.57,50.3,25.25,24.45
2023,ela,8,111,Not socioeconomically disadvantaged,Economic Status,161395,155743,2597.9,27.79,36.59,64.38,19.93,15.69
2023,ela,8,120,ELs enrolled less than 12 months,English-Language Fluency,4145,1855,2383.6,0.16,2.66,2.82,7.91,89.27
2023,ela,8,121,Declined to state,Parent Education,47154,45000,2522.2,11.18,25.16,36.34,25.06,38.6
2023,ela,8,128,Reported disabilities,Disability Status,53996,50559,2447.4,2.28,9.57,11.85,20.56,67.59
2023,ela,8,142,ELs enrolled 12 months or more,English-Language Fluency,55106,53687,2437.9,0.2,5.18,5.38,23.3,71.32
2023,ela,8,144,Two or more races,Race and Ethnicity,21874,20948,2582.5,24.8,33.95,58.75,20.83,20.42
2023,ela,8,160,"EL (English learner, excluding RFEP)",English-Language Fluency,59654,55852,2435.9,0.2,5.08,5.28,22.74,71.98
2023,ela,8,170,EverEL,English-Language Fluency,168776,163593,2521.4,9.95,25.47,35.42,26.68,37.9
2023,ela,8,180,EO (English only),English-Language Fluency,245693,236853,2562.2,18.44,32.29,50.73,23.85,25.42
2023,ela,8,190,TBD (To be determined),English-Language Fluency,97,44,2481.2,11.63,16.28,27.91,25.58,46.51
2023,ela,8,200,Black or African American,Ethnicity for Socioeconomically Disadvantaged,16496,15716,2490.2,5.0,19.04,24.04,26.53,49.44
2023,ela,8,201,American Indian or Alaska Native,Ethnicity for Socioeconomically Disadvantaged,1294,1201,2494.5,5.09,20.27,25.35,29.19,45.45
2023,ela,8,202,Asian,Ethnicity for Socioeconomically Disadvantaged,16203,15870,2591.5,26.74,36.07,62.81,19.64,17.56
2023,ela,8,203,Filipino,Ethnicity for Socioeconomically Disadvantaged,3814,3766,2589.9,21.84,40.22,62.06,23.46,14.48
2023,ela,8,204,Hispanic or Latino,Ethnicity for Socioeconomically Disadvantaged,193094,187722,2511.0,6.71,24.35,31.06,28.49,40.45
2023,ela,8,205,Native Hawaiian or Pacific Islander,Ethnicity for Socioeconomically Disadvantaged,1212,1171,2512.4,6.24,24.81,31.05,28.06,40.89
2023,ela,8,206,White,Ethnicity for Socioeconomically Disadvantaged,30922,29255,2540.5,12.13,30.51,42.64,26.82,30.54
2023,ela,8,207,Two or more races,Ethnicity for Socioeconomically Disadvantaged,8864,8435,2535.5,12.44,28.43,40.87,25.96,33.17
2023,ela,8,220,Black or African American,Ethnicity for Not Socioeconomically Disadvantaged,5674,5448,2544.4,12.76,31.77,44.52,25.01,30.46
2023,ela,8,221,American Indian or Alaska Native,Ethnicity for Not Socioeconomically Disadvantaged,608,576,2554.0,17.6,29.09,46.69,23.34,29.97
2023,ela,8,222,Asian,Ethnicity for Not Socioeconomically Disadvantaged,25200,24783,2657.2,49.84,34.92,84.75,9.86,5.39
2023,ela,8,223,Filipino,Ethnicity for Not Socioeconomically Disadvantaged,6330,6260,2623.0,33.32,41.81,75.13,16.64,8.23
2023,ela,8,224,Hispanic or Latino,Ethnicity for Not Socioeconomically Disadvantaged,52127,50067,2558.9,15.89,33.85,49.74,25.72,24.54
2023,ela,8,225,Native Hawaiian or Pacific Islander,Ethnicity for Not Socioeconomically Disadvantaged,638,619,2563.6,17.45,33.28,50.73,24.88,24.39
2023,ela,8,226,White,Ethnicity for Not Socioeconomically Disadvantaged,57808,55477,2606.0,28.54,39.57,68.1,19.56,12.34
2023,ela,8,227,Two or more races,Ethnicity for Not Socioeconomically Disadvantaged,13010,12513,2614.1,33.12,37.66,70.78,17.38,11.84
2023,ela,8,240,Foster youth,Foster Status,1677,1495,2463.1,2.7,14.91,17.61,22.33,60.05
2023,ela,8,241,Not foster youth,Foster Status,431617,417384,2549.1,15.92,29.85,45.76,24.69,29.54
2023,ela,8,250,LTEL (Long-Term English learner),English-Language Fluency,25983,25039,2424.1,0.22,2.88,3.1,17.75,79.15
2023,ela,8,251,ARLTEL (At-Risk of becoming LTEL),English-Language Fluency,2733,2678,2406.7,0.19,2.24,2.43,13.39,84.18
2023,ela,8,252,NeverEL,English-Language Fluency,264421,255223,2566.4,19.67,32.57,52.23,23.41,24.36
2024,ela,8,1,All Students,All Students,441160,425307,2548.7,15.96,30.0,45.95,24.31,29.74
2024,ela,8,3,Male,Gender,225718,217844,2534.6,13.53,27.76,41.29,24.28,34.43
2024,ela,8,4,Female,Gender,215009,207081,2563.3,18.49,32.33,50.82,24.36,24.82
2024,ela,8,6,"IFEP, RFEP, and EO (Fluent English proficient and English only)",English-Language Fluency,384707,373734,2565.0,18.13,33.52,51.65,24.71,23.64
2024,ela,8,7,IFEP (Initial fluent English proficient),English-Language Fluency,18534,18214,2623.3,36.04,36.62,72.66,17.07,10.27
2024,ela,8,8,RFEP (Reclassified fluent English proficient),English-Language Fluency,113080,111707,2563.7,14.81,35.65,50.46,28.3,21.24
2024,ela,8,28,Migrant education,Migrant,3394,3264,2487.5,5.46,19.13,24.59,25.78,49.63
2024,ela,8,29,Not migrant education,Migrant,437766,422043,2549.1,16.04,30.08,46.12,24.3,29.58
2024,ela,8,31,Socioeconomically disadvantaged,Economic Status,286638,276993,2521.9,9.41,26.42,35.83,26.84,37.33
2024,ela,8,50,Armed forces family member,Military Status,6161,5982,2550.8,15.26,30.82,46.08,25.64,28.27
2024,ela,8,51,Not armed forces family member,Military Status,434999,419325,2548.6,15.97,29.99,45.95,24.29,29.76
2024,ela,8,52,Homeless,Homeless Status,14450,13257,2486.7,5.35,19.83,25.18,25.1,49.72
2024,ela,8,53,Not homeless,Homeless Status,426710,412050,2550.6,16.3,30.32,46.62,24.29,29.09
2024,ela,8,74,Black or African American,Race and Ethnicity,22480,21509,2502.8,7.16,22.32,29.49,25.81,44.7
2024,ela,8,75,American Indian or Alaska Native,Race and Ethnicity,1946,1828,2511.2,8.3,24.12,32.42,25.33,42.25
2024,ela,8,76,Asian,Race and Ethnicity,43001,42015,2630.7,40.78,35.22,76.0,13.31,10.69
2024,ela,8,77,Filipino,Race and Ethnicity,10172,10053,2611.8,29.62,40.41,70.04,19.71,10.25
2024,ela,8,78,Hispanic or Latino,Race and Ethnicity,249290,240898,2521.5,8.87,26.69,35.56,27.42,37.02
2024,ela,8,79,Native Hawaiian or Pacific Islander,Race and Ethnicity,1925,1850,2528.3,10.18,26.71,36.89,28.11,34.99
2024,ela,8,80,White,Race and Ethnicity,89512,85312,2581.3,22.37,36.42,58.79,21.92,19.29
2024,ela,8,90,Not a high school graduate,Parent Education,51849,49855,2497.1,5.7,21.39,27.08,26.98,45.93
2024,ela,8,91,High school graduate,Parent Education,87655,84742,2513.1,7.29,24.92,32.21,27.84,39.95
2024,ela,8,92,Some college (includes AA degree),Parent Education,81301,78554,2539.5,10.92,31.28,42.2,27.62,30.18
2024,ela,8,93,College graduate,Parent Education,86661,83759,2582.6,22.38,36.61,58.99,22.26,18.75
2024,ela,8,94,Graduate school/Post graduate,Parent Education,69194,66976,2620.7,36.15,36.45,72.6,15.91,11.49
2024,ela,8,99,No reported disabilities,Disability Status,386585,374347,2562.6,17.81,32.75,50.55,24.87,24.57
2024,ela,8,111,Not socioeconomically disadvantaged,Economic Status,154522,148314,2598.6,28.17,36.67,64.84,19.6,15.56
2024,ela,8,120,ELs enrolled less than 12 months,English-Language Fluency,5292,1957,2374.1,0.05,2.05,2.1,7.34,90.55
2024,ela,8,121,Declined to state,Parent Education,62751,59877,2526.4,11.87,26.26,38.13,24.99,36.88
2024,ela,8,128,Reported disabilities,Disability Status,54575,50960,2446.3,2.34,9.77,12.11,20.2,67.7
2024,ela,8,142,ELs enrolled 12 months or more,English-Language Fluency,50757,49405,2432.6,0.17,4.53,4.7,21.97,73.34
2024,ela,8,144,Two or more races,Race and Ethnicity,22834,21842,2584.1,24.65,34.83,59.48,20.8,19.72
2024,ela,8,160,"EL (English learner, excluding RFEP)",English-Language Fluency,56269,51505,2430.3,0.17,4.43,4.6,21.39,74.01
2024,ela,8,170,EverEL,English-Language Fluency,169349,163212,2521.6,10.19,25.81,36.0,26.12,37.88
2024,ela,8,180,EO (English only),English-Language Fluency,253093,243813,2561.2,18.31,32.31,50.63,23.64,25.73
2024,ela,8,190,TBD (To be determined),English-Language Fluency,121,35,2406.1,8.82,0.0,8.82,11.76,79.41
2024,ela,8,200,Black or African American,Ethnicity for Socioeconomically Disadvantaged,17395,16609,2490.1,5.32,19.43,24.75,25.82,49.43
2024,ela,8,201,American Indian or Alaska Native,Ethnicity for Socioeconomically Disadvantaged,1392,1301,2494.7,5.8,20.25,26.04,26.35,47.6
2024,ela,8,202,Asian,Ethnicity for Socioeconomically Disadvantaged,18103,17635,2593.8,27.76,35.95,63.71,18.42,17.87
2024,ela,8,203,Filipino,Ethnicity for Socioeconomically Disadvantaged,4188,4141,2593.0,23.75,38.83,62.58,23.44,13.99
2024,ela,8,204,Hispanic or Latino,Ethnicity for Socioeconomically Disadvantaged,198962,193017,2512.1,7.04,24.86,31.89,28.03,40.08
2024,ela,8,205,Native Hawaiian or Pacific Islander,Ethnicity for Socioeconomically Disadvantaged,1392,1335,2511.1,6.31,24.25,30.56,29.43,40.02
2024,ela,8,206,White,Ethnicity for Socioeconomically Disadvantaged,35289,33518,2543.4,12.98,31.58,44.57,25.48,29.95
2024,ela,8,207,Two or more races,Ethnicity for Socioeconomically Disadvantaged,9917,9437,2540.5,12.72,30.36,43.08,25.93,30.99
2024,ela,8,220,Black or African American,Ethnicity for Not Socioeconomically Disadvantaged,5085,4900,2546.1,13.4,32.11,45.52,25.78,28.7
2024,ela,8,221,American Indian or Alaska Native,Ethnicity for Not Socioeconomically Disadvantaged,554,527,2551.7,14.45,33.65,48.1,22.81,29.09
2024,ela,8,222,Asian,Ethnicity for Not Socioeconomically Disadvantaged,24898,24380,2657.4,50.2,34.7,84.89,9.61,5.49
2024,ela,8,223,Filipino,Ethnicity for Not Socioeconomically Disadvantaged,5984,5912,2624.9,33.74,41.52,75.26,17.11,7.63
2024,ela,8,224,Hispanic or Latino,Ethnicity for Not Socioeconomically Disadvantaged,50328,47881,2559.1,16.27,34.09,50.36,24.96,24.69
2024,ela,8,225,Native Hawaiian or Pacific Islander,Ethnicity for Not Socioeconomically Disadvantaged,533,515,2572.7,20.23,33.07,53.31,24.71,21.98
2024,ela,8,226,White,Ethnicity for Not Socioeconomically Disadvantaged,54223,51794,2605.8,28.45,39.55,68.0,19.62,12.38
2024,ela,8,227,Two or more races,Ethnicity for Not Socioeconomically Disadvantaged,12917,12405,2617.2,33.7,38.23,71.93,16.9,11.16
2024,ela,8,240,Foster youth,Foster Status,1611,1447,2463.9,2.08,15.54,17.63,24.15,58.22
2024,ela,8,241,Not foster youth,Foster Status,439549,423860,2548.9,16.0,30.05,46.05,24.31,29.64
2024,ela,8,250,LTEL (Long-Term English learner),English-Language Fluency,24335,23560,2419.9,0.15,2.03,2.18,17.06,80.76
2024,ela,8,251,ARLTEL (At-Risk of becoming LTEL),English-Language Fluency,2903,2824,2401.9,0.11,1.78,1.88,12.89,85.23
2024,ela,8,252,NeverEL,English-Language Fluency,271748,262062,2565.5,19.54,32.61,52.15,23.18,24.67
2025,ela,8,1,All Students,All Students,441528,427434,2554.6,17.61,30.23,47.84,23.9,28.27
2025,ela,8,3,Male,Gender,226155,219010,2540.1,14.93,28.02,42.95,24.1,32.95
2025,ela,8,4,Female,Gender,215011,208089,2569.7,20.42,32.54,52.96,23.69,23.35
2025,ela,8,6,"IFEP, RFEP, and EO (Fluent English proficient and English only)",English-Language Fluency,385827,375581,2571.5,20.01,33.76,53.76,24.23,22.0
2025,ela,8,7,IFEP (Initial fluent English proficient),English-Language Fluency,18100,17846,2630.4,38.99,35.51,74.51,15.79,9.71
2025,ela,8,8,RFEP (Reclassified fluent English proficient),English-Language Fluency,110197,108965,2570.2,16.71,35.95,52.66,28.04,19.3
2025,ela,8,28,Migrant education,Migrant,3645,3508,2484.9,5.71,18.72,24.43,25.29,50.29
2025,ela,8,29,Not migrant education,Migrant,437883,423926,2555.1,17.71,30.32,48.03,23.88,28.08
2025,ela,8,31,Socioeconomically disadvantaged,Economic Status,284894,275984,2526.1,10.43,26.8,37.22,26.73,36.05
2025,ela,8,50,Armed forces family member,Military Status,6644,6466,2561.4,17.09,33.35,50.44,23.89,25.67
2025,ela,8,51,Not armed forces family member,Military Status,434884,420968,2554.4,17.62,30.18,47.8,23.9,28.31
2025,ela,8,52,Homeless,Homeless Status,17304,16201,2490.9,6.0,20.37,26.37,25.12,48.51
2025,ela,8,53,Not homeless,Homeless Status,424224,411233,2557.1,18.07,30.62,48.68,23.85,27.47
2025,ela,8,74,Black or African American,Race and Ethnicity,22403,21444,2512.3,8.4,24.01,32.41,26.24,41.35
2025,ela,8,75,American Indian or Alaska Native,Race and Ethnicity,1844,1746,2514.0,8.77,23.61,32.38,27.16,40.46
2025,ela,8,76,Asian,Race and Ethnicity,44028,43022,2633.3,42.94,33.25,76.19,12.85,10.96
2025,ela,8,77,Filipino,Race and Ethnicity,9878,9765,2616.6,32.14,39.83,71.98,18.2,9.82
2025,ela,8,78,Hispanic or Latino,Race and Ethnicity,249848,242698,2527.6,10.25,27.45,37.69,27.12,35.18
2025,ela,8,79,Native Hawaiian or Pacific Islander,Race and Ethnicity,1880,1789,2534.5,10.47,28.89,39.36,26.99,33.65
2025,ela,8,80,White,Race and Ethnicity,87917,84296,2587.2,24.38,36.26,60.65,21.23,18.13
2025,ela,8,90,Not a high school graduate,Parent Education,48356,46767,2499.8,6.28,21.67,27.95,27.15,44.9
2025,ela,8,91,High school graduate,Parent Education,88345,85552,2517.4,8.25,25.33,33.58,27.76,38.66
2025,ela,8,92,Some college (includes AA degree),Parent Education,80703,78231,2545.4,12.25,31.76,44.01,27.56,28.43
2025,ela,8,93,College graduate,Parent Education,90082,87363,2587.6,24.31,36.29,60.61,21.48,17.91
2025,ela,8,94,Graduate school/Post graduate,Parent Education,72520,70503,2626.1,38.03,35.99,74.01,15.34,10.64
2025,ela,8,99,No reported disabilities,Disability Status,386300,375656,2568.7,19.69,32.92,52.61,24.26,23.12
2025,ela,8,111,Not socioeconomically disadvantaged,Economic Status,156634,151450,2606.3,30.69,36.47,67.16,18.74,14.09
2025,ela,8,120,ELs enrolled less than 12 months,English-Language Fluency,4306,1775,2378.4,0.0,1.42,1.42,8.78,89.81
2025,ela,8,121,Declined to state,Parent Education,59928,57698,2529.2,12.83,26.19,39.02,24.71,36.26
2025,ela,8,128,Reported disabilities,Disability Status,55228,51778,2451.9,2.47,10.66,13.13,21.22,65.65
2025,ela,8,142,ELs enrolled 12 months or more,English-Language Fluency,51173,49946,2433.5,0.22,4.75,4.97,21.91,73.12
2025,ela,8,144,Two or more races,Race and Ethnicity,23730,22674,2589.3,26.8,34.14,60.93,20.0,19.07
2025,ela,8,160,"EL (English learner, excluding RFEP)",English-Language Fluency,55588,51795,2431.6,0.22,4.63,4.85,21.45,73.7
2025,ela,8,170,EverEL,English-Language Fluency,165785,160760,2525.6,11.4,25.87,37.27,25.92,36.81
2025,ela,8,180,EO (English only),English-Language Fluency,257530,248770,2567.9,20.09,32.67,52.76,23.17,24.07
2025,ela,8,190,TBD (To be determined),English-Language Fluency,54,22,2425.0,9.09,9.09,18.18,4.55,77.27
2025,ela,8,200,Black or African American,Ethnicity for Socioeconomically Disadvantaged,17322,16557,2499.1,6.29,21.13,27.42,26.54,46.05
2025,ela,8,201,American Indian or Alaska Native,Ethnicity for Socioeconomically Disadvantaged,1301,1230,2498.6,6.18,20.41,26.59,27.64,45.77
2025,ela,8,202,Asian,Ethnicity for Socioeconomically Disadvantaged,18348,17810,2590.9,28.42,33.92,62.33,18.47,19.2
2025,ela,8,203,Filipino,Ethnicity for Socioeconomically Disadvantaged,3929,3867,2596.2,24.83,39.55,64.38,21.81,13.81
2025,ela,8,204,Hispanic or Latino,Ethnicity for Socioeconomically Disadvantaged,199800,194410,2517.3,8.13,25.57,33.7,27.86,38.44
2025,ela,8,205,Native Hawaiian or Pacific Islander,Ethnicity for Socioeconomically Disadvantaged,1380,1317,2523.2,7.91,27.25,35.16,27.4,37.44
2025,ela,8,206,White,Ethnicity for Socioeconomically Disadvantaged,32642,31127,2546.0,14.02,31.13,45.15,25.39,29.46
2025,ela,8,207,Two or more races,Ethnicity for Socioeconomically Disadvantaged,10172,9666,2543.6,14.15,29.75,43.9,25.47,30.64
2025,ela,8,220,Black or African American,Ethnicity for Not Socioeconomically Disadvantaged,5081,4887,2557.1,15.56,33.75,49.31,25.24,25.45
2025,ela,8,221,American Indian or Alaska Native,Ethnicity for Not Socioeconomically Disadvantaged,543,516,2550.9,14.95,31.26,46.21,26.02,27.77
2025,ela,8,222,Asian,Ethnicity for Not Socioeconomically Disadvantaged,25680,25212,2663.3,53.2,32.78,85.97,8.89,5.14
2025,ela,8,223,Filipino,Ethnicity for Not Socioeconomically Disadvantaged,5949,5898,2629.9,36.93,40.02,76.95,15.84,7.21
2025,ela,8,224,Hispanic or Latino,Ethnicity for Not Socioeconomically Disadvantaged,50048,48288,2569.4,18.77,35.01,53.78,24.15,22.06
2025,ela,8,225,Native Hawaiian or Pacific Islander,Ethnicity for Not Socioeconomically Disadvantaged,500,472,2566.0,17.58,33.47,51.06,25.85,23.09
2025,ela,8,226,White,Ethnicity for Not Socioeconomically Disadvantaged,55275,53169,2611.3,30.44,39.27,69.71,18.79,11.5
2025,ela,8,227,Two or more races,Ethnicity for Not Socioeconomically Disadvantaged,13558,13008,2623.3,36.19,37.39,73.58,15.94,10.48
2025,ela,8,240,Foster youth,Foster Status,1538,1405,2471.7,4.43,15.51,19.94,23.73,56.33
2025,ela,8,241,Not foster youth,Foster Status,439990,426029,2554.8,17.65,30.28,47.93,23.9,28.17
2025,ela,8,250,LTEL (Long-Term English learner),English-Language Fluency,24408,23698,2429.3,0.19,2.87,3.06,19.99,76.94
2025,ela,8,251,ARLTEL (At-Risk of becoming LTEL),English-Language Fluency,1962,1920,2410.1,0.05,2.87,2.92,14.29,82.79
2025,ela,8,252,NeverEL,English-Language Fluency,275684,266638,2572.0,21.35,32.86,54.21,22.68,23.11
2015,ela,11,1,All Students,All Students,479423,432825,2591.8,23.0,33.0,56.0,24.0,20.0
2015,ela,11,3,Male,Gender,479423,220120,2576.8,20.0,31.0,50.0,25.0,25.0
2015,ela,11,4,Female,Gender,479423,212705,2607.2,26.0,36.0,62.0,24.0,15.0
2015,ela,11,6,"IFEP, RFEP, and EO (Fluent English proficient and English only)",English-Language Fluency,479423,390341,2604.5,25.0,36.0,61.0,24.0,15.0
2015,ela,11,7,IFEP (Initial fluent English proficient),English-Language Fluency,479423,36683,2633.0,35.0,36.0,71.0,19.0,10.0
2015,ela,11,8,RFEP (Reclassified fluent English proficient),English-Language Fluency,479423,115339,2595.7,18.0,39.0,57.0,29.0,14.0
2015,ela,11,28,Migrant education,Migrant,479423,3462,2535.8,7.0,26.0,33.0,33.0,34.0
2015,ela,11,31,Socioeconomically disadvantaged,Economic Status,479423,238727,2563.3,13.0,32.0,45.0,29.0,26.0
2015,ela,11,74,Black or African American,Race and Ethnicity,479423,26730,2546.3,11.0,28.0,39.0,28.0,33.0
2015,ela,11,75,American Indian or Alaska Native,Race and Ethnicity,479423,2726,2570.8,17.0,31.0,48.0,27.0,25.0
2015,ela,11,76,Asian,Race and Ethnicity,479423,39170,2656.9,48.0,30.0,78.0,14.0,9.0
2015,ela,11,77,Filipino,Race and Ethnicity,479423,13963,2634.9,34.0,40.0,74.0,18.0,8.0
2015,ela,11,78,Hispanic or Latino,Race and Ethnicity,479423,224949,2565.7,13.0,33.0,46.0,29.0,25.0
2015,ela,11,79,Native Hawaiian or Pacific Islander,Race and Ethnicity,479423,2440,2572.8,16.0,33.0,48.0,28.0,24.0
2015,ela,11,80,White,Race and Ethnicity,479423,111128,2624.2,33.0,35.0,68.0,19.0,13.0
2015,ela,11,90,Not a high school graduate,Parent Education,479423,73111,2547.5,10.0,29.0,39.0,30.0,31.0
2015,ela,11,91,High school graduate,Parent Education,479423,85136,2565.7,14.0,32.0,46.0,29.0,25.0
2015,ela,11,92,Some college (includes AA degree),Parent Education,479423,89148,2592.0,20.0,37.0,57.0,25.0,18.0
2015,ela,11,93,College graduate,Parent Education,479423,75582,2630.2,35.0,36.0,71.0,18.0,11.0
2015,ela,11,94,Graduate school/Post graduate,Parent Education,479423,48799,2660.1,48.0,31.0,79.0,13.0,8.0
2015,ela,11,99,No reported disabilities,Disability Status,479423,396663,2601.6,24.0,35.0,59.0,24.0,16.0
2015,ela,11,111,Not socioeconomically disadvantaged,Economic Status,479423,194098,2626.4,34.0,35.0,69.0,19.0,12.0
2015,ela,11,120,ELs enrolled less than 12 months,English-Language Fluency,479423,1301,2467.1,1.0,11.0,12.0,26.0,62.0
2015,ela,11,121,Declined to state,Parent Education,479423,60844,2577.2,19.0,32.0,51.0,26.0,24.0
2015,ela,11,128,Reported disabilities,Disability Status,479423,36162,2480.1,3.0,11.0,14.0,26.0,60.0
2015,ela,11,142,ELs enrolled 12 months or more,English-Language Fluency,479423,39900,2469.6,1.0,7.0,8.0,29.0,63.0
2015,ela,11,144,Two or more races,Race and Ethnicity,479423,10162,2623.5,33.0,35.0,68.0,19.0,13.0
2015,ela,11,160,"EL (English learner, excluding RFEP)",English-Language Fluency,479423,41497,2469.5,1.0,7.0,8.0,29.0,63.0
2015,ela,11,180,EO (English only),English-Language Fluency,479423,238319,2604.4,27.0,34.0,61.0,22.0,17.0
2015,ela,11,200,Black or African American,Ethnicity for Socioeconomically Disadvantaged,479423,16702,2530.3,8.0,25.0,33.0,30.0,38.0
2015,ela,11,201,American Indian or Alaska Native,Ethnicity for Socioeconomically Disadvantaged,479423,1463,2545.8,10.0,28.0,38.0,31.0,31.0
2015,ela,11,202,Asian,Ethnicity for Socioeconomically Disadvantaged,479423,15714,2619.4,32.0,35.0,67.0,19.0,14.0
2015,ela,11,203,Filipino,Ethnicity for Socioeconomically Disadvantaged,479423,4407,2609.6,24.0,40.0,64.0,23.0,12.0
2015,ela,11,204,Hispanic or Latino,Ethnicity for Socioeconomically Disadvantaged,479423,168052,2557.4,11.0,32.0,43.0,30.0,27.0
2015,ela,11,205,Native Hawaiian or Pacific Islander,Ethnicity for Socioeconomically Disadvantaged,479423,1324,2553.7,9.0,32.0,41.0,31.0,28.0
2015,ela,11,206,White,Ethnicity for Socioeconomically Disadvantaged,479423,27035,2578.7,18.0,33.0,51.0,26.0,23.0
2015,ela,11,207,Two or more races,Ethnicity for Socioeconomically Disadvantaged,479423,3195,2578.9,18.0,34.0,51.0,27.0,22.0
2015,ela,11,220,Black or African American,Ethnicity for Not Socioeconomically Disadvantaged,479423,10028,2572.5,17.0,33.0,49.0,26.0,24.0
2015,ela,11,221,American Indian or Alaska Native,Ethnicity for Not Socioeconomically Disadvantaged,479423,1263,2598.8,24.0,36.0,60.0,22.0,18.0
2015,ela,11,222,Asian,Ethnicity for Not Socioeconomically Disadvantaged,479423,23456,2682.0,58.0,28.0,85.0,10.0,5.0
2015,ela,11,223,Filipino,Ethnicity for Not Socioeconomically Disadvantaged,479423,9556,2646.5,38.0,40.0,79.0,15.0,6.0
2015,ela,11,224,Hispanic or Latino,Ethnicity for Not Socioeconomically Disadvantaged,479423,56897,2590.0,20.0,36.0,56.0,25.0,19.0
2015,ela,11,225,Native Hawaiian or Pacific Islander,Ethnicity for Not Socioeconomically Disadvantaged,479423,1116,2595.1,23.0,34.0,57.0,25.0,18.0
2015,ela,11,226,White,Ethnicity for Not Socioeconomically Disadvantaged,479423,84093,2638.6,38.0,36.0,74.0,17.0,9.0
2015,ela,11,227,Two or more races,Ethnicity for Not Socioeconomically Disadvantaged,479423,6967,2643.7,40.0,36.0,76.0,15.0,9.0
2016,ela,11,1,All Students,All Students,476352,439660,2599.8,26.0,33.0,59.0,22.0,19.0
2016,ela,11,3,Male,Gender,243837,224139,2584.5,22.0,31.0,53.0,23.0,23.0
2016,ela,11,4,Female,Gender,232515,215521,2615.7,29.0,36.0,65.0,22.0,14.0
2016,ela,11,6,"IFEP, RFEP, and EO (Fluent English proficient and English only)",English-Language Fluency,427531,398518,2612.8,28.0,36.0,64.0,22.0,14.0
2016,ela,11,7,IFEP (Initial fluent English proficient),English-Language Fluency,35966,34182,2645.5,40.0,36.0,76.0,16.0,8.0
2016,ela,11,8,RFEP (Reclassified fluent English proficient),English-Language Fluency,127592,122107,2605.7,22.0,40.0,62.0,26.0,12.0
2016,ela,11,28,Migrant education,Migrant,3502,3302,2545.2,10.0,28.0,38.0,29.0,32.0
2016,ela,11,31,Socioeconomically disadvantaged,Economic Status,275906,253399,2571.2,16.0,33.0,49.0,27.0,25.0
2016,ela,11,74,Black or African American,Race and Ethnicity,29937,26388,2549.5,13.0,28.0,40.0,27.0,32.0
2016,ela,11,75,American Indian or Alaska Native,Race and Ethnicity,2951,2601,2573.4,17.0,33.0,50.0,26.0,25.0
2016,ela,11,76,Asian,Race and Ethnicity,42019,40256,2667.7,52.0,29.0,81.0,11.0,8.0
2016,ela,11,77,Filipino,Race and Ethnicity,14033,13616,2647.7,39.0,39.0,78.0,15.0,7.0
2016,ela,11,78,Hispanic or Latino,Race and Ethnicity,247982,229706,2574.3,16.0,34.0,50.0,27.0,23.0
2016,ela,11,79,Native Hawaiian or Pacific Islander,Race and Ethnicity,2533,2328,2577.1,17.0,34.0,51.0,25.0,23.0
2016,ela,11,80,White,Race and Ethnicity,121821,111603,2631.7,36.0,35.0,71.0,17.0,12.0
2016,ela,11,90,Not a high school graduate,Parent Education,81419,74021,2555.3,12.0,30.0,42.0,29.0,29.0
2016,ela,11,91,High school graduate,Parent Education,94345,87349,2573.0,16.0,33.0,49.0,27.0,24.0
2016,ela,11,92,Some college (includes AA degree),Parent Education,95821,89670,2600.2,23.0,37.0,60.0,24.0,16.0
2016,ela,11,93,College graduate,Parent Education,82782,78041,2639.0,38.0,35.0,74.0,16.0,10.0
2016,ela,11,94,Graduate school/Post graduate,Parent Education,55090,51417,2666.4,51.0,30.0,81.0,12.0,7.0
2016,ela,11,99,No reported disabilities,Disability Status,431971,400783,2610.9,28.0,35.0,63.0,22.0,15.0
2016,ela,11,111,Not socioeconomically disadvantaged,Economic Status,200446,186261,2638.5,39.0,34.0,73.0,17.0,10.0
2016,ela,11,120,ELs enrolled less than 12 months,English-Language Fluency,2403,1213,2471.8,2.0,13.0,16.0,22.0,63.0
2016,ela,11,121,Declined to state,Parent Education,66418,58983,2584.3,22.0,32.0,53.0,24.0,23.0
2016,ela,11,128,Reported disabilities,Disability Status,44381,38877,2483.9,3.0,13.0,16.0,26.0,58.0
2016,ela,11,142,ELs enrolled 12 months or more,English-Language Fluency,44238,38807,2471.0,1.0,8.0,9.0,29.0,62.0
2016,ela,11,144,Two or more races,Race and Ethnicity,12458,11336,2628.9,36.0,34.0,70.0,18.0,12.0
2016,ela,11,160,"EL (English learner, excluding RFEP)",English-Language Fluency,47227,40350,2470.9,1.0,8.0,9.0,28.0,62.0
2016,ela,11,180,EO (English only),English-Language Fluency,263973,242229,2611.8,30.0,34.0,64.0,21.0,16.0
2016,ela,11,200,Black or African American,Ethnicity for Socioeconomically Disadvantaged,20633,17998,2533.6,9.0,25.0,34.0,28.0,37.0
2016,ela,11,201,American Indian or Alaska Native,Ethnicity for Socioeconomically Disadvantaged,1656,1422,2549.9,12.0,28.0,40.0,28.0,32.0
2016,ela,11,202,Asian,Ethnicity for Socioeconomically Disadvantaged,17314,16586,2632.6,37.0,34.0,71.0,17.0,12.0
2016,ela,11,203,Filipino,Ethnicity for Socioeconomically Disadvantaged,4676,4510,2623.8,30.0,41.0,70.0,20.0,10.0
2016,ela,11,204,Hispanic or Latino,Ethnicity for Socioeconomically Disadvantaged,192440,178203,2565.7,13.0,33.0,46.0,28.0,25.0
2016,ela,11,205,Native Hawaiian or Pacific Islander,Ethnicity for Socioeconomically Disadvantaged,1468,1336,2555.3,11.0,32.0,43.0,28.0,29.0
2016,ela,11,206,White,Ethnicity for Socioeconomically Disadvantaged,32116,28611,2585.1,21.0,33.0,54.0,24.0,22.0
2016,ela,11,207,Two or more races,Ethnicity for Socioeconomically Disadvantaged,4452,3913,2584.6,20.0,34.0,54.0,25.0,21.0
2016,ela,11,220,Black or African American,Ethnicity for Not Socioeconomically Disadvantaged,9304,8390,2583.0,20.0,34.0,53.0,25.0,22.0
2016,ela,11,221,American Indian or Alaska Native,Ethnicity for Not Socioeconomically Disadvantaged,1295,1179,2601.5,23.0,39.0,61.0,22.0,16.0
2016,ela,11,222,Asian,Ethnicity for Not Socioeconomically Disadvantaged,24705,23670,2692.1,62.0,26.0,88.0,8.0,4.0
2016,ela,11,223,Filipino,Ethnicity for Not Socioeconomically Disadvantaged,9357,9106,2659.6,44.0,38.0,82.0,13.0,5.0
2016,ela,11,224,Hispanic or Latino,Ethnicity for Not Socioeconomically Disadvantaged,55542,51503,2604.0,25.0,37.0,61.0,23.0,16.0
2016,ela,11,225,Native Hawaiian or Pacific Islander,Ethnicity for Not Socioeconomically Disadvantaged,1065,992,2606.1,25.0,37.0,62.0,22.0,16.0
2016,ela,11,226,White,Ethnicity for Not Socioeconomically Disadvantaged,89705,82992,2647.7,42.0,35.0,77.0,15.0,8.0
2016,ela,11,227,Two or more races,Ethnicity for Not Socioeconomically Disadvantaged,8006,7423,2652.2,44.0,35.0,78.0,14.0,8.0
2017,ela,11,1,All Students,All Students,474357,444860,2602.5,27.72,32.04,59.75,21.34,18.91
2017,ela,11,3,Male,Gender,242354,226165,2587.1,24.28,30.11,54.39,22.13,23.49
2017,ela,11,4,Female,Gender,232003,218695,2618.4,31.27,34.03,65.31,20.52,14.17
2017,ela,11,6,"IFEP, RFEP, and EO (Fluent English proficient and English only)",English-Language Fluency,424342,401574,2616.8,30.56,34.48,65.04,20.72,14.24
2017,ela,11,7,IFEP (Initial fluent English proficient),English-Language Fluency,34196,32803,2653.9,44.47,32.93,77.4,14.63,7.97
2017,ela,11,8,RFEP (Reclassified fluent English proficient),English-Language Fluency,134269,129751,2609.0,24.27,38.24,62.51,24.87,12.63
2017,ela,11,28,Migrant education,Migrant,3345,3198,2546.4,11.75,29.05,40.8,26.48,32.72
2017,ela,11,31,Socioeconomically disadvantaged,Economic Status,266389,249089,2571.6,17.38,31.53,48.91,25.76,25.34
2017,ela,11,74,Black or African American,Race and Ethnicity,27895,24916,2549.5,13.49,27.71,41.2,25.99,32.81
2017,ela,11,75,American Indian or Alaska Native,Race and Ethnicity,2806,2512,2571.6,18.18,30.32,48.5,25.53,25.97
2017,ela,11,76,Asian,Race and Ethnicity,45669,44093,2674.2,55.21,27.05,82.26,10.29,7.46
2017,ela,11,77,Filipino,Race and Ethnicity,13461,13088,2651.1,41.48,36.95,78.44,14.72,6.85
2017,ela,11,78,Hispanic or Latino,Race and Ethnicity,247617,232905,2574.5,17.47,32.7,50.17,25.88,23.95
2017,ela,11,79,Native Hawaiian or Pacific Islander,Race and Ethnicity,2453,2266,2580.1,18.88,32.98,51.86,25.69,22.46
2017,ela,11,80,White,Race and Ethnicity,117313,109756,2636.9,39.08,33.15,72.24,16.2,11.56
2017,ela,11,90,Not a high school graduate,Parent Education,80181,74245,2554.5,12.92,29.48,42.41,27.55,30.04
2017,ela,11,91,High school graduate,Parent Education,94556,89028,2575.3,17.85,32.44,50.28,25.85,23.87
2017,ela,11,92,Some college (includes AA degree),Parent Education,93699,88903,2601.7,24.9,35.72,60.62,22.36,17.02
2017,ela,11,93,College graduate,Parent Education,85401,81712,2643.6,41.04,33.68,74.72,15.43,9.85
2017,ela,11,94,Graduate school/Post graduate,Parent Education,57263,54224,2672.6,54.06,28.05,82.11,10.93,6.96
2017,ela,11,99,No reported disabilities,Disability Status,429554,405335,2614.3,30.05,33.9,63.95,21.0,15.05
2017,ela,11,111,Not socioeconomically disadvantaged,Economic Status,207968,195771,2641.8,40.86,32.68,73.55,15.72,10.73
2017,ela,11,120,ELs enrolled less than 12 months,English-Language Fluency,3000,1559,2456.3,1.99,10.36,12.36,20.91,66.73
2017,ela,11,121,Declined to state,Parent Education,62631,56647,2582.9,22.61,30.42,53.03,23.02,23.95
2017,ela,11,128,Reported disabilities,Disability Status,44803,39525,2481.4,3.68,12.88,16.56,24.84,58.6
2017,ela,11,142,ELs enrolled 12 months or more,English-Language Fluency,44754,40633,2469.3,1.06,9.12,10.17,27.46,62.36
2017,ela,11,144,Two or more races,Race and Ethnicity,13464,12535,2637.4,40.24,31.54,71.78,16.3,11.92
2017,ela,11,160,"EL (English learner, excluding RFEP)",English-Language Fluency,48325,42597,2468.8,1.11,9.16,10.27,27.19,62.54
2017,ela,11,170,EverEL,English-Language Fluency,182594,172348,2574.4,18.55,31.06,49.61,25.44,24.95
2017,ela,11,180,EO (English only),English-Language Fluency,255877,239020,2615.9,32.07,32.65,64.72,19.3,15.98
2017,ela,11,190,TBD (To be determined),English-Language Fluency,363,172,2522.9,13.02,18.93,31.95,22.49,45.56
2017,ela,11,200,Black or African American,Ethnicity for Socioeconomically Disadvantaged,18468,16422,2532.0,9.61,24.94,34.55,27.17,38.28
2017,ela,11,201,American Indian or Alaska Native,Ethnicity for Socioeconomically Disadvantaged,1639,1449,2546.6,11.85,27.65,39.5,27.79,32.71
2017,ela,11,202,Asian,Ethnicity for Socioeconomically Disadvantaged,17780,17213,2637.4,40.16,32.06,72.22,15.34,12.43
2017,ela,11,203,Filipino,Ethnicity for Socioeconomically Disadvantaged,4381,4229,2626.3,31.42,38.52,69.93,19.48,10.58
2017,ela,11,204,Hispanic or Latino,Ethnicity for Socioeconomically Disadvantaged,187607,176653,2565.2,14.77,31.85,46.62,27.17,26.21
2017,ela,11,205,Native Hawaiian or Pacific Islander,Ethnicity for Socioeconomically Disadvantaged,1394,1277,2557.8,12.56,31.0,43.56,28.26,28.18
2017,ela,11,206,White,Ethnicity for Socioeconomically Disadvantaged,28964,26365,2587.1,22.51,32.37,54.89,23.12,21.99
2017,ela,11,207,Two or more races,Ethnicity for Socioeconomically Disadvantaged,4352,3931,2589.4,23.28,31.82,55.1,23.38,21.52
2017,ela,11,220,Black or African American,Ethnicity for Not Socioeconomically Disadvantaged,9427,8494,2583.3,20.98,33.03,54.02,23.73,22.25
2017,ela,11,221,American Indian or Alaska Native,Ethnicity for Not Socioeconomically Disadvantaged,1167,1063,2605.5,26.79,33.96,60.75,22.45,16.79
2017,ela,11,222,Asian,Ethnicity for Not Socioeconomically Disadvantaged,27889,26880,2697.7,64.84,23.84,88.68,7.05,4.27
2017,ela,11,223,Filipino,Ethnicity for Not Socioeconomically Disadvantaged,9080,8859,2662.9,46.29,36.21,82.5,12.44,5.06
2017,ela,11,224,Hispanic or Latino,Ethnicity for Not Socioeconomically Disadvantaged,60010,56252,2603.6,25.95,35.39,61.34,21.83,16.84
2017,ela,11,225,Native Hawaiian or Pacific Islander,Ethnicity for Not Socioeconomically Disadvantaged,1059,989,2608.9,27.02,35.53,62.55,22.37,15.08
2017,ela,11,226,White,Ethnicity for Not Socioeconomically Disadvantaged,88349,83391,2652.6,44.32,33.4,77.72,14.02,8.26
2017,ela,11,227,Two or more races,Ethnicity for Not Socioeconomically Disadvantaged,9112,8604,2659.3,47.98,31.42,79.4,13.06,7.54
2018,ela,11,1,All Students,All Students,468461,440132,2592.4,25.59,30.37,55.96,22.18,21.85
2018,ela,11,3,Male,Gender,238687,223674,2575.5,22.24,27.98,50.22,22.53,27.25
2018,ela,11,4,Female,Gender,229774,216458,2609.9,29.05,32.85,61.9,21.83,16.28
2018,ela,11,6,"IFEP, RFEP, and EO (Fluent English proficient and English only)",English-Language Fluency,422564,399775,2606.2,28.07,32.74,60.81,22.03,17.15
2018,ela,11,7,IFEP (Initial fluent English proficient),English-Language Fluency,23881,22849,2651.6,44.17,32.02,76.19,14.95,8.86
2018,ela,11,8,RFEP (Reclassified fluent English proficient),English-Language Fluency,148246,143018,2599.2,22.55,35.74,58.3,25.8,15.9
2018,ela,11,28,Migrant education,Migrant,3143,2985,2537.8,11.44,26.64,38.09,25.34,36.58
2018,ela,11,31,Socioeconomically disadvantaged,Economic Status,271195,254223,2563.1,16.22,29.57,45.78,25.87,28.35
2018,ela,11,74,Black or African American,Race and Ethnicity,26858,24310,2537.7,12.33,24.43,36.76,25.76,37.48
2018,ela,11,75,American Indian or Alaska Native,Race and Ethnicity,2673,2395,2563.5,16.48,29.74,46.22,24.75,29.03
2018,ela,11,76,Asian,Race and Ethnicity,44101,42554,2664.6,52.02,26.85,78.87,11.89,9.24
2018,ela,11,77,Filipino,Race and Ethnicity,13390,13088,2642.5,38.85,35.94,74.79,16.82,8.39
2018,ela,11,78,Hispanic or Latino,Race and Ethnicity,247891,233620,2565.2,16.09,30.53,46.62,26.22,27.16
2018,ela,11,79,Native Hawaiian or Pacific Islander,Race and Ethnicity,2285,2110,2569.0,17.28,30.27,47.55,26.13,26.32
2018,ela,11,80,White,Race and Ethnicity,113151,105487,2627.0,36.34,32.2,68.53,17.54,13.92
2018,ela,11,90,Not a high school graduate,Parent Education,79806,74367,2545.8,12.02,27.43,39.45,27.31,33.25
2018,ela,11,91,High school graduate,Parent Education,93455,87956,2563.7,15.63,30.24,45.87,26.59,27.54
2018,ela,11,92,Some college (includes AA degree),Parent Education,91481,86610,2591.0,22.61,33.84,56.45,23.51,20.04
2018,ela,11,93,College graduate,Parent Education,86579,82585,2633.4,38.07,32.67,70.74,17.12,12.14
2018,ela,11,94,Graduate school/Post graduate,Parent Education,57957,54765,2664.3,51.23,27.82,79.05,12.39,8.56
2018,ela,11,99,No reported disabilities,Disability Status,422892,400040,2604.4,27.8,32.29,60.09,22.11,17.8
2018,ela,11,111,Not socioeconomically disadvantaged,Economic Status,197266,185909,2632.6,38.39,31.47,69.87,17.15,12.98
2018,ela,11,120,ELs enrolled less than 12 months,English-Language Fluency,2421,1389,2454.5,1.45,9.7,11.15,21.87,66.98
2018,ela,11,121,Declined to state,Parent Education,59004,53774,2570.0,20.12,28.16,48.28,23.51,28.21
2018,ela,11,128,Reported disabilities,Disability Status,45569,40092,2472.3,3.48,11.23,14.71,22.89,62.4
2018,ela,11,142,ELs enrolled 12 months or more,English-Language Fluency,42190,38187,2455.2,0.79,6.56,7.35,23.77,68.88
2018,ela,11,144,Two or more races,Race and Ethnicity,14017,12991,2626.9,37.28,30.44,67.73,17.76,14.51
2018,ela,11,160,"EL (English learner, excluding RFEP)",English-Language Fluency,45072,39893,2455.1,0.82,6.67,7.49,23.67,68.84
2018,ela,11,170,EverEL,English-Language Fluency,193318,182911,2567.8,17.82,29.41,47.23,25.34,27.43
2018,ela,11,180,EO (English only),English-Language Fluency,250437,233908,2606.0,29.87,30.98,60.85,20.42,18.73
2018,ela,11,190,TBD (To be determined),English-Language Fluency,239,149,2526.5,12.33,23.29,35.62,24.66,39.73
2018,ela,11,200,Black or African American,Ethnicity for Socioeconomically Disadvantaged,18022,16167,2521.0,8.96,21.71,30.67,26.5,42.83
2018,ela,11,201,American Indian or Alaska Native,Ethnicity for Socioeconomically Disadvantaged,1615,1420,2546.7,11.49,28.01,39.5,27.87,32.62
2018,ela,11,202,Asian,Ethnicity for Socioeconomically Disadvantaged,18421,17780,2626.5,37.12,31.02,68.14,17.11,14.75
2018,ela,11,203,Filipino,Ethnicity for Socioeconomically Disadvantaged,4541,4434,2617.9,29.36,36.63,65.99,21.46,12.55
2018,ela,11,204,Hispanic or Latino,Ethnicity for Socioeconomically Disadvantaged,189550,178742,2556.3,13.63,29.74,43.37,27.13,29.51
2018,ela,11,205,Native Hawaiian or Pacific Islander,Ethnicity for Socioeconomically Disadvantaged,1360,1246,2551.5,13.24,28.65,41.89,26.8,31.32
2018,ela,11,206,White,Ethnicity for Socioeconomically Disadvantaged,30752,28172,2580.7,21.31,31.15,52.46,23.56,23.98
2018,ela,11,207,Two or more races,Ethnicity for Socioeconomically Disadvantaged,4732,4309,2577.8,20.71,30.29,51.0,24.08,24.92
2018,ela,11,220,Black or African American,Ethnicity for Not Socioeconomically Disadvantaged,8836,8143,2570.6,19.0,29.82,48.81,24.3,26.89
2018,ela,11,221,American Indian or Alaska Native,Ethnicity for Not Socioeconomically Disadvantaged,1058,975,2587.7,23.72,32.24,55.95,20.23,23.82
2018,ela,11,222,Asian,Ethnicity for Not Socioeconomically Disadvantaged,25680,24774,2691.9,62.71,23.86,86.57,8.15,5.28
2018,ela,11,223,Filipino,Ethnicity for Not Socioeconomically Disadvantaged,8849,8654,2655.1,43.71,35.58,79.29,14.44,6.27
2018,ela,11,224,Hispanic or Latino,Ethnicity for Not Socioeconomically Disadvantaged,58341,54878,2594.2,24.11,33.1,57.21,23.27,19.52
2018,ela,11,225,Native Hawaiian or Pacific Islander,Ethnicity for Not Socioeconomically Disadvantaged,925,864,2594.2,23.09,32.6,55.68,25.17,19.14
2018,ela,11,226,White,Ethnicity for Not Socioeconomically Disadvantaged,82399,77315,2643.9,41.81,32.58,74.38,15.35,10.26
2018,ela,11,227,Two or more races,Ethnicity for Not Socioeconomically Disadvantaged,9285,8682,2651.2,45.51,30.52,76.02,14.63,9.35
2019,ela,11,1,All Students,All Students,467521,440797,2596.6,27.1,30.17,57.27,21.38,21.35
2019,ela,11,3,Male,Gender,237896,223682,2580.0,23.74,27.81,51.55,21.88,26.57
2019,ela,11,4,Female,Gender,229625,217115,2613.7,30.56,32.6,63.16,20.86,15.98
2019,ela,11,6,"IFEP, RFEP, and EO (Fluent English proficient and English only)",English-Language Fluency,423044,401646,2610.0,29.65,32.4,62.06,21.12,16.82
2019,ela,11,7,IFEP (Initial fluent English proficient),English-Language Fluency,24044,23063,2656.8,46.63,30.72,77.35,14.19,8.46
2019,ela,11,8,RFEP (Reclassified fluent English proficient),English-Language Fluency,149950,145218,2601.9,23.86,35.49,59.35,24.88,15.77
2019,ela,11,28,Migrant education,Migrant,3217,3086,2547.3,13.4,26.55,39.95,26.39,33.66
2019,ela,11,31,Socioeconomically disadvantaged,Economic Status,269154,253059,2567.3,17.51,29.7,47.22,25.09,27.69
2019,ela,11,50,Armed forces family member,Military Status,6359,6160,2596.4,25.43,32.03,57.46,22.77,19.78
2019,ela,11,51,Not armed forces family member,Military Status,461162,434637,2596.6,27.12,30.14,57.27,21.36,21.38
2019,ela,11,52,Homeless,Homeless Status,15074,13407,2542.5,12.57,26.1,38.67,25.57,35.76
2019,ela,11,53,Not homeless,Homeless Status,452447,427390,2598.3,27.55,30.3,57.85,21.25,20.9
2019,ela,11,74,Black or African American,Race and Ethnicity,25940,23392,2542.3,13.66,24.77,38.43,25.06,36.51
2019,ela,11,75,American Indian or Alaska Native,Race and Ethnicity,2511,2258,2563.3,17.65,27.81,45.45,25.31,29.23
2019,ela,11,76,Asian,Race and Ethnicity,44046,42710,2669.6,53.63,26.21,79.84,11.75,8.4
2019,ela,11,77,Filipino,Race and Ethnicity,12867,12499,2645.8,40.68,35.23,75.91,15.6,8.5
2019,ela,11,78,Hispanic or Latino,Race and Ethnicity,250978,237522,2570.0,17.65,30.62,48.27,25.27,26.46
2019,ela,11,79,Native Hawaiian or Pacific Islander,Race and Ethnicity,2299,2143,2574.2,19.06,30.96,50.02,24.4,25.57
2019,ela,11,80,White,Race and Ethnicity,109641,102665,2630.7,38.1,31.44,69.54,16.74,13.71
2019,ela,11,90,Not a high school graduate,Parent Education,77579,72650,2550.1,13.18,27.77,40.95,26.52,32.53
2019,ela,11,91,High school graduate,Parent Education,93863,88856,2568.7,17.14,30.54,47.68,25.58,26.75
2019,ela,11,92,Some college (includes AA degree),Parent Education,90715,86076,2595.6,24.28,33.53,57.81,22.88,19.31
2019,ela,11,93,College graduate,Parent Education,88712,84728,2636.9,39.66,32.05,71.71,16.23,12.05
2019,ela,11,94,Graduate school/Post graduate,Parent Education,59824,56671,2668.3,52.96,27.17,80.13,11.65,8.22
2019,ela,11,99,No reported disabilities,Disability Status,420551,399234,2608.8,29.49,32.08,61.57,21.1,17.33
2019,ela,11,111,Not socioeconomically disadvantaged,Economic Status,198367,187738,2636.1,40.01,30.8,70.81,16.37,12.82
2019,ela,11,120,ELs enrolled less than 12 months,English-Language Fluency,2551,1419,2436.9,0.35,5.52,5.88,17.71,76.42
2019,ela,11,121,Declined to state,Parent Education,56617,51742,2566.9,19.53,27.51,47.04,23.57,29.4
2019,ela,11,128,Reported disabilities,Disability Status,46970,41563,2478.8,4.12,11.74,15.87,24.02,60.11
2019,ela,11,142,ELs enrolled 12 months or more,English-Language Fluency,40708,37052,2458.9,0.77,7.14,7.91,24.36,67.73
2019,ela,11,144,Two or more races,Race and Ethnicity,15291,14176,2630.7,38.49,30.57,69.06,16.74,14.2
2019,ela,11,160,"EL (English learner, excluding RFEP)",English-Language Fluency,43847,38861,2458.0,0.76,7.07,7.83,24.07,68.11
2019,ela,11,170,EverEL,English-Language Fluency,193797,184079,2571.6,18.99,29.5,48.49,24.71,26.8
2019,ela,11,180,EO (English only),English-Language Fluency,249050,233365,2610.4,31.58,30.65,62.23,19.47,18.31
2019,ela,11,190,TBD (To be determined),English-Language Fluency,310,128,2498.3,7.2,21.6,28.8,17.6,53.6
2019,ela,11,200,Black or African American,Ethnicity for Socioeconomically Disadvantaged,17535,15681,2526.8,9.85,23.09,32.95,25.94,41.12
2019,ela,11,201,American Indian or Alaska Native,Ethnicity for Socioeconomically Disadvantaged,1511,1343,2543.8,12.92,25.09,38.02,26.52,35.46
2019,ela,11,202,Asian,Ethnicity for Socioeconomically Disadvantaged,17487,16943,2632.0,38.5,30.91,69.41,16.78,13.82
2019,ela,11,203,Filipino,Ethnicity for Socioeconomically Disadvantaged,4303,4155,2621.7,31.22,36.42,67.65,19.63,12.72
2019,ela,11,204,Hispanic or Latino,Ethnicity for Socioeconomically Disadvantaged,189808,179706,2560.8,14.98,29.89,44.87,26.39,28.74
2019,ela,11,205,Native Hawaiian or Pacific Islander,Ethnicity for Socioeconomically Disadvantaged,1371,1269,2555.3,14.16,28.64,42.8,26.66,30.54
2019,ela,11,206,White,Ethnicity for Socioeconomically Disadvantaged,30315,27864,2584.3,23.08,30.9,53.98,22.25,23.76
2019,ela,11,207,Two or more races,Ethnicity for Socioeconomically Disadvantaged,5093,4585,2582.3,22.29,30.29,52.58,22.99,24.43
2019,ela,11,220,Black or African American,Ethnicity for Not Socioeconomically Disadvantaged,8405,7711,2573.9,21.4,28.19,49.59,23.27,27.14
2019,ela,11,221,American Indian or Alaska Native,Ethnicity for Not Socioeconomically Disadvantaged,1000,915,2591.8,24.53,31.76,56.3,23.55,20.15
2019,ela,11,222,Asian,Ethnicity for Not Socioeconomically Disadvantaged,26559,25767,2694.4,63.58,23.13,86.71,8.45,4.85
2019,ela,11,223,Filipino,Ethnicity for Not Socioeconomically Disadvantaged,8564,8344,2657.8,45.38,34.64,80.02,13.59,6.39
2019,ela,11,224,Hispanic or Latino,Ethnicity for Not Socioeconomically Disadvantaged,61170,57816,2598.4,25.94,32.89,58.82,21.81,19.37
2019,ela,11,225,Native Hawaiian or Pacific Islander,Ethnicity for Not Socioeconomically Disadvantaged,928,874,2601.6,26.18,34.33,60.51,21.13,18.37
2019,ela,11,226,White,Ethnicity for Not Socioeconomically Disadvantaged,79326,74801,2647.9,43.69,31.64,75.33,14.69,9.98
2019,ela,11,227,Two or more races,Ethnicity for Not Socioeconomically Disadvantaged,10198,9591,2653.8,46.22,30.7,76.92,13.76,9.32
2021,ela,11,1,All Students,All Students,471262,209650,2605.5,29.07,30.17,59.24,21.33,19.42
2021,ela,11,3,Male,Gender,240216,103400,2588.5,25.42,28.33,53.74,22.12,24.14
2021,ela,11,4,Female,Gender,230844,106162,2621.9,32.63,31.96,64.59,20.57,14.84
2021,ela,11,6,"IFEP, RFEP, and EO (Fluent English proficient and English only)",English-Language Fluency,424158,191693,2618.3,31.66,32.05,63.72,20.76,15.53
2021,ela,11,7,IFEP (Initial fluent English proficient),English-Language Fluency,23320,11640,2667.0,48.56,29.39,77.95,13.86,8.19
2021,ela,11,8,RFEP (Reclassified fluent English proficient),English-Language Fluency,148480,73369,2609.7,26.79,34.48,61.27,23.64,15.09
2021,ela,11,28,Migrant education,Migrant,3157,1410,2551.0,14.16,27.1,41.27,26.82,31.92
2021,ela,11,29,Not migrant education,Migrant,468105,208240,2605.8,29.18,30.19,59.37,21.3,19.34
2021,ela,11,31,Socioeconomically disadvantaged,Economic Status,266682,120435,2576.2,19.77,30.13,49.9,25.17,24.93
2021,ela,11,50,Armed forces family member,Military Status,6191,2726,2610.7,30.31,31.23,61.54,21.64,16.82
2021,ela,11,51,Not armed forces family member,Military Status,465071,206924,2605.4,29.06,30.16,59.21,21.33,19.46
2021,ela,11,52,Homeless,Homeless Status,13962,5104,2549.4,14.39,26.97,41.35,26.29,32.36
2021,ela,11,53,Not homeless,Homeless Status,457300,204546,2606.8,29.44,30.25,59.69,21.21,19.1
2021,ela,11,74,Black or African American,Race and Ethnicity,24550,8466,2555.0,15.59,27.02,42.62,25.5,31.88
2021,ela,11,75,American Indian or Alaska Native,Race and Ethnicity,2321,1035,2568.2,17.81,30.53,48.34,24.17,27.5
2021,ela,11,76,Asian,Race and Ethnicity,45740,23211,2685.7,57.05,25.27,82.32,10.21,7.47
2021,ela,11,77,Filipino,Race and Ethnicity,12139,5966,2658.3,45.09,32.57,77.66,14.7,7.64
2021,ela,11,78,Hispanic or Latino,Race and Ethnicity,257572,115050,2576.9,19.43,30.85,50.28,25.47,24.24
2021,ela,11,79,Native Hawaiian or Pacific Islander,Race and Ethnicity,2211,863,2592.0,23.42,31.38,54.8,22.13,23.07
2021,ela,11,80,White,Race and Ethnicity,106734,46876,2632.7,37.49,31.21,68.7,17.6,13.7
2021,ela,11,90,Not a high school graduate,Parent Education,69499,28790,2557.2,14.62,28.75,43.37,27.08,29.55
2021,ela,11,91,High school graduate,Parent Education,89821,38983,2573.2,18.27,30.39,48.67,26.31,25.02
2021,ela,11,92,Some college (includes AA degree),Parent Education,87595,37616,2597.3,24.63,33.02,57.65,23.11,19.24
2021,ela,11,93,College graduate,Parent Education,89574,40302,2644.3,41.05,31.45,72.5,16.24,11.25
2021,ela,11,94,Graduate school/Post graduate,Parent Education,64681,27742,2678.6,53.97,26.64,80.61,11.51,7.88
2021,ela,11,99,No reported disabilities,Disability Status,418462,191683,2617.1,31.41,31.77,63.19,20.94,15.88
2021,ela,11,111,Not socioeconomically disadvantaged,Economic Status,204580,89215,2644.6,41.53,30.22,71.75,16.2,12.05
2021,ela,11,120,ELs enrolled less than 12 months,English-Language Fluency,1020,258,2441.8,0.78,9.41,10.2,21.18,68.63
2021,ela,11,121,Declined to state,Parent Education,70019,36201,2586.9,24.12,29.37,53.49,22.88,23.63
2021,ela,11,128,Reported disabilities,Disability Status,52800,17967,2480.1,3.93,12.9,16.82,25.62,57.55
2021,ela,11,142,ELs enrolled 12 months or more,English-Language Fluency,45309,17538,2466.8,1.11,9.8,10.92,27.7,61.38
2021,ela,11,144,Two or more races,Race and Ethnicity,19995,8183,2638.1,39.77,29.9,69.67,16.82,13.51
2021,ela,11,160,"EL (English learner, excluding RFEP)",English-Language Fluency,46627,17874,2466.4,1.12,9.8,10.91,27.57,61.52
2021,ela,11,170,EverEL,English-Language Fluency,195308,91280,2581.8,21.78,29.67,51.45,24.41,24.14
2021,ela,11,180,EO (English only),English-Language Fluency,252358,106684,2618.9,33.16,30.68,63.84,19.53,16.63
2021,ela,11,190,TBD (To be determined),English-Language Fluency,158,16,2520.4,0.0,37.5,37.5,18.75,43.75
2021,ela,11,200,Black or African American,Ethnicity for Socioeconomically Disadvantaged,16361,5508,2538.1,11.77,24.94,36.71,26.91,36.38
2021,ela,11,201,American Indian or Alaska Native,Ethnicity for Socioeconomically Disadvantaged,1351,590,2545.6,11.88,28.74,40.62,26.51,32.87
2021,ela,11,202,Asian,Ethnicity for Socioeconomically Disadvantaged,16948,8744,2647.6,43.43,29.65,73.07,14.93,11.99
2021,ela,11,203,Filipino,Ethnicity for Socioeconomically Disadvantaged,3958,2007,2633.3,36.71,32.55,69.26,19.46,11.28
2021,ela,11,204,Hispanic or Latino,Ethnicity for Socioeconomically Disadvantaged,190898,87368,2567.9,16.84,30.35,47.19,26.54,26.28
2021,ela,11,205,Native Hawaiian or Pacific Islander,Ethnicity for Socioeconomically Disadvantaged,1205,461,2574.2,18.9,30.99,49.89,22.86,27.25
2021,ela,11,206,White,Ethnicity for Socioeconomically Disadvantaged,29308,13120,2589.0,23.46,30.9,54.36,23.65,21.99
2021,ela,11,207,Two or more races,Ethnicity for Socioeconomically Disadvantaged,6653,2637,2589.4,24.45,29.9,54.35,22.84,22.81
2021,ela,11,220,Black or African American,Ethnicity for Not Socioeconomically Disadvantaged,8189,2958,2586.4,22.66,30.88,53.54,22.9,23.56
2021,ela,11,221,American Indian or Alaska Native,Ethnicity for Not Socioeconomically Disadvantaged,970,445,2598.0,25.62,32.88,58.5,21.09,20.41
2021,ela,11,222,Asian,Ethnicity for Not Socioeconomically Disadvantaged,28792,14467,2708.7,65.25,22.63,87.89,7.37,4.74
2021,ela,11,223,Filipino,Ethnicity for Not Socioeconomically Disadvantaged,8181,3959,2671.0,49.33,32.59,81.92,12.29,5.79
2021,ela,11,224,Hispanic or Latino,Ethnicity for Not Socioeconomically Disadvantaged,66674,27682,2605.0,27.55,32.44,59.99,22.14,17.87
2021,ela,11,225,Native Hawaiian or Pacific Islander,Ethnicity for Not Socioeconomically Disadvantaged,1006,402,2612.3,28.57,31.83,60.4,21.3,18.3
2021,ela,11,226,White,Ethnicity for Not Socioeconomically Disadvantaged,77426,33756,2649.7,42.93,31.33,74.26,15.26,10.49
2021,ela,11,227,Two or more races,Ethnicity for Not Socioeconomically Disadvantaged,13342,5546,2661.1,47.02,29.9,76.92,13.97,9.11
2021,ela,11,243,ADEL (Adult English learner),English-Language Fluency,201,37,2468.8,0.0,5.41,5.41,29.73,64.86
2022,ela,11,1,All Students,All Students,471944,428437,2589.6,25.61,29.19,54.8,21.61,23.59
2022,ela,11,3,Male,Gender,240416,218415,2572.0,22.14,27.01,49.15,21.98,28.87
2022,ela,11,4,Female,Gender,230910,209505,2607.8,29.19,31.46,60.64,21.24,18.12
2022,ela,11,6,"IFEP, RFEP, and EO (Fluent English proficient and English only)",English-Language Fluency,419785,384194,2605.4,28.49,31.7,60.19,21.26,18.55
2022,ela,11,7,IFEP (Initial fluent English proficient),English-Language Fluency,22274,20905,2661.6,46.93,30.29,77.22,14.05,8.73
2022,ela,11,8,RFEP (Reclassified fluent English proficient),English-Language Fluency,145563,137143,2598.8,23.8,34.56,58.36,24.17,17.46
2022,ela,11,28,Migrant education,Migrant,3245,2991,2530.8,11.43,24.85,36.28,24.85,38.87
2022,ela,11,29,Not migrant education,Migrant,468699,425446,2590.0,25.71,29.22,54.93,21.58,23.49
2022,ela,11,31,Socioeconomically disadvantaged,Economic Status,270490,245318,2560.1,16.97,28.09,45.06,24.97,29.97
2022,ela,11,50,Armed forces family member,Military Status,6639,6173,2597.8,26.25,31.86,58.11,21.78,20.11
2022,ela,11,51,Not armed forces family member,Military Status,465305,422264,2589.5,25.6,29.15,54.75,21.6,23.65
2022,ela,11,52,Homeless,Homeless Status,13591,11573,2530.2,11.48,23.91,35.39,25.46,39.15
2022,ela,11,53,Not homeless,Homeless Status,458353,416864,2591.2,26.0,29.34,55.34,21.5,23.16
2022,ela,11,74,Black or African American,Race and Ethnicity,23959,20533,2535.3,13.34,23.41,36.76,24.66,38.59
2022,ela,11,75,American Indian or Alaska Native,Race and Ethnicity,2287,1913,2556.9,16.43,25.56,41.99,28.14,29.87
2022,ela,11,76,Asian,Race and Ethnicity,44771,42450,2673.0,52.93,27.09,80.02,11.46,8.52
2022,ela,11,77,Filipino,Race and Ethnicity,12861,12229,2647.0,40.28,35.25,75.53,15.75,8.72
2022,ela,11,78,Hispanic or Latino,Race and Ethnicity,262921,240084,2560.8,16.56,28.93,45.49,25.2,29.31
2022,ela,11,79,Native Hawaiian or Pacific Islander,Race and Ethnicity,2143,1868,2568.3,17.76,29.55,47.31,25.19,27.5
2022,ela,11,80,White,Race and Ethnicity,102424,91213,2625.0,35.67,31.25,66.92,17.69,15.4
2022,ela,11,90,Not a high school graduate,Parent Education,70931,63667,2539.5,12.06,25.92,37.98,26.35,35.68
2022,ela,11,91,High school graduate,Parent Education,92134,84029,2556.3,15.44,28.26,43.69,25.9,30.41
2022,ela,11,92,Some college (includes AA degree),Parent Education,88159,80294,2584.0,21.56,32.24,53.8,23.61,22.59
2022,ela,11,93,College graduate,Parent Education,91312,84023,2629.2,36.25,32.36,68.62,17.43,13.96
2022,ela,11,94,Graduate school/Post graduate,Parent Education,67384,61724,2665.6,50.1,28.09,78.19,12.34,9.47
2022,ela,11,99,No reported disabilities,Disability Status,418869,384251,2603.2,28.14,31.17,59.31,21.42,19.27
2022,ela,11,111,Not socioeconomically disadvantaged,Economic Status,201454,183119,2629.0,37.16,30.66,67.82,17.11,15.07
2022,ela,11,120,ELs enrolled less than 12 months,English-Language Fluency,3723,2165,2401.5,0.19,2.92,3.11,10.67,86.22
2022,ela,11,121,Declined to state,Parent Education,61653,54512,2560.5,18.91,26.32,45.24,23.48,31.28
2022,ela,11,128,Reported disabilities,Disability Status,53075,44186,2471.0,3.53,11.88,15.41,23.28,61.32
2022,ela,11,142,ELs enrolled 12 months or more,English-Language Fluency,47418,41555,2454.6,0.53,7.47,7.99,25.46,66.55
2022,ela,11,144,Two or more races,Race and Ethnicity,20578,18147,2623.9,36.19,30.0,66.2,17.07,16.74
2022,ela,11,160,"EL (English learner, excluding RFEP)",English-Language Fluency,51563,43987,2451.8,0.51,7.23,7.74,24.65,67.61
2022,ela,11,170,EverEL,English-Language Fluency,197336,181217,2563.1,18.15,27.92,46.07,24.29,29.64
2022,ela,11,180,EO (English only),English-Language Fluency,251948,226146,2604.2,29.62,30.11,59.72,20.16,20.12
2022,ela,11,190,TBD (To be determined),English-Language Fluency,183,56,2463.8,8.93,12.5,21.43,14.29,64.29
2022,ela,11,200,Black or African American,Ethnicity for Socioeconomically Disadvantaged,16068,13567,2518.9,9.86,21.37,31.22,25.26,43.51
2022,ela,11,201,American Indian or Alaska Native,Ethnicity for Socioeconomically Disadvantaged,1393,1155,2538.3,12.11,22.91,35.02,30.57,34.41
2022,ela,11,202,Asian,Ethnicity for Socioeconomically Disadvantaged,17107,16182,2634.9,40.07,29.77,69.83,16.12,14.04
2022,ela,11,203,Filipino,Ethnicity for Socioeconomically Disadvantaged,4203,3989,2624.5,31.68,36.1,67.77,19.74,12.48
2022,ela,11,204,Hispanic or Latino,Ethnicity for Socioeconomically Disadvantaged,193841,177401,2551.7,14.21,27.94,42.15,26.25,31.61
2022,ela,11,205,Native Hawaiian or Pacific Islander,Ethnicity for Socioeconomically Disadvantaged,1215,1052,2549.8,12.33,28.49,40.82,27.34,31.84
2022,ela,11,206,White,Ethnicity for Socioeconomically Disadvantaged,29606,25910,2580.7,22.38,30.17,52.55,22.6,24.85
2022,ela,11,207,Two or more races,Ethnicity for Socioeconomically Disadvantaged,7057,6062,2574.4,20.64,29.65,50.29,22.73,26.98
2022,ela,11,220,Black or African American,Ethnicity for Not Socioeconomically Disadvantaged,7891,6966,2567.2,20.11,27.39,47.5,23.49,29.02
2022,ela,11,221,American Indian or Alaska Native,Ethnicity for Not Socioeconomically Disadvantaged,894,758,2585.0,22.99,29.59,52.58,24.44,22.99
2022,ela,11,222,Asian,Ethnicity for Not Socioeconomically Disadvantaged,27664,26268,2696.5,60.85,25.44,86.29,8.58,5.12
2022,ela,11,223,Filipino,Ethnicity for Not Socioeconomically Disadvantaged,8658,8240,2657.9,44.44,34.84,79.29,13.81,6.9
2022,ela,11,224,Hispanic or Latino,Ethnicity for Not Socioeconomically Disadvantaged,69080,62683,2586.8,23.21,31.72,54.94,22.25,22.82
2022,ela,11,225,Native Hawaiian or Pacific Islander,Ethnicity for Not Socioeconomically Disadvantaged,928,816,2592.2,24.75,30.91,55.67,22.41,21.92
2022,ela,11,226,White,Ethnicity for Not Socioeconomically Disadvantaged,72818,65303,2642.5,40.93,31.67,72.61,15.74,11.65
2022,ela,11,227,Two or more races,Ethnicity for Not Socioeconomically Disadvantaged,13521,12085,2648.7,43.98,30.18,74.16,14.24,11.61
2022,ela,11,240,Foster youth,Foster Status,2231,1615,2488.3,6.31,16.38,22.69,23.94,53.38
2022,ela,11,241,Not foster youth,Foster Status,469713,426822,2590.0,25.68,29.24,54.92,21.6,23.48
2022,ela,11,243,ADEL (Adult English learner),English-Language Fluency,210,87,2467.6,1.16,13.95,15.12,24.42,60.47
2023,ela,11,1,All Students,All Students,473427,443589,2590.4,25.99,29.42,55.41,21.18,23.41
2023,ela,11,3,Male,Gender,241241,226293,2573.7,22.87,27.08,49.95,21.51,28.54
2023,ela,11,4,Female,Gender,231267,216507,2607.7,29.21,31.85,61.06,20.85,18.09
2023,ela,11,6,"IFEP, RFEP, and EO (Fluent English proficient and English only)",English-Language Fluency,420261,396672,2606.8,29.0,32.04,61.04,20.72,18.24
2023,ela,11,7,IFEP (Initial fluent English proficient),English-Language Fluency,22546,21601,2663.1,47.53,30.51,78.04,13.63,8.34
2023,ela,11,8,RFEP (Reclassified fluent English proficient),English-Language Fluency,143219,138032,2600.3,24.19,35.14,59.33,23.61,17.05
2023,ela,11,28,Migrant education,Migrant,3342,3133,2531.6,11.29,25.05,36.33,24.82,38.84
2023,ela,11,29,Not migrant education,Migrant,470085,440456,2590.9,26.09,29.45,55.55,21.16,23.3
2023,ela,11,31,Socioeconomically disadvantaged,Economic Status,288237,269751,2561.7,17.47,28.57,46.04,24.39,29.57
2023,ela,11,50,Armed forces family member,Military Status,7131,6830,2598.4,26.5,31.57,58.07,21.88,20.06
2023,ela,11,51,Not armed forces family member,Military Status,466296,436759,2590.3,25.98,29.39,55.37,21.17,23.46
2023,ela,11,52,Homeless,Homeless Status,13411,11777,2525.2,11.32,22.73,34.04,24.74,41.22
2023,ela,11,53,Not homeless,Homeless Status,460016,431812,2592.2,26.39,29.6,55.99,21.08,22.92
2023,ela,11,74,Black or African American,Race and Ethnicity,23452,21230,2537.1,13.24,24.88,38.11,24.12,37.77
2023,ela,11,75,American Indian or Alaska Native,Race and Ethnicity,2183,1941,2560.0,17.99,27.25,45.24,24.2,30.56
2023,ela,11,76,Asian,Race and Ethnicity,44939,43276,2672.5,52.73,27.56,80.29,11.28,8.43
2023,ela,11,77,Filipino,Race and Ethnicity,12468,12119,2652.1,42.6,34.44,77.04,14.87,8.09
2023,ela,11,78,Hispanic or Latino,Race and Ethnicity,267480,251514,2562.5,17.22,29.19,46.41,24.63,28.96
2023,ela,11,79,Native Hawaiian or Pacific Islander,Race and Ethnicity,2050,1878,2571.9,19.86,29.07,48.93,24.09,26.98
2023,ela,11,80,White,Race and Ethnicity,99713,92160,2626.3,36.17,31.3,67.48,17.31,15.21
2023,ela,11,90,Not a high school graduate,Parent Education,70645,65683,2540.4,12.72,25.92,38.65,25.91,35.45
2023,ela,11,91,High school graduate,Parent Education,94826,88967,2556.9,15.78,28.58,44.36,25.11,30.53
2023,ela,11,92,Some college (includes AA degree),Parent Education,89219,83809,2584.5,21.91,32.25,54.15,23.24,22.6
2023,ela,11,93,College graduate,Parent Education,92752,87918,2628.9,36.38,32.28,68.66,17.44,13.9
2023,ela,11,94,Graduate school/Post graduate,Parent Education,71756,67725,2662.0,48.96,28.48,77.44,12.7,9.86
2023,ela,11,99,No reported disabilities,Disability Status,418784,395940,2604.4,28.63,31.42,60.04,20.89,19.07
2023,ela,11,111,Not socioeconomically disadvantaged,Economic Status,185190,173838,2634.9,39.19,30.74,69.93,16.21,13.87
2023,ela,11,120,ELs enrolled less than 12 months,English-Language Fluency,4079,2352,2406.3,0.26,3.37,3.63,11.05,85.32
2023,ela,11,121,Declined to state,Parent Education,54056,49383,2560.7,18.91,26.96,45.87,22.64,31.48
2023,ela,11,128,Reported disabilities,Disability Status,54643,47649,2474.1,4.01,12.77,16.78,23.64,59.58
2023,ela,11,142,ELs enrolled 12 months or more,English-Language Fluency,48191,43988,2454.1,0.46,7.46,7.91,25.89,66.19
2023,ela,11,144,Two or more races,Race and Ethnicity,21142,19471,2623.2,36.36,29.7,66.06,17.12,16.82
2023,ela,11,160,"EL (English learner, excluding RFEP)",English-Language Fluency,52746,46712,2451.4,0.45,7.23,7.68,25.08,67.25
2023,ela,11,170,EverEL,English-Language Fluency,196162,184864,2562.7,18.19,28.08,46.26,23.99,29.75
2023,ela,11,180,EO (English only),English-Language Fluency,254496,237039,2605.5,30.11,30.37,60.48,19.68,19.84
2023,ela,11,190,TBD (To be determined),English-Language Fluency,128,30,2493.5,16.67,23.33,40.0,3.33,56.67
2023,ela,11,200,Black or African American,Ethnicity for Socioeconomically Disadvantaged,16408,14685,2521.2,10.14,22.54,32.68,24.75,42.57
2023,ela,11,201,American Indian or Alaska Native,Ethnicity for Socioeconomically Disadvantaged,1407,1224,2541.5,12.88,26.09,38.97,25.92,35.11
2023,ela,11,202,Asian,Ethnicity for Socioeconomically Disadvantaged,18130,17474,2635.4,39.38,30.88,70.26,16.28,13.46
2023,ela,11,203,Filipino,Ethnicity for Socioeconomically Disadvantaged,4513,4362,2628.8,33.83,35.48,69.32,18.88,11.81
2023,ela,11,204,Hispanic or Latino,Ethnicity for Socioeconomically Disadvantaged,206175,194200,2553.2,14.74,28.41,43.15,25.59,31.26
2023,ela,11,205,Native Hawaiian or Pacific Islander,Ethnicity for Socioeconomically Disadvantaged,1254,1140,2553.4,15.07,27.58,42.64,25.37,31.98
2023,ela,11,206,White,Ethnicity for Socioeconomically Disadvantaged,32249,29358,2582.2,22.85,30.19,53.04,22.38,24.57
2023,ela,11,207,Two or more races,Ethnicity for Socioeconomically Disadvantaged,8101,7308,2576.2,21.86,29.29,51.15,22.27,26.57
2023,ela,11,220,Black or African American,Ethnicity for Not Socioeconomically Disadvantaged,7044,6545,2572.7,20.15,30.11,50.26,22.7,27.04
2023,ela,11,221,American Indian or Alaska Native,Ethnicity for Not Socioeconomically Disadvantaged,776,717,2591.7,26.71,29.23,55.94,21.26,22.8
2023,ela,11,222,Asian,Ethnicity for Not Socioeconomically Disadvantaged,26809,25802,2697.6,61.77,25.31,87.09,7.89,5.03
2023,ela,11,223,Filipino,Ethnicity for Not Socioeconomically Disadvantaged,7955,7757,2665.2,47.53,33.85,81.38,12.62,6.0
2023,ela,11,224,Hispanic or Latino,Ethnicity for Not Socioeconomically Disadvantaged,61305,57314,2593.9,25.61,31.82,57.43,21.41,21.17
2023,ela,11,225,Native Hawaiian or Pacific Islander,Ethnicity for Not Socioeconomically Disadvantaged,796,738,2600.6,27.29,31.38,58.66,22.1,19.24
2023,ela,11,226,White,Ethnicity for Not Socioeconomically Disadvantaged,67464,62802,2646.9,42.39,31.82,74.21,14.95,10.84
2023,ela,11,227,Two or more races,Ethnicity for Not Socioeconomically Disadvantaged,13041,12163,2651.3,45.06,29.94,75.0,14.03,10.97
2023,ela,11,240,Foster youth,Foster Status,2186,1761,2485.9,5.68,16.74,22.42,22.48,55.1
2023,ela,11,241,Not foster youth,Foster Status,471241,441828,2590.9,26.07,29.47,55.54,21.18,23.28
2023,ela,11,243,ADEL (Adult English learner),English-Language Fluency,197,120,2457.0,0.0,2.56,2.56,35.9,61.54
2023,ela,11,250,LTEL (Long-Term English learner),English-Language Fluency,29648,26903,2462.5,0.81,8.93,9.74,27.49,62.77
2023,ela,11,251,ARLTEL (At-Risk of becoming LTEL),English-Language Fluency,3404,3153,2442.1,0.38,6.43,6.81,22.35,70.84
2023,ela,11,252,NeverEL,English-Language Fluency,277170,258670,2610.3,31.57,30.38,61.95,19.17,18.88
2024,ela,11,1,All Students,All Students,463265,436275,2590.5,26.23,29.5,55.73,20.89,23.38
2024,ela,11,3,Male,Gender,237485,223488,2574.0,23.14,27.33,50.47,21.1,28.43
2024,ela,11,4,Female,Gender,224694,211831,2607.7,29.44,31.77,61.21,20.69,18.1
2024,ela,11,6,"IFEP, RFEP, and EO (Fluent English proficient and English only)",English-Language Fluency,410723,389777,2607.6,29.3,32.17,61.47,20.56,17.97
2024,ela,11,7,IFEP (Initial fluent English proficient),English-Language Fluency,21325,20580,2663.6,48.22,30.19,78.41,13.33,8.26
2024,ela,11,8,RFEP (Reclassified fluent English proficient),English-Language Fluency,138204,133698,2602.2,24.7,35.49,60.19,23.29,16.51
2024,ela,11,28,Migrant education,Migrant,3188,3027,2523.9,11.91,24.25,36.16,22.0,41.85
2024,ela,11,29,Not migrant education,Migrant,460077,433248,2591.0,26.33,29.53,55.86,20.88,23.25
2024,ela,11,31,Socioeconomically disadvantaged,Economic Status,289084,272274,2563.9,18.22,28.88,47.1,23.85,29.05
2024,ela,11,50,Armed forces family member,Military Status,6428,6193,2591.1,24.65,31.26,55.91,21.86,22.23
2024,ela,11,51,Not armed forces family member,Military Status,456837,430082,2590.5,26.25,29.47,55.73,20.88,23.4
2024,ela,11,52,Homeless,Homeless Status,15323,13563,2522.4,11.19,23.12,34.31,23.22,42.48
2024,ela,11,53,Not homeless,Homeless Status,447942,422712,2592.7,26.71,29.7,56.41,20.82,22.77
2024,ela,11,74,Black or African American,Race and Ethnicity,22828,20838,2539.1,13.73,24.76,38.48,24.6,36.92
2024,ela,11,75,American Indian or Alaska Native,Race and Ethnicity,2143,1925,2559.0,16.81,27.84,44.64,25.03,30.33
2024,ela,11,76,Asian,Race and Ethnicity,44640,43218,2669.8,52.54,27.2,79.75,11.01,9.25
2024,ela,11,77,Filipino,Race and Ethnicity,11603,11283,2653.7,43.5,34.78,78.28,13.99,7.73
2024,ela,11,78,Hispanic or Latino,Race and Ethnicity,262625,247904,2563.8,17.74,29.44,47.18,24.22,28.6
2024,ela,11,79,Native Hawaiian or Pacific Islander,Race and Ethnicity,2017,1872,2565.7,17.9,28.3,46.2,25.4,28.4
2024,ela,11,80,White,Race and Ethnicity,95540,88954,2624.0,35.85,31.28,67.13,17.13,15.74
2024,ela,11,90,Not a high school graduate,Parent Education,62189,57999,2542.1,13.28,26.64,39.92,24.84,35.24
2024,ela,11,91,High school graduate,Parent Education,90135,85233,2557.1,15.92,28.7,44.62,25.11,30.27
2024,ela,11,92,Some college (includes AA degree),Parent Education,83192,78680,2585.4,22.48,32.01,54.49,23.14,22.37
2024,ela,11,93,College graduate,Parent Education,91277,86740,2625.9,35.75,32.17,67.92,17.34,14.74
2024,ela,11,94,Graduate school/Post graduate,Parent Education,71063,67458,2660.5,48.55,28.77,77.33,12.66,10.01
2024,ela,11,99,No reported disabilities,Disability Status,408468,387972,2605.0,28.98,31.56,60.54,20.52,18.94
2024,ela,11,111,Not socioeconomically disadvantaged,Economic Status,174181,164001,2634.6,39.51,30.52,70.03,15.99,13.99
2024,ela,11,120,ELs enrolled less than 12 months,English-Language Fluency,4534,2525,2397.2,0.16,3.1,3.26,9.54,87.2
2024,ela,11,121,Declined to state,Parent Education,63473,58491,2561.4,19.34,27.07,46.41,22.57,31.02
2024,ela,11,128,Reported disabilities,Disability Status,54797,48303,2474.3,4.1,12.88,16.98,23.9,59.12
2024,ela,11,142,ELs enrolled 12 months or more,English-Language Fluency,47390,43645,2449.7,0.42,7.29,7.72,24.52,67.76
2024,ela,11,144,Two or more races,Race and Ethnicity,21869,20281,2623.5,36.56,29.45,66.0,17.04,16.96
2024,ela,11,160,"EL (English learner, excluding RFEP)",English-Language Fluency,52141,46317,2446.7,0.41,7.05,7.46,23.67,68.87
2024,ela,11,170,EverEL,English-Language Fluency,190509,180110,2562.2,18.45,28.17,46.62,23.39,29.99
2024,ela,11,180,EO (English only),English-Language Fluency,251194,235499,2605.8,30.26,30.45,60.71,19.64,19.64
2024,ela,11,190,TBD (To be determined),English-Language Fluency,134,34,2415.5,0.0,6.06,6.06,12.12,81.82
2024,ela,11,200,Black or African American,Ethnicity for Socioeconomically Disadvantaged,16562,14999,2524.0,10.44,22.94,33.37,25.34,41.28
2024,ela,11,201,American Indian or Alaska Native,Ethnicity for Socioeconomically Disadvantaged,1406,1250,2542.1,12.58,26.04,38.62,26.92,34.46
2024,ela,11,202,Asian,Ethnicity for Socioeconomically Disadvantaged,18765,18117,2633.8,40.01,30.09,70.1,15.38,14.53
2024,ela,11,203,Filipino,Ethnicity for Socioeconomically Disadvantaged,4519,4371,2635.3,36.57,35.86,72.44,17.17,10.39
2024,ela,11,204,Hispanic or Latino,Ethnicity for Socioeconomically Disadvantaged,204390,193529,2555.4,15.37,28.85,44.22,25.09,30.68
2024,ela,11,205,Native Hawaiian or Pacific Islander,Ethnicity for Socioeconomically Disadvantaged,1312,1210,2551.4,14.59,26.78,41.38,26.04,32.59
2024,ela,11,206,White,Ethnicity for Socioeconomically Disadvantaged,33236,30666,2583.7,23.79,30.36,54.15,21.51,24.34
2024,ela,11,207,Two or more races,Ethnicity for Socioeconomically Disadvantaged,8894,8132,2577.7,22.33,29.19,51.51,22.07,26.42
2024,ela,11,220,Black or African American,Ethnicity for Not Socioeconomically Disadvantaged,6266,5839,2578.0,22.15,29.41,51.56,22.68,25.76
2024,ela,11,221,American Indian or Alaska Native,Ethnicity for Not Socioeconomically Disadvantaged,737,675,2590.3,24.63,31.16,55.79,21.51,22.7
2024,ela,11,222,Asian,Ethnicity for Not Socioeconomically Disadvantaged,25875,25101,2695.7,61.59,25.12,86.71,7.85,5.44
2024,ela,11,223,Filipino,Ethnicity for Not Socioeconomically Disadvantaged,7084,6912,2665.3,47.87,34.1,81.97,11.98,6.05
2024,ela,11,224,Hispanic or Latino,Ethnicity for Not Socioeconomically Disadvantaged,58235,54375,2594.0,26.14,31.53,57.67,21.12,21.21
2024,ela,11,225,Native Hawaiian or Pacific Islander,Ethnicity for Not Socioeconomically Disadvantaged,705,662,2591.9,23.94,31.06,55.0,24.24,20.76
2024,ela,11,226,White,Ethnicity for Not Socioeconomically Disadvantaged,62304,58288,2645.2,42.18,31.76,73.94,14.83,11.23
2024,ela,11,227,Two or more races,Ethnicity for Not Socioeconomically Disadvantaged,12975,12149,2654.1,46.06,29.62,75.68,13.68,10.65
2024,ela,11,240,Foster youth,Foster Status,2116,1723,2493.2,6.45,18.24,24.69,23.11,52.2
2024,ela,11,241,Not foster youth,Foster Status,461149,434552,2590.9,26.31,29.54,55.85,20.88,23.27
2024,ela,11,243,ADEL (Adult English learner),English-Language Fluency,164,95,2453.6,0.0,6.32,6.32,27.37,66.32
2024,ela,11,250,LTEL (Long-Term English learner),English-Language Fluency,24661,22593,2458.4,0.61,8.35,8.96,26.83,64.21
2024,ela,11,251,ARLTEL (At-Risk of becoming LTEL),English-Language Fluency,3430,3191,2440.3,0.6,7.26,7.85,19.79,72.35
2024,ela,11,252,NeverEL,English-Language Fluency,272653,256113,2610.4,31.7,30.43,62.13,19.13,18.74
2025,ela,11,1,All Students,All Students,456459,433459,2594.6,27.36,29.6,56.96,20.52,22.52
2025,ela,11,3,Male,Gender,234457,222562,2578.4,24.27,27.44,51.71,20.93,27.35
2025,ela,11,4,Female,Gender,220965,209945,2611.7,30.56,31.89,62.44,20.11,17.45
2025,ela,11,6,"IFEP, RFEP, and EO (Fluent English proficient and English only)",English-Language Fluency,406196,388029,2611.6,30.47,32.16,62.63,20.12,17.24
2025,ela,11,7,IFEP (Initial fluent English proficient),English-Language Fluency,21444,20738,2668.0,49.26,30.25,79.51,12.89,7.6
2025,ela,11,8,RFEP (Reclassified fluent English proficient),English-Language Fluency,135506,131740,2606.6,26.1,35.51,61.61,22.69,15.71
2025,ela,11,28,Migrant education,Migrant,3233,3062,2531.1,12.72,24.86,37.59,22.51,39.91
2025,ela,11,29,Not migrant education,Migrant,453226,430397,2595.1,27.46,29.64,57.1,20.5,22.39
2025,ela,11,31,Socioeconomically disadvantaged,Economic Status,289996,275487,2568.7,19.46,29.2,48.66,23.41,27.93
2025,ela,11,50,Armed forces family member,Military Status,6703,6489,2598.0,26.81,31.2,58.01,21.55,20.44
2025,ela,11,51,Not armed forces family member,Military Status,449756,426970,2594.6,27.37,29.58,56.95,20.5,22.55
2025,ela,11,52,Homeless,Homeless Status,16686,15133,2526.2,11.55,23.96,35.51,23.6,40.89
2025,ela,11,53,Not homeless,Homeless Status,439773,418326,2597.1,27.93,29.81,57.74,20.41,21.85
2025,ela,11,74,Black or African American,Race and Ethnicity,22535,20753,2546.8,15.09,25.77,40.86,24.33,34.81
2025,ela,11,75,American Indian or Alaska Native,Race and Ethnicity,2089,1902,2552.0,16.96,25.88,42.84,24.3,32.86
2025,ela,11,76,Asian,Race and Ethnicity,45623,44193,2670.7,52.92,26.61,79.54,11.08,9.39
2025,ela,11,77,Filipino,Race and Ethnicity,11535,11244,2656.5,43.87,34.47,78.33,14.41,7.26
2025,ela,11,78,Hispanic or Latino,Race and Ethnicity,258005,245789,2568.7,18.98,29.91,48.89,23.68,27.44
2025,ela,11,79,Native Hawaiian or Pacific Islander,Race and Ethnicity,2017,1887,2569.9,19.26,28.65,47.9,24.56,27.53
2025,ela,11,80,White,Race and Ethnicity,92680,87117,2626.6,36.8,30.71,67.51,17.09,15.4
2025,ela,11,90,Not a high school graduate,Parent Education,58540,55321,2546.1,14.4,26.85,41.25,24.73,34.01
2025,ela,11,91,High school graduate,Parent Education,90202,85820,2560.9,16.88,29.21,46.1,24.51,29.4
2025,ela,11,92,Some college (includes AA degree),Parent Education,81407,77579,2587.9,22.97,32.39,55.37,22.71,21.93
2025,ela,11,93,College graduate,Parent Education,91778,87877,2628.1,36.41,32.05,68.46,17.1,14.44
2025,ela,11,94,Graduate school/Post graduate,Parent Education,72570,69196,2664.2,49.96,27.9,77.86,12.44,9.69
2025,ela,11,99,No reported disabilities,Disability Status,401941,384759,2609.2,30.24,31.59,61.83,20.04,18.13
2025,ela,11,111,Not socioeconomically disadvantaged,Economic Status,166463,157972,2639.9,41.12,30.31,71.43,15.47,13.09
2025,ela,11,120,ELs enrolled less than 12 months,English-Language Fluency,3827,2382,2403.4,0.29,3.74,4.04,11.31,84.66
2025,ela,11,121,Declined to state,Parent Education,60406,56371,2566.4,20.36,27.51,47.88,22.5,29.62
2025,ela,11,128,Reported disabilities,Disability Status,54518,48700,2479.8,4.57,13.88,18.44,24.31,57.25
2025,ela,11,142,ELs enrolled 12 months or more,English-Language Fluency,46005,42801,2452.2,0.74,7.94,8.68,24.66,66.67
2025,ela,11,144,Two or more races,Race and Ethnicity,21975,20574,2625.9,37.55,29.31,66.86,16.44,16.7
2025,ela,11,160,"EL (English learner, excluding RFEP)",English-Language Fluency,49976,45281,2449.6,0.71,7.71,8.43,23.93,67.65
2025,ela,11,170,EverEL,English-Language Fluency,185646,177116,2566.4,19.6,28.4,48.0,23.0,29.0
2025,ela,11,180,EO (English only),English-Language Fluency,249246,235551,2609.4,31.26,30.46,61.72,19.32,18.96
2025,ela,11,190,TBD (To be determined),English-Language Fluency,59,23,2421.0,13.04,0.0,13.04,8.7,78.26
2025,ela,11,200,Black or African American,Ethnicity for Socioeconomically Disadvantaged,16553,15162,2533.3,11.83,24.39,36.22,25.11,38.67
2025,ela,11,201,American Indian or Alaska Native,Ethnicity for Socioeconomically Disadvantaged,1403,1274,2537.9,13.27,25.75,39.02,24.01,36.97
2025,ela,11,202,Asian,Ethnicity for Socioeconomically Disadvantaged,20024,19313,2635.5,40.54,29.55,70.09,15.35,14.57
2025,ela,11,203,Filipino,Ethnicity for Socioeconomically Disadvantaged,4828,4702,2636.5,35.99,36.16,72.15,17.8,10.04
2025,ela,11,204,Hispanic or Latino,Ethnicity for Socioeconomically Disadvantaged,203319,194138,2560.1,16.62,29.29,45.91,24.56,29.53
2025,ela,11,205,Native Hawaiian or Pacific Islander,Ethnicity for Socioeconomically Disadvantaged,1342,1255,2554.0,15.15,27.51,42.66,26.24,31.1
2025,ela,11,206,White,Ethnicity for Socioeconomically Disadvantaged,33395,31181,2585.8,24.53,29.9,54.43,21.62,23.96
2025,ela,11,207,Two or more races,Ethnicity for Socioeconomically Disadvantaged,9132,8462,2581.3,23.64,29.26,52.89,21.74,25.36
2025,ela,11,220,Black or African American,Ethnicity for Not Socioeconomically Disadvantaged,5982,5591,2583.1,23.92,29.51,53.42,22.19,24.38
2025,ela,11,221,American Indian or Alaska Native,Ethnicity for Not Socioeconomically Disadvantaged,686,628,2580.5,24.4,26.16,50.56,24.88,24.56
2025,ela,11,222,Asian,Ethnicity for Not Socioeconomically Disadvantaged,25599,24880,2698.1,62.53,24.34,86.87,7.76,5.37
2025,ela,11,223,Filipino,Ethnicity for Not Socioeconomically Disadvantaged,6707,6542,2670.8,49.53,33.25,82.78,11.96,5.26
2025,ela,11,224,Hispanic or Latino,Ethnicity for Not Socioeconomically Disadvantaged,54686,51651,2601.1,27.82,32.24,60.06,20.35,19.6
2025,ela,11,225,Native Hawaiian or Pacific Islander,Ethnicity for Not Socioeconomically Disadvantaged,675,632,2601.4,27.42,30.9,58.32,21.24,20.44
2025,ela,11,226,White,Ethnicity for Not Socioeconomically Disadvantaged,59285,55936,2649.4,43.63,31.17,74.79,14.57,10.64
2025,ela,11,227,Two or more races,Ethnicity for Not Socioeconomically Disadvantaged,12843,12112,2657.1,47.27,29.34,76.61,12.74,10.65
2025,ela,11,240,Foster youth,Foster Status,1995,1676,2491.9,6.54,18.3,24.84,22.74,52.43
2025,ela,11,241,Not foster youth,Foster Status,454464,431783,2595.0,27.44,29.65,57.09,20.51,22.4
2025,ela,11,243,ADEL (Adult English learner),English-Language Fluency,164,95,2460.5,0.0,11.58,11.58,21.05,67.37
2025,ela,11,250,LTEL (Long-Term English learner),English-Language Fluency,24857,23168,2464.4,0.87,9.59,10.46,28.11,61.43
2025,ela,11,251,ARLTEL (At-Risk of becoming LTEL),English-Language Fluency,2271,2143,2448.7,1.03,8.85,9.88,21.72,68.4
2025,ela,11,252,NeverEL,English-Language Fluency,270749,256312,2614.2,32.72,30.44,63.16,18.8,18.04
2015,math,3,1,All Students,All Students,488520,477045,2415.1,14.0,26.0,40.0,27.0,33.0
2015,math,3,3,Male,Gender,488520,243931,2415.3,15.0,26.0,41.0,26.0,33.0
2015,math,3,4,Female,Gender,488520,233114,2414.8,13.0,26.0,39.0,28.0,33.0
2015,math,3,6,"IFEP, RFEP, and EO (Fluent English proficient and English only)",English-Language Fluency,488520,321749,2430.4,18.0,31.0,49.0,26.0,25.0
2015,math,3,7,IFEP (Initial fluent English proficient),English-Language Fluency,488520,18192,2472.6,36.0,33.0,69.0,20.0,11.0
2015,math,3,8,RFEP (Reclassified fluent English proficient),English-Language Fluency,488520,31148,2455.0,22.0,40.0,62.0,27.0,11.0
2015,math,3,28,Migrant education,Migrant,488520,4737,2375.9,3.0,16.0,19.0,29.0,52.0
2015,math,3,31,Socioeconomically disadvantaged,Economic Status,488520,297128,2391.2,6.0,21.0,27.0,30.0,43.0
2015,math,3,74,Black or African American,Race and Ethnicity,488520,26674,2377.8,5.0,18.0,22.0,27.0,50.0
2015,math,3,75,American Indian or Alaska Native,Race and Ethnicity,488520,2569,2390.0,7.0,22.0,29.0,27.0,44.0
2015,math,3,76,Asian,Race and Ethnicity,488520,41484,2478.3,41.0,32.0,72.0,17.0,11.0
2015,math,3,77,Filipino,Race and Ethnicity,488520,10900,2452.3,24.0,38.0,62.0,23.0,15.0
2015,math,3,78,Hispanic or Latino,Race and Ethnicity,488520,263880,2393.2,6.0,22.0,28.0,30.0,42.0
2015,math,3,79,Native Hawaiian or Pacific Islander,Race and Ethnicity,488520,2239,2408.5,10.0,26.0,36.0,30.0,34.0
2015,math,3,80,White,Race and Ethnicity,488520,110835,2445.2,23.0,35.0,58.0,23.0,19.0
2015,math,3,90,Not a high school graduate,Parent Education,488520,73701,2377.3,4.0,17.0,20.0,28.0,52.0
2015,math,3,91,High school graduate,Parent Education,488520,99567,2390.8,5.0,21.0,27.0,30.0,43.0
2015,math,3,92,Some college (includes AA degree),Parent Education,488520,98998,2411.1,10.0,28.0,38.0,30.0,32.0
2015,math,3,93,College graduate,Parent Education,488520,84934,2445.9,23.0,35.0,58.0,24.0,18.0
2015,math,3,94,Graduate school/Post graduate,Parent Education,488520,61479,2475.0,38.0,34.0,72.0,17.0,11.0
2015,math,3,99,No reported disabilities,Disability Status,488520,431702,2421.5,15.0,28.0,43.0,27.0,30.0
2015,math,3,111,Not socioeconomically disadvantaged,Economic Status,488520,179917,2454.4,27.0,35.0,62.0,22.0,16.0
2015,math,3,120,ELs enrolled less than 12 months,English-Language Fluency,488520,3503,2380.0,8.0,16.0,24.0,23.0,53.0
2015,math,3,121,Declined to state,Parent Education,488520,57971,2402.6,11.0,23.0,34.0,27.0,39.0
2015,math,3,128,Reported disabilities,Disability Status,488520,45343,2352.9,6.0,12.0,18.0,18.0,64.0
2015,math,3,142,ELs enrolled 12 months or more,English-Language Fluency,488520,149526,2383.3,5.0,17.0,22.0,29.0,49.0
2015,math,3,144,Two or more races,Race and Ethnicity,488520,15540,2445.1,24.0,32.0,57.0,23.0,20.0
2015,math,3,160,"EL (English learner, excluding RFEP)",English-Language Fluency,488520,153537,2383.2,5.0,17.0,22.0,29.0,49.0
2015,math,3,180,EO (English only),English-Language Fluency,488520,272409,2424.7,17.0,29.0,46.0,26.0,28.0
2015,math,3,200,Black or African American,Ethnicity for Socioeconomically Disadvantaged,488520,20175,2368.5,3.0,15.0,18.0,27.0,55.0
2015,math,3,201,American Indian or Alaska Native,Ethnicity for Socioeconomically Disadvantaged,488520,1778,2377.4,3.0,19.0,22.0,28.0,50.0
2015,math,3,202,Asian,Ethnicity for Socioeconomically Disadvantaged,488520,14611,2438.9,20.0,32.0,53.0,26.0,21.0
2015,math,3,203,Filipino,Ethnicity for Socioeconomically Disadvantaged,488520,3842,2432.8,16.0,35.0,50.0,28.0,22.0
2015,math,3,204,Hispanic or Latino,Ethnicity for Socioeconomically Disadvantaged,488520,214835,2386.5,5.0,19.0,24.0,30.0,46.0
2015,math,3,205,Native Hawaiian or Pacific Islander,Ethnicity for Socioeconomically Disadvantaged,488520,1487,2395.8,6.0,23.0,29.0,32.0,39.0
2015,math,3,206,White,Ethnicity for Socioeconomically Disadvantaged,488520,33123,2407.6,9.0,27.0,37.0,30.0,34.0
2015,math,3,207,Two or more races,Ethnicity for Socioeconomically Disadvantaged,488520,5528,2404.4,9.0,26.0,35.0,29.0,36.0
2015,math,3,220,Black or African American,Ethnicity for Not Socioeconomically Disadvantaged,488520,6499,2406.8,10.0,27.0,37.0,28.0,35.0
2015,math,3,221,American Indian or Alaska Native,Ethnicity for Not Socioeconomically Disadvantaged,488520,791,2418.4,14.0,30.0,44.0,26.0,30.0
2015,math,3,222,Asian,Ethnicity for Not Socioeconomically Disadvantaged,488520,26873,2499.7,52.0,31.0,83.0,11.0,6.0
2015,math,3,223,Filipino,Ethnicity for Not Socioeconomically Disadvantaged,488520,7058,2462.9,29.0,40.0,69.0,20.0,11.0
2015,math,3,224,Hispanic or Latino,Ethnicity for Not Socioeconomically Disadvantaged,488520,49045,2422.5,13.0,31.0,45.0,29.0,27.0
2015,math,3,225,Native Hawaiian or Pacific Islander,Ethnicity for Not Socioeconomically Disadvantaged,488520,752,2433.6,18.0,31.0,49.0,28.0,23.0
2015,math,3,226,White,Ethnicity for Not Socioeconomically Disadvantaged,488520,77712,2461.1,29.0,38.0,67.0,21.0,12.0
2015,math,3,227,Two or more races,Ethnicity for Not Socioeconomically Disadvantaged,488520,10012,2467.4,33.0,36.0,69.0,20.0,12.0
2016,math,3,1,All Students,All Students,473447,461013,2424.7,18.0,28.0,45.0,26.0,29.0
2016,math,3,3,Male,Gender,242460,235752,2425.3,19.0,28.0,46.0,25.0,29.0
2016,math,3,4,Female,Gender,230987,225261,2424.1,16.0,28.0,45.0,27.0,29.0
2016,math,3,6,"IFEP, RFEP, and EO (Fluent English proficient and English only)",English-Language Fluency,333188,324104,2440.4,23.0,32.0,54.0,24.0,22.0
2016,math,3,7,IFEP (Initial fluent English proficient),English-Language Fluency,16941,16584,2482.7,42.0,31.0,73.0,18.0,9.0
2016,math,3,8,RFEP (Reclassified fluent English proficient),English-Language Fluency,40442,40093,2467.1,28.0,41.0,69.0,23.0,7.0
2016,math,3,28,Migrant education,Migrant,4585,4497,2386.0,5.0,20.0,25.0,29.0,47.0
2016,math,3,31,Socioeconomically disadvantaged,Economic Status,300438,293680,2400.7,9.0,24.0,33.0,29.0,38.0
2016,math,3,74,Black or African American,Race and Ethnicity,26641,25426,2385.5,7.0,20.0,26.0,28.0,46.0
2016,math,3,75,American Indian or Alaska Native,Race and Ethnicity,2461,2370,2400.4,9.0,24.0,34.0,27.0,39.0
2016,math,3,76,Asian,Race and Ethnicity,41872,40862,2488.0,46.0,30.0,76.0,15.0,9.0
2016,math,3,77,Filipino,Race and Ethnicity,9832,9649,2462.6,30.0,37.0,67.0,21.0,12.0
2016,math,3,78,Hispanic or Latino,Race and Ethnicity,259590,254889,2403.4,9.0,25.0,34.0,29.0,37.0
2016,math,3,79,Native Hawaiian or Pacific Islander,Race and Ethnicity,2256,2173,2413.1,12.0,27.0,39.0,29.0,32.0
2016,math,3,80,White,Race and Ethnicity,110308,106103,2454.1,28.0,35.0,62.0,22.0,16.0
2016,math,3,90,Not a high school graduate,Parent Education,69612,68273,2386.1,6.0,19.0,25.0,29.0,46.0
2016,math,3,91,High school graduate,Parent Education,99108,97026,2400.1,8.0,24.0,32.0,30.0,38.0
2016,math,3,92,Some college (includes AA degree),Parent Education,98798,96184,2420.0,13.0,30.0,43.0,29.0,28.0
2016,math,3,93,College graduate,Parent Education,87497,85025,2454.6,27.0,35.0,62.0,22.0,16.0
2016,math,3,94,Graduate school/Post graduate,Parent Education,62789,60800,2483.8,43.0,32.0,76.0,15.0,9.0
2016,math,3,99,No reported disabilities,Disability Status,423180,413169,2432.3,19.0,30.0,48.0,26.0,25.0
2016,math,3,111,Not socioeconomically disadvantaged,Economic Status,173009,167333,2466.8,33.0,35.0,68.0,20.0,12.0
2016,math,3,120,ELs enrolled less than 12 months,English-Language Fluency,4003,3579,2385.7,10.0,17.0,28.0,22.0,50.0
2016,math,3,121,Declined to state,Parent Education,54899,53212,2412.4,14.0,25.0,39.0,26.0,34.0
2016,math,3,128,Reported disabilities,Disability Status,50267,47844,2358.7,7.0,14.0,20.0,19.0,61.0
2016,math,3,142,ELs enrolled 12 months or more,English-Language Fluency,133254,130954,2387.6,5.0,19.0,24.0,30.0,46.0
2016,math,3,144,Two or more races,Race and Ethnicity,16872,16325,2452.9,29.0,31.0,60.0,21.0,18.0
2016,math,3,160,"EL (English learner, excluding RFEP)",English-Language Fluency,138217,135425,2387.5,6.0,19.0,24.0,30.0,46.0
2016,math,3,180,EO (English only),English-Language Fluency,275805,267427,2433.7,21.0,30.0,51.0,24.0,25.0
2016,math,3,200,Black or African American,Ethnicity for Socioeconomically Disadvantaged,20910,19985,2375.5,4.0,17.0,21.0,28.0,51.0
2016,math,3,201,American Indian or Alaska Native,Ethnicity for Socioeconomically Disadvantaged,1727,1663,2385.4,6.0,20.0,25.0,29.0,46.0
2016,math,3,202,Asian,Ethnicity for Socioeconomically Disadvantaged,14837,14522,2449.9,26.0,33.0,59.0,23.0,18.0
2016,math,3,203,Filipino,Ethnicity for Socioeconomically Disadvantaged,3553,3450,2443.6,21.0,35.0,56.0,27.0,17.0
2016,math,3,204,Hispanic or Latino,Ethnicity for Socioeconomically Disadvantaged,214840,211342,2396.5,7.0,23.0,30.0,30.0,40.0
2016,math,3,205,Native Hawaiian or Pacific Islander,Ethnicity for Socioeconomically Disadvantaged,1602,1547,2401.8,8.0,24.0,33.0,31.0,37.0
2016,math,3,206,White,Ethnicity for Socioeconomically Disadvantaged,34712,33340,2415.9,12.0,30.0,42.0,28.0,30.0
2016,math,3,207,Two or more races,Ethnicity for Socioeconomically Disadvantaged,6435,6174,2410.8,12.0,26.0,38.0,28.0,33.0
2016,math,3,220,Black or African American,Ethnicity for Not Socioeconomically Disadvantaged,5731,5441,2422.2,15.0,31.0,45.0,27.0,27.0
2016,math,3,221,American Indian or Alaska Native,Ethnicity for Not Socioeconomically Disadvantaged,734,707,2435.6,18.0,36.0,53.0,24.0,22.0
2016,math,3,222,Asian,Ethnicity for Not Socioeconomically Disadvantaged,27035,26340,2508.9,57.0,29.0,86.0,10.0,4.0
2016,math,3,223,Filipino,Ethnicity for Not Socioeconomically Disadvantaged,6279,6199,2473.1,36.0,38.0,73.0,18.0,9.0
2016,math,3,224,Hispanic or Latino,Ethnicity for Not Socioeconomically Disadvantaged,44750,43547,2436.8,19.0,34.0,53.0,27.0,21.0
2016,math,3,225,Native Hawaiian or Pacific Islander,Ethnicity for Not Socioeconomically Disadvantaged,654,626,2441.2,21.0,35.0,56.0,24.0,20.0
2016,math,3,226,White,Ethnicity for Not Socioeconomically Disadvantaged,75596,72763,2471.5,35.0,37.0,72.0,19.0,10.0
2016,math,3,227,Two or more races,Ethnicity for Not Socioeconomically Disadvantaged,10437,10151,2478.4,39.0,34.0,74.0,17.0,9.0
2017,math,3,1,All Students,All Students,463511,455102,2427.9,19.27,27.56,46.83,24.99,28.17
2017,math,3,3,Male,Gender,238441,233642,2429.1,20.51,27.21,47.72,24.29,27.99
2017,math,3,4,Female,Gender,225070,221460,2426.6,17.97,27.93,45.9,25.73,28.37
2017,math,3,6,"IFEP, RFEP, and EO (Fluent English proficient and English only)",English-Language Fluency,335293,328994,2443.2,24.35,30.86,55.22,23.43,21.35
2017,math,3,7,IFEP (Initial fluent English proficient),English-Language Fluency,16855,16714,2487.9,44.46,30.62,75.07,16.61,8.32
2017,math,3,8,RFEP (Reclassified fluent English proficient),English-Language Fluency,46737,46560,2467.6,29.63,39.16,68.79,22.81,8.4
2017,math,3,28,Migrant education,Migrant,4126,4064,2393.3,6.3,22.8,29.1,28.66,42.25
2017,math,3,31,Socioeconomically disadvantaged,Economic Status,286793,282300,2404.1,10.01,24.46,34.47,28.32,37.21
2017,math,3,74,Black or African American,Race and Ethnicity,25289,24462,2387.4,7.7,20.07,27.77,26.36,45.87
2017,math,3,75,American Indian or Alaska Native,Race and Ethnicity,2301,2234,2403.7,11.2,24.82,36.02,25.0,38.98
2017,math,3,76,Asian,Race and Ethnicity,41964,41464,2491.9,48.28,28.9,77.18,13.98,8.83
2017,math,3,77,Filipino,Race and Ethnicity,8855,8770,2462.9,30.59,35.26,65.85,21.66,12.5
2017,math,3,78,Hispanic or Latino,Race and Ethnicity,255601,252237,2407.2,10.53,25.41,35.94,28.52,35.55
2017,math,3,79,Native Hawaiian or Pacific Islander,Race and Ethnicity,2101,2057,2417.5,12.74,28.63,41.37,27.56,31.06
2017,math,3,80,White,Race and Ethnicity,104844,102096,2455.6,29.16,32.97,62.13,21.5,16.37
2017,math,3,90,Not a high school graduate,Parent Education,66325,65443,2389.7,6.57,20.7,27.26,27.93,44.8
2017,math,3,91,High school graduate,Parent Education,97277,95830,2402.9,9.31,24.32,33.62,29.02,37.36
2017,math,3,92,Some college (includes AA degree),Parent Education,96010,94247,2422.6,14.5,29.91,44.41,28.12,27.46
2017,math,3,93,College graduate,Parent Education,87222,85557,2456.9,29.22,33.39,62.61,21.64,15.75
2017,math,3,94,Graduate school/Post graduate,Parent Education,62751,61466,2486.0,44.9,30.4,75.3,15.18,9.52
2017,math,3,99,No reported disabilities,Disability Status,411773,405875,2435.8,20.69,29.23,49.92,25.72,24.36
2017,math,3,111,Not socioeconomically disadvantaged,Economic Status,176718,172802,2466.8,34.4,32.63,67.03,19.56,13.41
2017,math,3,120,ELs enrolled less than 12 months,English-Language Fluency,4404,4064,2381.3,10.73,15.44,26.17,21.63,52.2
2017,math,3,121,Declined to state,Parent Education,53515,52289,2415.2,15.68,25.03,40.71,25.33,33.96
2017,math,3,128,Reported disabilities,Disability Status,51738,49227,2362.5,7.57,13.78,21.35,18.94,59.71
2017,math,3,142,ELs enrolled 12 months or more,English-Language Fluency,121193,119821,2388.2,5.78,19.08,24.86,29.39,45.75
2017,math,3,144,Two or more races,Race and Ethnicity,18687,18207,2456.3,31.13,30.55,61.68,20.48,17.84
2017,math,3,160,"EL (English learner, excluding RFEP)",English-Language Fluency,126581,124826,2387.9,5.93,18.93,24.86,29.15,45.99
2017,math,3,170,EverEL,English-Language Fluency,173318,171386,2409.5,12.37,24.43,36.8,27.43,35.77
2017,math,3,180,EO (English only),English-Language Fluency,271701,265720,2436.1,22.16,29.43,51.59,23.97,24.45
2017,math,3,190,TBD (To be determined),English-Language Fluency,436,360,2376.7,11.73,14.8,26.54,19.55,53.91
2017,math,3,200,Black or African American,Ethnicity for Socioeconomically Disadvantaged,19634,19016,2377.3,5.28,17.52,22.8,26.16,51.04
2017,math,3,201,American Indian or Alaska Native,Ethnicity for Socioeconomically Disadvantaged,1590,1541,2390.0,6.69,22.16,28.85,25.54,45.61
2017,math,3,202,Asian,Ethnicity for Socioeconomically Disadvantaged,14435,14255,2454.3,28.7,32.08,60.78,21.7,17.51
2017,math,3,203,Filipino,Ethnicity for Socioeconomically Disadvantaged,3221,3193,2445.0,22.39,33.35,55.75,25.96,18.29
2017,math,3,204,Hispanic or Latino,Ethnicity for Socioeconomically Disadvantaged,206723,204325,2400.4,8.38,23.84,32.22,29.13,38.65
2017,math,3,205,Native Hawaiian or Pacific Islander,Ethnicity for Socioeconomically Disadvantaged,1431,1398,2404.9,8.15,26.82,34.98,28.25,36.77
2017,math,3,206,White,Ethnicity for Socioeconomically Disadvantaged,31079,30196,2416.9,13.55,28.02,41.57,28.1,30.33
2017,math,3,207,Two or more races,Ethnicity for Socioeconomically Disadvantaged,6673,6459,2412.9,13.32,26.77,40.09,27.22,32.69
2017,math,3,220,Black or African American,Ethnicity for Not Socioeconomically Disadvantaged,5655,5446,2422.9,16.14,28.99,45.13,27.06,27.81
2017,math,3,221,American Indian or Alaska Native,Ethnicity for Not Socioeconomically Disadvantaged,711,693,2434.1,21.21,30.74,51.95,23.81,24.24
2017,math,3,222,Asian,Ethnicity for Not Socioeconomically Disadvantaged,27529,27209,2511.6,58.54,27.24,85.78,9.94,4.28
2017,math,3,223,Filipino,Ethnicity for Not Socioeconomically Disadvantaged,5634,5577,2473.1,35.28,36.35,71.63,19.19,9.18
2017,math,3,224,Hispanic or Latino,Ethnicity for Not Socioeconomically Disadvantaged,48878,47912,2436.1,19.71,32.1,51.81,25.9,22.29
2017,math,3,225,Native Hawaiian or Pacific Islander,Ethnicity for Not Socioeconomically Disadvantaged,670,659,2444.3,22.46,32.47,54.93,26.1,18.97
2017,math,3,226,White,Ethnicity for Not Socioeconomically Disadvantaged,73765,71900,2471.8,35.72,35.05,70.77,18.73,10.5
2017,math,3,227,Two or more races,Ethnicity for Not Socioeconomically Disadvantaged,12014,11748,2480.2,40.92,32.62,73.54,16.77,9.68
2018,math,3,1,All Students,All Students,445018,436464,2430.9,21.07,27.82,48.89,23.56,27.55
2018,math,3,3,Male,Gender,228446,223603,2432.3,22.36,27.5,49.86,22.92,27.22
2018,math,3,4,Female,Gender,216572,212861,2429.4,19.71,28.17,47.88,24.23,27.89
2018,math,3,6,"IFEP, RFEP, and EO (Fluent English proficient and English only)",English-Language Fluency,330041,323598,2446.0,26.12,30.78,56.9,22.2,20.89
2018,math,3,7,IFEP (Initial fluent English proficient),English-Language Fluency,16526,16396,2491.4,46.8,29.76,76.55,15.25,8.19
2018,math,3,8,RFEP (Reclassified fluent English proficient),English-Language Fluency,49516,49243,2467.7,30.74,37.7,68.44,22.19,9.37
2018,math,3,28,Migrant education,Migrant,3835,3782,2396.6,8.36,23.23,31.6,27.18,41.23
2018,math,3,31,Socioeconomically disadvantaged,Economic Status,278436,273853,2407.3,11.77,25.19,36.96,26.82,36.22
2018,math,3,74,Black or African American,Race and Ethnicity,23899,23167,2389.7,8.85,20.79,29.64,25.59,44.77
2018,math,3,75,American Indian or Alaska Native,Race and Ethnicity,2114,2036,2403.0,10.85,22.94,33.79,27.6,38.61
2018,math,3,76,Asian,Race and Ethnicity,40177,39656,2495.3,50.37,28.09,78.45,12.94,8.6
2018,math,3,77,Filipino,Race and Ethnicity,8391,8311,2468.8,34.89,33.96,68.85,19.66,11.5
2018,math,3,78,Hispanic or Latino,Race and Ethnicity,243958,240464,2410.4,12.27,26.05,38.32,27.02,34.66
2018,math,3,79,Native Hawaiian or Pacific Islander,Race and Ethnicity,1979,1938,2417.2,13.57,28.64,42.21,26.93,30.86
2018,math,3,80,White,Race and Ethnicity,101164,98234,2457.1,30.6,32.77,63.37,20.02,16.61
2018,math,3,90,Not a high school graduate,Parent Education,61997,61055,2391.7,7.85,21.17,29.02,26.83,44.15
2018,math,3,91,High school graduate,Parent Education,94424,92919,2405.4,10.79,24.96,35.75,27.46,36.79
2018,math,3,92,Some college (includes AA degree),Parent Education,91433,89679,2425.3,16.35,30.06,46.41,26.56,27.03
2018,math,3,93,College graduate,Parent Education,85836,84137,2459.7,31.08,33.23,64.31,20.32,15.36
2018,math,3,94,Graduate school/Post graduate,Parent Education,61975,60648,2488.8,46.81,29.79,76.6,14.01,9.39
2018,math,3,99,No reported disabilities,Disability Status,394393,388343,2439.0,22.64,29.46,52.1,24.18,23.72
2018,math,3,111,Not socioeconomically disadvantaged,Economic Status,166582,162611,2470.5,36.72,32.26,68.98,18.08,12.94
2018,math,3,120,ELs enrolled less than 12 months,English-Language Fluency,3631,3346,2381.5,10.57,17.1,27.67,20.4,51.93
2018,math,3,121,Declined to state,Parent Education,49027,47809,2416.6,16.53,25.72,42.25,24.02,33.73
2018,math,3,128,Reported disabilities,Disability Status,50625,48121,2364.8,8.35,14.6,22.95,18.55,58.51
2018,math,3,142,ELs enrolled 12 months or more,English-Language Fluency,109516,108056,2387.7,6.38,19.43,25.8,27.75,46.45
2018,math,3,144,Two or more races,Race and Ethnicity,19261,18834,2459.1,32.85,30.75,63.59,18.84,17.57
2018,math,3,160,"EL (English learner, excluding RFEP)",English-Language Fluency,113725,111931,2387.5,6.5,19.34,25.84,27.52,46.64
2018,math,3,170,EverEL,English-Language Fluency,163241,161174,2412.0,13.91,24.95,38.86,25.89,35.25
2018,math,3,180,EO (English only),English-Language Fluency,263999,257959,2438.9,23.92,29.53,53.45,22.65,23.9
2018,math,3,190,TBD (To be determined),English-Language Fluency,415,341,2374.6,11.44,15.25,26.69,17.6,55.72
2018,math,3,200,Black or African American,Ethnicity for Socioeconomically Disadvantaged,18759,18187,2379.8,6.56,18.22,24.78,25.6,49.62
2018,math,3,201,American Indian or Alaska Native,Ethnicity for Socioeconomically Disadvantaged,1484,1431,2390.0,6.5,19.85,26.35,29.56,44.1
2018,math,3,202,Asian,Ethnicity for Socioeconomically Disadvantaged,14484,14286,2457.9,30.95,31.73,62.68,20.47,16.85
2018,math,3,203,Filipino,Ethnicity for Socioeconomically Disadvantaged,3066,3033,2449.9,25.2,34.33,59.53,24.37,16.09
2018,math,3,204,Hispanic or Latino,Ethnicity for Socioeconomically Disadvantaged,197435,194916,2403.1,9.9,24.54,34.44,27.67,37.89
2018,math,3,205,Native Hawaiian or Pacific Islander,Ethnicity for Socioeconomically Disadvantaged,1368,1345,2406.9,10.11,26.32,36.43,28.25,35.32
2018,math,3,206,White,Ethnicity for Socioeconomically Disadvantaged,32627,31701,2420.9,15.81,29.18,44.99,25.55,29.46
2018,math,3,207,Two or more races,Ethnicity for Socioeconomically Disadvantaged,7098,6905,2418.5,16.05,27.16,43.21,25.44,31.35
2018,math,3,220,Black or African American,Ethnicity for Not Socioeconomically Disadvantaged,5140,4980,2425.6,17.23,30.18,47.41,25.53,27.06
2018,math,3,221,American Indian or Alaska Native,Ethnicity for Not Socioeconomically Disadvantaged,630,605,2433.8,21.16,30.25,51.4,22.98,25.62
2018,math,3,222,Asian,Ethnicity for Not Socioeconomically Disadvantaged,25693,25370,2516.4,61.3,26.04,87.34,8.71,3.96
2018,math,3,223,Filipino,Ethnicity for Not Socioeconomically Disadvantaged,5325,5278,2479.7,40.45,33.74,74.2,16.95,8.85
2018,math,3,224,Hispanic or Latino,Ethnicity for Not Socioeconomically Disadvantaged,46523,45548,2441.5,22.44,32.5,54.94,24.24,20.82
2018,math,3,225,Native Hawaiian or Pacific Islander,Ethnicity for Not Socioeconomically Disadvantaged,611,593,2440.7,21.42,33.9,55.31,23.95,20.74
2018,math,3,226,White,Ethnicity for Not Socioeconomically Disadvantaged,68537,66533,2474.4,37.65,34.47,72.12,17.39,10.49
2018,math,3,227,Two or more races,Ethnicity for Not Socioeconomically Disadvantaged,12163,11929,2482.5,42.57,32.82,75.39,15.02,9.59
2019,math,3,1,All Students,All Students,453153,445090,2434.3,22.51,27.71,50.22,23.03,26.75
2019,math,3,3,Male,Gender,231186,226692,2436.4,23.95,27.49,51.44,22.35,26.21
2019,math,3,4,Female,Gender,221967,218398,2432.1,21.01,27.94,48.95,23.73,27.32
2019,math,3,6,"IFEP, RFEP, and EO (Fluent English proficient and English only)",English-Language Fluency,352884,346565,2448.2,27.06,30.44,57.5,22.0,20.5
2019,math,3,7,IFEP (Initial fluent English proficient),English-Language Fluency,16409,16257,2495.8,49.27,29.26,78.53,14.14,7.33
2019,math,3,8,RFEP (Reclassified fluent English proficient),English-Language Fluency,62903,62629,2464.3,29.65,36.09,65.74,23.36,10.89
2019,math,3,28,Migrant education,Migrant,3861,3818,2399.3,9.3,22.84,32.14,26.58,41.28
2019,math,3,31,Socioeconomically disadvantaged,Economic Status,280793,276417,2410.9,13.03,25.45,38.48,26.28,35.24
2019,math,3,50,Armed forces family member,Military Status,4968,4851,2451.7,27.24,32.77,60.01,22.11,17.88
2019,math,3,51,Not armed forces family member,Military Status,448185,440239,2434.1,22.46,27.65,50.11,23.04,26.85
2019,math,3,52,Homeless,Homeless Status,18562,17997,2398.7,10.35,22.46,32.81,25.84,41.35
2019,math,3,53,Not homeless,Homeless Status,434591,427093,2435.8,23.02,27.93,50.95,22.91,26.14
2019,math,3,74,Black or African American,Race and Ethnicity,24153,23374,2393.2,9.55,20.83,30.37,25.64,43.99
2019,math,3,75,American Indian or Alaska Native,Race and Ethnicity,2172,2104,2408.9,12.84,25.44,38.28,24.54,37.18
2019,math,3,76,Asian,Race and Ethnicity,41795,41329,2497.1,51.67,27.12,78.79,12.6,8.62
2019,math,3,77,Filipino,Race and Ethnicity,8699,8613,2469.7,35.56,33.52,69.08,19.02,11.9
2019,math,3,78,Hispanic or Latino,Race and Ethnicity,248271,245089,2414.1,13.65,26.37,40.02,26.38,33.6
2019,math,3,79,Native Hawaiian or Pacific Islander,Race and Ethnicity,1935,1877,2419.3,14.28,27.28,41.56,28.02,30.42
2019,math,3,80,White,Race and Ethnicity,102087,99324,2459.7,31.99,31.99,63.98,19.75,16.27
2019,math,3,90,Not a high school graduate,Parent Education,61169,60349,2395.6,8.99,21.7,30.7,26.35,42.95
2019,math,3,91,High school graduate,Parent Education,97127,95642,2408.7,11.96,25.22,37.18,26.99,35.83
2019,math,3,92,Some college (includes AA degree),Parent Education,93296,91585,2427.8,17.26,30.19,47.45,25.93,26.62
2019,math,3,93,College graduate,Parent Education,89455,87849,2461.7,32.4,32.34,64.74,19.96,15.31
2019,math,3,94,Graduate school/Post graduate,Parent Education,65379,64050,2490.9,47.97,29.15,77.12,13.69,9.19
2019,math,3,99,No reported disabilities,Disability Status,399490,393934,2442.4,24.2,29.39,53.59,23.58,22.84
2019,math,3,111,Not socioeconomically disadvantaged,Economic Status,172360,168673,2472.5,38.05,31.41,69.46,17.7,12.84
2019,math,3,120,ELs enrolled less than 12 months,English-Language Fluency,4040,3695,2373.8,9.5,15.93,25.43,18.4,56.16
2019,math,3,121,Declined to state,Parent Education,46432,45410,2419.7,18.28,24.98,43.26,23.54,33.2
2019,math,3,128,Reported disabilities,Disability Status,53663,51156,2371.2,9.47,14.78,24.25,18.79,56.97
2019,math,3,142,ELs enrolled 12 months or more,English-Language Fluency,94725,93597,2385.9,6.36,18.19,24.55,27.02,48.42
2019,math,3,144,Two or more races,Race and Ethnicity,20225,19785,2463.6,35.03,30.18,65.2,18.24,16.56
2019,math,3,160,"EL (English learner, excluding RFEP)",English-Language Fluency,99549,98005,2385.4,6.47,18.11,24.57,26.67,48.76
2019,math,3,170,EverEL,English-Language Fluency,162452,160634,2416.2,15.51,25.12,40.63,25.38,33.99
2019,math,3,180,EO (English only),English-Language Fluency,273572,267679,2441.5,25.1,29.19,54.29,22.16,23.55
2019,math,3,190,TBD (To be determined),English-Language Fluency,355,245,2373.8,9.84,16.39,26.23,19.67,54.1
2019,math,3,200,Black or African American,Ethnicity for Socioeconomically Disadvantaged,18952,18346,2383.2,6.98,18.48,25.47,25.58,48.95
2019,math,3,201,American Indian or Alaska Native,Ethnicity for Socioeconomically Disadvantaged,1494,1449,2393.4,8.14,21.6,29.74,26.43,43.82
2019,math,3,202,Asian,Ethnicity for Socioeconomically Disadvantaged,14719,14584,2459.3,32.04,30.86,62.9,20.06,17.04
2019,math,3,203,Filipino,Ethnicity for Socioeconomically Disadvantaged,3186,3147,2452.1,26.76,32.92,59.68,22.78,17.54
2019,math,3,204,Hispanic or Latino,Ethnicity for Socioeconomically Disadvantaged,198729,196471,2407.0,11.27,24.94,36.21,27.09,36.71
2019,math,3,205,Native Hawaiian or Pacific Islander,Ethnicity for Socioeconomically Disadvantaged,1387,1345,2407.7,10.41,24.54,34.94,30.48,34.57
2019,math,3,206,White,Ethnicity for Socioeconomically Disadvantaged,33101,32114,2424.0,16.93,29.01,45.94,25.2,28.86
2019,math,3,207,Two or more races,Ethnicity for Socioeconomically Disadvantaged,7207,7013,2420.3,16.05,28.22,44.27,24.84,30.9
2019,math,3,220,Black or African American,Ethnicity for Not Socioeconomically Disadvantaged,5201,5028,2429.6,18.9,29.37,48.27,25.85,25.89
2019,math,3,221,American Indian or Alaska Native,Ethnicity for Not Socioeconomically Disadvantaged,678,655,2443.3,23.24,33.94,57.19,20.34,22.48
2019,math,3,222,Asian,Ethnicity for Not Socioeconomically Disadvantaged,27076,26745,2517.7,62.38,25.07,87.45,8.53,4.02
2019,math,3,223,Filipino,Ethnicity for Not Socioeconomically Disadvantaged,5513,5466,2479.9,40.62,33.87,74.49,16.85,8.66
2019,math,3,224,Hispanic or Latino,Ethnicity for Not Socioeconomically Disadvantaged,49542,48618,2442.7,23.3,32.12,55.43,23.53,21.04
2019,math,3,225,Native Hawaiian or Pacific Islander,Ethnicity for Not Socioeconomically Disadvantaged,548,532,2448.8,24.06,34.21,58.27,21.8,19.92
2019,math,3,226,White,Ethnicity for Not Socioeconomically Disadvantaged,68986,67210,2476.8,39.19,33.41,72.6,17.15,10.25
2019,math,3,227,Two or more races,Ethnicity for Not Socioeconomically Disadvantaged,13018,12772,2487.4,45.45,31.25,76.7,14.62,8.69
2021,math,3,1,All Students,All Students,432992,85495,2409.9,16.33,23.41,39.74,23.24,37.02
2021,math,3,3,Male,Gender,221170,43288,2413.5,17.48,24.1,41.58,23.14,35.28
2021,math,3,4,Female,Gender,211800,42203,2406.1,15.15,22.71,37.86,23.34,38.8
2021,math,3,6,"IFEP, RFEP, and EO (Fluent English proficient and English only)",English-Language Fluency,320066,64541,2426.0,20.17,26.86,47.03,23.57,29.4
2021,math,3,7,IFEP (Initial fluent English proficient),English-Language Fluency,15481,3066,2484.1,43.26,28.35,71.62,16.28,12.1
2021,math,3,8,RFEP (Reclassified fluent English proficient),English-Language Fluency,35618,5899,2442.2,22.99,30.4,53.38,25.55,21.06
2021,math,3,28,Migrant education,Migrant,3531,756,2344.3,3.2,10.93,14.13,20.27,65.6
2021,math,3,29,Not migrant education,Migrant,429461,84739,2410.5,16.45,23.52,39.97,23.27,36.76
2021,math,3,31,Socioeconomically disadvantaged,Economic Status,258161,46249,2375.1,6.17,17.42,23.58,24.6,51.81
2021,math,3,50,Armed forces family member,Military Status,5608,978,2423.1,16.8,28.48,45.29,25.41,29.3
2021,math,3,51,Not armed forces family member,Military Status,427384,84517,2409.7,16.33,23.35,39.68,23.21,37.11
2021,math,3,52,Homeless,Homeless Status,15396,2125,2368.7,5.01,17.02,22.03,23.26,54.7
2021,math,3,53,Not homeless,Homeless Status,417596,83370,2410.9,16.62,23.57,40.19,23.24,36.57
2021,math,3,74,Black or African American,Race and Ethnicity,22567,3554,2372.6,6.26,17.61,23.86,23.63,52.5
2021,math,3,75,American Indian or Alaska Native,Race and Ethnicity,1880,579,2372.1,6.25,15.28,21.53,23.09,55.38
2021,math,3,76,Asian,Race and Ethnicity,43053,8155,2476.8,42.53,26.77,69.31,15.08,15.61
2021,math,3,77,Filipino,Race and Ethnicity,8181,1447,2446.4,24.08,34.33,58.41,23.39,18.2
2021,math,3,78,Hispanic or Latino,Race and Ethnicity,239467,41957,2377.7,6.48,18.13,24.61,24.76,50.63
2021,math,3,79,Native Hawaiian or Pacific Islander,Race and Ethnicity,1825,384,2384.2,8.92,19.16,28.08,24.67,47.24
2021,math,3,80,White,Race and Ethnicity,90643,23493,2440.5,23.76,30.83,54.59,23.35,22.05
2021,math,3,90,Not a high school graduate,Parent Education,46021,8869,2349.6,2.69,11.61,14.3,20.27,65.43
2021,math,3,91,High school graduate,Parent Education,82969,17090,2370.4,4.76,16.22,20.98,25.15,53.88
2021,math,3,92,Some college (includes AA degree),Parent Education,83123,18313,2397.1,8.91,23.45,32.36,27.66,39.98
2021,math,3,93,College graduate,Parent Education,85179,19174,2438.6,22.49,31.05,53.54,23.77,22.69
2021,math,3,94,Graduate school/Post graduate,Parent Education,62524,15178,2477.3,40.85,30.19,71.04,16.77,12.19
2021,math,3,99,No reported disabilities,Disability Status,380921,76170,2415.9,17.32,24.5,41.82,23.86,34.32
2021,math,3,111,Not socioeconomically disadvantaged,Economic Status,174831,39246,2450.8,28.28,30.46,58.74,21.63,19.63
2021,math,3,120,ELs enrolled less than 12 months,English-Language Fluency,1709,229,2356.8,8.33,10.09,18.42,21.49,60.09
2021,math,3,121,Declined to state,Parent Education,73061,6844,2389.9,10.93,20.01,30.94,23.45,45.61
2021,math,3,128,Reported disabilities,Disability Status,52071,9325,2360.6,8.22,14.52,22.74,18.18,59.08
2021,math,3,142,ELs enrolled 12 months or more,English-Language Fluency,110370,20534,2360.3,4.44,12.81,17.26,22.25,60.49
2021,math,3,144,Two or more races,Race and Ethnicity,25376,5926,2442.2,26.05,28.52,54.56,22.89,22.55
2021,math,3,160,"EL (English learner, excluding RFEP)",English-Language Fluency,112569,20900,2360.1,4.48,12.75,17.23,22.25,60.52
2021,math,3,170,EverEL,English-Language Fluency,148187,26799,2378.2,8.56,16.64,25.19,22.97,51.83
2021,math,3,180,EO (English only),English-Language Fluency,268967,55576,2421.0,18.59,26.4,44.99,23.76,31.25
2021,math,3,190,TBD (To be determined),English-Language Fluency,192,18,2375.4,5.56,27.78,33.33,5.56,61.11
2021,math,3,200,Black or African American,Ethnicity for Socioeconomically Disadvantaged,17015,2529,2359.0,4.18,14.3,18.48,22.1,59.42
2021,math,3,201,American Indian or Alaska Native,Ethnicity for Socioeconomically Disadvantaged,1292,408,2358.8,3.46,12.35,15.8,22.22,61.98
2021,math,3,202,Asian,Ethnicity for Socioeconomically Disadvantaged,14564,2571,2416.0,17.01,25.32,42.33,23.72,33.94
2021,math,3,203,Filipino,Ethnicity for Socioeconomically Disadvantaged,2703,413,2421.7,14.56,30.34,44.9,28.4,26.7
2021,math,3,204,Hispanic or Latino,Ethnicity for Socioeconomically Disadvantaged,183221,30761,2365.2,3.97,15.17,19.15,23.99,56.86
2021,math,3,205,Native Hawaiian or Pacific Islander,Ethnicity for Socioeconomically Disadvantaged,1208,238,2373.4,6.81,18.3,25.11,23.83,51.06
2021,math,3,206,White,Ethnicity for Socioeconomically Disadvantaged,28794,7270,2400.1,10.75,23.45,34.2,27.29,38.51
2021,math,3,207,Two or more races,Ethnicity for Socioeconomically Disadvantaged,9364,2059,2396.9,10.33,21.88,32.21,28.22,39.57
2021,math,3,220,Black or African American,Ethnicity for Not Socioeconomically Disadvantaged,5552,1025,2406.0,11.35,25.73,37.08,27.4,35.52
2021,math,3,221,American Indian or Alaska Native,Ethnicity for Not Socioeconomically Disadvantaged,588,171,2403.6,12.87,22.22,35.09,25.15,39.77
2021,math,3,222,Asian,Ethnicity for Not Socioeconomically Disadvantaged,28489,5584,2504.7,54.26,27.44,81.7,11.11,7.19
2021,math,3,223,Filipino,Ethnicity for Not Socioeconomically Disadvantaged,5478,1034,2456.3,27.88,35.91,63.79,21.39,14.81
2021,math,3,224,Hispanic or Latino,Ethnicity for Not Socioeconomically Disadvantaged,56246,11196,2412.1,13.34,26.26,39.59,26.88,33.52
2021,math,3,225,Native Hawaiian or Pacific Islander,Ethnicity for Not Socioeconomically Disadvantaged,617,146,2401.7,12.33,20.55,32.88,26.03,41.1
2021,math,3,226,White,Ethnicity for Not Socioeconomically Disadvantaged,61849,16223,2458.6,29.59,34.14,63.72,21.59,14.69
2021,math,3,227,Two or more races,Ethnicity for Not Socioeconomically Disadvantaged,16012,3867,2466.3,34.39,32.04,66.43,20.06,13.51
2022,math,3,1,All Students,All Students,424979,415597,2417.6,19.11,24.4,43.5,22.13,34.37
2022,math,3,3,Male,Gender,216959,211837,2421.5,20.68,24.87,45.55,21.68,32.77
2022,math,3,4,Female,Gender,207967,203709,2413.5,17.47,23.9,41.37,22.59,36.04
2022,math,3,6,"IFEP, RFEP, and EO (Fluent English proficient and English only)",English-Language Fluency,321502,314046,2433.2,23.57,27.29,50.86,21.63,27.51
2022,math,3,7,IFEP (Initial fluent English proficient),English-Language Fluency,25859,25569,2465.5,34.81,28.75,63.56,19.57,16.87
2022,math,3,8,RFEP (Reclassified fluent English proficient),English-Language Fluency,27135,26909,2471.7,35.06,33.78,68.83,19.7,11.47
2022,math,3,28,Migrant education,Migrant,3099,3051,2369.7,5.35,15.33,20.68,24.52,54.79
2022,math,3,29,Not migrant education,Migrant,421880,412546,2417.9,19.21,24.46,43.67,22.11,34.22
2022,math,3,31,Socioeconomically disadvantaged,Economic Status,255666,250370,2389.3,9.7,20.65,30.35,24.26,45.39
2022,math,3,50,Armed forces family member,Military Status,6986,6780,2427.7,19.52,28.76,48.28,23.17,28.55
2022,math,3,51,Not armed forces family member,Military Status,417993,408817,2417.4,19.1,24.32,43.42,22.11,34.47
2022,math,3,52,Homeless,Homeless Status,14164,13723,2373.0,6.96,16.87,23.83,22.72,53.45
2022,math,3,53,Not homeless,Homeless Status,410815,401874,2419.1,19.52,24.65,44.18,22.11,33.72
2022,math,3,74,Black or African American,Race and Ethnicity,21684,20748,2372.0,7.52,16.79,24.3,22.23,53.47
2022,math,3,75,American Indian or Alaska Native,Race and Ethnicity,1894,1809,2386.8,10.28,18.63,28.91,23.55,47.54
2022,math,3,76,Asian,Race and Ethnicity,43455,42818,2489.8,48.05,26.86,74.91,13.44,11.65
2022,math,3,77,Filipino,Race and Ethnicity,9126,9012,2463.5,32.35,33.32,65.67,20.16,14.17
2022,math,3,78,Hispanic or Latino,Race and Ethnicity,234325,230198,2391.7,9.78,21.46,31.25,24.66,44.09
2022,math,3,79,Native Hawaiian or Pacific Islander,Race and Ethnicity,1737,1660,2397.3,11.58,22.14,33.72,24.31,41.98
2022,math,3,80,White,Race and Ethnicity,87238,84698,2450.5,28.56,31.29,59.85,20.51,19.64
2022,math,3,90,Not a high school graduate,Parent Education,47461,46624,2367.7,5.47,15.73,21.19,22.69,56.11
2022,math,3,91,High school graduate,Parent Education,89768,87895,2383.5,7.92,19.65,27.57,24.54,47.89
2022,math,3,92,Some college (includes AA degree),Parent Education,84956,82862,2407.9,12.62,25.73,38.35,26.16,35.49
2022,math,3,93,College graduate,Parent Education,89506,87679,2449.8,28.13,30.91,59.04,20.98,19.97
2022,math,3,94,Graduate school/Post graduate,Parent Education,65479,64103,2483.4,44.15,29.19,73.35,14.76,11.89
2022,math,3,99,No reported disabilities,Disability Status,375149,368478,2424.7,20.43,25.67,46.1,22.67,31.24
2022,math,3,111,Not socioeconomically disadvantaged,Economic Status,169313,165227,2460.4,33.36,30.07,63.43,18.9,17.67
2022,math,3,120,ELs enrolled less than 12 months,English-Language Fluency,4409,4067,2346.5,6.28,11.35,17.63,15.36,67.01
2022,math,3,121,Declined to state,Parent Education,47198,45961,2397.7,13.98,20.83,34.81,22.19,43.0
2022,math,3,128,Reported disabilities,Disability Status,49830,47119,2361.6,8.76,14.44,23.2,17.9,58.9
2022,math,3,142,ELs enrolled 12 months or more,English-Language Fluency,97892,96526,2370.3,5.25,15.64,20.89,24.07,55.04
2022,math,3,144,Two or more races,Race and Ethnicity,25520,24654,2445.8,29.45,27.53,56.98,19.53,23.49
2022,math,3,160,"EL (English learner, excluding RFEP)",English-Language Fluency,102969,101185,2369.2,5.28,15.44,20.72,23.67,55.61
2022,math,3,170,EverEL,English-Language Fluency,130104,128094,2390.7,11.54,19.29,30.83,22.83,46.34
2022,math,3,180,EO (English only),English-Language Fluency,268508,261568,2426.0,21.29,26.48,47.77,22.03,30.2
2022,math,3,190,TBD (To be determined),English-Language Fluency,186,115,2349.2,5.22,6.96,12.17,22.61,65.22
2022,math,3,200,Black or African American,Ethnicity for Socioeconomically Disadvantaged,16644,15925,2359.5,4.99,13.96,18.96,21.61,59.43
2022,math,3,201,American Indian or Alaska Native,Ethnicity for Socioeconomically Disadvantaged,1350,1284,2369.0,5.61,15.58,21.18,22.82,56.0
2022,math,3,202,Asian,Ethnicity for Socioeconomically Disadvantaged,15677,15470,2447.9,29.16,28.75,57.9,19.82,22.28
2022,math,3,203,Filipino,Ethnicity for Socioeconomically Disadvantaged,3200,3157,2441.3,22.4,31.69,54.09,25.13,20.79
2022,math,3,204,Hispanic or Latino,Ethnicity for Socioeconomically Disadvantaged,179287,176397,2382.1,7.3,19.36,26.67,24.8,48.53
2022,math,3,205,Native Hawaiian or Pacific Islander,Ethnicity for Socioeconomically Disadvantaged,1165,1111,2386.1,8.84,18.85,27.68,25.07,47.25
2022,math,3,206,White,Ethnicity for Socioeconomically Disadvantaged,28629,27706,2411.3,14.53,26.29,40.82,24.92,34.26
2022,math,3,207,Two or more races,Ethnicity for Socioeconomically Disadvantaged,9714,9320,2399.7,12.69,23.44,36.13,23.74,40.13
2022,math,3,220,Black or African American,Ethnicity for Not Socioeconomically Disadvantaged,5040,4823,2413.1,15.84,26.11,41.95,24.26,33.79
2022,math,3,221,American Indian or Alaska Native,Ethnicity for Not Socioeconomically Disadvantaged,544,525,2430.1,21.71,26.1,47.81,25.33,26.86
2022,math,3,222,Asian,Ethnicity for Not Socioeconomically Disadvantaged,27778,27348,2513.5,58.74,25.79,84.53,9.83,5.64
2022,math,3,223,Filipino,Ethnicity for Not Socioeconomically Disadvantaged,5926,5855,2475.4,37.71,34.2,71.91,17.48,10.61
2022,math,3,224,Hispanic or Latino,Ethnicity for Not Socioeconomically Disadvantaged,55038,53801,2423.2,17.91,28.36,46.27,24.19,29.54
2022,math,3,225,Native Hawaiian or Pacific Islander,Ethnicity for Not Socioeconomically Disadvantaged,572,549,2419.9,17.12,28.78,45.9,22.77,31.33
2022,math,3,226,White,Ethnicity for Not Socioeconomically Disadvantaged,58609,56992,2469.5,35.37,33.72,69.1,18.37,12.53
2022,math,3,227,Two or more races,Ethnicity for Not Socioeconomically Disadvantaged,15806,15334,2473.8,39.62,30.01,69.63,16.97,13.39
2022,math,3,240,Foster youth,Foster Status,1688,1632,2356.1,3.99,13.07,17.06,21.04,61.9
2022,math,3,241,Not foster youth,Foster Status,423291,413965,2417.8,19.17,24.44,43.61,22.13,34.26
2023,math,3,1,All Students,All Students,420238,413749,2421.4,20.36,24.75,45.11,21.92,32.97
2023,math,3,3,Male,Gender,214436,210793,2426.0,22.28,25.16,47.43,21.38,31.18
2023,math,3,4,Female,Gender,205715,202875,2416.6,18.37,24.32,42.69,22.48,34.83
2023,math,3,6,"IFEP, RFEP, and EO (Fluent English proficient and English only)",English-Language Fluency,321484,316383,2436.6,24.94,27.42,52.36,21.22,26.43
2023,math,3,7,IFEP (Initial fluent English proficient),English-Language Fluency,27927,27750,2470.6,37.05,28.69,65.74,19.08,15.17
2023,math,3,8,RFEP (Reclassified fluent English proficient),English-Language Fluency,24566,24441,2480.2,38.41,35.6,74.01,17.71,8.28
2023,math,3,28,Migrant education,Migrant,3265,3236,2371.7,6.0,15.86,21.86,23.38,54.76
2023,math,3,29,Not migrant education,Migrant,416973,410513,2421.8,20.48,24.82,45.29,21.91,32.8
2023,math,3,31,Socioeconomically disadvantaged,Economic Status,263493,259681,2395.3,11.29,21.72,33.0,24.12,42.88
2023,math,3,50,Armed forces family member,Military Status,7075,6960,2428.8,21.04,27.97,49.01,23.64,27.35
2023,math,3,51,Not armed forces family member,Military Status,413163,406789,2421.3,20.35,24.69,45.04,21.89,33.07
2023,math,3,52,Homeless,Homeless Status,14401,14035,2373.7,7.2,16.74,23.94,22.22,53.84
2023,math,3,53,Not homeless,Homeless Status,405837,399714,2423.1,20.82,25.03,45.85,21.91,32.24
2023,math,3,74,Black or African American,Race and Ethnicity,20650,20000,2375.5,8.08,17.71,25.8,22.33,51.87
2023,math,3,75,American Indian or Alaska Native,Race and Ethnicity,1873,1809,2389.6,10.35,20.75,31.1,23.46,45.43
2023,math,3,76,Asian,Race and Ethnicity,42229,41811,2489.7,48.16,26.33,74.49,13.49,12.02
2023,math,3,77,Filipino,Race and Ethnicity,8714,8644,2468.8,36.53,31.93,68.46,17.53,14.0
2023,math,3,78,Hispanic or Latino,Race and Ethnicity,232822,229890,2397.1,11.36,22.31,33.67,24.48,41.85
2023,math,3,79,Native Hawaiian or Pacific Islander,Race and Ethnicity,1701,1655,2401.7,12.22,23.59,35.81,23.65,40.53
2023,math,3,80,White,Race and Ethnicity,86638,84852,2452.2,29.65,30.74,60.39,20.21,19.4
2023,math,3,90,Not a high school graduate,Parent Education,43876,43352,2373.0,6.81,16.61,23.42,22.84,53.73
2023,math,3,91,High school graduate,Parent Education,88440,87224,2387.8,8.92,20.27,29.19,24.56,46.25
2023,math,3,92,Some college (includes AA degree),Parent Education,84771,83353,2411.6,13.99,26.09,40.08,25.67,34.26
2023,math,3,93,College graduate,Parent Education,91191,89857,2450.8,28.92,30.42,59.34,20.58,20.08
2023,math,3,94,Graduate school/Post graduate,Parent Education,68698,67604,2482.8,44.09,28.79,72.88,14.88,12.24
2023,math,3,99,No reported disabilities,Disability Status,366315,362131,2429.6,21.95,26.19,48.14,22.49,29.37
2023,math,3,111,Not socioeconomically disadvantaged,Economic Status,156745,154068,2465.3,35.66,29.86,65.51,18.21,16.28
2023,math,3,120,ELs enrolled less than 12 months,English-Language Fluency,5951,5612,2354.3,5.78,12.29,18.07,18.25,63.68
2023,math,3,121,Declined to state,Parent Education,43098,42230,2398.9,14.31,21.17,35.47,22.24,42.29
2023,math,3,128,Reported disabilities,Disability Status,53923,51618,2364.0,9.21,14.59,23.8,17.89,58.31
2023,math,3,142,ELs enrolled 12 months or more,English-Language Fluency,92020,91113,2373.1,5.47,16.31,21.79,24.59,53.62
2023,math,3,144,Two or more races,Race and Ethnicity,25611,25088,2449.3,30.6,27.64,58.23,19.24,22.53
2023,math,3,160,"EL (English learner, excluding RFEP)",English-Language Fluency,98495,97198,2371.9,5.48,16.06,21.54,24.2,54.26
2023,math,3,170,EverEL,English-Language Fluency,123061,121639,2393.7,12.1,19.98,32.08,22.9,45.02
2023,math,3,180,EO (English only),English-Language Fluency,268991,264192,2429.0,22.42,26.53,48.95,21.76,29.29
2023,math,3,190,TBD (To be determined),English-Language Fluency,120,58,2360.9,6.9,12.07,18.97,18.97,62.07
2023,math,3,200,Black or African American,Ethnicity for Socioeconomically Disadvantaged,16302,15784,2364.5,5.61,15.46,21.07,21.85,57.09
2023,math,3,201,American Indian or Alaska Native,Ethnicity for Socioeconomically Disadvantaged,1331,1283,2376.0,6.24,18.95,25.2,23.63,51.17
2023,math,3,202,Asian,Ethnicity for Socioeconomically Disadvantaged,16274,16108,2449.2,29.83,28.29,58.12,19.91,21.97
2023,math,3,203,Filipino,Ethnicity for Socioeconomically Disadvantaged,3295,3262,2450.9,27.98,31.91,59.9,20.56,19.55
2023,math,3,204,Hispanic or Latino,Ethnicity for Socioeconomically Disadvantaged,183288,181251,2388.1,8.84,20.47,29.31,24.77,45.91
2023,math,3,205,Native Hawaiian or Pacific Islander,Ethnicity for Socioeconomically Disadvantaged,1202,1167,2389.0,8.49,22.3,30.79,23.58,45.63
2023,math,3,206,White,Ethnicity for Socioeconomically Disadvantaged,31175,30456,2416.4,16.34,26.77,43.11,24.29,32.6
2023,math,3,207,Two or more races,Ethnicity for Socioeconomically Disadvantaged,10626,10370,2407.7,14.68,24.97,39.65,23.41,36.94
2023,math,3,220,Black or African American,Ethnicity for Not Socioeconomically Disadvantaged,4348,4216,2416.8,17.35,26.15,43.5,24.16,32.34
2023,math,3,221,American Indian or Alaska Native,Ethnicity for Not Socioeconomically Disadvantaged,542,526,2422.8,20.38,25.14,45.52,23.05,31.43
2023,math,3,222,Asian,Ethnicity for Not Socioeconomically Disadvantaged,25955,25703,2515.0,59.65,25.1,84.75,9.46,5.78
2023,math,3,223,Filipino,Ethnicity for Not Socioeconomically Disadvantaged,5419,5382,2479.7,41.7,31.95,73.65,15.7,10.65
2023,math,3,224,Hispanic or Latino,Ethnicity for Not Socioeconomically Disadvantaged,49534,48639,2430.7,20.73,29.17,49.9,23.38,26.72
2023,math,3,225,Native Hawaiian or Pacific Islander,Ethnicity for Not Socioeconomically Disadvantaged,499,488,2432.2,21.15,26.69,47.84,23.82,28.34
2023,math,3,226,White,Ethnicity for Not Socioeconomically Disadvantaged,55463,54396,2472.3,37.09,32.96,70.06,17.92,12.02
2023,math,3,227,Two or more races,Ethnicity for Not Socioeconomically Disadvantaged,14985,14718,2478.5,41.8,29.51,71.31,16.3,12.39
2023,math,3,240,Foster youth,Foster Status,1653,1596,2358.9,4.89,15.81,20.7,19.39,59.91
2023,math,3,241,Not foster youth,Foster Status,418585,412153,2421.6,20.42,24.78,45.2,21.93,32.87
2023,math,3,251,ARLTEL (At-Risk of becoming LTEL),English-Language Fluency,23549,23352,2380.5,6.04,18.31,24.36,26.12,49.53
2023,math,3,252,NeverEL,English-Language Fluency,297038,292000,2432.9,23.81,26.73,50.54,21.51,27.95
2024,math,3,1,All Students,All Students,415082,408760,2422.9,20.75,24.88,45.64,21.88,32.48
2024,math,3,3,Male,Gender,212030,208444,2427.8,22.93,25.21,48.13,21.1,30.76
2024,math,3,4,Female,Gender,202948,200214,2417.8,18.49,24.54,43.03,22.7,34.27
2024,math,3,6,"IFEP, RFEP, and EO (Fluent English proficient and English only)",English-Language Fluency,317957,313067,2438.4,25.44,27.59,53.03,21.19,25.78
2024,math,3,7,IFEP (Initial fluent English proficient),English-Language Fluency,24718,24569,2478.5,40.45,28.77,69.22,17.6,13.19
2024,math,3,8,RFEP (Reclassified fluent English proficient),English-Language Fluency,25382,25274,2477.7,37.4,35.53,72.93,17.93,9.14
2024,math,3,28,Migrant education,Migrant,3564,3538,2375.3,6.95,16.42,23.37,22.78,53.84
2024,math,3,29,Not migrant education,Migrant,411518,405222,2423.3,20.88,24.96,45.83,21.88,32.29
2024,math,3,31,Socioeconomically disadvantaged,Economic Status,272419,268613,2400.4,12.78,22.35,35.13,24.01,40.86
2024,math,3,50,Armed forces family member,Military Status,6227,6128,2426.2,20.52,26.37,46.89,23.79,29.33
2024,math,3,51,Not armed forces family member,Military Status,408855,402632,2422.8,20.76,24.86,45.62,21.85,32.53
2024,math,3,52,Homeless,Homeless Status,15669,15288,2371.8,6.67,16.26,22.93,22.85,54.23
2024,math,3,53,Not homeless,Homeless Status,399413,393472,2424.9,21.3,25.22,46.52,21.85,31.64
2024,math,3,74,Black or African American,Race and Ethnicity,19375,18863,2380.2,9.11,18.27,27.38,22.67,49.95
2024,math,3,75,American Indian or Alaska Native,Race and Ethnicity,1678,1615,2388.4,11.17,19.8,30.97,21.6,47.42
2024,math,3,76,Asian,Race and Ethnicity,43182,42785,2489.4,47.98,26.24,74.22,13.35,12.44
2024,math,3,77,Filipino,Race and Ethnicity,8564,8486,2468.1,35.16,33.25,68.4,18.03,13.57
2024,math,3,78,Hispanic or Latino,Race and Ethnicity,230852,227926,2398.9,11.79,22.61,34.4,24.41,41.19
2024,math,3,79,Native Hawaiian or Pacific Islander,Race and Ethnicity,1620,1589,2400.9,11.33,22.78,34.11,26.56,39.33
2024,math,3,80,White,Race and Ethnicity,83668,81986,2452.4,29.67,30.55,60.22,20.35,19.43
2024,math,3,90,Not a high school graduate,Parent Education,36696,36239,2374.1,7.01,16.79,23.79,22.75,53.46
2024,math,3,91,High school graduate,Parent Education,83048,81909,2389.4,9.33,20.42,29.75,24.57,45.68
2024,math,3,92,Some college (includes AA degree),Parent Education,78694,77455,2411.3,13.84,26.03,39.87,25.68,34.45
2024,math,3,93,College graduate,Parent Education,88745,87447,2449.0,28.13,30.16,58.28,20.98,20.74
2024,math,3,94,Graduate school/Post graduate,Parent Education,70197,69128,2483.0,44.2,28.37,72.57,14.91,12.53
2024,math,3,99,No reported disabilities,Disability Status,357508,353552,2432.1,22.57,26.5,49.07,22.49,28.44
2024,math,3,111,Not socioeconomically disadvantaged,Economic Status,142663,140147,2466.0,36.05,29.72,65.77,17.81,16.41
2024,math,3,120,ELs enrolled less than 12 months,English-Language Fluency,7741,7306,2345.0,5.26,9.48,14.74,15.66,69.6
2024,math,3,121,Declined to state,Parent Education,56354,55349,2404.9,15.57,22.54,38.11,22.14,39.75
2024,math,3,128,Reported disabilities,Disability Status,57574,55208,2364.2,9.13,14.51,23.64,18.01,58.35
2024,math,3,142,ELs enrolled 12 months or more,English-Language Fluency,88849,88024,2374.5,5.46,16.58,22.04,24.87,53.08
2024,math,3,144,Two or more races,Race and Ethnicity,26143,25510,2451.0,31.56,27.25,58.81,19.01,22.19
2024,math,3,160,"EL (English learner, excluding RFEP)",English-Language Fluency,96863,95551,2372.2,5.44,16.02,21.46,24.15,54.39
2024,math,3,170,EverEL,English-Language Fluency,122245,120825,2394.2,12.13,20.1,32.22,22.85,44.93
2024,math,3,180,EO (English only),English-Language Fluency,267857,263224,2430.9,22.89,26.72,49.6,21.84,28.55
2024,math,3,190,TBD (To be determined),English-Language Fluency,141,60,2325.7,5.0,6.67,11.67,8.33,80.0
2024,math,3,200,Black or African American,Ethnicity for Socioeconomically Disadvantaged,15565,15158,2370.6,6.91,16.25,23.16,22.52,54.31
2024,math,3,201,American Indian or Alaska Native,Ethnicity for Socioeconomically Disadvantaged,1242,1200,2374.7,6.94,17.81,24.75,22.66,52.59
2024,math,3,202,Asian,Ethnicity for Socioeconomically Disadvantaged,18588,18420,2455.3,32.62,27.65,60.26,18.87,20.86
2024,math,3,203,Filipino,Ethnicity for Socioeconomically Disadvantaged,3614,3580,2451.9,28.14,32.8,60.94,20.7,18.36
2024,math,3,204,Hispanic or Latino,Ethnicity for Socioeconomically Disadvantaged,185742,183674,2391.4,9.62,21.12,30.73,24.76,44.51
2024,math,3,205,Native Hawaiian or Pacific Islander,Ethnicity for Socioeconomically Disadvantaged,1199,1180,2389.6,7.8,20.59,28.39,26.86,44.75
2024,math,3,206,White,Ethnicity for Socioeconomically Disadvantaged,34570,33806,2423.4,18.71,27.47,46.18,23.87,29.95
2024,math,3,207,Two or more races,Ethnicity for Socioeconomically Disadvantaged,11899,11595,2415.2,18.01,24.08,42.09,23.42,34.49
2024,math,3,220,Black or African American,Ethnicity for Not Socioeconomically Disadvantaged,3810,3705,2419.8,18.1,26.53,44.64,23.26,32.1
2024,math,3,221,American Indian or Alaska Native,Ethnicity for Not Socioeconomically Disadvantaged,436,415,2428.0,23.37,25.54,48.92,18.55,32.53
2024,math,3,222,Asian,Ethnicity for Not Socioeconomically Disadvantaged,24594,24365,2515.2,59.59,25.17,84.76,9.17,6.07
2024,math,3,223,Filipino,Ethnicity for Not Socioeconomically Disadvantaged,4950,4906,2479.9,40.28,33.57,73.85,16.08,10.07
2024,math,3,224,Hispanic or Latino,Ethnicity for Not Socioeconomically Disadvantaged,45110,44252,2429.8,20.81,28.81,49.62,22.95,27.43
2024,math,3,225,Native Hawaiian or Pacific Islander,Ethnicity for Not Socioeconomically Disadvantaged,421,409,2433.5,21.52,29.1,50.61,25.67,23.72
2024,math,3,226,White,Ethnicity for Not Socioeconomically Disadvantaged,49098,48180,2472.9,37.36,32.71,70.07,17.87,12.06
2024,math,3,227,Two or more races,Ethnicity for Not Socioeconomically Disadvantaged,14244,13915,2480.9,42.84,29.89,72.73,15.33,11.94
2024,math,3,240,Foster youth,Foster Status,1480,1439,2365.4,5.85,15.8,21.64,22.55,55.81
2024,math,3,241,Not foster youth,Foster Status,413602,407321,2423.1,20.81,24.91,45.72,21.88,32.4
2024,math,3,251,ARLTEL (At-Risk of becoming LTEL),English-Language Fluency,21464,21305,2381.1,5.75,18.19,23.93,26.89,49.18
2024,math,3,252,NeverEL,English-Language Fluency,292716,287853,2434.9,24.38,26.89,51.27,21.48,27.25
2025,math,3,1,All Students,All Students,415465,409315,2424.8,21.48,24.82,46.3,21.87,31.83
2025,math,3,3,Male,Gender,211768,208203,2429.9,23.9,25.05,48.95,21.05,30.0
2025,math,3,4,Female,Gender,203587,201010,2419.5,18.97,24.58,43.55,22.72,33.73
2025,math,3,6,"IFEP, RFEP, and EO (Fluent English proficient and English only)",English-Language Fluency,323184,318350,2439.7,26.01,27.35,53.37,21.17,25.46
2025,math,3,7,IFEP (Initial fluent English proficient),English-Language Fluency,20848,20736,2486.4,43.71,28.67,72.38,16.74,10.88
2025,math,3,8,RFEP (Reclassified fluent English proficient),English-Language Fluency,30581,30460,2475.6,36.57,34.66,71.23,19.11,9.66
2025,math,3,28,Migrant education,Migrant,3358,3320,2376.3,6.81,17.47,24.28,22.8,52.92
2025,math,3,29,Not migrant education,Migrant,412107,405995,2425.2,21.6,24.88,46.48,21.86,31.66
2025,math,3,31,Socioeconomically disadvantaged,Economic Status,269423,265621,2400.8,12.91,22.31,35.22,24.18,40.6
2025,math,3,50,Armed forces family member,Military Status,7191,7073,2431.0,22.32,27.21,49.53,22.74,27.72
2025,math,3,51,Not armed forces family member,Military Status,408274,402242,2424.7,21.46,24.78,46.24,21.85,31.9
2025,math,3,52,Homeless,Homeless Status,18241,17841,2377.0,7.95,17.04,24.99,22.93,52.08
2025,math,3,53,Not homeless,Homeless Status,397224,391474,2427.0,22.09,25.18,47.27,21.82,30.91
2025,math,3,74,Black or African American,Race and Ethnicity,19470,18961,2381.6,9.76,18.37,28.13,22.64,49.23
2025,math,3,75,American Indian or Alaska Native,Race and Ethnicity,1653,1609,2390.9,11.58,18.56,30.14,24.6,45.27
2025,math,3,76,Asian,Race and Ethnicity,42480,42098,2489.3,47.86,25.88,73.74,13.87,12.39
2025,math,3,77,Filipino,Race and Ethnicity,8147,8074,2466.6,34.57,32.4,66.98,18.72,14.3
2025,math,3,78,Hispanic or Latino,Race and Ethnicity,231799,228771,2402.0,12.84,22.85,35.69,24.35,39.96
2025,math,3,79,Native Hawaiian or Pacific Islander,Race and Ethnicity,1548,1509,2401.5,13.0,22.48,35.48,22.81,41.71
2025,math,3,80,White,Race and Ethnicity,82431,80899,2453.4,30.39,29.97,60.36,20.15,19.49
2025,math,3,90,Not a high school graduate,Parent Education,34831,34365,2376.4,7.68,17.06,24.75,22.75,52.5
2025,math,3,91,High school graduate,Parent Education,84052,82926,2390.4,9.79,20.49,30.27,24.67,45.05
2025,math,3,92,Some college (includes AA degree),Parent Education,78735,77535,2413.1,14.79,25.86,40.65,25.23,34.12
2025,math,3,93,College graduate,Parent Education,91795,90511,2448.6,28.05,29.65,57.69,21.25,21.06
2025,math,3,94,Graduate school/Post graduate,Parent Education,73308,72246,2483.9,44.54,28.05,72.59,15.11,12.3
2025,math,3,99,No reported disabilities,Disability Status,354769,351258,2434.7,23.5,26.56,50.05,22.44,27.5
2025,math,3,111,Not socioeconomically disadvantaged,Economic Status,146042,143694,2469.1,37.31,29.46,66.78,17.59,15.63
2025,math,3,120,ELs enrolled less than 12 months,English-Language Fluency,5720,5468,2352.9,6.2,11.11,17.31,17.73,64.96
2025,math,3,121,Declined to state,Parent Education,51360,50414,2405.1,15.62,22.39,38.02,22.3,39.68
2025,math,3,128,Reported disabilities,Disability Status,60696,58057,2364.5,9.26,14.33,23.58,18.38,58.04
2025,math,3,142,ELs enrolled 12 months or more,English-Language Fluency,86198,85226,2374.0,5.56,16.29,21.84,24.73,53.43
2025,math,3,144,Two or more races,Race and Ethnicity,27937,27394,2452.2,32.02,27.14,59.17,18.74,22.09
2025,math,3,160,"EL (English learner, excluding RFEP)",English-Language Fluency,92089,90844,2372.7,5.59,15.96,21.56,24.3,54.14
2025,math,3,170,EverEL,English-Language Fluency,122670,121304,2398.6,13.37,20.66,34.03,22.99,42.97
2025,math,3,180,EO (English only),English-Language Fluency,271755,267154,2431.9,23.44,26.42,49.85,21.75,28.39
2025,math,3,190,TBD (To be determined),English-Language Fluency,68,29,2317.1,0.0,6.9,6.9,13.79,79.31
2025,math,3,200,Black or African American,Ethnicity for Socioeconomically Disadvantaged,15710,15312,2371.7,7.32,16.62,23.94,22.29,53.78
2025,math,3,201,American Indian or Alaska Native,Ethnicity for Socioeconomically Disadvantaged,1212,1185,2373.8,6.33,16.72,23.06,24.92,52.03
2025,math,3,202,Asian,Ethnicity for Socioeconomically Disadvantaged,17824,17672,2450.8,30.85,27.5,58.35,19.74,21.9
2025,math,3,203,Filipino,Ethnicity for Socioeconomically Disadvantaged,3319,3282,2446.9,26.15,30.45,56.6,23.22,20.18
2025,math,3,204,Hispanic or Latino,Ethnicity for Socioeconomically Disadvantaged,185908,183661,2393.7,10.35,21.35,31.7,24.78,43.52
2025,math,3,205,Native Hawaiian or Pacific Islander,Ethnicity for Socioeconomically Disadvantaged,1183,1151,2391.1,9.83,20.7,30.52,23.04,46.43
2025,math,3,206,White,Ethnicity for Socioeconomically Disadvantaged,32163,31538,2420.7,18.04,26.47,44.51,24.47,31.02
2025,math,3,207,Two or more races,Ethnicity for Socioeconomically Disadvantaged,12104,11820,2411.9,16.69,24.23,40.92,23.51,35.56
2025,math,3,220,Black or African American,Ethnicity for Not Socioeconomically Disadvantaged,3760,3649,2423.0,19.96,25.72,45.68,24.13,30.19
2025,math,3,221,American Indian or Alaska Native,Ethnicity for Not Socioeconomically Disadvantaged,441,424,2438.8,26.3,23.7,50.0,23.7,26.3
2025,math,3,222,Asian,Ethnicity for Not Socioeconomically Disadvantaged,24656,24426,2517.1,60.16,24.71,84.88,9.62,5.5
2025,math,3,223,Filipino,Ethnicity for Not Socioeconomically Disadvantaged,4828,4792,2480.2,40.34,33.74,74.09,15.64,10.27
2025,math,3,224,Hispanic or Latino,Ethnicity for Not Socioeconomically Disadvantaged,45891,45110,2435.8,22.99,28.98,51.97,22.56,25.47
2025,math,3,225,Native Hawaiian or Pacific Islander,Ethnicity for Not Socioeconomically Disadvantaged,365,358,2434.9,23.18,28.21,51.4,22.07,26.54
2025,math,3,226,White,Ethnicity for Not Socioeconomically Disadvantaged,50268,49361,2474.3,38.28,32.21,70.49,17.39,12.12
2025,math,3,227,Two or more races,Ethnicity for Not Socioeconomically Disadvantaged,15833,15574,2482.7,43.66,29.36,73.02,15.12,11.86
2025,math,3,240,Foster youth,Foster Status,1452,1409,2374.9,6.81,18.1,24.91,23.07,52.02
2025,math,3,241,Not foster youth,Foster Status,414013,407906,2425.0,21.53,24.85,46.37,21.86,31.76
2025,math,3,251,ARLTEL (At-Risk of becoming LTEL),English-Language Fluency,15938,15787,2383.1,6.07,18.99,25.06,27.07,47.86
2025,math,3,252,NeverEL,English-Language Fluency,292671,287919,2435.8,24.89,26.58,51.47,21.39,27.14
2015,math,4,1,All Students,All Students,477280,466980,2453.7,13.0,22.0,35.0,35.0,31.0
2015,math,4,3,Male,Gender,477280,237918,2454.1,14.0,22.0,36.0,33.0,31.0
2015,math,4,4,Female,Gender,477280,229062,2453.2,12.0,22.0,34.0,36.0,30.0
2015,math,4,6,"IFEP, RFEP, and EO (Fluent English proficient and English only)",English-Language Fluency,477280,343328,2470.4,16.0,26.0,43.0,35.0,22.0
2015,math,4,7,IFEP (Initial fluent English proficient),English-Language Fluency,477280,18170,2511.5,33.0,29.0,63.0,27.0,11.0
2015,math,4,8,RFEP (Reclassified fluent English proficient),English-Language Fluency,477280,62025,2486.3,17.0,32.0,49.0,40.0,11.0
2015,math,4,28,Migrant education,Migrant,477280,4554,2412.9,2.0,12.0,14.0,35.0,50.0
2015,math,4,31,Socioeconomically disadvantaged,Economic Status,477280,288308,2428.2,5.0,16.0,21.0,38.0,41.0
2015,math,4,74,Black or African American,Race and Ethnicity,477280,26247,2415.8,4.0,14.0,17.0,35.0,48.0
2015,math,4,75,American Indian or Alaska Native,Race and Ethnicity,477280,2485,2432.9,7.0,18.0,25.0,37.0,38.0
2015,math,4,76,Asian,Race and Ethnicity,477280,41774,2522.0,40.0,29.0,69.0,22.0,9.0
2015,math,4,77,Filipino,Race and Ethnicity,477280,11311,2490.1,22.0,32.0,54.0,33.0,13.0
2015,math,4,78,Hispanic or Latino,Race and Ethnicity,477280,255013,2429.7,5.0,17.0,22.0,38.0,40.0
2015,math,4,79,Native Hawaiian or Pacific Islander,Race and Ethnicity,477280,2301,2442.7,7.0,19.0,27.0,40.0,33.0
2015,math,4,80,White,Race and Ethnicity,477280,110898,2484.9,21.0,31.0,52.0,32.0,16.0
2015,math,4,90,Not a high school graduate,Parent Education,477280,74459,2414.5,3.0,12.0,15.0,36.0,49.0
2015,math,4,91,High school graduate,Parent Education,477280,96411,2428.3,5.0,16.0,21.0,39.0,40.0
2015,math,4,92,Some college (includes AA degree),Parent Education,477280,97065,2448.8,8.0,23.0,31.0,40.0,29.0
2015,math,4,93,College graduate,Parent Education,477280,84410,2486.7,21.0,31.0,52.0,32.0,16.0
2015,math,4,94,Graduate school/Post graduate,Parent Education,477280,60790,2517.6,37.0,31.0,68.0,23.0,9.0
2015,math,4,99,No reported disabilities,Disability Status,477280,417684,2461.3,14.0,23.0,37.0,36.0,27.0
2015,math,4,111,Not socioeconomically disadvantaged,Economic Status,477280,178672,2494.8,25.0,31.0,56.0,30.0,14.0
2015,math,4,120,ELs enrolled less than 12 months,English-Language Fluency,477280,3215,2411.4,8.0,12.0,19.0,27.0,54.0
2015,math,4,121,Declined to state,Parent Education,477280,53454,2438.1,9.0,18.0,27.0,35.0,38.0
2015,math,4,128,Reported disabilities,Disability Status,477280,49296,2389.2,4.0,9.0,13.0,23.0,64.0
2015,math,4,142,ELs enrolled 12 months or more,English-Language Fluency,477280,118462,2406.9,2.0,9.0,11.0,35.0,54.0
2015,math,4,144,Two or more races,Race and Ethnicity,477280,14456,2485.5,23.0,29.0,51.0,31.0,18.0
2015,math,4,160,"EL (English learner, excluding RFEP)",English-Language Fluency,477280,122115,2407.0,2.0,9.0,11.0,34.0,54.0
2015,math,4,180,EO (English only),English-Language Fluency,477280,263133,2463.8,15.0,25.0,40.0,34.0,26.0
2015,math,4,200,Black or African American,Ethnicity for Socioeconomically Disadvantaged,477280,19738,2405.8,2.0,11.0,13.0,34.0,53.0
2015,math,4,201,American Indian or Alaska Native,Ethnicity for Socioeconomically Disadvantaged,477280,1678,2416.0,3.0,14.0,17.0,38.0,46.0
2015,math,4,202,Asian,Ethnicity for Socioeconomically Disadvantaged,477280,15007,2480.1,20.0,29.0,48.0,33.0,18.0
2015,math,4,203,Filipino,Ethnicity for Socioeconomically Disadvantaged,477280,3972,2467.3,13.0,26.0,39.0,41.0,20.0
2015,math,4,204,Hispanic or Latino,Ethnicity for Socioeconomically Disadvantaged,477280,207296,2422.8,4.0,15.0,18.0,38.0,44.0
2015,math,4,205,Native Hawaiian or Pacific Islander,Ethnicity for Socioeconomically Disadvantaged,477280,1545,2432.1,4.0,17.0,21.0,41.0,38.0
2015,math,4,206,White,Ethnicity for Socioeconomically Disadvantaged,477280,32505,2445.5,8.0,22.0,30.0,39.0,31.0
2015,math,4,207,Two or more races,Ethnicity for Socioeconomically Disadvantaged,477280,5086,2442.8,8.0,21.0,29.0,39.0,33.0
2015,math,4,220,Black or African American,Ethnicity for Not Socioeconomically Disadvantaged,477280,6509,2446.1,8.0,22.0,31.0,38.0,31.0
2015,math,4,221,American Indian or Alaska Native,Ethnicity for Not Socioeconomically Disadvantaged,477280,807,2467.7,15.0,26.0,41.0,37.0,22.0
2015,math,4,222,Asian,Ethnicity for Not Socioeconomically Disadvantaged,477280,26767,2545.5,51.0,29.0,81.0,15.0,4.0
2015,math,4,223,Filipino,Ethnicity for Not Socioeconomically Disadvantaged,477280,7339,2502.4,27.0,35.0,62.0,28.0,10.0
2015,math,4,224,Hispanic or Latino,Ethnicity for Not Socioeconomically Disadvantaged,477280,47717,2459.8,11.0,26.0,37.0,38.0,25.0
2015,math,4,225,Native Hawaiian or Pacific Islander,Ethnicity for Not Socioeconomically Disadvantaged,477280,756,2464.2,14.0,24.0,38.0,40.0,22.0
2015,math,4,226,White,Ethnicity for Not Socioeconomically Disadvantaged,477280,78393,2501.2,26.0,35.0,61.0,29.0,10.0
2015,math,4,227,Two or more races,Ethnicity for Not Socioeconomically Disadvantaged,477280,9370,2508.6,31.0,33.0,64.0,27.0,9.0
2016,math,4,1,All Students,All Students,488399,476795,2460.5,15.0,23.0,38.0,33.0,28.0
2016,math,4,3,Male,Gender,249785,243637,2461.9,17.0,23.0,40.0,32.0,28.0
2016,math,4,4,Female,Gender,238614,233158,2459.0,14.0,23.0,37.0,35.0,28.0
2016,math,4,6,"IFEP, RFEP, and EO (Fluent English proficient and English only)",English-Language Fluency,359266,350505,2477.5,20.0,27.0,47.0,33.0,21.0
2016,math,4,7,IFEP (Initial fluent English proficient),English-Language Fluency,18947,18623,2521.2,38.0,29.0,67.0,24.0,9.0
2016,math,4,8,RFEP (Reclassified fluent English proficient),English-Language Fluency,61949,61455,2494.3,21.0,33.0,54.0,36.0,10.0
2016,math,4,28,Migrant education,Migrant,4758,4677,2418.0,3.0,13.0,16.0,37.0,47.0
2016,math,4,31,Socioeconomically disadvantaged,Economic Status,310386,304176,2434.7,7.0,18.0,25.0,37.0,38.0
2016,math,4,74,Black or African American,Race and Ethnicity,27269,26134,2420.8,5.0,15.0,20.0,34.0,46.0
2016,math,4,75,American Indian or Alaska Native,Race and Ethnicity,2568,2472,2435.9,7.0,20.0,27.0,34.0,38.0
2016,math,4,76,Asian,Race and Ethnicity,43154,42262,2529.5,44.0,28.0,72.0,19.0,8.0
2016,math,4,77,Filipino,Race and Ethnicity,11009,10855,2502.1,27.0,34.0,61.0,28.0,11.0
2016,math,4,78,Hispanic or Latino,Race and Ethnicity,268573,264248,2436.7,7.0,19.0,26.0,38.0,37.0
2016,math,4,79,Native Hawaiian or Pacific Islander,Race and Ethnicity,2296,2210,2453.1,10.0,24.0,34.0,37.0,29.0
2016,math,4,80,White,Race and Ethnicity,113612,109573,2492.7,25.0,31.0,56.0,30.0,15.0
2016,math,4,90,Not a high school graduate,Parent Education,75122,73943,2420.3,4.0,14.0,18.0,36.0,46.0
2016,math,4,91,High school graduate,Parent Education,101758,99850,2434.2,6.0,18.0,24.0,38.0,38.0
2016,math,4,92,Some college (includes AA degree),Parent Education,101315,98825,2455.4,10.0,25.0,35.0,38.0,27.0
2016,math,4,93,College graduate,Parent Education,88443,86184,2493.3,25.0,31.0,56.0,30.0,15.0
2016,math,4,94,Graduate school/Post graduate,Parent Education,64011,62010,2525.5,41.0,30.0,71.0,20.0,8.0
2016,math,4,99,No reported disabilities,Disability Status,433244,423804,2468.9,17.0,25.0,41.0,35.0,24.0
2016,math,4,111,Not socioeconomically disadvantaged,Economic Status,178013,172619,2505.8,31.0,31.0,62.0,27.0,12.0
2016,math,4,120,ELs enrolled less than 12 months,English-Language Fluency,3713,3324,2414.4,8.0,13.0,21.0,27.0,52.0
2016,math,4,121,Declined to state,Parent Education,57019,55483,2446.8,12.0,20.0,32.0,34.0,34.0
2016,math,4,128,Reported disabilities,Disability Status,55155,52991,2392.8,5.0,9.0,14.0,23.0,63.0
2016,math,4,142,ELs enrolled 12 months or more,English-Language Fluency,122750,120869,2412.9,3.0,11.0,14.0,36.0,50.0
2016,math,4,144,Two or more races,Race and Ethnicity,16527,16016,2492.4,26.0,29.0,55.0,28.0,17.0
2016,math,4,160,"EL (English learner, excluding RFEP)",English-Language Fluency,127235,124901,2412.9,3.0,11.0,14.0,36.0,50.0
2016,math,4,180,EO (English only),English-Language Fluency,278370,270427,2470.7,18.0,26.0,44.0,32.0,24.0
2016,math,4,200,Black or African American,Ethnicity for Socioeconomically Disadvantaged,21089,20216,2410.5,3.0,12.0,15.0,34.0,51.0
2016,math,4,201,American Indian or Alaska Native,Ethnicity for Socioeconomically Disadvantaged,1810,1747,2421.3,3.0,17.0,20.0,35.0,45.0
2016,math,4,202,Asian,Ethnicity for Socioeconomically Disadvantaged,15744,15434,2487.0,23.0,29.0,53.0,30.0,17.0
2016,math,4,203,Filipino,Ethnicity for Socioeconomically Disadvantaged,4002,3943,2479.6,18.0,30.0,48.0,35.0,17.0
2016,math,4,204,Hispanic or Latino,Ethnicity for Socioeconomically Disadvantaged,223155,219966,2429.5,5.0,17.0,22.0,38.0,40.0
2016,math,4,205,Native Hawaiian or Pacific Islander,Ethnicity for Socioeconomically Disadvantaged,1571,1509,2439.4,6.0,21.0,27.0,39.0,34.0
2016,math,4,206,White,Ethnicity for Socioeconomically Disadvantaged,35143,33853,2452.4,10.0,24.0,34.0,38.0,28.0
2016,math,4,207,Two or more races,Ethnicity for Socioeconomically Disadvantaged,6156,5927,2448.8,9.0,23.0,32.0,37.0,31.0
2016,math,4,220,Black or African American,Ethnicity for Not Socioeconomically Disadvantaged,6180,5918,2455.9,11.0,25.0,36.0,37.0,27.0
2016,math,4,221,American Indian or Alaska Native,Ethnicity for Not Socioeconomically Disadvantaged,758,725,2471.2,17.0,28.0,45.0,32.0,23.0
2016,math,4,222,Asian,Ethnicity for Not Socioeconomically Disadvantaged,27410,26828,2554.0,56.0,27.0,83.0,13.0,4.0
2016,math,4,223,Filipino,Ethnicity for Not Socioeconomically Disadvantaged,7007,6912,2514.9,33.0,35.0,68.0,24.0,8.0
2016,math,4,224,Hispanic or Latino,Ethnicity for Not Socioeconomically Disadvantaged,45418,44282,2472.7,16.0,29.0,44.0,36.0,20.0
2016,math,4,225,Native Hawaiian or Pacific Islander,Ethnicity for Not Socioeconomically Disadvantaged,725,701,2482.4,19.0,32.0,50.0,32.0,18.0
2016,math,4,226,White,Ethnicity for Not Socioeconomically Disadvantaged,78469,75720,2510.7,31.0,34.0,65.0,26.0,9.0
2016,math,4,227,Two or more races,Ethnicity for Not Socioeconomically Disadvantaged,10371,10089,2517.9,36.0,33.0,69.0,23.0,8.0
2017,math,4,1,All Students,All Students,468793,460878,2462.9,16.83,23.62,40.45,31.55,28.01
2017,math,4,3,Male,Gender,239986,235591,2464.7,18.52,23.49,42.01,30.11,27.88
2017,math,4,4,Female,Gender,228807,225287,2461.0,15.06,23.75,38.81,33.05,28.14
2017,math,4,6,"IFEP, RFEP, and EO (Fluent English proficient and English only)",English-Language Fluency,353987,347894,2479.8,21.25,27.57,48.82,30.71,20.48
2017,math,4,7,IFEP (Initial fluent English proficient),English-Language Fluency,17301,17173,2525.0,40.78,28.32,69.09,22.09,8.82
2017,math,4,8,RFEP (Reclassified fluent English proficient),English-Language Fluency,65785,65547,2496.8,22.63,33.5,56.13,33.76,10.11
2017,math,4,28,Migrant education,Migrant,4161,4116,2423.5,4.79,16.02,20.81,34.57,44.61
2017,math,4,31,Socioeconomically disadvantaged,Economic Status,289041,284980,2436.2,7.7,19.33,27.03,35.36,37.61
2017,math,4,74,Black or African American,Race and Ethnicity,25701,24943,2419.5,5.72,15.98,21.71,32.27,46.02
2017,math,4,75,American Indian or Alaska Native,Race and Ethnicity,2370,2297,2436.6,9.15,18.9,28.05,33.41,38.55
2017,math,4,76,Asian,Race and Ethnicity,42173,41738,2533.1,46.39,27.72,74.11,17.61,8.28
2017,math,4,77,Filipino,Race and Ethnicity,9005,8926,2502.0,28.35,32.43,60.78,27.6,11.62
2017,math,4,78,Hispanic or Latino,Race and Ethnicity,257671,254639,2439.3,8.06,20.18,28.24,35.7,36.06
2017,math,4,79,Native Hawaiian or Pacific Islander,Race and Ethnicity,2200,2152,2452.2,10.69,24.21,34.9,35.22,29.88
2017,math,4,80,White,Race and Ethnicity,108061,105234,2494.6,26.28,30.69,56.97,27.97,15.06
2017,math,4,90,Not a high school graduate,Parent Education,69060,68286,2420.8,4.98,15.2,20.18,34.17,45.65
2017,math,4,91,High school graduate,Parent Education,98032,96715,2435.2,6.94,19.2,26.15,36.25,37.6
2017,math,4,92,Some college (includes AA degree),Parent Education,97276,95615,2457.1,11.61,25.27,36.88,36.09,27.03
2017,math,4,93,College graduate,Parent Education,87400,85804,2495.4,26.34,31.02,57.35,27.85,14.8
2017,math,4,94,Graduate school/Post graduate,Parent Education,63512,62191,2527.6,42.96,29.2,72.16,19.19,8.65
2017,math,4,99,No reported disabilities,Disability Status,413480,407927,2472.1,18.28,25.39,43.67,32.76,23.57
2017,math,4,111,Not socioeconomically disadvantaged,Economic Status,179752,175898,2506.1,31.62,30.56,62.18,25.37,12.45
2017,math,4,120,ELs enrolled less than 12 months,English-Language Fluency,3981,3678,2404.6,7.82,11.66,19.47,24.78,55.75
2017,math,4,121,Declined to state,Parent Education,53162,52030,2449.4,13.47,20.98,34.45,31.93,33.62
2017,math,4,128,Reported disabilities,Disability Status,55313,52951,2391.9,5.66,9.89,15.54,22.21,62.25
2017,math,4,142,ELs enrolled 12 months or more,English-Language Fluency,108336,107192,2411.0,2.97,11.38,14.35,34.56,51.09
2017,math,4,144,Two or more races,Race and Ethnicity,18025,17626,2496.0,28.87,28.23,57.1,26.51,16.39
2017,math,4,160,"EL (English learner, excluding RFEP)",English-Language Fluency,113248,111762,2410.7,3.13,11.39,14.52,34.23,51.25
2017,math,4,170,EverEL,English-Language Fluency,179033,177309,2442.5,10.34,19.56,29.91,34.06,36.04
2017,math,4,180,EO (English only),English-Language Fluency,270901,265174,2472.7,19.64,26.05,45.69,30.51,23.8
2017,math,4,190,TBD (To be determined),English-Language Fluency,453,356,2397.9,7.91,11.58,19.49,21.47,59.04
2017,math,4,200,Black or African American,Ethnicity for Socioeconomically Disadvantaged,19678,19095,2408.4,3.59,13.3,16.89,31.54,51.57
2017,math,4,201,American Indian or Alaska Native,Ethnicity for Socioeconomically Disadvantaged,1611,1558,2420.0,5.2,15.28,20.47,33.18,46.34
2017,math,4,202,Asian,Ethnicity for Socioeconomically Disadvantaged,14527,14396,2491.3,25.87,29.7,55.57,27.37,17.06
2017,math,4,203,Filipino,Ethnicity for Socioeconomically Disadvantaged,3132,3097,2480.8,18.74,30.57,49.31,33.28,17.42
2017,math,4,204,Hispanic or Latino,Ethnicity for Socioeconomically Disadvantaged,208489,206410,2431.6,6.1,18.17,24.27,36.26,39.47
2017,math,4,205,Native Hawaiian or Pacific Islander,Ethnicity for Socioeconomically Disadvantaged,1505,1469,2440.1,6.67,22.26,28.93,37.03,34.04
2017,math,4,206,White,Ethnicity for Socioeconomically Disadvantaged,31879,31006,2452.5,10.89,24.37,35.26,35.74,29.0
2017,math,4,207,Two or more races,Ethnicity for Socioeconomically Disadvantaged,6372,6195,2449.1,10.9,22.27,33.17,35.79,31.04
2017,math,4,220,Black or African American,Ethnicity for Not Socioeconomically Disadvantaged,6023,5848,2455.9,12.7,24.75,37.45,34.66,27.9
2017,math,4,221,American Indian or Alaska Native,Ethnicity for Not Socioeconomically Disadvantaged,759,739,2471.6,17.48,26.56,44.04,33.88,22.09
2017,math,4,222,Asian,Ethnicity for Not Socioeconomically Disadvantaged,27646,27342,2555.1,57.19,26.67,83.87,12.48,3.65
2017,math,4,223,Filipino,Ethnicity for Not Socioeconomically Disadvantaged,5873,5829,2513.2,33.45,33.42,66.87,24.58,8.55
2017,math,4,224,Hispanic or Latino,Ethnicity for Not Socioeconomically Disadvantaged,49182,48229,2472.1,16.46,28.78,45.24,33.29,21.47
2017,math,4,225,Native Hawaiian or Pacific Islander,Ethnicity for Not Socioeconomically Disadvantaged,695,683,2478.2,19.33,28.4,47.73,31.33,20.94
2017,math,4,226,White,Ethnicity for Not Socioeconomically Disadvantaged,76182,74228,2512.2,32.71,33.33,66.04,24.72,9.24
2017,math,4,227,Two or more races,Ethnicity for Not Socioeconomically Disadvantaged,11653,11431,2521.3,38.61,31.46,70.07,21.48,8.45
2018,math,4,1,All Students,All Students,463838,455619,2467.7,18.46,24.45,42.91,30.81,26.27
2018,math,4,3,Male,Gender,238626,234073,2469.6,20.19,24.21,44.4,29.44,26.16
2018,math,4,4,Female,Gender,225212,221546,2465.7,16.64,24.71,41.35,32.26,26.39
2018,math,4,6,"IFEP, RFEP, and EO (Fluent English proficient and English only)",English-Language Fluency,358475,352120,2484.0,22.89,28.18,51.08,29.74,19.19
2018,math,4,7,IFEP (Initial fluent English proficient),English-Language Fluency,17450,17276,2531.2,43.25,29.31,72.56,20.23,7.21
2018,math,4,8,RFEP (Reclassified fluent English proficient),English-Language Fluency,70523,70139,2500.9,24.7,33.88,58.58,32.0,9.43
2018,math,4,28,Migrant education,Migrant,3923,3870,2428.1,6.08,17.4,23.47,34.77,41.75
2018,math,4,31,Socioeconomically disadvantaged,Economic Status,290563,286083,2442.4,9.4,20.92,30.32,34.66,35.02
2018,math,4,74,Black or African American,Race and Ethnicity,25018,24276,2424.1,6.54,17.28,23.82,31.94,44.24
2018,math,4,75,American Indian or Alaska Native,Race and Ethnicity,2260,2185,2441.9,10.72,20.21,30.93,32.13,36.94
2018,math,4,76,Asian,Race and Ethnicity,42657,42240,2538.1,49.23,26.73,75.96,16.32,7.72
2018,math,4,77,Filipino,Race and Ethnicity,9019,8945,2505.2,29.68,33.1,62.78,26.26,10.97
2018,math,4,78,Hispanic or Latino,Race and Ethnicity,255840,252498,2445.0,9.56,21.73,31.29,35.23,33.48
2018,math,4,79,Native Hawaiian or Pacific Islander,Race and Ethnicity,2121,2077,2454.6,11.22,25.18,36.4,35.0,28.6
2018,math,4,80,White,Race and Ethnicity,104346,101486,2497.6,28.01,30.52,58.53,26.89,14.57
2018,math,4,90,Not a high school graduate,Parent Education,66353,65416,2426.6,6.0,17.15,23.15,34.18,42.67
2018,math,4,91,High school graduate,Parent Education,97547,96084,2440.1,8.35,20.58,28.92,35.52,35.56
2018,math,4,92,Some college (includes AA degree),Parent Education,95685,94020,2461.4,13.14,26.24,39.38,35.22,25.4
2018,math,4,93,College graduate,Parent Education,88418,86762,2498.9,28.34,30.57,58.91,26.95,14.14
2018,math,4,94,Graduate school/Post graduate,Parent Education,63979,62707,2530.5,44.26,29.06,73.32,18.36,8.32
2018,math,4,99,No reported disabilities,Disability Status,407612,401824,2477.2,20.1,26.25,46.35,31.87,21.77
2018,math,4,111,Not socioeconomically disadvantaged,Economic Status,173275,169536,2510.4,33.75,30.41,64.17,24.32,11.52
2018,math,4,120,ELs enrolled less than 12 months,English-Language Fluency,3494,3276,2415.3,10.04,12.92,22.96,26.69,50.35
2018,math,4,121,Declined to state,Parent Education,51555,50428,2453.7,14.79,21.76,36.55,31.39,32.06
2018,math,4,128,Reported disabilities,Disability Status,56226,53795,2396.4,6.21,10.99,17.2,22.86,59.94
2018,math,4,142,ELs enrolled 12 months or more,English-Language Fluency,100131,98839,2411.9,3.09,11.68,14.77,34.8,50.43
2018,math,4,144,Two or more races,Race and Ethnicity,18902,18459,2498.2,29.74,28.76,58.5,25.47,16.03
2018,math,4,160,"EL (English learner, excluding RFEP)",English-Language Fluency,104201,102640,2412.1,3.31,11.73,15.04,34.54,50.43
2018,math,4,170,EverEL,English-Language Fluency,174724,172779,2448.1,12.0,20.72,32.72,33.51,33.78
2018,math,4,180,EO (English only),English-Language Fluency,270502,264705,2476.5,21.09,26.6,47.69,29.76,22.56
2018,math,4,190,TBD (To be determined),English-Language Fluency,368,286,2398.9,7.72,11.93,19.65,21.75,58.6
2018,math,4,200,Black or African American,Ethnicity for Socioeconomically Disadvantaged,19354,18768,2412.8,4.31,14.46,18.78,31.46,49.76
2018,math,4,201,American Indian or Alaska Native,Ethnicity for Socioeconomically Disadvantaged,1541,1490,2426.1,6.52,17.22,23.74,32.01,44.25
2018,math,4,202,Asian,Ethnicity for Socioeconomically Disadvantaged,15778,15650,2499.8,30.39,28.8,59.19,25.48,15.33
2018,math,4,203,Filipino,Ethnicity for Socioeconomically Disadvantaged,3413,3382,2485.5,21.2,29.89,51.09,32.76,16.14
2018,math,4,204,Hispanic or Latino,Ethnicity for Socioeconomically Disadvantaged,207296,204874,2437.3,7.4,20.02,27.42,35.78,36.8
2018,math,4,205,Native Hawaiian or Pacific Islander,Ethnicity for Socioeconomically Disadvantaged,1438,1411,2440.1,6.66,22.4,29.06,36.57,34.37
2018,math,4,206,White,Ethnicity for Socioeconomically Disadvantaged,32919,31929,2458.6,13.35,25.22,38.57,34.45,26.98
2018,math,4,207,Two or more races,Ethnicity for Socioeconomically Disadvantaged,6906,6722,2453.6,12.68,23.64,36.32,33.43,30.24
2018,math,4,220,Black or African American,Ethnicity for Not Socioeconomically Disadvantaged,5664,5508,2462.3,14.12,26.9,41.02,33.57,25.41
2018,math,4,221,American Indian or Alaska Native,Ethnicity for Not Socioeconomically Disadvantaged,719,695,2475.9,19.71,26.62,46.33,32.37,21.29
2018,math,4,222,Asian,Ethnicity for Not Socioeconomically Disadvantaged,26879,26590,2560.6,60.32,25.51,85.83,10.93,3.24
2018,math,4,223,Filipino,Ethnicity for Not Socioeconomically Disadvantaged,5606,5563,2517.2,34.83,35.05,69.88,22.3,7.82
2018,math,4,224,Hispanic or Latino,Ethnicity for Not Socioeconomically Disadvantaged,48544,47624,2478.1,18.84,29.09,47.93,32.86,19.22
2018,math,4,225,Native Hawaiian or Pacific Islander,Ethnicity for Not Socioeconomically Disadvantaged,683,666,2485.3,20.87,31.08,51.95,31.68,16.37
2018,math,4,226,White,Ethnicity for Not Socioeconomically Disadvantaged,71427,69557,2515.5,34.74,32.96,67.7,23.42,8.88
2018,math,4,227,Two or more races,Ethnicity for Not Socioeconomically Disadvantaged,11996,11737,2523.7,39.5,31.69,71.19,20.92,7.89
2019,math,4,1,All Students,All Students,445185,437685,2472.0,20.02,24.92,44.94,30.32,24.75
2019,math,4,3,Male,Gender,228448,224343,2474.4,21.92,24.67,46.59,28.86,24.55
2019,math,4,4,Female,Gender,216737,213342,2469.5,18.02,25.18,43.2,31.84,24.96
2019,math,4,6,"IFEP, RFEP, and EO (Fluent English proficient and English only)",English-Language Fluency,343566,337652,2487.9,24.72,28.25,52.97,28.81,18.22
2019,math,4,7,IFEP (Initial fluent English proficient),English-Language Fluency,17181,17024,2534.4,45.21,28.08,73.29,19.93,6.77
2019,math,4,8,RFEP (Reclassified fluent English proficient),English-Language Fluency,63927,63692,2505.8,27.55,33.72,61.28,30.13,8.59
2019,math,4,28,Migrant education,Migrant,3842,3802,2431.9,6.63,18.91,25.54,34.48,39.98
2019,math,4,31,Socioeconomically disadvantaged,Economic Status,275677,271715,2446.9,10.67,21.8,32.47,34.55,32.98
2019,math,4,50,Armed forces family member,Military Status,4614,4510,2493.9,25.23,30.58,55.81,29.56,14.62
2019,math,4,51,Not armed forces family member,Military Status,440571,433175,2471.8,19.97,24.86,44.82,30.32,24.85
2019,math,4,52,Homeless,Homeless Status,18291,17754,2434.4,8.18,19.0,27.18,33.69,39.13
2019,math,4,53,Not homeless,Homeless Status,426894,419931,2473.6,20.52,25.17,45.69,30.17,24.14
2019,math,4,74,Black or African American,Race and Ethnicity,23714,23036,2427.4,7.39,17.84,25.23,32.29,42.48
2019,math,4,75,American Indian or Alaska Native,Race and Ethnicity,2091,2027,2442.2,10.62,18.58,29.2,34.63,36.17
2019,math,4,76,Asian,Race and Ethnicity,40714,40329,2541.4,50.76,25.95,76.72,15.99,7.29
2019,math,4,77,Filipino,Race and Ethnicity,8645,8578,2510.8,33.05,32.58,65.63,24.38,9.99
2019,math,4,78,Hispanic or Latino,Race and Ethnicity,244748,241824,2449.9,11.11,22.57,33.68,34.87,31.46
2019,math,4,79,Native Hawaiian or Pacific Islander,Race and Ethnicity,1961,1923,2459.1,12.88,24.73,37.61,35.42,26.97
2019,math,4,80,White,Race and Ethnicity,100189,97519,2500.4,29.34,30.66,60.01,26.04,13.95
2019,math,4,90,Not a high school graduate,Parent Education,61614,60907,2430.7,7.08,17.64,24.72,34.57,40.71
2019,math,4,91,High school graduate,Parent Education,94238,92987,2444.6,9.55,21.5,31.05,35.31,33.64
2019,math,4,92,Some college (includes AA degree),Parent Education,90504,88863,2465.3,14.72,26.8,41.52,34.31,24.17
2019,math,4,93,College graduate,Parent Education,86745,85222,2502.5,29.79,30.78,60.57,26.33,13.1
2019,math,4,94,Graduate school/Post graduate,Parent Education,63070,61786,2533.4,45.96,28.24,74.2,17.86,7.94
2019,math,4,99,No reported disabilities,Disability Status,389327,384108,2481.8,21.83,26.79,48.62,31.19,20.19
2019,math,4,111,Not socioeconomically disadvantaged,Economic Status,169508,165970,2513.1,35.34,30.01,65.35,23.38,11.27
2019,math,4,120,ELs enrolled less than 12 months,English-Language Fluency,3936,3612,2404.2,7.62,12.2,19.82,24.26,55.92
2019,math,4,121,Declined to state,Parent Education,48693,47732,2457.2,15.8,22.61,38.41,30.99,30.6
2019,math,4,128,Reported disabilities,Disability Status,55858,53577,2402.0,7.03,11.47,18.5,24.04,57.46
2019,math,4,142,ELs enrolled 12 months or more,English-Language Fluency,96250,95260,2419.0,4.01,13.7,17.71,35.91,46.38
2019,math,4,144,Two or more races,Race and Ethnicity,19538,19121,2501.9,31.42,29.01,60.43,24.26,15.31
2019,math,4,160,"EL (English learner, excluding RFEP)",English-Language Fluency,100936,99582,2418.4,4.13,13.63,17.77,35.45,46.78
2019,math,4,170,EverEL,English-Language Fluency,164863,163274,2452.5,13.27,21.47,34.74,33.38,31.88
2019,math,4,180,EO (English only),English-Language Fluency,262458,256936,2480.4,22.65,26.91,49.56,29.07,21.37
2019,math,4,190,TBD (To be determined),English-Language Fluency,312,204,2398.3,10.34,12.32,22.66,19.7,57.64
2019,math,4,200,Black or African American,Ethnicity for Socioeconomically Disadvantaged,18390,17873,2417.1,5.15,15.43,20.58,32.17,47.26
2019,math,4,201,American Indian or Alaska Native,Ethnicity for Socioeconomically Disadvantaged,1458,1413,2428.2,6.45,15.95,22.4,36.22,41.39
2019,math,4,202,Asian,Ethnicity for Socioeconomically Disadvantaged,14572,14453,2501.6,30.78,28.58,59.36,25.92,14.72
2019,math,4,203,Filipino,Ethnicity for Socioeconomically Disadvantaged,3167,3145,2490.1,22.94,31.47,54.41,31.15,14.44
2019,math,4,204,Hispanic or Latino,Ethnicity for Socioeconomically Disadvantaged,195739,193729,2442.2,8.78,20.97,29.75,35.64,34.61
2019,math,4,205,Native Hawaiian or Pacific Islander,Ethnicity for Socioeconomically Disadvantaged,1356,1330,2446.3,8.89,21.55,30.44,37.6,31.95
2019,math,4,206,White,Ethnicity for Socioeconomically Disadvantaged,32152,31195,2462.1,14.39,26.29,40.68,33.76,25.55
2019,math,4,207,Two or more races,Ethnicity for Socioeconomically Disadvantaged,7087,6897,2459.4,14.96,24.21,39.16,32.44,28.4
2019,math,4,220,Black or African American,Ethnicity for Not Socioeconomically Disadvantaged,5324,5163,2463.3,15.16,26.19,41.35,32.71,25.94
2019,math,4,221,American Indian or Alaska Native,Ethnicity for Not Socioeconomically Disadvantaged,633,614,2474.5,20.23,24.63,44.86,31.0,24.14
2019,math,4,222,Asian,Ethnicity for Not Socioeconomically Disadvantaged,26142,25876,2563.6,61.92,24.49,86.41,10.44,3.15
2019,math,4,223,Filipino,Ethnicity for Not Socioeconomically Disadvantaged,5478,5433,2522.8,38.9,33.23,72.13,20.46,7.4
2019,math,4,224,Hispanic or Latino,Ethnicity for Not Socioeconomically Disadvantaged,49009,48095,2480.9,20.5,29.0,49.5,31.75,18.75
2019,math,4,225,Native Hawaiian or Pacific Islander,Ethnicity for Not Socioeconomically Disadvantaged,605,593,2487.8,21.86,31.86,53.73,30.51,15.76
2019,math,4,226,White,Ethnicity for Not Socioeconomically Disadvantaged,68037,66324,2518.5,36.37,32.72,69.09,22.41,8.5
2019,math,4,227,Two or more races,Ethnicity for Not Socioeconomically Disadvantaged,12451,12224,2525.9,40.7,31.72,72.42,19.65,7.93
2021,math,4,1,All Students,All Students,440260,87985,2448.9,14.72,21.15,35.88,29.19,34.93
2021,math,4,3,Male,Gender,225159,44547,2452.7,16.53,21.54,38.07,27.97,33.96
2021,math,4,4,Female,Gender,215067,43431,2445.1,12.88,20.75,33.63,30.44,35.93
2021,math,4,6,"IFEP, RFEP, and EO (Fluent English proficient and English only)",English-Language Fluency,340859,69377,2465.1,17.99,24.54,42.53,30.0,27.47
2021,math,4,7,IFEP (Initial fluent English proficient),English-Language Fluency,16211,2971,2525.6,42.37,25.35,67.71,21.3,10.99
2021,math,4,8,RFEP (Reclassified fluent English proficient),English-Language Fluency,56402,9743,2474.1,18.3,25.83,44.13,33.5,22.36
2021,math,4,28,Migrant education,Migrant,3649,794,2386.8,1.89,8.33,10.23,25.51,64.27
2021,math,4,29,Not migrant education,Migrant,436611,87191,2449.5,14.84,21.27,36.11,29.22,34.67
2021,math,4,31,Socioeconomically disadvantaged,Economic Status,262703,47554,2413.6,5.17,14.79,19.96,31.0,49.04
2021,math,4,50,Armed forces family member,Military Status,5815,1109,2460.6,15.1,25.14,40.24,32.91,26.85
2021,math,4,51,Not armed forces family member,Military Status,434445,86876,2448.8,14.72,21.1,35.82,29.14,35.04
2021,math,4,52,Homeless,Homeless Status,15653,2250,2400.3,4.15,11.06,15.2,28.89,55.91
2021,math,4,53,Not homeless,Homeless Status,424607,85735,2450.2,15.0,21.42,36.42,29.2,34.38
2021,math,4,74,Black or African American,Race and Ethnicity,23370,3707,2409.7,4.74,14.89,19.63,29.05,51.31
2021,math,4,75,American Indian or Alaska Native,Race and Ethnicity,1849,595,2413.7,5.57,14.53,20.1,30.57,49.32
2021,math,4,76,Asian,Race and Ethnicity,41251,8119,2520.6,41.85,25.46,67.31,18.73,13.97
2021,math,4,77,Filipino,Race and Ethnicity,8461,1557,2484.2,20.55,30.31,50.87,32.11,17.02
2021,math,4,78,Hispanic or Latino,Race and Ethnicity,245571,43025,2416.1,5.65,15.32,20.97,31.07,47.96
2021,math,4,79,Native Hawaiian or Pacific Islander,Race and Ethnicity,1884,399,2434.9,10.55,18.09,28.64,30.9,40.45
2021,math,4,80,White,Race and Ethnicity,93175,24755,2479.5,21.08,28.95,50.03,29.31,20.66
2021,math,4,90,Not a high school graduate,Parent Education,49721,9791,2389.8,2.27,9.44,11.72,27.37,60.92
2021,math,4,91,High school graduate,Parent Education,84158,17679,2408.7,4.0,13.88,17.88,30.77,51.35
2021,math,4,92,Some college (includes AA degree),Parent Education,84394,18775,2436.3,8.01,20.2,28.21,34.77,37.02
2021,math,4,93,College graduate,Parent Education,84519,19245,2478.8,20.25,29.41,49.66,29.56,20.78
2021,math,4,94,Graduate school/Post graduate,Parent Education,63539,15438,2518.7,38.33,29.07,67.39,21.01,11.59
2021,math,4,99,No reported disabilities,Disability Status,384644,77907,2456.4,15.77,22.5,38.27,30.16,31.57
2021,math,4,111,Not socioeconomically disadvantaged,Economic Status,177557,40431,2490.4,25.95,28.62,54.56,27.07,18.36
2021,math,4,120,ELs enrolled less than 12 months,English-Language Fluency,1465,198,2388.6,7.58,9.09,16.67,22.73,60.61
2021,math,4,121,Declined to state,Parent Education,73824,7036,2430.8,9.92,18.22,28.14,29.85,42.01
2021,math,4,128,Reported disabilities,Disability Status,55616,10078,2391.3,6.62,10.74,17.35,21.68,60.97
2021,math,4,142,ELs enrolled 12 months or more,English-Language Fluency,97196,18208,2388.4,2.5,8.49,10.99,26.18,62.83
2021,math,4,144,Two or more races,Race and Ethnicity,24699,5828,2481.2,22.84,27.42,50.26,28.47,21.27
2021,math,4,160,"EL (English learner, excluding RFEP)",English-Language Fluency,99101,18554,2388.3,2.54,8.46,11.0,26.14,62.86
2021,math,4,170,EverEL,English-Language Fluency,155503,28297,2417.9,7.97,14.44,22.41,28.68,48.91
2021,math,4,180,EO (English only),English-Language Fluency,268246,56663,2460.4,16.66,24.27,40.93,29.85,29.22
2021,math,4,190,TBD (To be determined),English-Language Fluency,158,17,2392.4,6.25,6.25,12.5,37.5,50.0
2021,math,4,200,Black or African American,Ethnicity for Socioeconomically Disadvantaged,17494,2577,2394.9,2.76,11.14,13.9,27.61,58.49
2021,math,4,201,American Indian or Alaska Native,Ethnicity for Socioeconomically Disadvantaged,1243,432,2398.9,2.33,12.12,14.45,30.07,55.48
2021,math,4,202,Asian,Ethnicity for Socioeconomically Disadvantaged,13550,2525,2452.6,13.92,22.97,36.89,31.34,31.77
2021,math,4,203,Filipino,Ethnicity for Socioeconomically Disadvantaged,2890,499,2465.3,15.23,25.85,41.08,33.27,25.65
2021,math,4,204,Hispanic or Latino,Ethnicity for Socioeconomically Disadvantaged,187754,31730,2403.9,3.42,12.33,15.75,30.42,53.83
2021,math,4,205,Native Hawaiian or Pacific Islander,Ethnicity for Socioeconomically Disadvantaged,1209,233,2417.8,5.58,15.02,20.6,30.47,48.93
2021,math,4,206,White,Ethnicity for Socioeconomically Disadvantaged,29435,7660,2440.0,9.16,21.55,30.71,33.84,35.45
2021,math,4,207,Two or more races,Ethnicity for Socioeconomically Disadvantaged,9128,1898,2432.9,7.76,20.43,28.19,33.0,38.81
2021,math,4,220,Black or African American,Ethnicity for Not Socioeconomically Disadvantaged,5876,1130,2443.7,9.24,23.47,32.71,32.36,34.93
2021,math,4,221,American Indian or Alaska Native,Ethnicity for Not Socioeconomically Disadvantaged,606,163,2452.7,14.11,20.86,34.97,31.9,33.13
2021,math,4,222,Asian,Ethnicity for Not Socioeconomically Disadvantaged,27701,5594,2551.3,54.44,26.58,81.02,13.04,5.94
2021,math,4,223,Filipino,Ethnicity for Not Socioeconomically Disadvantaged,5571,1058,2493.1,23.06,32.42,55.48,31.57,12.95
2021,math,4,224,Hispanic or Latino,Ethnicity for Not Socioeconomically Disadvantaged,57817,11295,2450.3,11.9,23.71,35.61,32.9,31.49
2021,math,4,225,Native Hawaiian or Pacific Islander,Ethnicity for Not Socioeconomically Disadvantaged,675,166,2459.1,17.58,22.42,40.0,31.52,28.48
2021,math,4,226,White,Ethnicity for Not Socioeconomically Disadvantaged,63740,17095,2497.2,26.41,32.26,58.67,27.29,14.04
2021,math,4,227,Two or more races,Ethnicity for Not Socioeconomically Disadvantaged,15571,3930,2504.5,30.11,30.79,60.9,26.29,12.81
2022,math,4,1,All Students,All Students,431050,421796,2454.5,16.71,21.55,38.26,28.45,33.3
2022,math,4,3,Male,Gender,220009,214918,2459.0,18.74,21.94,40.68,27.52,31.8
2022,math,4,4,Female,Gender,210976,206816,2449.7,14.61,21.14,35.75,29.41,34.85
2022,math,4,6,"IFEP, RFEP, and EO (Fluent English proficient and English only)",English-Language Fluency,327135,319670,2471.8,21.03,24.91,45.95,28.11,25.94
2022,math,4,7,IFEP (Initial fluent English proficient),English-Language Fluency,15892,15684,2526.4,41.32,26.96,68.29,21.27,10.45
2022,math,4,8,RFEP (Reclassified fluent English proficient),English-Language Fluency,46756,46369,2497.4,26.02,30.66,56.68,29.31,14.02
2022,math,4,28,Migrant education,Migrant,3406,3365,2404.8,3.84,13.56,17.4,29.44,53.17
2022,math,4,29,Not migrant education,Migrant,427644,418431,2454.9,16.82,21.61,38.43,28.44,33.14
2022,math,4,31,Socioeconomically disadvantaged,Economic Status,259610,254384,2424.9,7.54,17.29,24.83,31.05,44.12
2022,math,4,50,Armed forces family member,Military Status,6930,6764,2464.9,17.36,25.63,43.0,30.03,26.98
2022,math,4,51,Not armed forces family member,Military Status,424120,415032,2454.3,16.7,21.48,38.18,28.42,33.4
2022,math,4,52,Homeless,Homeless Status,14539,14066,2409.2,5.16,14.03,19.2,29.09,51.71
2022,math,4,53,Not homeless,Homeless Status,416511,407730,2456.0,17.11,21.81,38.92,28.42,32.66
2022,math,4,74,Black or African American,Race and Ethnicity,21995,20989,2406.2,5.67,13.79,19.46,27.51,53.03
2022,math,4,75,American Indian or Alaska Native,Race and Ethnicity,1867,1785,2422.7,7.86,16.4,24.26,30.77,44.97
2022,math,4,76,Asian,Race and Ethnicity,43108,42545,2532.1,46.45,25.92,72.37,16.81,10.82
2022,math,4,77,Filipino,Race and Ethnicity,9380,9258,2503.6,29.51,32.69,62.2,24.94,12.86
2022,math,4,78,Hispanic or Latino,Race and Ethnicity,239595,235469,2427.0,7.48,17.83,25.3,31.8,42.9
2022,math,4,79,Native Hawaiian or Pacific Islander,Race and Ethnicity,1805,1744,2434.1,9.63,18.52,28.15,31.65,40.19
2022,math,4,80,White,Race and Ethnicity,88658,86191,2490.3,26.09,29.21,55.3,26.56,18.14
2022,math,4,90,Not a high school graduate,Parent Education,51993,51136,2403.8,4.03,12.56,16.58,28.92,54.5
2022,math,4,91,High school graduate,Parent Education,91427,89598,2419.7,5.89,16.31,22.2,31.58,46.22
2022,math,4,92,Some college (includes AA degree),Parent Education,85665,83693,2444.3,10.13,22.27,32.4,33.65,33.95
2022,math,4,93,College graduate,Parent Education,88855,86984,2488.8,25.55,28.72,54.27,26.98,18.76
2022,math,4,94,Graduate school/Post graduate,Parent Education,65580,64199,2525.0,42.07,27.81,69.88,19.02,11.09
2022,math,4,99,No reported disabilities,Disability Status,377570,370987,2463.0,18.1,23.01,41.11,29.38,29.51
2022,math,4,111,Not socioeconomically disadvantaged,Economic Status,171440,167412,2499.3,30.64,28.02,58.66,24.49,16.85
2022,math,4,120,ELs enrolled less than 12 months,English-Language Fluency,3988,3706,2377.5,5.09,8.36,13.45,18.95,67.6
2022,math,4,121,Declined to state,Parent Education,46944,45714,2433.9,11.81,18.22,30.03,28.35,41.62
2022,math,4,128,Reported disabilities,Disability Status,53480,50809,2391.8,6.59,10.83,17.42,21.61,60.97
2022,math,4,142,ELs enrolled 12 months or more,English-Language Fluency,98850,97526,2401.1,3.09,11.12,14.21,29.96,55.83
2022,math,4,144,Two or more races,Race and Ethnicity,24642,23815,2484.7,26.86,25.88,52.73,24.71,22.55
2022,math,4,160,"EL (English learner, excluding RFEP)",English-Language Fluency,103449,101797,2400.1,3.16,11.0,14.15,29.52,56.33
2022,math,4,170,EverEL,English-Language Fluency,150205,148166,2430.6,10.31,17.15,27.46,29.45,43.08
2022,math,4,180,EO (English only),English-Language Fluency,264487,257617,2463.9,18.9,23.75,42.65,28.31,29.04
2022,math,4,190,TBD (To be determined),English-Language Fluency,186,115,2363.2,6.09,4.35,10.43,13.91,75.65
2022,math,4,200,Black or African American,Ethnicity for Socioeconomically Disadvantaged,16681,15880,2393.0,3.43,10.84,14.27,26.27,59.45
2022,math,4,201,American Indian or Alaska Native,Ethnicity for Socioeconomically Disadvantaged,1287,1226,2405.8,4.09,12.68,16.78,30.52,52.7
2022,math,4,202,Asian,Ethnicity for Socioeconomically Disadvantaged,15412,15234,2486.0,26.0,27.5,53.51,25.09,21.4
2022,math,4,203,Filipino,Ethnicity for Socioeconomically Disadvantaged,3214,3166,2480.3,19.43,30.7,50.13,31.05,18.83
2022,math,4,204,Hispanic or Latino,Ethnicity for Socioeconomically Disadvantaged,183468,180634,2417.4,5.25,15.73,20.98,31.8,47.23
2022,math,4,205,Native Hawaiian or Pacific Islander,Ethnicity for Socioeconomically Disadvantaged,1208,1166,2415.7,5.57,14.41,19.98,32.08,47.94
2022,math,4,206,White,Ethnicity for Socioeconomically Disadvantaged,28958,28061,2449.5,12.43,23.08,35.51,32.48,32.01
2022,math,4,207,Two or more races,Ethnicity for Socioeconomically Disadvantaged,9382,9017,2438.2,10.94,20.83,31.77,30.07,38.15
2022,math,4,220,Black or African American,Ethnicity for Not Socioeconomically Disadvantaged,5314,5109,2447.2,12.65,22.96,35.61,31.33,33.06
2022,math,4,221,American Indian or Alaska Native,Ethnicity for Not Socioeconomically Disadvantaged,580,559,2459.6,16.1,24.51,40.61,31.31,28.09
2022,math,4,222,Asian,Ethnicity for Not Socioeconomically Disadvantaged,27696,27311,2557.9,57.85,25.04,82.89,12.19,4.93
2022,math,4,223,Filipino,Ethnicity for Not Socioeconomically Disadvantaged,6166,6092,2515.7,34.76,33.72,68.48,21.77,9.75
2022,math,4,224,Hispanic or Latino,Ethnicity for Not Socioeconomically Disadvantaged,56127,54835,2458.8,14.83,24.73,39.56,31.8,28.64
2022,math,4,225,Native Hawaiian or Pacific Islander,Ethnicity for Not Socioeconomically Disadvantaged,597,578,2471.4,17.82,26.82,44.64,30.8,24.57
2022,math,4,226,White,Ethnicity for Not Socioeconomically Disadvantaged,59700,58130,2510.0,32.68,32.18,64.86,23.71,11.44
2022,math,4,227,Two or more races,Ethnicity for Not Socioeconomically Disadvantaged,15260,14798,2513.1,36.55,28.95,65.5,21.45,13.05
2022,math,4,240,Foster youth,Foster Status,1566,1508,2395.0,2.59,11.81,14.4,28.53,57.07
2022,math,4,241,Not foster youth,Foster Status,429484,420288,2454.7,16.76,21.58,38.34,28.45,33.21
2023,math,4,1,All Students,All Students,425000,418975,2460.5,18.68,22.12,40.79,28.14,31.06
2023,math,4,3,Male,Gender,216881,213610,2465.4,20.95,22.39,43.34,27.05,29.61
2023,math,4,4,Female,Gender,208038,205289,2455.4,16.31,21.83,38.15,29.28,32.57
2023,math,4,6,"IFEP, RFEP, and EO (Fluent English proficient and English only)",English-Language Fluency,331283,326522,2477.2,23.03,25.26,48.28,27.5,24.22
2023,math,4,7,IFEP (Initial fluent English proficient),English-Language Fluency,26147,25995,2511.1,35.09,26.26,61.35,24.41,14.24
2023,math,4,8,RFEP (Reclassified fluent English proficient),English-Language Fluency,39633,39452,2508.6,30.46,31.89,62.35,26.86,10.79
2023,math,4,28,Migrant education,Migrant,3132,3101,2407.8,4.81,13.19,18.0,30.58,51.42
2023,math,4,29,Not migrant education,Migrant,421868,415874,2460.9,18.78,22.18,40.96,28.12,30.91
2023,math,4,31,Socioeconomically disadvantaged,Economic Status,267978,264414,2432.4,9.43,18.61,28.04,31.23,40.72
2023,math,4,50,Armed forces family member,Military Status,7158,7055,2468.9,18.51,25.91,44.41,30.25,25.34
2023,math,4,51,Not armed forces family member,Military Status,417842,411920,2460.3,18.68,22.05,40.73,28.11,31.16
2023,math,4,52,Homeless,Homeless Status,14774,14428,2411.1,5.83,14.34,20.16,29.11,50.73
2023,math,4,53,Not homeless,Homeless Status,410226,404547,2462.2,19.14,22.39,41.53,28.11,30.36
2023,math,4,74,Black or African American,Race and Ethnicity,21477,20897,2411.8,6.36,15.1,21.46,28.17,50.36
2023,math,4,75,American Indian or Alaska Native,Race and Ethnicity,1869,1811,2426.2,8.35,18.14,26.49,29.59,43.92
2023,math,4,76,Asian,Race and Ethnicity,44223,43879,2536.8,48.82,24.75,73.57,16.02,10.41
2023,math,4,77,Filipino,Race and Ethnicity,9227,9167,2508.0,32.66,30.67,63.33,24.42,12.24
2023,math,4,78,Hispanic or Latino,Race and Ethnicity,235317,232591,2433.5,9.16,19.12,28.28,31.83,39.89
2023,math,4,79,Native Hawaiian or Pacific Islander,Race and Ethnicity,1723,1694,2440.4,10.09,21.66,31.76,31.58,36.66
2023,math,4,80,White,Race and Ethnicity,86339,84609,2493.8,27.94,28.83,56.77,25.8,17.44
2023,math,4,90,Not a high school graduate,Parent Education,47139,46579,2410.4,5.27,13.98,19.25,29.72,51.03
2023,math,4,91,High school graduate,Parent Education,89657,88515,2424.5,7.18,17.13,24.31,31.81,43.88
2023,math,4,92,Some college (includes AA degree),Parent Education,84094,82806,2449.5,11.74,23.21,34.95,33.18,31.88
2023,math,4,93,College graduate,Parent Education,91223,89990,2492.6,27.34,28.29,55.63,26.45,17.92
2023,math,4,94,Graduate school/Post graduate,Parent Education,68236,67242,2527.8,43.7,26.96,70.65,18.4,10.95
2023,math,4,99,No reported disabilities,Disability Status,369110,365156,2470.0,20.36,23.68,44.03,29.07,26.9
2023,math,4,111,Not socioeconomically disadvantaged,Economic Status,157022,154561,2508.5,34.5,28.11,62.61,22.85,14.54
2023,math,4,120,ELs enrolled less than 12 months,English-Language Fluency,5478,5178,2382.2,4.76,8.43,13.19,20.79,66.02
2023,math,4,121,Declined to state,Parent Education,44506,43733,2438.0,13.08,18.69,31.77,27.97,40.26
2023,math,4,128,Reported disabilities,Disability Status,55890,53819,2395.5,7.26,11.52,18.78,21.84,59.38
2023,math,4,142,ELs enrolled 12 months or more,English-Language Fluency,87595,86730,2402.7,3.22,11.19,14.41,31.03,54.56
2023,math,4,144,Two or more races,Race and Ethnicity,24825,24327,2492.4,29.79,25.78,55.57,23.94,20.49
2023,math,4,160,"EL (English learner, excluding RFEP)",English-Language Fluency,93515,92311,2401.5,3.3,11.02,14.32,30.43,55.25
2023,math,4,170,EverEL,English-Language Fluency,133148,131763,2433.6,11.44,17.27,28.71,29.36,41.94
2023,math,4,180,EO (English only),English-Language Fluency,265503,261075,2469.0,20.7,24.15,44.86,27.9,27.24
2023,math,4,190,TBD (To be determined),English-Language Fluency,86,46,2384.5,6.52,10.87,17.39,19.57,63.04
2023,math,4,200,Black or African American,Ethnicity for Socioeconomically Disadvantaged,16922,16458,2400.3,4.25,12.53,16.77,27.83,55.4
2023,math,4,201,American Indian or Alaska Native,Ethnicity for Socioeconomically Disadvantaged,1343,1301,2409.3,4.53,14.83,19.37,29.36,51.27
2023,math,4,202,Asian,Ethnicity for Socioeconomically Disadvantaged,17131,16998,2494.4,30.25,26.33,56.57,23.72,19.71
2023,math,4,203,Filipino,Ethnicity for Socioeconomically Disadvantaged,3483,3457,2485.6,22.58,30.34,52.92,29.53,17.54
2023,math,4,204,Hispanic or Latino,Ethnicity for Socioeconomically Disadvantaged,186581,184623,2424.4,6.8,17.25,24.05,32.27,43.68
2023,math,4,205,Native Hawaiian or Pacific Islander,Ethnicity for Socioeconomically Disadvantaged,1239,1218,2430.1,7.8,18.8,26.6,32.92,40.48
2023,math,4,206,White,Ethnicity for Socioeconomically Disadvantaged,30953,30292,2454.4,14.15,23.7,37.84,31.63,30.53
2023,math,4,207,Two or more races,Ethnicity for Socioeconomically Disadvantaged,10326,10067,2446.2,13.12,21.62,34.75,29.95,35.3
2023,math,4,220,Black or African American,Ethnicity for Not Socioeconomically Disadvantaged,4555,4439,2454.2,14.21,24.64,38.85,29.45,31.7
2023,math,4,221,American Indian or Alaska Native,Ethnicity for Not Socioeconomically Disadvantaged,526,510,2469.6,18.15,26.63,44.77,30.18,25.05
2023,math,4,222,Asian,Ethnicity for Not Socioeconomically Disadvantaged,27092,26881,2563.6,60.56,23.76,84.32,11.14,4.53
2023,math,4,223,Filipino,Ethnicity for Not Socioeconomically Disadvantaged,5744,5710,2521.6,38.76,30.86,69.63,21.33,9.04
2023,math,4,224,Hispanic or Latino,Ethnicity for Not Socioeconomically Disadvantaged,48736,47968,2468.7,18.24,26.32,44.55,30.15,25.3
2023,math,4,225,Native Hawaiian or Pacific Islander,Ethnicity for Not Socioeconomically Disadvantaged,484,476,2466.8,15.97,28.99,44.96,28.15,26.89
2023,math,4,226,White,Ethnicity for Not Socioeconomically Disadvantaged,55386,54317,2515.8,35.63,31.69,67.32,22.54,10.14
2023,math,4,227,Two or more races,Ethnicity for Not Socioeconomically Disadvantaged,14499,14260,2525.0,41.56,28.71,70.27,19.69,10.04
2023,math,4,240,Foster youth,Foster Status,1636,1586,2394.2,4.1,9.84,13.94,27.76,58.3
2023,math,4,241,Not foster youth,Foster Status,423364,417389,2460.7,18.73,22.16,40.9,28.14,30.96
2023,math,4,251,ARLTEL (At-Risk of becoming LTEL),English-Language Fluency,52851,52276,2379.5,0.87,5.49,6.36,25.89,67.75
2023,math,4,252,NeverEL,English-Language Fluency,291736,287116,2472.8,22.0,24.34,46.35,27.59,26.07
2024,math,4,1,All Students,All Students,424534,418359,2461.5,18.98,22.22,41.2,28.22,30.58
2024,math,4,3,Male,Gender,216789,213402,2466.7,21.4,22.58,43.98,26.98,29.03
2024,math,4,4,Female,Gender,207637,204857,2456.0,16.45,21.85,38.3,29.51,32.19
2024,math,4,6,"IFEP, RFEP, and EO (Fluent English proficient and English only)",English-Language Fluency,332231,327340,2477.9,23.29,25.28,48.57,27.53,23.9
2024,math,4,7,IFEP (Initial fluent English proficient),English-Language Fluency,28332,28144,2513.4,35.61,26.4,62.01,24.45,13.53
2024,math,4,8,RFEP (Reclassified fluent English proficient),English-Language Fluency,36086,35914,2509.0,31.12,32.27,63.39,26.05,10.56
2024,math,4,28,Migrant education,Migrant,3505,3472,2410.2,5.39,13.66,19.05,28.62,52.33
2024,math,4,29,Not migrant education,Migrant,421029,414887,2461.9,19.09,22.3,41.39,28.21,30.4
2024,math,4,31,Socioeconomically disadvantaged,Economic Status,279075,275414,2437.3,10.97,19.31,30.28,30.92,38.79
2024,math,4,50,Armed forces family member,Military Status,6613,6515,2466.0,17.96,25.38,43.34,30.17,26.49
2024,math,4,51,Not armed forces family member,Military Status,417921,411844,2461.4,18.99,22.17,41.17,28.19,30.65
2024,math,4,52,Homeless,Homeless Status,16416,16046,2410.3,5.88,14.09,19.97,28.79,51.24
2024,math,4,53,Not homeless,Homeless Status,408118,402313,2463.5,19.5,22.55,42.05,28.19,29.76
2024,math,4,74,Black or African American,Race and Ethnicity,20641,20133,2413.9,6.83,15.13,21.95,28.86,49.19
2024,math,4,75,American Indian or Alaska Native,Race and Ethnicity,1892,1838,2424.8,9.27,16.69,25.97,30.06,43.97
2024,math,4,76,Asian,Race and Ethnicity,43437,43056,2534.9,47.93,24.42,72.35,16.89,10.76
2024,math,4,77,Filipino,Race and Ethnicity,8894,8828,2510.5,33.68,30.61,64.29,23.14,12.56
2024,math,4,78,Hispanic or Latino,Race and Ethnicity,235581,232672,2435.6,9.87,19.38,29.25,31.68,39.07
2024,math,4,79,Native Hawaiian or Pacific Islander,Race and Ethnicity,1731,1705,2437.9,10.04,19.31,29.34,33.27,37.38
2024,math,4,80,White,Race and Ethnicity,86731,85053,2493.4,27.88,28.68,56.56,25.91,17.53
2024,math,4,90,Not a high school graduate,Parent Education,39430,38980,2409.6,5.39,14.04,19.43,29.11,51.46
2024,math,4,91,High school graduate,Parent Education,84397,83358,2425.0,7.51,17.12,24.63,31.74,43.63
2024,math,4,92,Some college (includes AA degree),Parent Education,80132,78826,2449.5,11.89,22.84,34.73,33.3,31.97
2024,math,4,93,College graduate,Parent Education,89465,88191,2490.3,26.39,27.97,54.37,27.0,18.63
2024,math,4,94,Graduate school/Post graduate,Parent Education,71073,70024,2526.7,43.02,27.06,70.08,19.08,10.84
2024,math,4,99,No reported disabilities,Disability Status,365053,361130,2472.0,20.84,23.98,44.82,29.17,26.01
2024,math,4,111,Not socioeconomically disadvantaged,Economic Status,145459,142945,2508.0,34.41,27.83,62.24,23.01,14.76
2024,math,4,120,ELs enrolled less than 12 months,English-Language Fluency,7208,6813,2373.6,4.23,6.53,10.76,19.18,70.06
2024,math,4,121,Declined to state,Parent Education,58677,57722,2443.0,14.03,19.67,33.71,28.54,37.75
2024,math,4,128,Reported disabilities,Disability Status,59481,57229,2395.3,7.24,11.13,18.37,22.2,59.43
2024,math,4,142,ELs enrolled 12 months or more,English-Language Fluency,84604,83873,2405.1,3.39,11.64,15.03,31.66,53.31
2024,math,4,144,Two or more races,Race and Ethnicity,25627,25074,2492.3,29.46,26.29,55.74,24.15,20.1
2024,math,4,160,"EL (English learner, excluding RFEP)",English-Language Fluency,92068,90899,2402.6,3.45,11.23,14.68,30.71,54.61
2024,math,4,170,EverEL,English-Language Fluency,128154,126813,2432.8,11.29,17.19,28.48,29.39,42.13
2024,math,4,180,EO (English only),English-Language Fluency,267813,263282,2469.8,20.91,24.2,45.11,28.06,26.83
2024,math,4,190,TBD (To be determined),English-Language Fluency,139,58,2351.3,0.0,1.72,1.72,18.97,79.31
2024,math,4,200,Black or African American,Ethnicity for Socioeconomically Disadvantaged,16669,16262,2403.9,4.93,12.9,17.83,28.39,53.78
2024,math,4,201,American Indian or Alaska Native,Ethnicity for Socioeconomically Disadvantaged,1418,1377,2410.8,5.39,14.48,19.87,30.57,49.56
2024,math,4,202,Asian,Ethnicity for Socioeconomically Disadvantaged,18975,18805,2498.2,32.09,25.72,57.81,23.76,18.43
2024,math,4,203,Filipino,Ethnicity for Socioeconomically Disadvantaged,3831,3798,2491.9,26.2,29.25,55.45,27.01,17.54
2024,math,4,204,Hispanic or Latino,Ethnicity for Socioeconomically Disadvantaged,189038,187027,2427.5,7.67,17.79,25.46,32.13,42.41
2024,math,4,205,Native Hawaiian or Pacific Islander,Ethnicity for Socioeconomically Disadvantaged,1282,1265,2426.6,7.28,17.17,24.45,33.78,41.77
2024,math,4,206,White,Ethnicity for Socioeconomically Disadvantaged,36075,35350,2461.9,17.02,24.76,41.77,30.38,27.85
2024,math,4,207,Two or more races,Ethnicity for Socioeconomically Disadvantaged,11787,11530,2455.8,16.02,23.54,39.56,29.28,31.16
2024,math,4,220,Black or African American,Ethnicity for Not Socioeconomically Disadvantaged,3972,3871,2456.0,14.81,24.46,39.27,30.84,29.89
2024,math,4,221,American Indian or Alaska Native,Ethnicity for Not Socioeconomically Disadvantaged,474,461,2466.8,20.92,23.31,44.23,28.54,27.23
2024,math,4,222,Asian,Ethnicity for Not Socioeconomically Disadvantaged,24462,24251,2563.4,60.22,23.41,83.62,11.56,4.82
2024,math,4,223,Filipino,Ethnicity for Not Socioeconomically Disadvantaged,5063,5030,2524.5,39.33,31.64,70.97,20.22,8.81
2024,math,4,224,Hispanic or Latino,Ethnicity for Not Socioeconomically Disadvantaged,46543,45645,2469.0,18.89,25.91,44.79,29.85,25.36
2024,math,4,225,Native Hawaiian or Pacific Islander,Ethnicity for Not Socioeconomically Disadvantaged,449,440,2470.6,17.95,25.45,43.41,31.82,24.77
2024,math,4,226,White,Ethnicity for Not Socioeconomically Disadvantaged,50656,49703,2515.8,35.6,31.47,67.07,22.73,10.2
2024,math,4,227,Two or more races,Ethnicity for Not Socioeconomically Disadvantaged,13840,13544,2523.4,40.9,28.62,69.52,19.79,10.69
2024,math,4,240,Foster youth,Foster Status,1421,1363,2394.2,4.04,10.93,14.97,27.51,57.52
2024,math,4,241,Not foster youth,Foster Status,423113,416996,2461.7,19.03,22.26,41.29,28.22,30.49
2024,math,4,251,ARLTEL (At-Risk of becoming LTEL),English-Language Fluency,49178,48693,2379.9,0.9,5.48,6.38,25.95,67.67
2024,math,4,252,NeverEL,English-Language Fluency,296284,291484,2474.0,22.33,24.41,46.74,27.71,25.56
2025,math,4,1,All Students,All Students,417649,411956,2464.3,19.86,22.39,42.26,28.2,29.54
2025,math,4,3,Male,Gender,213316,210148,2470.2,22.55,22.71,45.26,26.85,27.88
2025,math,4,4,Female,Gender,204222,201702,2458.1,17.05,22.07,39.12,29.6,31.27
2025,math,4,6,"IFEP, RFEP, and EO (Fluent English proficient and English only)",English-Language Fluency,330747,326126,2480.4,24.13,25.36,49.49,27.53,22.97
2025,math,4,7,IFEP (Initial fluent English proficient),English-Language Fluency,25048,24904,2523.1,39.47,26.68,66.16,22.93,10.91
2025,math,4,8,RFEP (Reclassified fluent English proficient),English-Language Fluency,38871,38691,2507.1,30.17,31.84,62.02,27.09,10.9
2025,math,4,28,Migrant education,Migrant,3647,3620,2412.3,5.75,14.54,20.29,29.6,50.11
2025,math,4,29,Not migrant education,Migrant,414002,408336,2464.7,19.99,22.46,42.45,28.19,29.36
2025,math,4,31,Socioeconomically disadvantaged,Economic Status,270074,266688,2438.1,11.11,19.39,30.51,31.26,38.24
2025,math,4,50,Armed forces family member,Military Status,7286,7166,2471.3,20.2,24.59,44.79,30.36,24.86
2025,math,4,51,Not armed forces family member,Military Status,410363,404790,2464.1,19.86,22.35,42.21,28.16,29.63
2025,math,4,52,Homeless,Homeless Status,18189,17827,2411.7,6.38,13.99,20.37,29.6,50.03
2025,math,4,53,Not homeless,Homeless Status,399460,394129,2466.6,20.47,22.77,43.25,28.14,28.62
2025,math,4,74,Black or African American,Race and Ethnicity,19407,18925,2419.6,8.18,15.82,24.0,29.56,46.44
2025,math,4,75,American Indian or Alaska Native,Race and Ethnicity,1633,1583,2430.4,11.32,17.52,28.84,27.7,43.45
2025,math,4,76,Asian,Race and Ethnicity,44352,43995,2535.6,48.23,24.11,72.34,16.84,10.82
2025,math,4,77,Filipino,Race and Ethnicity,8728,8669,2511.7,34.77,30.08,64.85,23.14,12.01
2025,math,4,78,Hispanic or Latino,Race and Ethnicity,232620,229967,2438.5,10.64,19.83,30.48,31.81,37.72
2025,math,4,79,Native Hawaiian or Pacific Islander,Race and Ethnicity,1617,1579,2445.2,11.15,20.28,31.43,35.04,33.52
2025,math,4,80,White,Race and Ethnicity,83094,81556,2495.7,28.77,28.56,57.33,25.55,17.12
2025,math,4,90,Not a high school graduate,Parent Education,36577,36209,2412.6,6.17,14.52,20.68,29.28,50.04
2025,math,4,91,High school graduate,Parent Education,83614,82643,2427.6,7.99,17.6,25.59,32.13,42.27
2025,math,4,92,Some college (includes AA degree),Parent Education,78135,77014,2451.2,12.5,22.93,35.43,33.39,31.18
2025,math,4,93,College graduate,Parent Education,91243,89988,2491.1,26.84,27.87,54.71,26.95,18.34
2025,math,4,94,Graduate school/Post graduate,Parent Education,72593,71550,2529.2,44.03,26.71,70.74,18.53,10.72
2025,math,4,99,No reported disabilities,Disability Status,355851,352434,2475.7,21.97,24.3,46.27,29.14,24.59
2025,math,4,111,Not socioeconomically disadvantaged,Economic Status,147575,145268,2512.3,35.93,27.9,63.82,22.59,13.59
2025,math,4,120,ELs enrolled less than 12 months,English-Language Fluency,5657,5432,2383.7,4.89,8.54,13.42,21.57,65.01
2025,math,4,121,Declined to state,Parent Education,54113,53250,2443.2,14.07,19.43,33.49,28.97,37.53
2025,math,4,128,Reported disabilities,Disability Status,61798,59522,2396.3,7.37,11.1,18.47,22.64,58.89
2025,math,4,142,ELs enrolled 12 months or more,English-Language Fluency,80947,80175,2404.1,3.54,11.28,14.82,31.37,53.81
2025,math,4,144,Two or more races,Race and Ethnicity,26198,25682,2493.2,30.2,25.45,55.65,24.07,20.29
2025,math,4,160,"EL (English learner, excluding RFEP)",English-Language Fluency,86742,85722,2402.8,3.62,11.1,14.73,30.74,54.53
2025,math,4,170,EverEL,English-Language Fluency,125613,124413,2435.2,11.88,17.55,29.44,29.61,40.96
2025,math,4,180,EO (English only),English-Language Fluency,266828,262531,2472.5,21.79,24.28,46.07,28.03,25.9
2025,math,4,190,TBD (To be determined),English-Language Fluency,63,35,2372.7,5.71,8.57,14.29,25.71,60.0
2025,math,4,200,Black or African American,Ethnicity for Socioeconomically Disadvantaged,15473,15089,2408.8,5.89,13.66,19.55,29.33,51.12
2025,math,4,201,American Indian or Alaska Native,Ethnicity for Socioeconomically Disadvantaged,1179,1140,2412.7,5.98,15.03,21.0,28.82,50.18
2025,math,4,202,Asian,Ethnicity for Socioeconomically Disadvantaged,18530,18400,2493.4,30.0,25.61,55.61,24.76,19.63
2025,math,4,203,Filipino,Ethnicity for Socioeconomically Disadvantaged,3512,3487,2490.5,26.23,28.36,54.59,28.04,17.37
2025,math,4,204,Hispanic or Latino,Ethnicity for Socioeconomically Disadvantaged,186766,184887,2429.8,8.36,18.14,26.5,32.27,41.23
2025,math,4,205,Native Hawaiian or Pacific Islander,Ethnicity for Socioeconomically Disadvantaged,1215,1187,2434.7,8.09,18.55,26.64,35.41,37.94
2025,math,4,206,White,Ethnicity for Socioeconomically Disadvantaged,32013,31391,2459.7,16.23,24.2,40.44,30.7,28.86
2025,math,4,207,Two or more races,Ethnicity for Socioeconomically Disadvantaged,11386,11107,2449.8,14.3,21.93,36.22,30.16,33.62
2025,math,4,220,Black or African American,Ethnicity for Not Socioeconomically Disadvantaged,3934,3836,2462.3,17.18,24.33,41.51,30.46,28.03
2025,math,4,221,American Indian or Alaska Native,Ethnicity for Not Socioeconomically Disadvantaged,454,443,2475.7,25.06,23.93,48.98,24.83,26.19
2025,math,4,222,Asian,Ethnicity for Not Socioeconomically Disadvantaged,25822,25595,2566.0,61.33,23.03,84.36,11.15,4.49
2025,math,4,223,Filipino,Ethnicity for Not Socioeconomically Disadvantaged,5216,5182,2526.0,40.51,31.24,71.75,19.84,8.41
2025,math,4,224,Hispanic or Latino,Ethnicity for Not Socioeconomically Disadvantaged,45854,45080,2474.0,19.98,26.79,46.77,29.93,23.3
2025,math,4,225,Native Hawaiian or Pacific Islander,Ethnicity for Not Socioeconomically Disadvantaged,402,392,2477.0,20.41,25.51,45.92,33.93,20.15
2025,math,4,226,White,Ethnicity for Not Socioeconomically Disadvantaged,51081,50165,2518.3,36.62,31.29,67.91,22.32,9.77
2025,math,4,227,Two or more races,Ethnicity for Not Socioeconomically Disadvantaged,14812,14575,2526.3,42.31,28.14,70.44,19.43,10.13
2025,math,4,240,Foster youth,Foster Status,1267,1231,2404.6,5.7,13.02,18.71,27.42,53.86
2025,math,4,241,Not foster youth,Foster Status,416382,410725,2464.4,19.91,22.42,42.33,28.2,29.47
2025,math,4,251,ARLTEL (At-Risk of becoming LTEL),English-Language Fluency,44169,43718,2382.7,1.1,5.93,7.04,27.23,65.73
2025,math,4,252,NeverEL,English-Language Fluency,291939,287470,2476.8,23.32,24.49,47.8,27.59,24.61
2015,math,5,1,All Students,All Students,479011,464153,2480.3,15.0,15.0,30.0,29.0,41.0
2015,math,5,3,Male,Gender,479011,237068,2479.7,16.0,16.0,31.0,27.0,41.0
2015,math,5,4,Female,Gender,479011,227085,2480.9,14.0,15.0,29.0,30.0,40.0
2015,math,5,6,"IFEP, RFEP, and EO (Fluent English proficient and English only)",English-Language Fluency,479011,360500,2497.6,19.0,19.0,37.0,31.0,32.0
2015,math,5,7,IFEP (Initial fluent English proficient),English-Language Fluency,479011,20292,2536.6,34.0,20.0,54.0,27.0,19.0
2015,math,5,8,RFEP (Reclassified fluent English proficient),English-Language Fluency,479011,81248,2506.5,17.0,20.0,38.0,37.0,25.0
2015,math,5,28,Migrant education,Migrant,479011,4537,2433.3,3.0,7.0,10.0,27.0,63.0
2015,math,5,31,Socioeconomically disadvantaged,Economic Status,479011,282277,2451.2,6.0,11.0,17.0,29.0,54.0
2015,math,5,74,Black or African American,Race and Ethnicity,479011,26651,2436.5,5.0,9.0,14.0,26.0,60.0
2015,math,5,75,American Indian or Alaska Native,Race and Ethnicity,479011,2551,2450.4,7.0,10.0,17.0,29.0,54.0
2015,math,5,76,Asian,Race and Ethnicity,479011,42825,2555.2,44.0,21.0,65.0,21.0,14.0
2015,math,5,77,Filipino,Race and Ethnicity,479011,11903,2520.3,25.0,23.0,48.0,30.0,21.0
2015,math,5,78,Hispanic or Latino,Race and Ethnicity,479011,249029,2452.7,6.0,11.0,17.0,30.0,53.0
2015,math,5,79,Native Hawaiian or Pacific Islander,Race and Ethnicity,479011,2407,2467.2,9.0,14.0,23.0,32.0,45.0
2015,math,5,80,White,Race and Ethnicity,479011,113142,2515.5,24.0,22.0,46.0,30.0,23.0
2015,math,5,90,Not a high school graduate,Parent Education,479011,74872,2436.9,4.0,9.0,12.0,26.0,62.0
2015,math,5,91,High school graduate,Parent Education,479011,94423,2451.7,6.0,11.0,17.0,30.0,53.0
2015,math,5,92,Some college (includes AA degree),Parent Education,479011,95984,2474.5,10.0,16.0,26.0,33.0,41.0
2015,math,5,93,College graduate,Parent Education,479011,84390,2517.4,25.0,22.0,47.0,30.0,23.0
2015,math,5,94,Graduate school/Post graduate,Parent Education,479011,60117,2551.5,41.0,22.0,64.0,22.0,14.0
2015,math,5,99,No reported disabilities,Disability Status,479011,413149,2489.4,16.0,17.0,33.0,30.0,37.0
2015,math,5,111,Not socioeconomically disadvantaged,Economic Status,479011,181876,2525.4,29.0,22.0,51.0,28.0,21.0
2015,math,5,120,ELs enrolled less than 12 months,English-Language Fluency,479011,2850,2430.5,8.0,9.0,16.0,19.0,65.0
2015,math,5,121,Declined to state,Parent Education,479011,54009,2463.4,11.0,13.0,24.0,28.0,49.0
2015,math,5,128,Reported disabilities,Disability Status,479011,51004,2405.8,4.0,5.0,9.0,15.0,76.0
2015,math,5,142,ELs enrolled 12 months or more,English-Language Fluency,479011,99065,2419.2,2.0,4.0,6.0,21.0,73.0
2015,math,5,144,Two or more races,Race and Ethnicity,479011,13194,2514.4,25.0,21.0,46.0,28.0,26.0
2015,math,5,160,"EL (English learner, excluding RFEP)",English-Language Fluency,479011,102242,2419.5,2.0,5.0,7.0,21.0,73.0
2015,math,5,180,EO (English only),English-Language Fluency,479011,258960,2491.8,18.0,18.0,36.0,29.0,35.0
2015,math,5,200,Black or African American,Ethnicity for Socioeconomically Disadvantaged,479011,19564,2425.1,3.0,7.0,10.0,24.0,66.0
2015,math,5,201,American Indian or Alaska Native,Ethnicity for Socioeconomically Disadvantaged,479011,1748,2434.2,3.0,8.0,11.0,26.0,62.0
2015,math,5,202,Asian,Ethnicity for Socioeconomically Disadvantaged,479011,15472,2510.0,22.0,21.0,44.0,29.0,27.0
2015,math,5,203,Filipino,Ethnicity for Socioeconomically Disadvantaged,479011,4287,2498.1,17.0,19.0,36.0,33.0,30.0
2015,math,5,204,Hispanic or Latino,Ethnicity for Socioeconomically Disadvantaged,479011,201826,2444.9,4.0,10.0,14.0,29.0,57.0
2015,math,5,205,Native Hawaiian or Pacific Islander,Ethnicity for Socioeconomically Disadvantaged,479011,1578,2452.6,6.0,11.0,17.0,31.0,52.0
2015,math,5,206,White,Ethnicity for Socioeconomically Disadvantaged,479011,31795,2470.6,9.0,15.0,25.0,33.0,42.0
2015,math,5,207,Two or more races,Ethnicity for Socioeconomically Disadvantaged,479011,4678,2467.1,8.0,15.0,24.0,32.0,44.0
2015,math,5,220,Black or African American,Ethnicity for Not Socioeconomically Disadvantaged,479011,7087,2467.9,10.0,15.0,25.0,31.0,44.0
2015,math,5,221,American Indian or Alaska Native,Ethnicity for Not Socioeconomically Disadvantaged,479011,803,2485.8,15.0,15.0,30.0,34.0,36.0
2015,math,5,222,Asian,Ethnicity for Not Socioeconomically Disadvantaged,479011,27353,2580.8,56.0,21.0,77.0,16.0,7.0
2015,math,5,223,Filipino,Ethnicity for Not Socioeconomically Disadvantaged,479011,7616,2532.9,29.0,26.0,55.0,28.0,17.0
2015,math,5,224,Hispanic or Latino,Ethnicity for Not Socioeconomically Disadvantaged,479011,47203,2486.1,13.0,18.0,32.0,33.0,36.0
2015,math,5,225,Native Hawaiian or Pacific Islander,Ethnicity for Not Socioeconomically Disadvantaged,479011,829,2495.2,16.0,19.0,35.0,33.0,32.0
2015,math,5,226,White,Ethnicity for Not Socioeconomically Disadvantaged,479011,81347,2532.9,30.0,25.0,55.0,29.0,16.0
2015,math,5,227,Two or more races,Ethnicity for Not Socioeconomically Disadvantaged,479011,8516,2540.2,34.0,25.0,59.0,26.0,16.0
2016,math,5,1,All Students,All Students,478203,467426,2485.2,17.0,16.0,33.0,28.0,39.0
2016,math,5,3,Male,Gender,243626,237886,2485.3,18.0,16.0,34.0,27.0,39.0
2016,math,5,4,Female,Gender,234577,229540,2485.0,16.0,16.0,32.0,29.0,39.0
2016,math,5,6,"IFEP, RFEP, and EO (Fluent English proficient and English only)",English-Language Fluency,375513,367276,2502.5,21.0,19.0,40.0,30.0,30.0
2016,math,5,7,IFEP (Initial fluent English proficient),English-Language Fluency,18944,18668,2549.6,39.0,21.0,60.0,24.0,15.0
2016,math,5,8,RFEP (Reclassified fluent English proficient),English-Language Fluency,87623,87108,2510.0,19.0,21.0,40.0,36.0,24.0
2016,math,5,28,Migrant education,Migrant,4669,4598,2439.5,4.0,10.0,14.0,26.0,60.0
2016,math,5,31,Socioeconomically disadvantaged,Economic Status,300621,294977,2455.8,7.0,12.0,20.0,29.0,51.0
2016,math,5,74,Black or African American,Race and Ethnicity,26852,25784,2438.6,6.0,10.0,15.0,25.0,59.0
2016,math,5,75,American Indian or Alaska Native,Race and Ethnicity,2523,2418,2459.8,10.0,13.0,23.0,28.0,49.0
2016,math,5,76,Asian,Race and Ethnicity,43162,42385,2562.2,47.0,21.0,68.0,19.0,13.0
2016,math,5,77,Filipino,Race and Ethnicity,11384,11262,2529.1,29.0,24.0,53.0,29.0,18.0
2016,math,5,78,Hispanic or Latino,Race and Ethnicity,259902,255946,2458.0,8.0,13.0,20.0,30.0,50.0
2016,math,5,79,Native Hawaiian or Pacific Islander,Race and Ethnicity,2373,2305,2472.8,11.0,14.0,25.0,31.0,44.0
2016,math,5,80,White,Race and Ethnicity,113798,109919,2521.4,27.0,23.0,50.0,28.0,22.0
2016,math,5,90,Not a high school graduate,Parent Education,75712,74510,2440.8,5.0,10.0,14.0,27.0,59.0
2016,math,5,91,High school graduate,Parent Education,98270,96550,2455.9,7.0,12.0,19.0,30.0,51.0
2016,math,5,92,Some college (includes AA degree),Parent Education,99156,96836,2479.0,12.0,17.0,29.0,32.0,39.0
2016,math,5,93,College graduate,Parent Education,87674,85544,2523.0,28.0,22.0,50.0,28.0,22.0
2016,math,5,94,Graduate school/Post graduate,Parent Education,63278,61503,2557.7,45.0,22.0,66.0,20.0,13.0
2016,math,5,99,No reported disabilities,Disability Status,422041,413420,2495.3,19.0,17.0,36.0,30.0,34.0
2016,math,5,111,Not socioeconomically disadvantaged,Economic Status,177582,172449,2535.3,33.0,23.0,56.0,26.0,18.0
2016,math,5,120,ELs enrolled less than 12 months,English-Language Fluency,3508,3134,2431.9,7.0,9.0,16.0,21.0,63.0
2016,math,5,121,Declined to state,Parent Education,53503,52090,2466.9,12.0,14.0,26.0,27.0,47.0
2016,math,5,128,Reported disabilities,Disability Status,56162,54006,2407.1,5.0,6.0,10.0,15.0,74.0
2016,math,5,142,ELs enrolled 12 months or more,English-Language Fluency,96929,95319,2421.1,2.0,5.0,7.0,22.0,71.0
2016,math,5,144,Two or more races,Race and Ethnicity,15339,14875,2520.8,29.0,21.0,50.0,26.0,24.0
2016,math,5,160,"EL (English learner, excluding RFEP)",English-Language Fluency,101090,99048,2421.4,2.0,5.0,8.0,22.0,71.0
2016,math,5,180,EO (English only),English-Language Fluency,268946,261500,2496.6,20.0,18.0,38.0,28.0,33.0
2016,math,5,200,Black or African American,Ethnicity for Socioeconomically Disadvantaged,20710,19911,2426.7,3.0,8.0,11.0,24.0,65.0
2016,math,5,201,American Indian or Alaska Native,Ethnicity for Socioeconomically Disadvantaged,1726,1660,2440.5,4.0,11.0,15.0,27.0,58.0
2016,math,5,202,Asian,Ethnicity for Socioeconomically Disadvantaged,15866,15635,2516.0,25.0,22.0,47.0,28.0,25.0
2016,math,5,203,Filipino,Ethnicity for Socioeconomically Disadvantaged,4184,4133,2502.8,18.0,21.0,39.0,34.0,28.0
2016,math,5,204,Hispanic or Latino,Ethnicity for Socioeconomically Disadvantaged,215153,212287,2449.9,6.0,11.0,17.0,29.0,54.0
2016,math,5,205,Native Hawaiian or Pacific Islander,Ethnicity for Socioeconomically Disadvantaged,1637,1587,2457.3,7.0,11.0,18.0,31.0,51.0
2016,math,5,206,White,Ethnicity for Socioeconomically Disadvantaged,34354,33079,2475.5,11.0,17.0,28.0,32.0,40.0
2016,math,5,207,Two or more races,Ethnicity for Socioeconomically Disadvantaged,5575,5382,2471.3,10.0,16.0,27.0,31.0,43.0
2016,math,5,220,Black or African American,Ethnicity for Not Socioeconomically Disadvantaged,6142,5873,2478.8,13.0,16.0,29.0,32.0,39.0
2016,math,5,221,American Indian or Alaska Native,Ethnicity for Not Socioeconomically Disadvantaged,797,758,2502.3,21.0,20.0,41.0,29.0,31.0
2016,math,5,222,Asian,Ethnicity for Not Socioeconomically Disadvantaged,27296,26750,2589.2,60.0,20.0,80.0,14.0,6.0
2016,math,5,223,Filipino,Ethnicity for Not Socioeconomically Disadvantaged,7200,7129,2544.3,35.0,26.0,61.0,26.0,13.0
2016,math,5,224,Hispanic or Latino,Ethnicity for Not Socioeconomically Disadvantaged,44749,43659,2497.0,17.0,20.0,37.0,32.0,31.0
2016,math,5,225,Native Hawaiian or Pacific Islander,Ethnicity for Not Socioeconomically Disadvantaged,736,718,2507.2,21.0,20.0,41.0,31.0,28.0
2016,math,5,226,White,Ethnicity for Not Socioeconomically Disadvantaged,79444,76840,2541.1,34.0,25.0,59.0,26.0,14.0
2016,math,5,227,Two or more races,Ethnicity for Not Socioeconomically Disadvantaged,9764,9493,2548.8,39.0,23.0,63.0,24.0,13.0
2017,math,5,1,All Students,All Students,484701,476892,2485.8,18.0,15.83,33.84,27.05,39.11
2017,math,5,3,Male,Gender,247725,243445,2486.3,19.2,15.99,35.19,25.64,39.17
2017,math,5,4,Female,Gender,236976,233447,2485.2,16.76,15.66,32.42,28.53,39.05
2017,math,5,6,"IFEP, RFEP, and EO (Fluent English proficient and English only)",English-Language Fluency,381617,375411,2503.0,22.13,18.53,40.66,28.41,30.93
2017,math,5,7,IFEP (Initial fluent English proficient),English-Language Fluency,19275,19139,2553.9,42.71,19.9,62.61,22.22,15.17
2017,math,5,8,RFEP (Reclassified fluent English proficient),English-Language Fluency,88052,87746,2511.2,20.72,20.51,41.23,33.86,24.91
2017,math,5,28,Migrant education,Migrant,4285,4242,2440.2,4.74,9.29,14.03,26.83,59.14
2017,math,5,31,Socioeconomically disadvantaged,Economic Status,299216,295262,2456.3,8.32,12.31,20.63,28.34,51.03
2017,math,5,74,Black or African American,Race and Ethnicity,26368,25686,2437.9,6.0,9.78,15.79,24.68,59.53
2017,math,5,75,American Indian or Alaska Native,Race and Ethnicity,2498,2423,2456.4,8.94,13.25,22.19,27.07,50.75
2017,math,5,76,Asian,Race and Ethnicity,43351,43012,2564.0,48.72,19.62,68.34,18.5,13.15
2017,math,5,77,Filipino,Race and Ethnicity,10202,10122,2532.1,31.57,23.6,55.17,26.24,18.59
2017,math,5,78,Hispanic or Latino,Race and Ethnicity,267420,264428,2459.4,8.69,12.85,21.54,28.97,49.49
2017,math,5,79,Native Hawaiian or Pacific Islander,Race and Ethnicity,2194,2156,2478.3,13.0,16.85,29.85,29.67,40.48
2017,math,5,80,White,Race and Ethnicity,111653,108697,2521.4,28.48,21.71,50.19,26.67,23.14
2017,math,5,90,Not a high school graduate,Parent Education,74811,74055,2441.1,5.3,9.73,15.03,26.35,58.61
2017,math,5,91,High school graduate,Parent Education,100947,99715,2455.7,7.89,12.21,20.1,28.74,51.16
2017,math,5,92,Some college (includes AA degree),Parent Education,99970,98318,2478.7,12.72,16.68,29.4,30.97,39.63
2017,math,5,93,College graduate,Parent Education,89047,87429,2522.5,28.65,21.57,50.22,26.99,22.79
2017,math,5,94,Graduate school/Post graduate,Parent Education,64387,63080,2559.1,45.94,21.17,67.11,19.38,13.51
2017,math,5,99,No reported disabilities,Disability Status,426530,420974,2496.3,19.75,17.15,36.9,28.64,34.46
2017,math,5,111,Not socioeconomically disadvantaged,Economic Status,185485,181630,2533.7,33.75,21.56,55.3,24.97,19.73
2017,math,5,120,ELs enrolled less than 12 months,English-Language Fluency,3750,3470,2423.9,7.48,8.52,16.0,17.19,66.81
2017,math,5,121,Declined to state,Parent Education,55220,54092,2470.2,13.88,13.84,27.72,26.83,45.45
2017,math,5,128,Reported disabilities,Disability Status,58171,55918,2406.4,4.82,5.88,10.7,15.09,74.22
2017,math,5,142,ELs enrolled 12 months or more,English-Language Fluency,97220,96192,2421.9,2.47,5.71,8.17,22.22,69.61
2017,math,5,144,Two or more races,Race and Ethnicity,17724,17319,2521.8,30.42,19.75,50.17,24.99,24.84
2017,math,5,160,"EL (English learner, excluding RFEP)",English-Language Fluency,101765,100428,2421.9,2.64,5.8,8.43,22.03,69.54
2017,math,5,170,EverEL,English-Language Fluency,189817,188174,2463.6,11.07,12.66,23.73,27.55,48.72
2017,math,5,180,EO (English only),English-Language Fluency,274290,268526,2496.6,21.12,17.79,38.91,27.08,34.02
2017,math,5,190,TBD (To be determined),English-Language Fluency,380,311,2417.9,9.74,7.47,17.21,16.23,66.56
2017,math,5,200,Black or African American,Ethnicity for Socioeconomically Disadvantaged,19909,19426,2426.2,3.83,7.76,11.6,23.2,65.2
2017,math,5,201,American Indian or Alaska Native,Ethnicity for Socioeconomically Disadvantaged,1682,1629,2439.7,5.23,9.98,15.21,26.11,58.68
2017,math,5,202,Asian,Ethnicity for Socioeconomically Disadvantaged,15285,15177,2516.1,26.84,20.57,47.41,27.02,25.57
2017,math,5,203,Filipino,Ethnicity for Socioeconomically Disadvantaged,3613,3587,2508.1,20.84,22.43,43.28,29.91,26.81
2017,math,5,204,Hispanic or Latino,Ethnicity for Socioeconomically Disadvantaged,217108,215015,2451.0,6.57,11.38,17.96,28.58,53.46
2017,math,5,205,Native Hawaiian or Pacific Islander,Ethnicity for Socioeconomically Disadvantaged,1444,1422,2461.3,8.03,14.58,22.61,30.14,47.25
2017,math,5,206,White,Ethnicity for Socioeconomically Disadvantaged,32278,31369,2474.3,12.31,15.83,28.15,30.28,41.57
2017,math,5,207,Two or more races,Ethnicity for Socioeconomically Disadvantaged,6142,5969,2469.7,11.74,15.04,26.78,28.35,44.87
2017,math,5,220,Black or African American,Ethnicity for Not Socioeconomically Disadvantaged,6459,6260,2473.9,12.75,16.04,28.79,29.28,41.93
2017,math,5,221,American Indian or Alaska Native,Ethnicity for Not Socioeconomically Disadvantaged,816,794,2490.7,16.54,19.95,36.49,29.04,34.47
2017,math,5,222,Asian,Ethnicity for Not Socioeconomically Disadvantaged,28066,27835,2590.2,60.66,19.1,79.76,13.86,6.38
2017,math,5,223,Filipino,Ethnicity for Not Socioeconomically Disadvantaged,6589,6535,2545.2,37.46,24.24,61.7,24.22,14.08
2017,math,5,224,Hispanic or Latino,Ethnicity for Not Socioeconomically Disadvantaged,50312,49413,2495.7,17.9,19.25,37.14,30.64,32.22
2017,math,5,225,Native Hawaiian or Pacific Islander,Ethnicity for Not Socioeconomically Disadvantaged,750,734,2511.1,22.62,21.25,43.87,28.75,27.38
2017,math,5,226,White,Ethnicity for Not Socioeconomically Disadvantaged,79375,77328,2540.4,35.04,24.1,59.13,25.21,15.66
2017,math,5,227,Two or more races,Ethnicity for Not Socioeconomically Disadvantaged,11582,11350,2549.1,40.25,22.22,62.47,23.22,14.31
2018,math,5,1,All Students,All Students,469248,461058,2490.4,19.61,16.36,35.97,26.94,37.09
2018,math,5,3,Male,Gender,240382,235858,2491.1,20.95,16.49,37.45,25.41,37.15
2018,math,5,4,Female,Gender,228866,225200,2489.6,18.2,16.23,34.42,28.54,37.03
2018,math,5,6,"IFEP, RFEP, and EO (Fluent English proficient and English only)",English-Language Fluency,377392,370761,2506.9,23.7,18.89,42.59,28.09,29.32
2018,math,5,7,IFEP (Initial fluent English proficient),English-Language Fluency,17841,17690,2558.7,44.98,19.32,64.3,21.9,13.8
2018,math,5,8,RFEP (Reclassified fluent English proficient),English-Language Fluency,89703,89170,2515.9,22.61,21.4,44.01,32.94,23.05
2018,math,5,28,Migrant education,Migrant,4017,3974,2445.4,5.61,10.75,16.36,27.24,56.39
2018,math,5,31,Socioeconomically disadvantaged,Economic Status,292517,288216,2461.8,9.84,13.4,23.24,28.53,48.24
2018,math,5,74,Black or African American,Race and Ethnicity,25432,24745,2441.4,7.1,10.28,17.38,25.26,57.36
2018,math,5,75,American Indian or Alaska Native,Race and Ethnicity,2408,2330,2461.7,10.65,13.83,24.48,26.42,49.1
2018,math,5,76,Asian,Race and Ethnicity,42815,42438,2568.7,51.39,19.05,70.44,17.39,12.17
2018,math,5,77,Filipino,Race and Ethnicity,9160,9088,2535.2,33.31,22.49,55.8,26.39,17.81
2018,math,5,78,Hispanic or Latino,Race and Ethnicity,257974,254752,2464.5,10.01,13.95,23.95,29.25,46.79
2018,math,5,79,Native Hawaiian or Pacific Islander,Race and Ethnicity,2229,2181,2475.1,12.53,16.43,28.96,30.2,40.84
2018,math,5,80,White,Race and Ethnicity,107588,104514,2524.5,30.06,21.6,51.67,26.07,22.27
2018,math,5,90,Not a high school graduate,Parent Education,68981,68062,2445.3,6.37,10.71,17.08,26.48,56.45
2018,math,5,91,High school graduate,Parent Education,98304,96954,2459.7,8.86,13.08,21.94,29.18,48.88
2018,math,5,92,Some college (includes AA degree),Parent Education,96789,95019,2482.7,13.87,17.49,31.37,30.98,37.65
2018,math,5,93,College graduate,Parent Education,88560,86926,2525.4,30.3,21.36,51.66,26.41,21.93
2018,math,5,94,Graduate school/Post graduate,Parent Education,65349,63949,2561.0,47.31,20.2,67.5,19.08,13.42
2018,math,5,99,No reported disabilities,Disability Status,411447,405665,2501.3,21.51,17.75,39.27,28.5,32.23
2018,math,5,111,Not socioeconomically disadvantaged,Economic Status,176731,172842,2538.1,35.9,21.3,57.2,24.29,18.51
2018,math,5,120,ELs enrolled less than 12 months,English-Language Fluency,3196,3004,2434.4,9.54,9.21,18.75,18.91,62.34
2018,math,5,121,Declined to state,Parent Education,50996,49971,2475.1,15.39,14.68,30.06,26.54,43.4
2018,math,5,128,Reported disabilities,Disability Status,57801,55393,2410.4,5.63,6.16,11.79,15.47,72.74
2018,math,5,142,ELs enrolled 12 months or more,English-Language Fluency,87075,86022,2422.0,2.49,5.84,8.33,22.33,69.34
2018,math,5,144,Two or more races,Race and Ethnicity,18232,17817,2525.5,32.4,19.56,51.96,23.98,24.06
2018,math,5,160,"EL (English learner, excluding RFEP)",English-Language Fluency,90830,89537,2422.4,2.72,5.95,8.67,22.21,69.12
2018,math,5,170,EverEL,English-Language Fluency,180533,178707,2469.0,12.65,13.66,26.31,27.56,46.13
2018,math,5,180,EO (English only),English-Language Fluency,269848,263901,2500.4,22.65,18.01,40.66,26.87,32.48
2018,math,5,190,TBD (To be determined),English-Language Fluency,323,264,2409.6,6.87,6.87,13.74,17.18,69.08
2018,math,5,200,Black or African American,Ethnicity for Socioeconomically Disadvantaged,19349,18844,2428.9,4.56,8.33,12.89,23.76,63.34
2018,math,5,201,American Indian or Alaska Native,Ethnicity for Socioeconomically Disadvantaged,1630,1574,2444.4,6.68,10.18,16.86,25.57,57.57
2018,math,5,202,Asian,Ethnicity for Socioeconomically Disadvantaged,15746,15617,2524.5,30.95,20.81,51.76,25.15,23.09
2018,math,5,203,Filipino,Ethnicity for Socioeconomically Disadvantaged,3334,3306,2513.2,23.53,21.36,44.89,30.07,25.05
2018,math,5,204,Hispanic or Latino,Ethnicity for Socioeconomically Disadvantaged,208767,206473,2456.0,7.71,12.58,20.29,28.95,50.76
2018,math,5,205,Native Hawaiian or Pacific Islander,Ethnicity for Socioeconomically Disadvantaged,1541,1511,2462.0,8.81,14.25,23.06,31.08,45.86
2018,math,5,206,White,Ethnicity for Socioeconomically Disadvantaged,33760,32747,2480.6,14.31,16.94,31.25,29.98,38.77
2018,math,5,207,Two or more races,Ethnicity for Socioeconomically Disadvantaged,6606,6420,2475.2,13.4,15.48,28.88,29.08,42.03
2018,math,5,220,Black or African American,Ethnicity for Not Socioeconomically Disadvantaged,6083,5901,2481.6,15.21,16.5,31.7,30.02,38.27
2018,math,5,221,American Indian or Alaska Native,Ethnicity for Not Socioeconomically Disadvantaged,778,756,2497.6,18.92,21.43,40.34,28.17,31.48
2018,math,5,222,Asian,Ethnicity for Not Socioeconomically Disadvantaged,27069,26821,2594.4,63.29,18.02,81.31,12.87,5.82
2018,math,5,223,Filipino,Ethnicity for Not Socioeconomically Disadvantaged,5826,5782,2547.8,38.9,23.14,62.05,24.29,13.67
2018,math,5,224,Hispanic or Latino,Ethnicity for Not Socioeconomically Disadvantaged,49207,48279,2500.9,19.81,19.81,39.62,30.54,29.84
2018,math,5,225,Native Hawaiian or Pacific Islander,Ethnicity for Not Socioeconomically Disadvantaged,688,670,2504.6,20.9,21.34,42.24,28.21,29.55
2018,math,5,226,White,Ethnicity for Not Socioeconomically Disadvantaged,73828,71767,2544.5,37.25,23.72,60.97,24.28,14.74
2018,math,5,227,Two or more races,Ethnicity for Not Socioeconomically Disadvantaged,11626,11397,2553.9,43.09,21.86,64.94,21.11,13.95
2019,math,5,1,All Students,All Students,463976,456630,2495.3,21.19,16.8,38.0,26.73,35.27
2019,math,5,3,Male,Gender,238673,234588,2496.2,22.5,16.92,39.43,25.26,35.32
2019,math,5,4,Female,Gender,225303,222042,2494.4,19.81,16.67,36.48,28.29,35.23
2019,math,5,6,"IFEP, RFEP, and EO (Fluent English proficient and English only)",English-Language Fluency,374237,368355,2511.9,25.54,19.24,44.78,27.5,27.72
2019,math,5,7,IFEP (Initial fluent English proficient),English-Language Fluency,18116,17986,2564.5,47.5,19.42,66.92,20.6,12.48
2019,math,5,8,RFEP (Reclassified fluent English proficient),English-Language Fluency,87054,86740,2524.1,25.73,22.2,47.93,32.1,19.97
2019,math,5,28,Migrant education,Migrant,3907,3854,2452.2,7.32,11.45,18.76,29.02,52.22
2019,math,5,31,Socioeconomically disadvantaged,Economic Status,287516,283613,2467.2,11.23,14.29,25.53,28.7,45.78
2019,math,5,50,Armed forces family member,Military Status,4662,4560,2520.9,28.46,20.15,48.62,27.92,23.46
2019,math,5,51,Not armed forces family member,Military Status,459314,452070,2495.1,21.12,16.77,37.89,26.72,35.39
2019,math,5,52,Homeless,Homeless Status,18763,18265,2455.4,8.43,12.58,21.01,27.97,51.02
2019,math,5,53,Not homeless,Homeless Status,445213,438365,2497.0,21.73,16.98,38.7,26.68,34.62
2019,math,5,74,Black or African American,Race and Ethnicity,24941,24304,2445.9,7.91,11.28,19.19,24.84,55.97
2019,math,5,75,American Indian or Alaska Native,Race and Ethnicity,2253,2190,2462.7,11.83,13.61,25.45,26.4,48.15
2019,math,5,76,Asian,Race and Ethnicity,43067,42727,2575.7,54.28,18.43,72.71,16.37,10.92
2019,math,5,77,Filipino,Race and Ethnicity,9293,9219,2538.4,34.73,22.38,57.1,26.2,16.7
2019,math,5,78,Hispanic or Latino,Race and Ethnicity,256535,253655,2470.1,11.51,14.88,26.39,29.34,44.28
2019,math,5,79,Native Hawaiian or Pacific Islander,Race and Ethnicity,2117,2081,2480.7,14.28,16.73,31.01,29.95,39.04
2019,math,5,80,White,Race and Ethnicity,103527,100840,2527.8,31.58,21.4,52.98,25.58,21.45
2019,math,5,90,Not a high school graduate,Parent Education,65997,65239,2450.7,7.46,11.89,19.35,27.26,53.39
2019,math,5,91,High school graduate,Parent Education,97203,95986,2464.7,10.11,13.93,24.04,29.32,46.64
2019,math,5,92,Some college (includes AA degree),Parent Education,94489,92873,2486.9,15.4,17.85,33.25,30.64,36.11
2019,math,5,93,College graduate,Parent Education,89633,88098,2529.4,31.95,21.21,53.16,25.72,21.12
2019,math,5,94,Graduate school/Post graduate,Parent Education,64942,63726,2565.3,48.98,20.0,68.97,18.36,12.67
2019,math,5,99,No reported disabilities,Disability Status,404523,399522,2506.9,23.34,18.25,41.59,28.2,30.2
2019,math,5,111,Not socioeconomically disadvantaged,Economic Status,176460,173017,2541.4,37.52,20.92,58.44,23.51,18.05
2019,math,5,120,ELs enrolled less than 12 months,English-Language Fluency,3554,3238,2418.3,7.18,7.36,14.54,17.72,67.74
2019,math,5,121,Declined to state,Parent Education,51452,50545,2479.2,16.88,14.96,31.85,26.27,41.88
2019,math,5,128,Reported disabilities,Disability Status,59453,57108,2414.3,6.13,6.67,12.8,16.44,70.76
2019,math,5,142,ELs enrolled 12 months or more,English-Language Fluency,84926,84009,2426.4,2.84,6.56,9.4,23.77,66.83
2019,math,5,144,Two or more races,Race and Ethnicity,19133,18726,2527.7,33.49,19.36,52.86,23.79,23.35
2019,math,5,160,"EL (English learner, excluding RFEP)",English-Language Fluency,89150,87867,2426.1,3.0,6.59,9.59,23.53,66.88
2019,math,5,170,EverEL,English-Language Fluency,176204,174607,2474.8,14.29,14.35,28.64,27.79,43.57
2019,math,5,180,EO (English only),English-Language Fluency,269067,263629,2504.3,23.99,18.25,42.24,26.45,31.31
2019,math,5,190,TBD (To be determined),English-Language Fluency,286,191,2425.8,10.99,6.28,17.28,15.18,67.54
2019,math,5,200,Black or African American,Ethnicity for Socioeconomically Disadvantaged,19020,18532,2433.6,5.23,9.39,14.62,23.59,61.79
2019,math,5,201,American Indian or Alaska Native,Ethnicity for Socioeconomically Disadvantaged,1515,1474,2445.5,7.33,11.54,18.87,25.12,56.01
2019,math,5,202,Asian,Ethnicity for Socioeconomically Disadvantaged,15703,15580,2532.0,34.17,20.34,54.51,24.41,21.08
2019,math,5,203,Filipino,Ethnicity for Socioeconomically Disadvantaged,3345,3317,2515.2,24.43,20.72,45.14,30.85,24.0
2019,math,5,204,Hispanic or Latino,Ethnicity for Socioeconomically Disadvantaged,205589,203616,2461.8,9.1,13.68,22.78,29.29,47.93
2019,math,5,205,Native Hawaiian or Pacific Islander,Ethnicity for Socioeconomically Disadvantaged,1425,1407,2464.3,9.25,14.3,23.54,30.58,45.87
2019,math,5,206,White,Ethnicity for Socioeconomically Disadvantaged,32464,31481,2484.2,15.39,17.43,32.83,30.03,37.15
2019,math,5,207,Two or more races,Ethnicity for Socioeconomically Disadvantaged,6877,6700,2476.8,14.7,15.47,30.17,28.48,41.35
2019,math,5,220,Black or African American,Ethnicity for Not Socioeconomically Disadvantaged,5921,5772,2485.5,16.52,17.35,33.87,28.87,37.27
2019,math,5,221,American Indian or Alaska Native,Ethnicity for Not Socioeconomically Disadvantaged,738,716,2498.2,21.09,17.88,38.97,29.05,31.98
2019,math,5,222,Asian,Ethnicity for Not Socioeconomically Disadvantaged,27364,27147,2600.7,65.82,17.33,83.16,11.75,5.09
2019,math,5,223,Filipino,Ethnicity for Not Socioeconomically Disadvantaged,5948,5902,2551.5,40.52,23.31,63.82,23.58,12.6
2019,math,5,224,Hispanic or Latino,Ethnicity for Not Socioeconomically Disadvantaged,50946,50039,2503.8,21.32,19.76,41.08,29.52,29.4
2019,math,5,225,Native Hawaiian or Pacific Islander,Ethnicity for Not Socioeconomically Disadvantaged,692,674,2515.0,24.78,21.81,46.59,28.64,24.78
2019,math,5,226,White,Ethnicity for Not Socioeconomically Disadvantaged,71063,69359,2547.7,38.92,23.2,62.12,23.56,14.32
2019,math,5,227,Two or more races,Ethnicity for Not Socioeconomically Disadvantaged,12256,12026,2556.0,43.96,21.53,65.5,21.18,13.32
2021,math,5,1,All Students,All Students,442335,89696,2473.6,15.83,14.26,30.08,25.81,44.1
2021,math,5,3,Male,Gender,225757,45536,2475.4,17.03,14.43,31.46,25.16,43.38
2021,math,5,4,Female,Gender,216545,44157,2471.7,14.59,14.08,28.66,26.48,44.85
2021,math,5,6,"IFEP, RFEP, and EO (Fluent English proficient and English only)",English-Language Fluency,357564,73554,2489.6,18.88,16.59,35.47,27.6,36.93
2021,math,5,7,IFEP (Initial fluent English proficient),English-Language Fluency,17175,3239,2553.8,42.53,18.43,60.97,21.16,17.88
2021,math,5,8,RFEP (Reclassified fluent English proficient),English-Language Fluency,77652,14011,2492.8,16.78,16.71,33.49,31.77,34.75
2021,math,5,28,Migrant education,Migrant,3653,824,2411.7,3.42,5.86,9.28,19.9,70.82
2021,math,5,29,Not migrant education,Migrant,438682,88872,2474.2,15.94,14.34,30.28,25.87,43.86
2021,math,5,31,Socioeconomically disadvantaged,Economic Status,265352,48884,2437.4,6.03,9.64,15.68,25.45,58.87
2021,math,5,50,Armed forces family member,Military Status,5518,1037,2487.5,15.36,18.16,33.53,30.72,35.75
2021,math,5,51,Not armed forces family member,Military Status,436817,88659,2473.4,15.83,14.21,30.04,25.75,44.2
2021,math,5,52,Homeless,Homeless Status,15975,2319,2425.9,4.21,8.38,12.59,24.19,63.22
2021,math,5,53,Not homeless,Homeless Status,426360,87377,2474.9,16.13,14.41,30.55,25.85,43.6
2021,math,5,74,Black or African American,Race and Ethnicity,23494,3652,2431.8,5.23,9.81,15.04,24.27,60.69
2021,math,5,75,American Indian or Alaska Native,Race and Ethnicity,1921,659,2439.5,7.76,9.13,16.89,24.35,58.75
2021,math,5,76,Asian,Race and Ethnicity,41964,8349,2553.9,44.62,18.11,62.73,19.16,18.11
2021,math,5,77,Filipino,Race and Ethnicity,8908,1618,2516.1,24.32,21.03,45.35,30.96,23.7
2021,math,5,78,Hispanic or Latino,Race and Ethnicity,246898,44325,2439.3,6.09,10.07,16.15,25.73,58.12
2021,math,5,79,Native Hawaiian or Pacific Islander,Race and Ethnicity,1896,445,2458.0,9.03,14.67,23.7,26.41,49.89
2021,math,5,80,White,Race and Ethnicity,93964,24966,2504.3,22.58,19.65,42.23,28.25,29.52
2021,math,5,90,Not a high school graduate,Parent Education,52488,10507,2415.3,3.19,6.28,9.47,21.1,69.43
2021,math,5,91,High school graduate,Parent Education,84522,18233,2434.0,5.18,8.92,14.11,25.15,60.74
2021,math,5,92,Some college (includes AA degree),Parent Education,85141,19064,2460.0,8.56,13.56,22.12,30.32,47.56
2021,math,5,93,College graduate,Parent Education,83657,19288,2505.0,22.48,19.74,42.22,28.22,29.57
2021,math,5,94,Graduate school/Post graduate,Parent Education,63115,15293,2548.0,40.17,21.21,61.38,21.35,17.27
2021,math,5,99,No reported disabilities,Disability Status,385671,79422,2482.8,17.19,15.34,32.53,27.08,40.39
2021,math,5,111,Not socioeconomically disadvantaged,Economic Status,176983,40812,2516.9,27.52,19.77,47.3,26.25,26.46
2021,math,5,120,ELs enrolled less than 12 months,English-Language Fluency,1254,164,2404.0,5.49,4.27,9.76,17.68,72.56
2021,math,5,121,Declined to state,Parent Education,73334,7295,2452.5,10.81,11.78,22.59,25.45,51.96
2021,math,5,128,Reported disabilities,Disability Status,56664,10274,2402.7,5.27,5.87,11.14,15.96,72.9
2021,math,5,142,ELs enrolled 12 months or more,English-Language Fluency,82747,15726,2400.5,1.77,3.61,5.38,17.59,77.03
2021,math,5,144,Two or more races,Race and Ethnicity,23290,5682,2507.1,25.43,19.02,44.45,25.13,30.42
2021,math,5,160,"EL (English learner, excluding RFEP)",English-Language Fluency,84499,16088,2400.5,1.8,3.62,5.43,17.61,76.97
2021,math,5,170,EverEL,English-Language Fluency,162151,30099,2443.5,8.78,9.72,18.49,24.2,57.3
2021,math,5,180,EO (English only),English-Language Fluency,262737,56304,2485.0,18.05,16.45,34.49,26.94,38.57
2021,math,5,190,TBD (To be determined),English-Language Fluency,131,12,2490.0,33.33,0.0,33.33,16.67,50.0
2021,math,5,200,Black or African American,Ethnicity for Socioeconomically Disadvantaged,17528,2538,2416.4,3.02,6.47,9.48,22.58,67.94
2021,math,5,201,American Indian or Alaska Native,Ethnicity for Socioeconomically Disadvantaged,1307,467,2425.8,5.16,7.1,12.26,22.15,65.59
2021,math,5,202,Asian,Ethnicity for Socioeconomically Disadvantaged,14252,2702,2488.2,18.63,17.29,35.92,27.12,36.96
2021,math,5,203,Filipino,Ethnicity for Socioeconomically Disadvantaged,2972,478,2493.7,17.4,16.56,33.96,34.38,31.66
2021,math,5,204,Hispanic or Latino,Ethnicity for Socioeconomically Disadvantaged,189820,32892,2428.1,4.12,8.11,12.23,24.33,63.45
2021,math,5,205,Native Hawaiian or Pacific Islander,Ethnicity for Socioeconomically Disadvantaged,1239,261,2435.4,5.02,8.88,13.9,24.32,61.78
2021,math,5,206,White,Ethnicity for Socioeconomically Disadvantaged,29764,7646,2459.6,9.53,13.42,22.95,29.93,47.12
2021,math,5,207,Two or more races,Ethnicity for Socioeconomically Disadvantaged,8470,1900,2453.2,8.72,13.27,21.99,26.9,51.11
2021,math,5,220,Black or African American,Ethnicity for Not Socioeconomically Disadvantaged,5966,1114,2466.8,10.27,17.39,27.66,28.11,44.23
2021,math,5,221,American Indian or Alaska Native,Ethnicity for Not Socioeconomically Disadvantaged,614,192,2472.6,14.06,14.06,28.13,29.69,42.19
2021,math,5,222,Asian,Ethnicity for Not Socioeconomically Disadvantaged,27712,5647,2585.3,57.03,18.5,75.53,15.36,9.11
2021,math,5,223,Filipino,Ethnicity for Not Socioeconomically Disadvantaged,5936,1140,2525.6,27.22,22.91,50.13,29.52,20.35
2021,math,5,224,Hispanic or Latino,Ethnicity for Not Socioeconomically Disadvantaged,57078,11433,2471.5,11.76,15.68,27.43,29.76,42.81
2021,math,5,225,Native Hawaiian or Pacific Islander,Ethnicity for Not Socioeconomically Disadvantaged,657,184,2489.8,14.67,22.83,37.5,29.35,33.15
2021,math,5,226,White,Ethnicity for Not Socioeconomically Disadvantaged,64200,17320,2524.1,28.33,22.4,50.73,27.52,21.76
2021,math,5,227,Two or more races,Ethnicity for Not Socioeconomically Disadvantaged,14820,3782,2534.1,33.8,21.91,55.71,24.24,20.05
2022,math,5,1,All Students,All Students,438771,429429,2476.2,16.94,14.62,31.56,25.53,42.91
2022,math,5,3,Male,Gender,224504,219365,2479.3,18.55,15.06,33.61,24.62,41.77
2022,math,5,4,Female,Gender,214177,209978,2473.0,15.26,14.17,29.42,26.48,44.1
2022,math,5,6,"IFEP, RFEP, and EO (Fluent English proficient and English only)",English-Language Fluency,348646,340996,2493.7,20.79,17.12,37.92,26.87,35.21
2022,math,5,7,IFEP (Initial fluent English proficient),English-Language Fluency,16645,16437,2552.0,42.2,18.98,61.18,21.25,17.57
2022,math,5,8,RFEP (Reclassified fluent English proficient),English-Language Fluency,67621,67100,2508.1,21.61,19.57,41.18,30.99,27.83
2022,math,5,28,Migrant education,Migrant,3542,3503,2425.2,4.2,7.99,12.19,23.69,64.12
2022,math,5,29,Not migrant education,Migrant,435229,425926,2476.6,17.05,14.68,31.72,25.54,42.74
2022,math,5,31,Socioeconomically disadvantaged,Economic Status,264735,259538,2445.1,7.79,11.15,18.95,25.97,55.08
2022,math,5,50,Armed forces family member,Military Status,7158,7009,2486.6,17.43,17.46,34.89,27.91,37.2
2022,math,5,51,Not armed forces family member,Military Status,431613,422420,2476.1,16.93,14.57,31.51,25.49,43.01
2022,math,5,52,Homeless,Homeless Status,14653,14186,2428.4,5.11,8.48,13.59,24.07,62.34
2022,math,5,53,Not homeless,Homeless Status,424118,415243,2477.9,17.34,14.83,32.18,25.58,42.25
2022,math,5,74,Black or African American,Race and Ethnicity,22944,21980,2425.0,5.58,8.71,14.28,22.0,63.71
2022,math,5,75,American Indian or Alaska Native,Race and Ethnicity,1908,1811,2439.7,8.19,9.46,17.64,25.11,57.25
2022,math,5,76,Asian,Race and Ethnicity,41444,40925,2562.7,48.22,18.87,67.09,17.91,14.99
2022,math,5,77,Filipino,Race and Ethnicity,9643,9545,2527.1,30.14,22.61,52.75,25.99,21.26
2022,math,5,78,Hispanic or Latino,Race and Ethnicity,245738,241602,2447.7,7.86,11.61,19.47,26.76,53.77
2022,math,5,79,Native Hawaiian or Pacific Islander,Race and Ethnicity,1852,1793,2459.5,9.21,12.84,22.05,30.32,47.63
2022,math,5,80,White,Race and Ethnicity,91219,88519,2514.0,26.45,20.6,47.04,26.72,26.24
2022,math,5,90,Not a high school graduate,Parent Education,56090,55167,2425.4,4.44,8.23,12.67,23.28,64.06
2022,math,5,91,High school graduate,Parent Education,93255,91468,2439.7,6.31,10.25,16.55,25.85,57.59
2022,math,5,92,Some college (includes AA degree),Parent Education,87337,85273,2465.2,10.49,14.61,25.09,29.59,45.31
2022,math,5,93,College graduate,Parent Education,88536,86752,2512.8,25.69,20.4,46.09,27.11,26.8
2022,math,5,94,Graduate school/Post graduate,Parent Education,66257,64814,2552.6,43.04,20.24,63.28,20.55,16.17
2022,math,5,99,No reported disabilities,Disability Status,382802,376240,2486.5,18.54,15.83,34.37,26.92,38.7
2022,math,5,111,Not socioeconomically disadvantaged,Economic Status,174036,169891,2523.8,30.91,19.91,50.82,24.85,24.32
2022,math,5,120,ELs enrolled less than 12 months,English-Language Fluency,3516,3240,2390.4,3.52,5.47,8.99,13.41,77.6
2022,math,5,121,Declined to state,Parent Education,46749,45528,2454.0,11.77,12.25,24.02,24.13,51.85
2022,math,5,128,Reported disabilities,Disability Status,55969,53189,2403.3,5.6,6.06,11.65,15.64,72.71
2022,math,5,142,ELs enrolled 12 months or more,English-Language Fluency,85603,84398,2409.8,2.01,4.96,6.98,20.65,72.37
2022,math,5,144,Two or more races,Race and Ethnicity,24023,23254,2507.9,26.6,18.54,45.14,24.41,30.46
2022,math,5,160,"EL (English learner, excluding RFEP)",English-Language Fluency,89705,88161,2408.9,2.07,4.96,7.03,20.36,72.62
2022,math,5,170,EverEL,English-Language Fluency,157326,155261,2451.8,10.52,11.27,21.79,24.95,53.26
2022,math,5,180,EO (English only),English-Language Fluency,264380,257459,2486.2,19.21,16.37,35.58,26.15,38.27
2022,math,5,190,TBD (To be determined),English-Language Fluency,175,95,2403.1,9.47,7.37,16.84,12.63,70.53
2022,math,5,200,Black or African American,Ethnicity for Socioeconomically Disadvantaged,17255,16516,2412.0,3.57,6.78,10.35,20.18,69.47
2022,math,5,201,American Indian or Alaska Native,Ethnicity for Socioeconomically Disadvantaged,1291,1215,2421.4,4.78,6.84,11.62,22.42,65.95
2022,math,5,202,Asian,Ethnicity for Socioeconomically Disadvantaged,14659,14469,2510.9,26.6,19.19,45.79,25.61,28.6
2022,math,5,203,Filipino,Ethnicity for Socioeconomically Disadvantaged,3323,3287,2504.0,21.66,19.84,41.5,29.62,28.88
2022,math,5,204,Hispanic or Latino,Ethnicity for Socioeconomically Disadvantaged,188343,185461,2437.7,5.7,9.98,15.68,25.95,58.36
2022,math,5,205,Native Hawaiian or Pacific Islander,Ethnicity for Socioeconomically Disadvantaged,1208,1163,2445.0,5.51,10.94,16.45,29.46,54.09
2022,math,5,206,White,Ethnicity for Socioeconomically Disadvantaged,29499,28568,2469.1,12.08,15.57,27.65,29.01,43.34
2022,math,5,207,Two or more races,Ethnicity for Socioeconomically Disadvantaged,9157,8859,2457.6,10.5,13.85,24.35,26.5,49.15
2022,math,5,220,Black or African American,Ethnicity for Not Socioeconomically Disadvantaged,5689,5464,2464.3,11.64,14.54,26.18,27.52,46.31
2022,math,5,221,American Indian or Alaska Native,Ethnicity for Not Socioeconomically Disadvantaged,617,596,2477.1,15.13,14.79,29.92,30.59,39.5
2022,math,5,222,Asian,Ethnicity for Not Socioeconomically Disadvantaged,26785,26456,2591.0,60.04,18.7,78.74,13.7,7.56
2022,math,5,223,Filipino,Ethnicity for Not Socioeconomically Disadvantaged,6320,6258,2539.3,34.59,24.07,58.66,24.08,17.26
2022,math,5,224,Hispanic or Latino,Ethnicity for Not Socioeconomically Disadvantaged,57395,56141,2480.9,15.0,16.97,31.97,29.41,38.62
2022,math,5,225,Native Hawaiian or Pacific Islander,Ethnicity for Not Socioeconomically Disadvantaged,644,630,2486.2,16.03,16.35,32.38,31.9,35.71
2022,math,5,226,White,Ethnicity for Not Socioeconomically Disadvantaged,61720,59951,2535.4,33.29,22.99,56.28,25.63,18.09
2022,math,5,227,Two or more races,Ethnicity for Not Socioeconomically Disadvantaged,14866,14395,2538.7,36.5,21.42,57.92,23.12,18.96
2022,math,5,240,Foster youth,Foster Status,1616,1544,2409.6,2.79,6.55,9.34,20.9,69.76
2022,math,5,241,Not foster youth,Foster Status,437155,427885,2476.5,16.99,14.65,31.64,25.54,42.81
2023,math,5,1,All Students,All Students,430897,424545,2480.3,18.29,15.09,33.38,25.16,41.46
2023,math,5,3,Male,Gender,220048,216572,2484.2,20.11,15.6,35.71,24.29,40.0
2023,math,5,4,Female,Gender,210727,207856,2476.2,16.39,14.57,30.96,26.05,42.99
2023,math,5,6,"IFEP, RFEP, and EO (Fluent English proficient and English only)",English-Language Fluency,343560,338385,2497.9,22.38,17.49,39.87,26.3,33.83
2023,math,5,7,IFEP (Initial fluent English proficient),English-Language Fluency,16437,16322,2557.8,44.04,19.52,63.56,20.62,15.82
2023,math,5,8,RFEP (Reclassified fluent English proficient),English-Language Fluency,65614,65315,2516.1,24.53,20.54,45.07,30.25,24.68
2023,math,5,28,Migrant education,Migrant,3515,3477,2427.8,4.46,8.04,12.5,24.8,62.7
2023,math,5,29,Not migrant education,Migrant,427382,421068,2480.7,18.41,15.15,33.56,25.16,41.29
2023,math,5,31,Socioeconomically disadvantaged,Economic Status,272032,268310,2450.5,9.18,12.12,21.3,26.05,52.65
2023,math,5,50,Armed forces family member,Military Status,7205,7091,2487.7,18.4,17.53,35.92,26.91,37.17
2023,math,5,51,Not armed forces family member,Military Status,423692,417454,2480.2,18.29,15.05,33.34,25.13,41.53
2023,math,5,52,Homeless,Homeless Status,14905,14518,2427.7,5.57,9.0,14.57,23.15,62.27
2023,math,5,53,Not homeless,Homeless Status,415992,410027,2482.2,18.74,15.31,34.05,25.23,40.72
2023,math,5,74,Black or African American,Race and Ethnicity,21774,21190,2428.6,6.21,9.24,15.45,22.65,61.91
2023,math,5,75,American Indian or Alaska Native,Race and Ethnicity,1836,1752,2444.8,9.49,10.75,20.24,24.64,55.12
2023,math,5,76,Asian,Race and Ethnicity,43855,43539,2565.3,49.37,18.88,68.25,17.12,14.63
2023,math,5,77,Filipino,Race and Ethnicity,9457,9384,2534.6,32.97,23.48,56.45,25.23,18.32
2023,math,5,78,Hispanic or Latino,Race and Ethnicity,240538,237658,2451.6,8.82,12.4,21.22,26.72,52.06
2023,math,5,79,Native Hawaiian or Pacific Islander,Race and Ethnicity,1832,1795,2455.2,10.48,12.21,22.69,27.81,49.5
2023,math,5,80,White,Race and Ethnicity,87547,85690,2515.9,27.61,20.42,48.03,25.89,26.08
2023,math,5,90,Not a high school graduate,Parent Education,51300,50742,2428.7,5.38,9.15,14.53,23.24,62.23
2023,math,5,91,High school graduate,Parent Education,90977,89816,2443.3,6.94,11.23,18.16,26.18,55.66
2023,math,5,92,Some college (includes AA degree),Parent Education,84788,83447,2467.9,11.35,15.04,26.39,29.4,44.21
2023,math,5,93,College graduate,Parent Education,90249,88891,2514.8,27.04,20.15,47.19,26.09,26.72
2023,math,5,94,Graduate school/Post graduate,Parent Education,68264,67210,2554.2,43.91,19.85,63.76,19.7,16.54
2023,math,5,99,No reported disabilities,Disability Status,374519,370381,2491.3,20.12,16.35,36.47,26.51,37.03
2023,math,5,111,Not socioeconomically disadvantaged,Economic Status,158865,156235,2531.4,33.94,20.19,54.14,23.62,22.25
2023,math,5,120,ELs enrolled less than 12 months,English-Language Fluency,5141,4843,2396.4,3.87,5.21,9.08,15.04,75.88
2023,math,5,121,Declined to state,Parent Education,45161,44317,2456.5,12.8,12.48,25.28,23.7,51.02
2023,math,5,128,Reported disabilities,Disability Status,56378,54164,2404.8,5.78,6.5,12.28,15.9,71.82
2023,math,5,142,ELs enrolled 12 months or more,English-Language Fluency,81599,80821,2412.0,2.12,5.71,7.84,21.0,71.17
2023,math,5,144,Two or more races,Race and Ethnicity,24058,23537,2512.9,28.74,18.36,47.1,23.62,29.27
2023,math,5,160,"EL (English learner, excluding RFEP)",English-Language Fluency,87144,86040,2411.0,2.22,5.68,7.9,20.64,71.46
2023,math,5,170,EverEL,English-Language Fluency,152758,151355,2456.4,11.85,12.09,23.94,24.79,51.27
2023,math,5,180,EO (English only),English-Language Fluency,261509,256748,2489.5,20.46,16.58,37.04,25.66,37.3
2023,math,5,190,TBD (To be determined),English-Language Fluency,86,41,2382.8,0.0,0.0,0.0,17.07,82.93
2023,math,5,200,Black or African American,Ethnicity for Socioeconomically Disadvantaged,16930,16462,2416.2,4.22,7.19,11.41,21.17,67.42
2023,math,5,201,American Indian or Alaska Native,Ethnicity for Socioeconomically Disadvantaged,1308,1242,2425.4,4.51,8.38,12.89,24.74,62.37
2023,math,5,202,Asian,Ethnicity for Socioeconomically Disadvantaged,16852,16724,2518.7,29.73,19.98,49.71,23.75,26.54
2023,math,5,203,Filipino,Ethnicity for Socioeconomically Disadvantaged,3511,3475,2511.5,22.8,21.93,44.73,29.79,25.47
2023,math,5,204,Hispanic or Latino,Ethnicity for Socioeconomically Disadvantaged,190797,188785,2442.2,6.64,11.01,17.65,26.2,56.15
2023,math,5,205,Native Hawaiian or Pacific Islander,Ethnicity for Socioeconomically Disadvantaged,1285,1261,2437.7,6.34,10.07,16.42,26.72,56.86
2023,math,5,206,White,Ethnicity for Socioeconomically Disadvantaged,31377,30652,2473.4,13.79,15.92,29.7,28.61,41.68
2023,math,5,207,Two or more races,Ethnicity for Socioeconomically Disadvantaged,9972,9709,2464.0,12.99,13.84,26.83,26.12,47.06
2023,math,5,220,Black or African American,Ethnicity for Not Socioeconomically Disadvantaged,4844,4728,2471.9,13.14,16.35,29.49,27.8,42.71
2023,math,5,221,American Indian or Alaska Native,Ethnicity for Not Socioeconomically Disadvantaged,528,510,2492.1,21.65,16.54,38.19,24.41,37.4
2023,math,5,222,Asian,Ethnicity for Not Socioeconomically Disadvantaged,27003,26815,2594.3,61.62,18.19,79.81,12.99,7.2
2023,math,5,223,Filipino,Ethnicity for Not Socioeconomically Disadvantaged,5946,5909,2548.2,38.96,24.38,63.34,22.55,14.1
2023,math,5,224,Hispanic or Latino,Ethnicity for Not Socioeconomically Disadvantaged,49741,48873,2487.6,17.24,17.77,35.02,28.73,36.25
2023,math,5,225,Native Hawaiian or Pacific Islander,Ethnicity for Not Socioeconomically Disadvantaged,547,534,2496.4,20.26,17.26,37.52,30.39,32.08
2023,math,5,226,White,Ethnicity for Not Socioeconomically Disadvantaged,56170,55038,2539.6,35.31,22.92,58.24,24.37,17.39
2023,math,5,227,Two or more races,Ethnicity for Not Socioeconomically Disadvantaged,14086,13828,2547.2,39.79,21.54,61.33,21.88,16.8
2023,math,5,240,Foster youth,Foster Status,1569,1516,2411.1,3.37,6.73,10.1,20.0,69.9
2023,math,5,241,Not foster youth,Foster Status,429328,423029,2480.5,18.34,15.12,33.47,25.17,41.36
2023,math,5,251,ARLTEL (At-Risk of becoming LTEL),English-Language Fluency,41070,40642,2393.1,0.66,2.84,3.5,15.75,80.74
2023,math,5,252,NeverEL,English-Language Fluency,278032,273111,2493.5,21.87,16.76,38.62,25.36,36.02
2024,math,5,1,All Students,All Students,429109,422728,2483.3,19.76,15.26,35.02,24.61,40.38
2024,math,5,3,Male,Gender,219159,215753,2487.4,21.76,15.72,37.48,23.57,38.96
2024,math,5,4,Female,Gender,209828,206857,2479.1,17.67,14.78,32.45,25.69,41.86
2024,math,5,6,"IFEP, RFEP, and EO (Fluent English proficient and English only)",English-Language Fluency,346862,341767,2500.5,23.83,17.53,41.36,25.57,33.08
2024,math,5,7,IFEP (Initial fluent English proficient),English-Language Fluency,26665,26478,2539.7,36.91,18.52,55.42,23.27,21.3
2024,math,5,8,RFEP (Reclassified fluent English proficient),English-Language Fluency,55789,55509,2520.3,26.76,20.96,47.72,28.91,23.37
2024,math,5,28,Migrant education,Migrant,3481,3446,2429.2,5.0,8.95,13.94,25.01,61.05
2024,math,5,29,Not migrant education,Migrant,425628,419282,2483.8,19.88,15.31,35.19,24.6,40.21
2024,math,5,31,Socioeconomically disadvantaged,Economic Status,281288,277496,2456.1,11.24,12.84,24.08,25.61,50.31
2024,math,5,50,Armed forces family member,Military Status,6592,6499,2489.0,19.05,17.32,36.37,26.61,37.02
2024,math,5,51,Not armed forces family member,Military Status,422517,416229,2483.2,19.77,15.23,35.0,24.57,40.43
2024,math,5,52,Homeless,Homeless Status,16004,15591,2428.2,6.21,9.31,15.52,22.07,62.41
2024,math,5,53,Not homeless,Homeless Status,413105,407137,2485.4,20.28,15.49,35.76,24.7,39.53
2024,math,5,74,Black or African American,Race and Ethnicity,21438,20915,2430.3,7.12,9.91,17.03,22.38,60.59
2024,math,5,75,American Indian or Alaska Native,Race and Ethnicity,1874,1806,2443.5,9.75,12.07,21.82,22.76,55.43
2024,math,5,76,Asian,Race and Ethnicity,45338,44976,2567.2,50.6,18.08,68.68,16.54,14.78
2024,math,5,77,Filipino,Race and Ethnicity,9477,9415,2537.2,34.26,23.08,57.34,24.61,18.05
2024,math,5,78,Hispanic or Latino,Race and Ethnicity,238048,235146,2454.6,10.18,12.83,23.01,26.36,50.63
2024,math,5,79,Native Hawaiian or Pacific Islander,Race and Ethnicity,1742,1710,2461.9,11.3,13.52,24.82,26.46,48.71
2024,math,5,80,White,Race and Ethnicity,86361,84478,2517.6,28.88,20.11,48.99,25.13,25.88
2024,math,5,90,Not a high school graduate,Parent Education,42401,41857,2429.2,5.91,9.41,15.32,22.96,61.73
2024,math,5,91,High school graduate,Parent Education,85460,84372,2444.0,8.0,11.21,19.21,25.53,55.26
2024,math,5,92,Some college (includes AA degree),Parent Education,79355,78069,2469.3,12.36,15.23,27.59,28.65,43.76
2024,math,5,93,College graduate,Parent Education,89269,87925,2514.8,27.45,19.92,47.38,25.59,27.03
2024,math,5,94,Graduate school/Post graduate,Parent Education,70506,69481,2556.7,45.23,19.5,64.74,19.31,15.96
2024,math,5,99,No reported disabilities,Disability Status,370211,366072,2495.5,21.86,16.63,38.49,25.96,35.55
2024,math,5,111,Not socioeconomically disadvantaged,Economic Status,147821,145232,2535.3,36.03,19.87,55.91,22.69,21.4
2024,math,5,120,ELs enrolled less than 12 months,English-Language Fluency,6653,6239,2385.8,3.21,4.35,7.55,12.83,79.62
2024,math,5,121,Declined to state,Parent Education,60614,59604,2464.0,14.94,13.38,28.33,23.86,47.81
2024,math,5,128,Reported disabilities,Disability Status,58898,56656,2404.9,6.17,6.42,12.59,15.84,71.57
2024,math,5,142,ELs enrolled 12 months or more,English-Language Fluency,75154,74416,2413.0,2.52,5.79,8.31,21.24,70.45
2024,math,5,144,Two or more races,Race and Ethnicity,24831,24282,2516.3,30.25,18.58,48.83,22.72,28.45
2024,math,5,160,"EL (English learner, excluding RFEP)",English-Language Fluency,82021,80821,2410.8,2.57,5.67,8.24,20.56,71.19
2024,math,5,170,EverEL,English-Language Fluency,137810,136330,2455.4,12.42,11.89,24.32,23.96,51.72
2024,math,5,180,EO (English only),English-Language Fluency,264408,259780,2492.3,21.87,16.7,38.56,25.08,36.35
2024,math,5,190,TBD (To be determined),English-Language Fluency,140,76,2350.9,2.63,1.32,3.95,9.21,86.84
2024,math,5,200,Black or African American,Ethnicity for Socioeconomically Disadvantaged,17177,16777,2418.3,4.88,8.23,13.11,21.18,65.71
2024,math,5,201,American Indian or Alaska Native,Ethnicity for Socioeconomically Disadvantaged,1395,1340,2425.4,5.3,9.85,15.15,22.69,62.16
2024,math,5,202,Asian,Ethnicity for Socioeconomically Disadvantaged,19459,19284,2526.9,33.95,19.05,53.0,22.36,24.64
2024,math,5,203,Filipino,Ethnicity for Socioeconomically Disadvantaged,4129,4095,2517.2,26.04,22.33,48.36,27.21,24.43
2024,math,5,204,Hispanic or Latino,Ethnicity for Socioeconomically Disadvantaged,191668,189619,2446.0,7.98,11.67,19.65,26.06,54.29
2024,math,5,205,Native Hawaiian or Pacific Islander,Ethnicity for Socioeconomically Disadvantaged,1312,1286,2450.9,8.18,13.4,21.57,25.55,52.88
2024,math,5,206,White,Ethnicity for Socioeconomically Disadvantaged,34928,34137,2480.1,16.66,16.45,33.11,27.11,39.78
2024,math,5,207,Two or more races,Ethnicity for Socioeconomically Disadvantaged,11220,10958,2472.9,16.04,14.79,30.83,25.31,43.86
2024,math,5,220,Black or African American,Ethnicity for Not Socioeconomically Disadvantaged,4261,4138,2478.7,16.19,16.74,32.93,27.24,39.83
2024,math,5,221,American Indian or Alaska Native,Ethnicity for Not Socioeconomically Disadvantaged,479,466,2495.4,22.53,18.45,40.99,22.96,36.05
2024,math,5,222,Asian,Ethnicity for Not Socioeconomically Disadvantaged,25879,25692,2597.4,63.09,17.36,80.44,12.16,7.39
2024,math,5,223,Filipino,Ethnicity for Not Socioeconomically Disadvantaged,5348,5320,2552.5,40.58,23.67,64.25,22.61,13.14
2024,math,5,224,Hispanic or Latino,Ethnicity for Not Socioeconomically Disadvantaged,46380,45527,2490.5,19.33,17.67,37.0,27.59,35.41
2024,math,5,225,Native Hawaiian or Pacific Islander,Ethnicity for Not Socioeconomically Disadvantaged,430,424,2495.2,20.75,13.92,34.67,29.25,36.08
2024,math,5,226,White,Ethnicity for Not Socioeconomically Disadvantaged,51433,50341,2543.1,37.17,22.59,59.76,23.78,16.45
2024,math,5,227,Two or more races,Ethnicity for Not Socioeconomically Disadvantaged,13611,13324,2552.0,41.93,21.69,63.62,20.59,15.79
2024,math,5,240,Foster youth,Foster Status,1412,1359,2408.8,4.2,6.41,10.6,20.69,68.7
2024,math,5,241,Not foster youth,Foster Status,427697,421369,2483.6,19.81,15.29,35.1,24.62,40.28
2024,math,5,251,ARLTEL (At-Risk of becoming LTEL),English-Language Fluency,38022,37608,2394.0,0.88,3.1,3.98,16.48,79.54
2024,math,5,252,NeverEL,English-Language Fluency,291213,286334,2496.6,23.25,16.86,40.11,24.91,34.97
2025,math,5,1,All Students,All Students,426928,420827,2486.5,20.38,15.65,36.03,24.82,39.15
2025,math,5,3,Male,Gender,218066,214809,2491.3,22.56,16.15,38.71,23.81,37.48
2025,math,5,4,Female,Gender,208723,205888,2481.4,18.11,15.12,33.23,25.88,40.89
2025,math,5,6,"IFEP, RFEP, and EO (Fluent English proficient and English only)",English-Language Fluency,349157,344124,2503.0,24.32,17.84,42.16,25.73,32.12
2025,math,5,7,IFEP (Initial fluent English proficient),English-Language Fluency,28803,28645,2543.6,37.7,19.22,56.93,23.22,19.86
2025,math,5,8,RFEP (Reclassified fluent English proficient),English-Language Fluency,53597,53345,2521.3,26.72,21.29,48.01,29.18,22.81
2025,math,5,28,Migrant education,Migrant,3663,3634,2429.2,5.9,10.03,15.93,21.8,62.28
2025,math,5,29,Not migrant education,Migrant,423265,417193,2487.0,20.51,15.69,36.2,24.85,38.95
2025,math,5,31,Socioeconomically disadvantaged,Economic Status,276366,272685,2457.8,11.29,13.14,24.43,26.1,49.47
2025,math,5,50,Armed forces family member,Military Status,7706,7584,2494.1,20.39,18.39,38.78,27.49,33.74
2025,math,5,51,Not armed forces family member,Military Status,419222,413243,2486.3,20.38,15.6,35.98,24.77,39.25
2025,math,5,52,Homeless,Homeless Status,18844,18440,2430.7,6.53,9.33,15.86,22.78,61.35
2025,math,5,53,Not homeless,Homeless Status,408084,402387,2489.0,21.02,15.94,36.95,24.91,38.13
2025,math,5,74,Black or African American,Race and Ethnicity,20664,20185,2434.7,7.7,10.29,17.99,23.29,58.73
2025,math,5,75,American Indian or Alaska Native,Race and Ethnicity,1838,1785,2448.4,10.88,10.54,21.42,24.85,53.73
2025,math,5,76,Asian,Race and Ethnicity,44607,44305,2565.6,49.68,18.03,67.72,16.96,15.32
2025,math,5,77,Filipino,Race and Ethnicity,9101,9041,2541.8,36.85,22.31,59.16,22.98,17.87
2025,math,5,78,Hispanic or Latino,Race and Ethnicity,237274,234366,2458.9,11.07,13.45,24.51,26.67,48.82
2025,math,5,79,Native Hawaiian or Pacific Islander,Race and Ethnicity,1749,1716,2461.7,11.26,13.65,24.91,26.08,49.01
2025,math,5,80,White,Race and Ethnicity,85937,84172,2520.1,29.53,20.44,49.97,24.89,25.14
2025,math,5,90,Not a high school graduate,Parent Education,39102,38657,2430.7,6.3,9.29,15.58,23.29,61.12
2025,math,5,91,High school graduate,Parent Education,85203,84173,2447.0,8.37,11.85,20.22,25.79,53.99
2025,math,5,92,Some college (includes AA degree),Parent Education,79554,78310,2471.7,12.82,15.45,28.27,29.2,42.53
2025,math,5,93,College graduate,Parent Education,92121,90800,2516.6,27.91,20.12,48.03,25.5,26.47
2025,math,5,94,Graduate school/Post graduate,Parent Education,73299,72217,2558.2,45.32,19.84,65.16,19.29,15.55
2025,math,5,99,No reported disabilities,Disability Status,365039,361345,2499.7,22.74,17.14,39.88,26.25,33.88
2025,math,5,111,Not socioeconomically disadvantaged,Economic Status,150562,148142,2539.3,37.12,20.26,57.38,22.46,20.16
2025,math,5,120,ELs enrolled less than 12 months,English-Language Fluency,5278,5035,2397.2,4.21,5.44,9.66,15.4,74.95
2025,math,5,121,Declined to state,Parent Education,56202,55289,2463.6,14.46,13.37,27.82,24.31,47.86
2025,math,5,128,Reported disabilities,Disability Status,61889,59482,2406.0,6.07,6.57,12.63,16.16,71.21
2025,math,5,142,ELs enrolled 12 months or more,English-Language Fluency,72235,71480,2413.1,2.62,5.84,8.46,21.14,70.4
2025,math,5,144,Two or more races,Race and Ethnicity,25758,25257,2517.3,30.48,18.27,48.75,23.05,28.21
2025,math,5,160,"EL (English learner, excluding RFEP)",English-Language Fluency,77650,76636,2412.1,2.72,5.8,8.53,20.75,70.72
2025,math,5,170,EverEL,English-Language Fluency,131247,129981,2456.9,12.58,12.16,24.74,24.21,51.05
2025,math,5,180,EO (English only),English-Language Fluency,266757,262134,2494.9,22.36,16.98,39.35,25.3,35.35
2025,math,5,190,TBD (To be determined),English-Language Fluency,59,25,2397.3,4.0,4.0,8.0,16.0,76.0
2025,math,5,200,Black or African American,Ethnicity for Socioeconomically Disadvantaged,16546,16164,2423.2,5.54,8.73,14.27,22.04,63.68
2025,math,5,201,American Indian or Alaska Native,Ethnicity for Socioeconomically Disadvantaged,1329,1297,2434.2,6.33,9.65,15.97,24.92,59.1
2025,math,5,202,Asian,Ethnicity for Socioeconomically Disadvantaged,18758,18622,2518.6,30.65,18.83,49.48,23.48,27.03
2025,math,5,203,Filipino,Ethnicity for Socioeconomically Disadvantaged,3820,3780,2519.5,27.28,21.61,48.89,26.75,24.37
2025,math,5,204,Hispanic or Latino,Ethnicity for Socioeconomically Disadvantaged,190474,188381,2449.1,8.58,12.07,20.65,26.37,52.98
2025,math,5,205,Native Hawaiian or Pacific Islander,Ethnicity for Socioeconomically Disadvantaged,1271,1247,2449.5,8.19,11.73,19.92,27.07,53.01
2025,math,5,206,White,Ethnicity for Socioeconomically Disadvantaged,32946,32212,2480.1,16.07,16.82,32.89,27.81,39.3
2025,math,5,207,Two or more races,Ethnicity for Socioeconomically Disadvantaged,11222,10982,2471.5,14.85,15.03,29.88,26.74,43.38
2025,math,5,220,Black or African American,Ethnicity for Not Socioeconomically Disadvantaged,4118,4021,2480.8,16.36,16.54,32.9,28.28,38.82
2025,math,5,221,American Indian or Alaska Native,Ethnicity for Not Socioeconomically Disadvantaged,509,488,2486.2,23.0,12.94,35.93,24.64,39.43
2025,math,5,222,Asian,Ethnicity for Not Socioeconomically Disadvantaged,25849,25683,2599.7,63.48,17.46,80.94,12.23,6.83
2025,math,5,223,Filipino,Ethnicity for Not Socioeconomically Disadvantaged,5281,5261,2557.8,43.73,22.81,66.54,20.27,13.19
2025,math,5,224,Hispanic or Latino,Ethnicity for Not Socioeconomically Disadvantaged,46800,45985,2499.0,21.25,19.07,40.32,27.89,31.79
2025,math,5,225,Native Hawaiian or Pacific Islander,Ethnicity for Not Socioeconomically Disadvantaged,478,469,2494.2,19.4,18.76,38.17,23.45,38.38
2025,math,5,226,White,Ethnicity for Not Socioeconomically Disadvantaged,52991,51960,2544.9,37.88,22.68,60.56,23.07,16.37
2025,math,5,227,Two or more races,Ethnicity for Not Socioeconomically Disadvantaged,14536,14275,2552.5,42.5,20.76,63.26,20.21,16.53
2025,math,5,240,Foster youth,Foster Status,1312,1261,2412.1,3.81,7.15,10.96,20.41,68.63
2025,math,5,241,Not foster youth,Foster Status,425616,419566,2486.7,20.43,15.67,36.11,24.83,39.06
2025,math,5,251,ARLTEL (At-Risk of becoming LTEL),English-Language Fluency,35493,35110,2395.7,0.87,3.27,4.14,16.82,79.04
2025,math,5,252,NeverEL,English-Language Fluency,295619,290804,2499.7,23.87,17.2,41.08,25.09,33.83
2015,math,6,1,All Students,All Students,470945,460624,2504.4,15.0,18.0,33.0,31.0,36.0
2015,math,6,3,Male,Gender,470945,235282,2500.0,15.0,17.0,32.0,30.0,38.0
2015,math,6,4,Female,Gender,470945,225342,2509.0,15.0,19.0,34.0,32.0,34.0
2015,math,6,6,"IFEP, RFEP, and EO (Fluent English proficient and English only)",English-Language Fluency,470945,381093,2521.6,18.0,21.0,39.0,33.0,28.0
2015,math,6,7,IFEP (Initial fluent English proficient),English-Language Fluency,470945,21613,2566.1,34.0,23.0,56.0,27.0,17.0
2015,math,6,8,RFEP (Reclassified fluent English proficient),English-Language Fluency,470945,104543,2524.1,14.0,21.0,35.0,39.0,25.0
2015,math,6,28,Migrant education,Migrant,470945,4008,2454.6,3.0,11.0,14.0,30.0,56.0
2015,math,6,31,Socioeconomically disadvantaged,Economic Status,470945,278650,2472.2,6.0,13.0,20.0,33.0,48.0
2015,math,6,74,Black or African American,Race and Ethnicity,470945,26799,2456.3,5.0,11.0,16.0,29.0,55.0
2015,math,6,75,American Indian or Alaska Native,Race and Ethnicity,470945,2539,2475.0,7.0,14.0,22.0,32.0,46.0
2015,math,6,76,Asian,Race and Ethnicity,470945,42347,2590.4,45.0,23.0,68.0,20.0,12.0
2015,math,6,77,Filipino,Race and Ethnicity,470945,12575,2548.4,25.0,26.0,51.0,31.0,18.0
2015,math,6,78,Hispanic or Latino,Race and Ethnicity,470945,245754,2474.0,6.0,14.0,20.0,33.0,47.0
2015,math,6,79,Native Hawaiian or Pacific Islander,Race and Ethnicity,470945,2320,2495.6,10.0,17.0,27.0,35.0,38.0
2015,math,6,80,White,Race and Ethnicity,470945,113483,2541.4,23.0,25.0,48.0,31.0,21.0
2015,math,6,90,Not a high school graduate,Parent Education,470945,75588,2455.0,4.0,11.0,14.0,30.0,56.0
2015,math,6,91,High school graduate,Parent Education,470945,94049,2475.1,6.0,14.0,20.0,34.0,46.0
2015,math,6,92,Some college (includes AA degree),Parent Education,470945,94068,2499.3,10.0,19.0,29.0,36.0,35.0
2015,math,6,93,College graduate,Parent Education,470945,83538,2545.4,25.0,25.0,50.0,30.0,20.0
2015,math,6,94,Graduate school/Post graduate,Parent Education,470945,58445,2582.0,41.0,24.0,66.0,22.0,12.0
2015,math,6,99,No reported disabilities,Disability Status,470945,412505,2516.4,16.0,19.0,36.0,33.0,31.0
2015,math,6,111,Not socioeconomically disadvantaged,Economic Status,470945,181974,2553.6,29.0,25.0,53.0,28.0,18.0
2015,math,6,120,ELs enrolled less than 12 months,English-Language Fluency,470945,2509,2436.0,7.0,9.0,16.0,21.0,63.0
2015,math,6,121,Declined to state,Parent Education,470945,54599,2485.9,11.0,15.0,26.0,30.0,43.0
2015,math,6,128,Reported disabilities,Disability Status,470945,48119,2400.2,3.0,5.0,8.0,15.0,78.0
2015,math,6,142,ELs enrolled 12 months or more,English-Language Fluency,470945,75380,2420.2,1.0,4.0,5.0,21.0,73.0
2015,math,6,144,Two or more races,Race and Ethnicity,470945,11839,2539.1,24.0,23.0,48.0,29.0,23.0
2015,math,6,160,"EL (English learner, excluding RFEP)",English-Language Fluency,470945,78172,2420.6,2.0,4.0,6.0,21.0,73.0
2015,math,6,180,EO (English only),English-Language Fluency,470945,254937,2516.9,18.0,21.0,38.0,31.0,31.0
2015,math,6,200,Black or African American,Ethnicity for Socioeconomically Disadvantaged,470945,19497,2442.1,3.0,9.0,12.0,28.0,61.0
2015,math,6,201,American Indian or Alaska Native,Ethnicity for Socioeconomically Disadvantaged,470945,1683,2457.9,4.0,11.0,15.0,32.0,54.0
2015,math,6,202,Asian,Ethnicity for Socioeconomically Disadvantaged,470945,15589,2542.7,25.0,24.0,49.0,30.0,22.0
2015,math,6,203,Filipino,Ethnicity for Socioeconomically Disadvantaged,470945,4474,2520.4,15.0,23.0,38.0,35.0,27.0
2015,math,6,204,Hispanic or Latino,Ethnicity for Socioeconomically Disadvantaged,470945,198281,2464.9,4.0,12.0,16.0,33.0,51.0
2015,math,6,205,Native Hawaiian or Pacific Islander,Ethnicity for Socioeconomically Disadvantaged,470945,1516,2480.4,6.0,15.0,21.0,36.0,43.0
2015,math,6,206,White,Ethnicity for Socioeconomically Disadvantaged,470945,31833,2492.3,9.0,18.0,27.0,35.0,38.0
2015,math,6,207,Two or more races,Ethnicity for Socioeconomically Disadvantaged,470945,4140,2488.0,9.0,17.0,26.0,34.0,40.0
2015,math,6,220,Black or African American,Ethnicity for Not Socioeconomically Disadvantaged,470945,7302,2494.1,11.0,17.0,28.0,34.0,38.0
2015,math,6,221,American Indian or Alaska Native,Ethnicity for Not Socioeconomically Disadvantaged,470945,856,2508.7,14.0,21.0,35.0,32.0,32.0
2015,math,6,222,Asian,Ethnicity for Not Socioeconomically Disadvantaged,470945,26758,2618.2,57.0,22.0,80.0,15.0,6.0
2015,math,6,223,Filipino,Ethnicity for Not Socioeconomically Disadvantaged,470945,8101,2563.8,31.0,28.0,58.0,28.0,14.0
2015,math,6,224,Hispanic or Latino,Ethnicity for Not Socioeconomically Disadvantaged,470945,47473,2512.0,13.0,21.0,35.0,35.0,30.0
2015,math,6,225,Native Hawaiian or Pacific Islander,Ethnicity for Not Socioeconomically Disadvantaged,470945,804,2524.2,18.0,20.0,38.0,34.0,27.0
2015,math,6,226,White,Ethnicity for Not Socioeconomically Disadvantaged,470945,81650,2560.5,29.0,28.0,57.0,29.0,14.0
2015,math,6,227,Two or more races,Ethnicity for Not Socioeconomically Disadvantaged,470945,7699,2566.5,33.0,27.0,59.0,27.0,14.0
2016,math,6,1,All Students,All Students,472954,462433,2508.5,17.0,18.0,35.0,30.0,35.0
2016,math,6,3,Male,Gender,241999,236436,2504.7,17.0,17.0,35.0,28.0,37.0
2016,math,6,4,Female,Gender,230955,225997,2512.5,17.0,19.0,36.0,31.0,33.0
2016,math,6,6,"IFEP, RFEP, and EO (Fluent English proficient and English only)",English-Language Fluency,387932,379551,2527.2,21.0,21.0,42.0,31.0,27.0
2016,math,6,7,IFEP (Initial fluent English proficient),English-Language Fluency,20871,20554,2576.0,38.0,22.0,61.0,25.0,15.0
2016,math,6,8,RFEP (Reclassified fluent English proficient),English-Language Fluency,103788,103081,2531.6,17.0,22.0,40.0,37.0,24.0
2016,math,6,28,Migrant education,Migrant,4115,4049,2453.3,4.0,11.0,15.0,29.0,56.0
2016,math,6,31,Socioeconomically disadvantaged,Economic Status,293546,287997,2474.9,8.0,14.0,22.0,32.0,46.0
2016,math,6,74,Black or African American,Race and Ethnicity,27079,25953,2454.4,6.0,12.0,17.0,28.0,55.0
2016,math,6,75,American Indian or Alaska Native,Race and Ethnicity,2567,2466,2469.5,8.0,13.0,22.0,30.0,49.0
2016,math,6,76,Asian,Race and Ethnicity,43909,43175,2599.0,49.0,22.0,71.0,18.0,11.0
2016,math,6,77,Filipino,Race and Ethnicity,11958,11827,2559.3,30.0,26.0,56.0,28.0,16.0
2016,math,6,78,Hispanic or Latino,Race and Ethnicity,252664,248895,2477.1,8.0,15.0,22.0,32.0,45.0
2016,math,6,79,Native Hawaiian or Pacific Islander,Race and Ethnicity,2437,2355,2494.5,11.0,18.0,28.0,33.0,39.0
2016,math,6,80,White,Race and Ethnicity,114783,110936,2547.5,27.0,25.0,52.0,29.0,20.0
2016,math,6,90,Not a high school graduate,Parent Education,76527,75295,2456.6,5.0,11.0,16.0,30.0,54.0
2016,math,6,91,High school graduate,Parent Education,96371,94632,2475.9,7.0,14.0,22.0,32.0,46.0
2016,math,6,92,Some college (includes AA degree),Parent Education,97655,95538,2502.5,12.0,19.0,31.0,34.0,34.0
2016,math,6,93,College graduate,Parent Education,87399,85389,2552.0,28.0,25.0,53.0,28.0,19.0
2016,math,6,94,Graduate school/Post graduate,Parent Education,62014,60255,2589.6,45.0,23.0,68.0,20.0,12.0
2016,math,6,99,No reported disabilities,Disability Status,419760,411190,2522.1,19.0,20.0,39.0,31.0,30.0
2016,math,6,111,Not socioeconomically disadvantaged,Economic Status,179408,174436,2563.9,33.0,25.0,58.0,26.0,16.0
2016,math,6,120,ELs enrolled less than 12 months,English-Language Fluency,3065,2750,2435.9,8.0,9.0,17.0,19.0,64.0
2016,math,6,121,Declined to state,Parent Education,52365,50904,2488.8,13.0,15.0,29.0,29.0,43.0
2016,math,6,128,Reported disabilities,Disability Status,53194,51243,2398.5,3.0,5.0,8.0,15.0,77.0
2016,math,6,142,ELs enrolled 12 months or more,English-Language Fluency,79723,78384,2421.8,2.0,5.0,6.0,22.0,71.0
2016,math,6,144,Two or more races,Race and Ethnicity,14112,13699,2546.4,28.0,23.0,51.0,28.0,22.0
2016,math,6,160,"EL (English learner, excluding RFEP)",English-Language Fluency,83402,81693,2422.3,2.0,5.0,7.0,22.0,71.0
2016,math,6,180,EO (English only),English-Language Fluency,263273,255916,2521.5,20.0,21.0,41.0,29.0,30.0
2016,math,6,200,Black or African American,Ethnicity for Socioeconomically Disadvantaged,20393,19545,2440.2,3.0,9.0,13.0,27.0,61.0
2016,math,6,201,American Indian or Alaska Native,Ethnicity for Socioeconomically Disadvantaged,1781,1712,2449.2,5.0,10.0,15.0,28.0,57.0
2016,math,6,202,Asian,Ethnicity for Socioeconomically Disadvantaged,16298,16083,2549.0,28.0,24.0,52.0,27.0,21.0
2016,math,6,203,Filipino,Ethnicity for Socioeconomically Disadvantaged,4382,4329,2533.5,20.0,24.0,44.0,33.0,23.0
2016,math,6,204,Hispanic or Latino,Ethnicity for Socioeconomically Disadvantaged,208455,205746,2467.7,5.0,13.0,19.0,32.0,49.0
2016,math,6,205,Native Hawaiian or Pacific Islander,Ethnicity for Socioeconomically Disadvantaged,1659,1608,2479.6,7.0,15.0,22.0,33.0,44.0
2016,math,6,206,White,Ethnicity for Socioeconomically Disadvantaged,33766,32471,2496.0,11.0,19.0,30.0,34.0,37.0
2016,math,6,207,Two or more races,Ethnicity for Socioeconomically Disadvantaged,5176,4984,2491.6,10.0,17.0,27.0,34.0,39.0
2016,math,6,220,Black or African American,Ethnicity for Not Socioeconomically Disadvantaged,6686,6408,2497.6,12.0,19.0,31.0,32.0,37.0
2016,math,6,221,American Indian or Alaska Native,Ethnicity for Not Socioeconomically Disadvantaged,786,754,2515.3,16.0,21.0,37.0,33.0,30.0
2016,math,6,222,Asian,Ethnicity for Not Socioeconomically Disadvantaged,27611,27092,2628.6,62.0,20.0,82.0,13.0,5.0
2016,math,6,223,Filipino,Ethnicity for Not Socioeconomically Disadvantaged,7576,7498,2574.2,36.0,27.0,63.0,26.0,12.0
2016,math,6,224,Hispanic or Latino,Ethnicity for Not Socioeconomically Disadvantaged,44209,43149,2522.1,17.0,23.0,40.0,33.0,27.0
2016,math,6,225,Native Hawaiian or Pacific Islander,Ethnicity for Not Socioeconomically Disadvantaged,778,747,2526.2,18.0,23.0,41.0,33.0,26.0
2016,math,6,226,White,Ethnicity for Not Socioeconomically Disadvantaged,81017,78465,2568.8,33.0,27.0,61.0,26.0,13.0
2016,math,6,227,Two or more races,Ethnicity for Not Socioeconomically Disadvantaged,8936,8715,2577.6,38.0,26.0,64.0,24.0,12.0
2017,math,6,1,All Students,All Students,473125,464954,2508.5,17.91,18.57,36.48,28.2,35.32
2017,math,6,3,Male,Gender,241187,236709,2504.4,18.14,17.56,35.7,27.13,37.17
2017,math,6,4,Female,Gender,231938,228245,2512.9,17.67,19.62,37.29,29.32,33.39
2017,math,6,6,"IFEP, RFEP, and EO (Fluent English proficient and English only)",English-Language Fluency,390686,384041,2527.4,21.24,21.42,42.65,29.72,27.62
2017,math,6,7,IFEP (Initial fluent English proficient),English-Language Fluency,19163,19026,2585.4,42.27,22.27,64.54,22.55,12.91
2017,math,6,8,RFEP (Reclassified fluent English proficient),English-Language Fluency,107827,107308,2531.3,18.09,22.88,40.97,34.88,24.15
2017,math,6,28,Migrant education,Migrant,3992,3942,2458.9,5.18,12.57,17.75,28.88,53.37
2017,math,6,31,Socioeconomically disadvantaged,Economic Status,289302,284946,2474.4,8.08,14.96,23.04,30.17,46.79
2017,math,6,74,Black or African American,Race and Ethnicity,25772,24948,2452.5,6.02,12.29,18.31,26.65,55.04
2017,math,6,75,American Indian or Alaska Native,Race and Ethnicity,2498,2407,2473.0,9.14,15.0,24.15,29.26,46.59
2017,math,6,76,Asian,Race and Ethnicity,43114,42783,2600.6,50.61,21.03,71.64,17.56,10.81
2017,math,6,77,Filipino,Race and Ethnicity,10647,10576,2561.5,31.15,26.67,57.82,26.75,15.43
2017,math,6,78,Hispanic or Latino,Race and Ethnicity,258465,255294,2477.6,8.3,15.62,23.92,30.67,45.41
2017,math,6,79,Native Hawaiian or Pacific Islander,Race and Ethnicity,2269,2235,2496.0,12.19,18.06,30.24,31.05,38.71
2017,math,6,80,White,Race and Ethnicity,110880,107897,2548.1,27.68,24.77,52.44,27.36,20.2
2017,math,6,90,Not a high school graduate,Parent Education,75351,74444,2455.5,5.22,12.04,17.26,28.01,54.72
2017,math,6,91,High school graduate,Parent Education,97805,96458,2475.0,7.65,15.07,22.71,31.01,46.28
2017,math,6,92,Some college (includes AA degree),Parent Education,97501,95746,2502.0,12.39,19.91,32.29,32.69,35.01
2017,math,6,93,College graduate,Parent Education,87917,86352,2552.6,29.05,24.87,53.92,27.05,19.03
2017,math,6,94,Graduate school/Post graduate,Parent Education,63090,61865,2590.6,45.84,23.13,68.96,19.28,11.76
2017,math,6,99,No reported disabilities,Disability Status,417846,411895,2522.6,19.76,20.3,40.06,29.88,30.06
2017,math,6,111,Not socioeconomically disadvantaged,Economic Status,183823,180008,2562.5,33.46,24.29,57.75,25.09,17.16
2017,math,6,120,ELs enrolled less than 12 months,English-Language Fluency,3490,3227,2423.9,7.05,7.67,14.73,18.36,66.92
2017,math,6,121,Declined to state,Parent Education,51113,49871,2487.2,13.34,16.01,29.35,27.57,43.08
2017,math,6,128,Reported disabilities,Disability Status,55279,53059,2399.3,3.47,5.18,8.65,15.18,76.17
2017,math,6,142,ELs enrolled 12 months or more,English-Language Fluency,76899,75977,2418.5,1.74,4.87,6.62,21.13,72.26
2017,math,6,144,Two or more races,Race and Ethnicity,16470,16085,2549.9,30.25,22.63,52.88,25.76,21.36
2017,math,6,160,"EL (English learner, excluding RFEP)",English-Language Fluency,81152,79905,2418.7,1.96,4.99,6.95,21.01,72.04
2017,math,6,170,EverEL,English-Language Fluency,188979,187213,2483.3,11.21,15.24,26.45,28.96,44.58
2017,math,6,180,EO (English only),English-Language Fluency,263696,257707,2521.4,21.0,20.74,41.74,28.1,30.16
2017,math,6,190,TBD (To be determined),English-Language Fluency,403,328,2425.1,7.72,9.88,17.59,16.98,65.43
2017,math,6,200,Black or African American,Ethnicity for Socioeconomically Disadvantaged,19284,18664,2437.3,3.69,9.89,13.58,25.21,61.21
2017,math,6,201,American Indian or Alaska Native,Ethnicity for Socioeconomically Disadvantaged,1654,1597,2450.3,4.39,11.59,15.98,29.07,54.95
2017,math,6,202,Asian,Ethnicity for Socioeconomically Disadvantaged,15465,15358,2549.0,28.65,23.58,52.23,26.68,21.09
2017,math,6,203,Filipino,Ethnicity for Socioeconomically Disadvantaged,3733,3697,2534.3,20.88,23.99,44.87,32.65,22.48
2017,math,6,204,Hispanic or Latino,Ethnicity for Socioeconomically Disadvantaged,208857,206600,2467.8,6.14,14.03,20.17,30.47,49.36
2017,math,6,205,Native Hawaiian or Pacific Islander,Ethnicity for Socioeconomically Disadvantaged,1508,1481,2479.3,8.25,14.75,23.0,31.6,45.4
2017,math,6,206,White,Ethnicity for Socioeconomically Disadvantaged,31604,30626,2495.5,11.61,18.72,30.32,32.33,37.34
2017,math,6,207,Two or more races,Ethnicity for Socioeconomically Disadvantaged,5576,5397,2491.0,11.2,17.44,28.64,31.89,39.47
2017,math,6,220,Black or African American,Ethnicity for Not Socioeconomically Disadvantaged,6488,6284,2497.7,12.92,19.45,32.36,30.93,36.71
2017,math,6,221,American Indian or Alaska Native,Ethnicity for Not Socioeconomically Disadvantaged,844,810,2517.6,18.52,21.73,40.25,29.63,30.12
2017,math,6,222,Asian,Ethnicity for Not Socioeconomically Disadvantaged,27649,27425,2629.5,62.9,19.6,82.5,12.45,5.05
2017,math,6,223,Filipino,Ethnicity for Not Socioeconomically Disadvantaged,6914,6879,2576.1,36.66,28.11,64.78,23.58,11.64
2017,math,6,224,Hispanic or Latino,Ethnicity for Not Socioeconomically Disadvantaged,49608,48694,2519.4,17.45,22.36,39.81,31.53,28.66
2017,math,6,225,Native Hawaiian or Pacific Islander,Ethnicity for Not Socioeconomically Disadvantaged,761,754,2528.9,19.89,24.54,44.43,29.97,25.6
2017,math,6,226,White,Ethnicity for Not Socioeconomically Disadvantaged,79276,77271,2569.0,34.05,27.16,61.21,25.39,13.4
2017,math,6,227,Two or more races,Ethnicity for Not Socioeconomically Disadvantaged,10894,10688,2579.6,39.86,25.26,65.12,22.66,12.22
2018,math,6,1,All Students,All Students,482837,473798,2511.0,18.86,18.64,37.49,27.81,34.7
2018,math,6,3,Male,Gender,247021,242084,2507.2,19.15,17.56,36.71,26.82,36.48
2018,math,6,4,Female,Gender,235816,231714,2515.0,18.56,19.76,38.32,28.85,32.84
2018,math,6,6,"IFEP, RFEP, and EO (Fluent English proficient and English only)",English-Language Fluency,402901,395437,2528.9,22.16,21.27,43.43,29.13,27.44
2018,math,6,7,IFEP (Initial fluent English proficient),English-Language Fluency,19614,19423,2589.9,44.53,21.73,66.26,21.61,12.13
2018,math,6,8,RFEP (Reclassified fluent English proficient),English-Language Fluency,111640,110873,2532.3,19.02,22.72,41.74,34.22,24.04
2018,math,6,28,Migrant education,Migrant,3916,3859,2459.9,5.71,11.91,17.61,29.11,53.28
2018,math,6,31,Socioeconomically disadvantaged,Economic Status,300324,295467,2478.5,9.34,15.34,24.68,29.97,45.35
2018,math,6,74,Black or African American,Race and Ethnicity,25837,25047,2454.3,6.52,12.2,18.72,26.52,54.76
2018,math,6,75,American Indian or Alaska Native,Race and Ethnicity,2519,2411,2471.7,9.54,14.9,24.44,27.1,48.46
2018,math,6,76,Asian,Race and Ethnicity,43520,43134,2603.5,52.12,20.64,72.76,16.65,10.58
2018,math,6,77,Filipino,Race and Ethnicity,10383,10299,2565.3,33.13,26.47,59.6,25.29,15.11
2018,math,6,78,Hispanic or Latino,Race and Ethnicity,266958,263266,2481.6,9.4,16.07,25.47,30.6,43.93
2018,math,6,79,Native Hawaiian or Pacific Islander,Race and Ethnicity,2197,2159,2504.4,13.97,18.94,32.92,32.08,35.0
2018,math,6,80,White,Race and Ethnicity,109936,106629,2549.0,28.69,24.4,53.09,26.38,20.53
2018,math,6,90,Not a high school graduate,Parent Education,74318,73243,2458.8,5.79,12.53,18.32,28.23,53.45
2018,math,6,91,High school graduate,Parent Education,100744,99141,2477.0,8.47,15.02,23.49,30.93,45.58
2018,math,6,92,Some college (includes AA degree),Parent Education,99213,97331,2504.2,13.43,20.14,33.57,31.97,34.46
2018,math,6,93,College graduate,Parent Education,89395,87721,2552.7,29.59,24.53,54.12,26.25,19.63
2018,math,6,94,Graduate school/Post graduate,Parent Education,64563,63186,2592.4,46.95,22.74,69.68,18.61,11.71
2018,math,6,99,No reported disabilities,Disability Status,425132,418484,2525.3,20.85,20.35,41.21,29.41,29.38
2018,math,6,111,Not socioeconomically disadvantaged,Economic Status,182513,178331,2564.9,34.63,24.09,58.72,24.23,17.05
2018,math,6,120,ELs enrolled less than 12 months,English-Language Fluency,2898,2706,2433.5,7.42,9.35,16.77,19.4,63.84
2018,math,6,121,Declined to state,Parent Education,54340,53001,2493.1,15.11,16.44,31.55,27.31,41.14
2018,math,6,128,Reported disabilities,Disability Status,57705,55314,2402.3,3.74,5.62,9.35,15.67,74.98
2018,math,6,142,ELs enrolled 12 months or more,English-Language Fluency,75495,74416,2420.0,1.9,5.13,7.03,21.22,71.75
2018,math,6,144,Two or more races,Race and Ethnicity,17982,17544,2550.3,30.7,22.27,52.97,24.99,22.04
2018,math,6,160,"EL (English learner, excluding RFEP)",English-Language Fluency,78921,77611,2420.4,2.09,5.28,7.37,21.14,71.49
2018,math,6,170,EverEL,English-Language Fluency,190561,188484,2486.2,12.05,15.54,27.59,28.84,43.57
2018,math,6,180,EO (English only),English-Language Fluency,271647,265141,2523.0,21.84,20.63,42.47,27.55,29.98
2018,math,6,190,TBD (To be determined),English-Language Fluency,312,248,2422.7,11.07,5.74,16.8,16.39,66.8
2018,math,6,200,Black or African American,Ethnicity for Socioeconomically Disadvantaged,19336,18750,2439.8,4.19,10.06,14.24,25.27,60.49
2018,math,6,201,American Indian or Alaska Native,Ethnicity for Socioeconomically Disadvantaged,1683,1613,2450.3,5.52,11.6,17.12,25.93,56.95
2018,math,6,202,Asian,Ethnicity for Socioeconomically Disadvantaged,16433,16297,2554.1,31.31,23.63,54.94,24.92,20.14
2018,math,6,203,Filipino,Ethnicity for Socioeconomically Disadvantaged,3771,3731,2538.8,22.47,25.01,47.48,31.05,21.47
2018,math,6,204,Hispanic or Latino,Ethnicity for Socioeconomically Disadvantaged,215487,212822,2471.6,7.21,14.4,21.61,30.57,47.82
2018,math,6,205,Native Hawaiian or Pacific Islander,Ethnicity for Socioeconomically Disadvantaged,1439,1415,2485.2,8.01,17.29,25.3,33.52,41.18
2018,math,6,206,White,Ethnicity for Socioeconomically Disadvantaged,33895,32798,2498.7,13.31,18.85,32.16,31.09,36.75
2018,math,6,207,Two or more races,Ethnicity for Socioeconomically Disadvantaged,6406,6213,2495.6,12.61,18.3,30.92,30.69,38.39
2018,math,6,220,Black or African American,Ethnicity for Not Socioeconomically Disadvantaged,6501,6297,2497.5,13.47,18.57,32.04,30.28,37.68
2018,math,6,221,American Indian or Alaska Native,Ethnicity for Not Socioeconomically Disadvantaged,836,798,2515.0,17.67,21.55,39.22,29.45,31.33
2018,math,6,222,Asian,Ethnicity for Not Socioeconomically Disadvantaged,27087,26837,2633.4,64.76,18.82,83.58,11.63,4.78
2018,math,6,223,Filipino,Ethnicity for Not Socioeconomically Disadvantaged,6612,6568,2580.4,39.18,27.3,66.48,22.02,11.5
2018,math,6,224,Hispanic or Latino,Ethnicity for Not Socioeconomically Disadvantaged,51471,50444,2523.8,18.64,23.12,41.76,30.72,27.52
2018,math,6,225,Native Hawaiian or Pacific Islander,Ethnicity for Not Socioeconomically Disadvantaged,758,744,2541.0,25.3,22.07,47.38,29.34,23.28
2018,math,6,226,White,Ethnicity for Not Socioeconomically Disadvantaged,76041,73831,2571.3,35.52,26.87,62.39,24.29,13.32
2018,math,6,227,Two or more races,Ethnicity for Not Socioeconomically Disadvantaged,11576,11331,2580.2,40.62,24.44,65.06,21.86,13.08
2019,math,6,1,All Students,All Students,467657,459313,2513.8,19.9,18.62,38.52,27.27,34.21
2019,math,6,3,Male,Gender,239861,235336,2511.1,20.35,17.71,38.06,26.32,35.62
2019,math,6,4,Female,Gender,227796,223977,2516.7,19.43,19.57,39.0,28.27,32.72
2019,math,6,6,"IFEP, RFEP, and EO (Fluent English proficient and English only)",English-Language Fluency,391431,384423,2531.6,23.36,21.19,44.54,28.36,27.1
2019,math,6,7,IFEP (Initial fluent English proficient),English-Language Fluency,18231,18064,2593.1,46.03,21.5,67.53,20.35,12.12
2019,math,6,8,RFEP (Reclassified fluent English proficient),English-Language Fluency,106108,105587,2537.4,21.11,23.18,44.29,32.92,22.79
2019,math,6,28,Migrant education,Migrant,3701,3657,2465.2,6.9,13.41,20.31,29.01,50.68
2019,math,6,31,Socioeconomically disadvantaged,Economic Status,288301,283887,2481.6,10.26,15.73,25.99,29.33,44.68
2019,math,6,50,Armed forces family member,Military Status,4419,4318,2539.5,24.0,23.81,47.81,29.6,22.59
2019,math,6,51,Not armed forces family member,Military Status,463238,454995,2513.6,19.86,18.57,38.43,27.25,34.32
2019,math,6,52,Homeless,Homeless Status,17534,16978,2464.7,7.44,13.5,20.94,27.64,51.41
2019,math,6,53,Not homeless,Homeless Status,450123,442335,2515.7,20.38,18.82,39.19,27.26,33.55
2019,math,6,74,Black or African American,Race and Ethnicity,25002,24226,2456.8,7.2,12.41,19.6,26.02,54.37
2019,math,6,75,American Indian or Alaska Native,Race and Ethnicity,2432,2347,2476.4,10.03,15.88,25.92,27.03,47.05
2019,math,6,76,Asian,Race and Ethnicity,42799,42457,2607.0,53.81,19.91,73.72,16.18,10.11
2019,math,6,77,Filipino,Race and Ethnicity,9394,9324,2566.9,34.9,25.09,59.99,25.0,15.01
2019,math,6,78,Hispanic or Latino,Race and Ethnicity,258272,254992,2484.9,10.36,16.45,26.82,30.01,43.18
2019,math,6,79,Native Hawaiian or Pacific Islander,Race and Ethnicity,2196,2146,2499.2,13.02,18.48,31.5,31.36,37.14
2019,math,6,80,White,Race and Ethnicity,105871,102803,2550.2,29.38,23.91,53.29,26.09,20.62
2019,math,6,90,Not a high school graduate,Parent Education,68710,67873,2461.8,6.77,12.73,19.5,27.76,52.74
2019,math,6,91,High school graduate,Parent Education,97825,96422,2479.4,9.09,15.61,24.7,30.1,45.2
2019,math,6,92,Some college (includes AA degree),Parent Education,95761,93980,2505.3,14.01,19.87,33.88,31.4,34.72
2019,math,6,93,College graduate,Parent Education,89510,87814,2553.5,30.4,23.9,54.3,25.81,19.88
2019,math,6,94,Graduate school/Post graduate,Parent Education,64845,63530,2593.6,47.43,22.15,69.58,18.72,11.7
2019,math,6,99,No reported disabilities,Disability Status,410074,404131,2528.5,22.06,20.39,42.46,28.81,28.73
2019,math,6,111,Not socioeconomically disadvantaged,Economic Status,179356,175426,2565.9,35.49,23.3,58.79,23.94,17.27
2019,math,6,120,ELs enrolled less than 12 months,English-Language Fluency,3352,3086,2419.0,5.76,7.91,13.66,17.24,69.1
2019,math,6,121,Declined to state,Parent Education,50748,49532,2495.7,16.22,16.3,32.52,26.82,40.66
2019,math,6,128,Reported disabilities,Disability Status,57583,55182,2406.1,4.03,5.61,9.65,15.97,74.39
2019,math,6,142,ELs enrolled 12 months or more,English-Language Fluency,71660,70818,2422.9,1.93,5.32,7.25,21.89,70.87
2019,math,6,144,Two or more races,Race and Ethnicity,18545,18104,2552.8,32.43,21.52,53.95,23.95,22.1
2019,math,6,160,"EL (English learner, excluding RFEP)",English-Language Fluency,75605,74446,2422.6,2.08,5.42,7.5,21.67,70.82
2019,math,6,170,EverEL,English-Language Fluency,181713,180033,2489.9,13.24,15.84,29.08,28.27,42.65
2019,math,6,180,EO (English only),English-Language Fluency,267092,260772,2524.9,22.7,20.36,43.06,27.07,29.88
2019,math,6,190,TBD (To be determined),English-Language Fluency,307,214,2418.1,6.6,4.72,11.32,19.81,68.87
2019,math,6,200,Black or African American,Ethnicity for Socioeconomically Disadvantaged,18810,18242,2442.1,4.79,10.11,14.9,24.84,60.26
2019,math,6,201,American Indian or Alaska Native,Ethnicity for Socioeconomically Disadvantaged,1620,1562,2455.2,5.84,13.49,19.33,25.82,54.85
2019,math,6,202,Asian,Ethnicity for Socioeconomically Disadvantaged,15518,15411,2558.1,33.4,22.85,56.24,24.21,19.54
2019,math,6,203,Filipino,Ethnicity for Socioeconomically Disadvantaged,3276,3249,2542.1,25.36,23.82,49.18,29.12,21.7
2019,math,6,204,Hispanic or Latino,Ethnicity for Socioeconomically Disadvantaged,206211,203963,2475.0,8.12,14.94,23.06,29.9,47.03
2019,math,6,205,Native Hawaiian or Pacific Islander,Ethnicity for Socioeconomically Disadvantaged,1501,1466,2487.1,10.53,16.34,26.86,32.47,40.67
2019,math,6,206,White,Ethnicity for Socioeconomically Disadvantaged,33187,32086,2501.7,13.82,19.49,33.31,30.81,35.87
2019,math,6,207,Two or more races,Ethnicity for Socioeconomically Disadvantaged,6583,6377,2496.3,13.88,17.49,31.36,29.45,39.19
2019,math,6,220,Black or African American,Ethnicity for Not Socioeconomically Disadvantaged,6192,5984,2501.5,14.52,19.42,33.94,29.62,36.44
2019,math,6,221,American Indian or Alaska Native,Ethnicity for Not Socioeconomically Disadvantaged,812,785,2518.4,18.34,20.64,38.98,29.43,31.59
2019,math,6,222,Asian,Ethnicity for Not Socioeconomically Disadvantaged,27281,27046,2634.9,65.44,18.23,83.67,11.6,4.73
2019,math,6,223,Filipino,Ethnicity for Not Socioeconomically Disadvantaged,6118,6075,2580.3,40.01,25.76,65.77,22.8,11.43
2019,math,6,224,Hispanic or Latino,Ethnicity for Not Socioeconomically Disadvantaged,52061,51029,2524.4,19.34,22.49,41.83,30.42,27.75
2019,math,6,225,Native Hawaiian or Pacific Islander,Ethnicity for Not Socioeconomically Disadvantaged,695,680,2525.2,18.38,23.09,41.47,28.97,29.56
2019,math,6,226,White,Ethnicity for Not Socioeconomically Disadvantaged,72684,70717,2572.3,36.44,25.91,62.35,23.94,13.7
2019,math,6,227,Two or more races,Ethnicity for Not Socioeconomically Disadvantaged,11962,11727,2583.6,42.52,23.71,66.23,20.96,12.81
2021,math,6,1,All Students,All Students,433526,87980,2493.9,15.09,15.67,30.76,27.47,41.77
2021,math,6,3,Male,Gender,222635,45095,2494.0,15.52,15.7,31.21,27.01,41.77
2021,math,6,4,Female,Gender,210817,42867,2493.8,14.64,15.65,30.28,27.94,41.78
2021,math,6,6,"IFEP, RFEP, and EO (Fluent English proficient and English only)",English-Language Fluency,353850,72425,2512.1,17.99,18.16,36.15,29.48,34.37
2021,math,6,7,IFEP (Initial fluent English proficient),English-Language Fluency,17526,3246,2585.7,42.39,19.57,61.95,22.33,15.72
2021,math,6,8,RFEP (Reclassified fluent English proficient),English-Language Fluency,84459,15336,2518.9,16.2,19.56,35.76,34.02,30.22
2021,math,6,28,Migrant education,Migrant,3208,708,2435.1,1.57,9.71,11.29,24.57,64.14
2021,math,6,29,Not migrant education,Migrant,430318,87272,2494.4,15.2,15.72,30.92,27.49,41.59
2021,math,6,31,Socioeconomically disadvantaged,Economic Status,260092,48787,2456.2,6.09,11.46,17.55,27.16,55.3
2021,math,6,50,Armed forces family member,Military Status,4841,832,2503.5,13.72,16.85,30.57,34.54,34.9
2021,math,6,51,Not armed forces family member,Military Status,428685,87148,2493.8,15.1,15.66,30.76,27.4,41.84
2021,math,6,52,Homeless,Homeless Status,14722,2121,2441.9,4.0,9.67,13.67,25.54,60.79
2021,math,6,53,Not homeless,Homeless Status,418804,85859,2495.2,15.36,15.82,31.18,27.52,41.31
2021,math,6,74,Black or African American,Race and Ethnicity,22951,3834,2445.1,4.56,10.95,15.51,24.67,59.82
2021,math,6,75,American Indian or Alaska Native,Race and Ethnicity,1887,611,2451.9,4.77,10.2,14.97,28.29,56.74
2021,math,6,76,Asian,Race and Ethnicity,40355,7892,2591.0,46.58,18.8,65.38,19.29,15.33
2021,math,6,77,Filipino,Race and Ethnicity,8862,1611,2546.9,26.37,23.88,50.25,28.74,21.01
2021,math,6,78,Hispanic or Latino,Race and Ethnicity,243088,44103,2458.3,6.18,11.7,17.88,27.93,54.2
2021,math,6,79,Native Hawaiian or Pacific Islander,Race and Ethnicity,1907,455,2478.5,7.98,15.74,23.73,31.04,45.23
2021,math,6,80,White,Race and Ethnicity,92024,24106,2524.6,20.35,21.24,41.58,29.8,28.61
2021,math,6,90,Not a high school graduate,Parent Education,53480,10858,2434.2,3.39,8.58,11.97,23.43,64.6
2021,math,6,91,High school graduate,Parent Education,82679,18107,2451.0,5.13,10.36,15.49,27.07,57.45
2021,math,6,92,Some college (includes AA degree),Parent Education,82626,18612,2479.6,8.24,14.9,23.13,32.24,44.62
2021,math,6,93,College graduate,Parent Education,80744,18347,2530.1,21.24,21.98,43.22,29.94,26.84
2021,math,6,94,Graduate school/Post graduate,Parent Education,60009,14585,2577.3,40.02,21.82,61.83,22.28,15.88
2021,math,6,99,No reported disabilities,Disability Status,377671,77788,2506.0,16.55,17.06,33.61,29.1,37.29
2021,math,6,111,Not socioeconomically disadvantaged,Economic Status,173434,39193,2540.6,26.22,20.89,47.11,27.86,25.03
2021,math,6,120,ELs enrolled less than 12 months,English-Language Fluency,1329,159,2411.6,3.16,6.96,10.13,15.19,74.68
2021,math,6,121,Declined to state,Parent Education,73907,7455,2467.5,9.16,13.14,22.3,26.45,51.25
2021,math,6,128,Reported disabilities,Disability Status,55855,10192,2401.5,3.87,5.07,8.94,15.0,76.06
2021,math,6,142,ELs enrolled 12 months or more,English-Language Fluency,77610,15147,2409.1,1.5,4.02,5.52,18.06,76.42
2021,math,6,144,Two or more races,Race and Ethnicity,22452,5368,2528.8,23.74,19.98,43.72,26.47,29.81
2021,math,6,160,"EL (English learner, excluding RFEP)",English-Language Fluency,79422,15516,2408.9,1.51,4.01,5.52,17.98,76.49
2021,math,6,170,EverEL,English-Language Fluency,163881,30852,2463.7,8.82,11.75,20.57,25.96,53.47
2021,math,6,180,EO (English only),English-Language Fluency,251865,53843,2505.7,17.02,17.68,34.7,28.63,36.67
2021,math,6,190,TBD (To be determined),English-Language Fluency,140,11,2466.3,0.0,9.09,9.09,45.45,45.45
2021,math,6,200,Black or African American,Ethnicity for Socioeconomically Disadvantaged,16832,2659,2431.0,2.85,9.55,12.4,22.07,65.53
2021,math,6,201,American Indian or Alaska Native,Ethnicity for Socioeconomically Disadvantaged,1279,414,2435.8,2.92,7.79,10.71,25.3,63.99
2021,math,6,202,Asian,Ethnicity for Socioeconomically Disadvantaged,14120,2650,2522.4,20.96,19.79,40.75,28.26,30.99
2021,math,6,203,Filipino,Ethnicity for Socioeconomically Disadvantaged,3007,517,2524.0,17.51,21.21,38.72,32.1,29.18
2021,math,6,204,Hispanic or Latino,Ethnicity for Socioeconomically Disadvantaged,186625,33151,2446.7,4.36,9.98,14.34,26.46,59.2
2021,math,6,205,Native Hawaiian or Pacific Islander,Ethnicity for Socioeconomically Disadvantaged,1193,280,2461.9,4.3,13.62,17.92,30.11,51.97
2021,math,6,206,White,Ethnicity for Socioeconomically Disadvantaged,28843,7257,2477.0,8.47,14.76,23.23,30.96,45.81
2021,math,6,207,Two or more races,Ethnicity for Socioeconomically Disadvantaged,8193,1859,2470.7,8.78,13.27,22.05,28.82,49.13
2021,math,6,220,Black or African American,Ethnicity for Not Socioeconomically Disadvantaged,6119,1175,2477.0,8.43,14.11,22.55,30.55,46.9
2021,math,6,221,American Indian or Alaska Native,Ethnicity for Not Socioeconomically Disadvantaged,608,197,2485.7,8.63,15.23,23.86,34.52,41.62
2021,math,6,222,Asian,Ethnicity for Not Socioeconomically Disadvantaged,26235,5242,2625.6,59.47,18.31,77.78,14.77,7.45
2021,math,6,223,Filipino,Ethnicity for Not Socioeconomically Disadvantaged,5855,1094,2557.7,30.55,25.14,55.69,27.16,17.16
2021,math,6,224,Hispanic or Latino,Ethnicity for Not Socioeconomically Disadvantaged,56463,10952,2493.5,11.66,16.87,28.53,32.34,39.13
2021,math,6,225,Native Hawaiian or Pacific Islander,Ethnicity for Not Socioeconomically Disadvantaged,714,175,2505.4,13.95,19.19,33.14,32.56,34.3
2021,math,6,226,White,Ethnicity for Not Socioeconomically Disadvantaged,63181,16849,2545.0,25.46,24.02,49.48,29.3,21.22
2021,math,6,227,Two or more races,Ethnicity for Not Socioeconomically Disadvantaged,14259,3509,2559.4,31.65,23.52,55.16,25.24,19.6
2022,math,6,1,All Students,All Students,438426,426776,2497.6,16.44,16.02,32.47,26.96,40.57
2022,math,6,3,Male,Gender,223940,217921,2499.7,17.44,16.3,33.74,26.51,39.75
2022,math,6,4,Female,Gender,214292,208673,2495.3,15.41,15.73,31.13,27.43,41.44
2022,math,6,6,"IFEP, RFEP, and EO (Fluent English proficient and English only)",English-Language Fluency,362398,352642,2515.8,19.58,18.49,38.07,28.59,33.34
2022,math,6,7,IFEP (Initial fluent English proficient),English-Language Fluency,17338,17052,2581.2,40.89,20.33,61.22,22.74,16.04
2022,math,6,8,RFEP (Reclassified fluent English proficient),English-Language Fluency,87800,86880,2523.9,18.27,20.0,38.27,32.86,28.87
2022,math,6,28,Migrant education,Migrant,3197,3152,2444.8,4.51,9.8,14.31,26.62,59.07
2022,math,6,29,Not migrant education,Migrant,435229,423624,2498.0,16.53,16.07,32.6,26.96,40.44
2022,math,6,31,Socioeconomically disadvantaged,Economic Status,265211,258346,2464.6,7.84,12.68,20.52,27.73,51.74
2022,math,6,50,Armed forces family member,Military Status,5855,5692,2508.7,15.85,19.02,34.87,30.69,34.45
2022,math,6,51,Not armed forces family member,Military Status,432571,421084,2497.4,16.45,15.98,32.43,26.91,40.66
2022,math,6,52,Homeless,Homeless Status,14090,13549,2444.9,5.43,10.24,15.67,25.3,59.03
2022,math,6,53,Not homeless,Homeless Status,424336,413227,2499.3,16.81,16.21,33.02,27.01,39.97
2022,math,6,74,Black or African American,Race and Ethnicity,22863,21648,2440.7,5.33,9.73,15.07,23.79,61.14
2022,math,6,75,American Indian or Alaska Native,Race and Ethnicity,1956,1827,2460.0,7.62,12.45,20.08,28.03,51.89
2022,math,6,76,Asian,Race and Ethnicity,41432,40929,2595.7,48.72,19.71,68.43,17.93,13.64
2022,math,6,77,Filipino,Race and Ethnicity,9957,9824,2554.8,30.04,23.22,53.26,27.39,19.35
2022,math,6,78,Hispanic or Latino,Race and Ethnicity,246613,241136,2466.9,7.69,13.13,20.82,28.51,50.67
2022,math,6,79,Native Hawaiian or Pacific Islander,Race and Ethnicity,1874,1790,2481.3,10.13,14.55,24.68,30.5,44.82
2022,math,6,80,White,Race and Ethnicity,90651,87462,2536.4,24.63,22.18,46.82,27.86,25.32
2022,math,6,90,Not a high school graduate,Parent Education,58678,57288,2442.5,4.52,9.68,14.2,25.04,60.76
2022,math,6,91,High school graduate,Parent Education,92430,90044,2459.9,6.46,11.93,18.39,28.01,53.6
2022,math,6,92,Some college (includes AA degree),Parent Education,87467,84899,2486.5,10.26,16.29,26.55,31.15,42.31
2022,math,6,93,College graduate,Parent Education,86706,84583,2537.4,24.95,21.66,46.61,28.03,25.36
2022,math,6,94,Graduate school/Post graduate,Parent Education,64750,63161,2580.8,41.87,21.74,63.61,21.02,15.37
2022,math,6,99,No reported disabilities,Disability Status,383221,374766,2510.9,18.18,17.49,35.67,28.63,35.71
2022,math,6,111,Not socioeconomically disadvantaged,Economic Status,173215,168430,2548.1,29.64,21.14,50.78,25.77,23.45
2022,math,6,120,ELs enrolled less than 12 months,English-Language Fluency,3357,3052,2394.7,3.65,4.93,8.58,14.11,77.31
2022,math,6,121,Declined to state,Parent Education,47935,46447,2473.7,11.81,13.31,25.12,25.82,49.06
2022,math,6,128,Reported disabilities,Disability Status,55205,52010,2401.2,3.93,5.44,9.37,14.92,75.71
2022,math,6,142,ELs enrolled 12 months or more,English-Language Fluency,71729,70330,2411.4,1.43,4.25,5.68,19.42,74.9
2022,math,6,144,Two or more races,Race and Ethnicity,23080,22160,2531.2,25.79,19.73,45.52,25.7,28.78
2022,math,6,160,"EL (English learner, excluding RFEP)",English-Language Fluency,75638,73881,2410.5,1.52,4.26,5.78,19.17,75.05
2022,math,6,170,EverEL,English-Language Fluency,163438,160761,2471.8,10.58,12.77,23.34,26.57,50.08
2022,math,6,180,EO (English only),English-Language Fluency,257260,248710,2508.6,18.57,17.84,36.41,27.51,36.09
2022,math,6,190,TBD (To be determined),English-Language Fluency,178,100,2392.9,4.0,4.0,8.0,14.0,78.0
2022,math,6,200,Black or African American,Ethnicity for Socioeconomically Disadvantaged,16917,15969,2425.7,3.35,7.58,10.93,21.95,67.13
2022,math,6,201,American Indian or Alaska Native,Ethnicity for Socioeconomically Disadvantaged,1326,1232,2439.3,3.58,10.25,13.83,26.61,59.56
2022,math,6,202,Asian,Ethnicity for Socioeconomically Disadvantaged,15006,14804,2542.8,28.45,20.82,49.27,25.48,25.26
2022,math,6,203,Filipino,Ethnicity for Socioeconomically Disadvantaged,3364,3308,2530.2,21.33,21.69,43.03,30.92,26.05
2022,math,6,204,Hispanic or Latino,Ethnicity for Socioeconomically Disadvantaged,189127,185216,2456.4,5.67,11.61,17.28,27.95,54.78
2022,math,6,205,Native Hawaiian or Pacific Islander,Ethnicity for Socioeconomically Disadvantaged,1252,1193,2462.2,6.3,11.59,17.88,30.06,52.06
2022,math,6,206,White,Ethnicity for Socioeconomically Disadvantaged,29465,28287,2489.1,11.71,16.84,28.54,30.19,41.27
2022,math,6,207,Two or more races,Ethnicity for Socioeconomically Disadvantaged,8754,8337,2476.9,10.26,14.84,25.11,28.37,46.53
2022,math,6,220,Black or African American,Ethnicity for Not Socioeconomically Disadvantaged,5946,5679,2482.9,10.92,15.8,26.72,28.98,44.3
2022,math,6,221,American Indian or Alaska Native,Ethnicity for Not Socioeconomically Disadvantaged,630,595,2503.0,15.99,17.0,33.0,30.98,36.03
2022,math,6,222,Asian,Ethnicity for Not Socioeconomically Disadvantaged,26426,26125,2625.6,60.2,19.08,79.28,13.65,7.07
2022,math,6,223,Filipino,Ethnicity for Not Socioeconomically Disadvantaged,6593,6516,2567.3,34.46,23.99,58.45,25.6,15.94
2022,math,6,224,Hispanic or Latino,Ethnicity for Not Socioeconomically Disadvantaged,57486,55920,2501.5,14.37,18.17,32.54,30.39,37.07
2022,math,6,225,Native Hawaiian or Pacific Islander,Ethnicity for Not Socioeconomically Disadvantaged,622,597,2519.5,17.79,20.47,38.26,31.38,30.37
2022,math,6,226,White,Ethnicity for Not Socioeconomically Disadvantaged,61186,59175,2559.0,30.81,24.74,55.55,26.75,17.7
2022,math,6,227,Two or more races,Ethnicity for Not Socioeconomically Disadvantaged,14326,13823,2563.9,35.14,22.68,57.82,24.09,18.09
2022,math,6,240,Foster youth,Foster Status,1572,1460,2422.4,3.22,7.48,10.7,22.15,67.15
2022,math,6,241,Not foster youth,Foster Status,436854,425316,2497.8,16.49,16.05,32.54,26.97,40.48
2023,math,6,1,All Students,All Students,435508,427603,2497.7,17.35,15.84,33.19,25.78,41.03
2023,math,6,3,Male,Gender,222876,218715,2500.9,18.58,16.25,34.84,25.34,39.82
2023,math,6,4,Female,Gender,212404,208680,2494.4,16.06,15.4,31.47,26.23,42.3
2023,math,6,6,"IFEP, RFEP, and EO (Fluent English proficient and English only)",English-Language Fluency,360678,354084,2516.2,20.64,18.23,38.87,27.31,33.82
2023,math,6,7,IFEP (Initial fluent English proficient),English-Language Fluency,16773,16628,2584.6,43.2,19.74,62.94,21.15,15.91
2023,math,6,8,RFEP (Reclassified fluent English proficient),English-Language Fluency,84439,83870,2525.6,19.82,20.03,39.84,31.24,28.92
2023,math,6,28,Migrant education,Migrant,3397,3371,2443.2,4.96,10.63,15.58,24.19,60.23
2023,math,6,29,Not migrant education,Migrant,432111,424232,2498.1,17.45,15.88,33.33,25.79,40.88
2023,math,6,31,Socioeconomically disadvantaged,Economic Status,274576,269706,2465.3,8.8,12.79,21.6,26.5,51.9
2023,math,6,50,Armed forces family member,Military Status,5847,5759,2507.8,17.5,18.23,35.73,28.99,35.28
2023,math,6,51,Not armed forces family member,Military Status,429661,421844,2497.6,17.35,15.8,33.16,25.73,41.11
2023,math,6,52,Homeless,Homeless Status,14049,13630,2440.3,5.4,9.53,14.92,23.5,61.58
2023,math,6,53,Not homeless,Homeless Status,421459,413973,2499.6,17.75,16.04,33.79,25.85,40.36
2023,math,6,74,Black or African American,Race and Ethnicity,22423,21687,2440.1,5.96,9.81,15.77,22.25,61.98
2023,math,6,75,American Indian or Alaska Native,Race and Ethnicity,1864,1766,2455.0,8.68,11.0,19.68,24.05,56.27
2023,math,6,76,Asian,Race and Ethnicity,41731,41379,2597.2,50.04,19.03,69.08,17.02,13.9
2023,math,6,77,Filipino,Race and Ethnicity,9622,9561,2556.0,31.14,23.35,54.49,26.03,19.48
2023,math,6,78,Hispanic or Latino,Race and Ethnicity,245997,242242,2466.8,8.56,13.16,21.71,27.17,51.11
2023,math,6,79,Native Hawaiian or Pacific Islander,Race and Ethnicity,1827,1781,2475.3,10.06,14.05,24.11,28.95,46.94
2023,math,6,80,White,Race and Ethnicity,88604,86352,2536.7,25.53,21.65,47.18,27.19,25.63
2023,math,6,90,Not a high school graduate,Parent Education,55002,54187,2441.4,5.09,9.81,14.91,23.81,61.28
2023,math,6,91,High school graduate,Parent Education,92200,90648,2457.6,6.96,11.73,18.69,26.51,54.8
2023,math,6,92,Some college (includes AA degree),Parent Education,86050,84306,2486.2,10.91,16.12,27.03,30.0,42.97
2023,math,6,93,College graduate,Parent Education,89112,87572,2536.7,25.78,20.98,46.76,26.89,26.35
2023,math,6,94,Graduate school/Post graduate,Parent Education,67854,66682,2579.5,42.0,21.23,63.23,20.5,16.27
2023,math,6,99,No reported disabilities,Disability Status,379379,374004,2511.5,19.23,17.3,36.53,27.35,36.12
2023,math,6,111,Not socioeconomically disadvantaged,Economic Status,160932,157897,2553.0,31.95,21.04,52.99,24.54,22.47
2023,math,6,120,ELs enrolled less than 12 months,English-Language Fluency,4766,4525,2400.1,3.52,5.56,9.09,16.49,74.42
2023,math,6,121,Declined to state,Parent Education,45029,43981,2470.2,12.1,12.78,24.88,24.4,50.71
2023,math,6,128,Reported disabilities,Disability Status,56129,53599,2401.6,4.22,5.62,9.84,14.78,75.38
2023,math,6,142,ELs enrolled 12 months or more,English-Language Fluency,69342,68384,2409.3,1.36,4.22,5.58,18.54,75.88
2023,math,6,144,Two or more races,Race and Ethnicity,23440,22835,2533.0,26.76,19.58,46.34,24.64,29.01
2023,math,6,160,"EL (English learner, excluding RFEP)",English-Language Fluency,74604,73365,2408.6,1.49,4.3,5.79,18.38,75.83
2023,math,6,170,EverEL,English-Language Fluency,159043,157235,2471.0,11.27,12.69,23.96,25.24,50.8
2023,math,6,180,EO (English only),English-Language Fluency,259466,253586,2508.6,19.43,17.54,36.97,26.42,36.61
2023,math,6,190,TBD (To be determined),English-Language Fluency,110,66,2406.6,7.69,4.62,12.31,13.85,73.85
2023,math,6,200,Black or African American,Ethnicity for Socioeconomically Disadvantaged,17215,16628,2425.8,4.01,7.7,11.72,20.84,67.44
2023,math,6,201,American Indian or Alaska Native,Ethnicity for Socioeconomically Disadvantaged,1301,1223,2437.0,5.4,8.43,13.83,23.9,62.27
2023,math,6,202,Asian,Ethnicity for Socioeconomically Disadvantaged,16019,15878,2545.1,30.58,20.11,50.69,24.13,25.18
2023,math,6,203,Filipino,Ethnicity for Socioeconomically Disadvantaged,3559,3537,2531.8,22.24,22.27,44.51,29.06,26.43
2023,math,6,204,Hispanic or Latino,Ethnicity for Socioeconomically Disadvantaged,193871,191135,2456.2,6.41,11.7,18.11,26.67,55.22
2023,math,6,205,Native Hawaiian or Pacific Islander,Ethnicity for Socioeconomically Disadvantaged,1258,1229,2460.5,6.36,13.12,19.48,28.12,52.4
2023,math,6,206,White,Ethnicity for Socioeconomically Disadvantaged,31610,30657,2491.4,12.89,16.92,29.81,29.28,40.91
2023,math,6,207,Two or more races,Ethnicity for Socioeconomically Disadvantaged,9743,9419,2480.0,11.61,15.03,26.64,27.21,46.15
2023,math,6,220,Black or African American,Ethnicity for Not Socioeconomically Disadvantaged,5208,5059,2487.1,12.36,16.71,29.07,26.86,44.07
2023,math,6,221,American Indian or Alaska Native,Ethnicity for Not Socioeconomically Disadvantaged,563,543,2495.6,16.08,16.82,32.9,24.4,42.7
2023,math,6,222,Asian,Ethnicity for Not Socioeconomically Disadvantaged,25712,25501,2629.7,62.16,18.37,80.52,12.59,6.88
2023,math,6,223,Filipino,Ethnicity for Not Socioeconomically Disadvantaged,6063,6024,2570.2,36.35,23.99,60.34,24.25,15.41
2023,math,6,224,Hispanic or Latino,Ethnicity for Not Socioeconomically Disadvantaged,52126,51107,2506.4,16.59,18.58,35.18,29.06,35.77
2023,math,6,225,Native Hawaiian or Pacific Islander,Ethnicity for Not Socioeconomically Disadvantaged,569,552,2508.2,18.3,16.12,34.42,30.8,34.78
2023,math,6,226,White,Ethnicity for Not Socioeconomically Disadvantaged,56994,55695,2561.7,32.49,24.26,56.74,26.04,17.21
2023,math,6,227,Two or more races,Ethnicity for Not Socioeconomically Disadvantaged,13697,13416,2570.1,37.38,22.78,60.15,22.84,17.0
2023,math,6,240,Foster youth,Foster Status,1594,1508,2412.6,2.72,7.43,10.15,17.98,71.86
2023,math,6,241,Not foster youth,Foster Status,433914,426095,2498.0,17.4,15.87,33.27,25.81,40.92
2023,math,6,250,LTEL (Long-Term English learner),English-Language Fluency,32962,32413,2390.7,0.73,2.3,3.02,13.78,83.2
2023,math,6,251,ARLTEL (At-Risk of becoming LTEL),English-Language Fluency,3322,3266,2392.6,1.32,2.82,4.14,14.71,81.16
2023,math,6,252,NeverEL,English-Language Fluency,276349,270280,2513.3,20.89,17.67,38.56,26.09,35.35
2024,math,6,1,All Students,All Students,431881,424045,2499.8,18.48,15.84,34.31,25.06,40.63
2024,math,6,3,Male,Gender,220658,216540,2503.1,19.8,16.14,35.94,24.72,39.34
2024,math,6,4,Female,Gender,211021,207315,2496.3,17.09,15.53,32.62,25.41,41.97
2024,math,6,6,"IFEP, RFEP, and EO (Fluent English proficient and English only)",English-Language Fluency,357794,351371,2518.7,21.94,18.19,40.12,26.53,33.35
2024,math,6,7,IFEP (Initial fluent English proficient),English-Language Fluency,16728,16565,2589.0,45.03,19.19,64.22,20.58,15.2
2024,math,6,8,RFEP (Reclassified fluent English proficient),English-Language Fluency,82731,82143,2529.5,21.87,19.93,41.81,30.06,28.14
2024,math,6,28,Migrant education,Migrant,3453,3426,2439.8,5.35,9.2,14.55,24.34,61.12
2024,math,6,29,Not migrant education,Migrant,428428,420619,2500.3,18.58,15.89,34.48,25.06,40.46
2024,math,6,31,Socioeconomically disadvantaged,Economic Status,284405,279557,2470.2,10.46,13.31,23.77,25.88,50.35
2024,math,6,50,Armed forces family member,Military Status,5234,5135,2509.5,18.62,18.55,37.17,27.1,35.73
2024,math,6,51,Not armed forces family member,Military Status,426647,418910,2499.7,18.47,15.8,34.28,25.03,40.69
2024,math,6,52,Homeless,Homeless Status,15334,14876,2437.5,5.63,9.59,15.22,22.39,62.39
2024,math,6,53,Not homeless,Homeless Status,416547,409169,2502.0,18.94,16.06,35.01,25.15,39.84
2024,math,6,74,Black or African American,Race and Ethnicity,21635,20961,2440.2,6.3,9.94,16.24,22.74,61.02
2024,math,6,75,American Indian or Alaska Native,Race and Ethnicity,1863,1788,2456.4,9.62,11.13,20.75,23.27,55.98
2024,math,6,76,Asian,Race and Ethnicity,44531,44179,2598.5,50.98,18.61,69.6,16.46,13.94
2024,math,6,77,Filipino,Race and Ethnicity,9548,9475,2563.6,34.39,23.68,58.07,24.37,17.56
2024,math,6,78,Hispanic or Latino,Race and Ethnicity,242444,238702,2467.5,9.15,13.31,22.45,26.54,51.01
2024,math,6,79,Native Hawaiian or Pacific Islander,Race and Ethnicity,1861,1817,2474.2,10.52,14.43,24.94,25.99,49.06
2024,math,6,80,White,Race and Ethnicity,86004,83789,2538.9,26.87,21.36,48.22,26.29,25.49
2024,math,6,90,Not a high school graduate,Parent Education,45942,45224,2439.8,5.48,9.56,15.04,23.12,61.84
2024,math,6,91,High school graduate,Parent Education,85849,84483,2456.3,7.27,11.63,18.9,25.77,55.33
2024,math,6,92,Some college (includes AA degree),Parent Education,79817,78164,2485.6,11.2,16.09,27.29,29.2,43.52
2024,math,6,93,College graduate,Parent Education,87649,86171,2536.5,26.31,20.77,47.08,26.15,26.77
2024,math,6,94,Graduate school/Post graduate,Parent Education,69516,68300,2581.6,43.09,20.72,63.82,20.03,16.15
2024,math,6,99,No reported disabilities,Disability Status,375246,369905,2514.0,20.53,17.33,37.85,26.57,35.58
2024,math,6,111,Not socioeconomically disadvantaged,Economic Status,147476,144488,2557.0,33.98,20.73,54.71,23.46,21.83
2024,math,6,120,ELs enrolled less than 12 months,English-Language Fluency,6274,5906,2386.6,2.77,5.3,8.06,13.07,78.87
2024,math,6,121,Declined to state,Parent Education,61454,60151,2479.4,14.4,13.6,28.0,24.33,47.67
2024,math,6,128,Reported disabilities,Disability Status,56635,54140,2402.3,4.44,5.67,10.1,14.72,75.17
2024,math,6,142,ELs enrolled 12 months or more,English-Language Fluency,67318,66419,2410.1,1.65,4.39,6.04,18.42,75.54
2024,math,6,144,Two or more races,Race and Ethnicity,23995,23334,2535.2,27.97,19.25,47.23,24.16,28.62
2024,math,6,160,"EL (English learner, excluding RFEP)",English-Language Fluency,73869,72560,2408.1,1.74,4.47,6.2,17.96,75.84
2024,math,6,170,EverEL,English-Language Fluency,156600,154703,2472.6,12.43,12.68,25.11,24.38,50.5
2024,math,6,180,EO (English only),English-Language Fluency,258335,252663,2510.6,20.44,17.55,37.99,25.77,36.24
2024,math,6,190,TBD (To be determined),English-Language Fluency,134,62,2376.0,1.64,3.28,4.92,3.28,91.8
2024,math,6,200,Black or African American,Ethnicity for Socioeconomically Disadvantaged,17283,16741,2427.1,4.21,8.43,12.64,21.35,66.01
2024,math,6,201,American Indian or Alaska Native,Ethnicity for Socioeconomically Disadvantaged,1368,1318,2439.6,6.22,8.95,15.17,22.38,62.44
2024,math,6,202,Asian,Ethnicity for Socioeconomically Disadvantaged,19093,18927,2553.9,34.26,19.89,54.15,22.34,23.51
2024,math,6,203,Filipino,Ethnicity for Socioeconomically Disadvantaged,4027,4001,2542.2,26.55,22.8,49.35,27.45,23.2
2024,math,6,204,Hispanic or Latino,Ethnicity for Socioeconomically Disadvantaged,195334,192625,2458.1,7.19,12.04,19.23,26.17,54.6
2024,math,6,205,Native Hawaiian or Pacific Islander,Ethnicity for Socioeconomically Disadvantaged,1391,1360,2461.0,7.73,13.39,21.12,25.53,53.35
2024,math,6,206,White,Ethnicity for Socioeconomically Disadvantaged,34869,33887,2499.9,15.88,17.49,33.37,28.28,38.34
2024,math,6,207,Two or more races,Ethnicity for Socioeconomically Disadvantaged,11040,10698,2489.7,14.59,15.98,30.57,26.34,43.09
2024,math,6,220,Black or African American,Ethnicity for Not Socioeconomically Disadvantaged,4352,4220,2492.2,14.56,15.93,30.49,28.26,41.25
2024,math,6,221,American Indian or Alaska Native,Ethnicity for Not Socioeconomically Disadvantaged,495,470,2503.6,19.15,17.23,36.38,25.74,37.87
2024,math,6,222,Asian,Ethnicity for Not Socioeconomically Disadvantaged,25438,25252,2632.0,63.52,17.66,81.18,12.05,6.77
2024,math,6,223,Filipino,Ethnicity for Not Socioeconomically Disadvantaged,5521,5474,2579.3,40.12,24.32,64.44,22.13,13.43
2024,math,6,224,Hispanic or Latino,Ethnicity for Not Socioeconomically Disadvantaged,47110,46077,2506.7,17.32,18.61,35.93,28.09,35.98
2024,math,6,225,Native Hawaiian or Pacific Islander,Ethnicity for Not Socioeconomically Disadvantaged,470,457,2513.4,18.82,17.51,36.32,27.35,36.32
2024,math,6,226,White,Ethnicity for Not Socioeconomically Disadvantaged,51135,49902,2565.3,34.32,23.98,58.3,24.94,16.76
2024,math,6,227,Two or more races,Ethnicity for Not Socioeconomically Disadvantaged,12955,12636,2573.8,39.3,22.02,61.32,22.31,16.37
2024,math,6,240,Foster youth,Foster Status,1395,1329,2419.2,2.86,7.76,10.63,21.33,68.05
2024,math,6,241,Not foster youth,Foster Status,430486,422716,2500.0,18.53,15.86,34.39,25.07,40.54
2024,math,6,250,LTEL (Long-Term English learner),English-Language Fluency,30886,30409,2390.4,0.69,2.32,3.01,13.71,83.27
2024,math,6,251,ARLTEL (At-Risk of becoming LTEL),English-Language Fluency,3622,3559,2394.3,1.43,3.63,5.06,15.01,79.93
2024,math,6,252,NeverEL,English-Language Fluency,275197,269290,2515.4,21.95,17.65,39.6,25.45,34.95
2025,math,6,1,All Students,All Students,428262,421026,2506.0,20.45,16.15,36.6,24.47,38.93
2025,math,6,3,Male,Gender,218868,215187,2509.4,21.83,16.41,38.24,24.0,37.77
2025,math,6,4,Female,Gender,209222,205678,2502.4,19.02,15.87,34.89,24.97,40.14
2025,math,6,6,"IFEP, RFEP, and EO (Fluent English proficient and English only)",English-Language Fluency,360251,354107,2524.1,23.91,18.28,42.18,25.69,32.12
2025,math,6,7,IFEP (Initial fluent English proficient),English-Language Fluency,26754,26553,2571.4,38.2,19.26,57.46,22.44,20.09
2025,math,6,8,RFEP (Reclassified fluent English proficient),English-Language Fluency,72307,71802,2534.7,23.65,20.22,43.87,29.43,26.7
2025,math,6,28,Migrant education,Migrant,3370,3337,2444.4,6.36,10.85,17.21,22.88,59.91
2025,math,6,29,Not migrant education,Migrant,424892,417689,2506.5,20.57,16.19,36.76,24.49,38.76
2025,math,6,31,Socioeconomically disadvantaged,Economic Status,277886,273428,2473.6,11.48,13.59,25.08,25.7,49.22
2025,math,6,50,Armed forces family member,Military Status,6332,6205,2518.9,20.98,19.68,40.66,26.21,33.13
2025,math,6,51,Not armed forces family member,Military Status,421930,414821,2505.8,20.45,16.09,36.54,24.45,39.01
2025,math,6,52,Homeless,Homeless Status,17898,17413,2441.2,6.73,9.94,16.67,21.93,61.4
2025,math,6,53,Not homeless,Homeless Status,410364,403613,2508.8,21.05,16.41,37.46,24.58,37.96
2025,math,6,74,Black or African American,Race and Ethnicity,21266,20581,2446.8,7.83,10.82,18.66,22.67,58.67
2025,math,6,75,American Indian or Alaska Native,Race and Ethnicity,1804,1743,2463.9,10.56,12.97,23.54,24.57,51.89
2025,math,6,76,Asian,Race and Ethnicity,45999,45656,2602.8,52.47,17.96,70.44,15.86,13.7
2025,math,6,77,Filipino,Race and Ethnicity,9557,9499,2567.1,35.96,23.0,58.96,23.5,17.54
2025,math,6,78,Hispanic or Latino,Race and Ethnicity,238858,235428,2473.6,10.84,13.94,24.78,26.32,48.9
2025,math,6,79,Native Hawaiian or Pacific Islander,Race and Ethnicity,1726,1683,2481.7,12.24,15.09,27.33,27.39,45.28
2025,math,6,80,White,Race and Ethnicity,84101,82075,2543.5,28.89,21.29,50.18,25.05,24.77
2025,math,6,90,Not a high school graduate,Parent Education,41927,41337,2442.6,6.34,10.14,16.48,23.07,60.46
2025,math,6,91,High school graduate,Parent Education,85928,84549,2461.6,8.59,12.31,20.91,25.47,53.62
2025,math,6,92,Some college (includes AA degree),Parent Education,78679,77276,2490.8,13.14,16.35,29.5,28.52,41.98
2025,math,6,93,College graduate,Parent Education,90566,89020,2540.7,27.99,20.55,48.55,25.59,25.86
2025,math,6,94,Graduate school/Post graduate,Parent Education,71658,70548,2588.0,45.58,20.29,65.87,18.86,15.27
2025,math,6,99,No reported disabilities,Disability Status,369500,364705,2521.7,22.89,17.77,40.66,25.94,33.4
2025,math,6,111,Not socioeconomically disadvantaged,Economic Status,150376,147598,2566.0,37.06,20.88,57.94,22.2,19.86
2025,math,6,120,ELs enrolled less than 12 months,English-Language Fluency,4951,4745,2399.5,3.76,6.08,9.84,15.61,74.55
2025,math,6,121,Declined to state,Parent Education,57823,56697,2482.8,15.36,13.94,29.31,23.75,46.95
2025,math,6,128,Reported disabilities,Disability Status,58762,56321,2403.9,4.66,5.65,10.31,14.95,74.74
2025,math,6,142,ELs enrolled 12 months or more,English-Language Fluency,62818,61989,2410.8,2.05,4.78,6.83,18.19,74.98
2025,math,6,144,Two or more races,Race and Ethnicity,24951,24361,2541.1,30.73,18.9,49.62,22.56,27.81
2025,math,6,160,"EL (English learner, excluding RFEP)",English-Language Fluency,67886,66839,2410.0,2.17,4.87,7.04,18.01,74.95
2025,math,6,170,EverEL,English-Language Fluency,140193,138641,2474.6,13.3,12.82,26.12,23.93,49.95
2025,math,6,180,EO (English only),English-Language Fluency,261190,255752,2516.2,22.49,17.63,40.12,24.98,34.9
2025,math,6,190,TBD (To be determined),English-Language Fluency,53,24,2352.9,0.0,4.17,4.17,12.5,83.33
2025,math,6,200,Black or African American,Ethnicity for Socioeconomically Disadvantaged,16965,16421,2433.5,5.48,9.11,14.59,21.7,63.71
2025,math,6,201,American Indian or Alaska Native,Ethnicity for Socioeconomically Disadvantaged,1329,1279,2442.8,6.81,10.33,17.14,23.47,59.39
2025,math,6,202,Asian,Ethnicity for Socioeconomically Disadvantaged,19452,19291,2552.7,34.22,19.23,53.45,22.38,24.17
2025,math,6,203,Filipino,Ethnicity for Socioeconomically Disadvantaged,3977,3950,2543.4,27.15,22.16,49.3,26.23,24.46
2025,math,6,204,Hispanic or Latino,Ethnicity for Socioeconomically Disadvantaged,191954,189453,2462.8,8.48,12.56,21.03,26.04,52.92
2025,math,6,205,Native Hawaiian or Pacific Islander,Ethnicity for Socioeconomically Disadvantaged,1279,1246,2468.5,8.67,14.69,23.35,27.37,49.28
2025,math,6,206,White,Ethnicity for Socioeconomically Disadvantaged,32069,31210,2498.6,15.84,17.11,32.94,27.95,39.1
2025,math,6,207,Two or more races,Ethnicity for Socioeconomically Disadvantaged,10861,10578,2488.9,15.41,15.48,30.89,25.04,44.06
2025,math,6,220,Black or African American,Ethnicity for Not Socioeconomically Disadvantaged,4301,4160,2499.6,17.1,17.58,34.69,26.49,38.83
2025,math,6,221,American Indian or Alaska Native,Ethnicity for Not Socioeconomically Disadvantaged,475,464,2522.1,20.91,20.26,41.16,27.59,31.25
2025,math,6,222,Asian,Ethnicity for Not Socioeconomically Disadvantaged,26547,26365,2639.5,65.82,17.03,82.86,11.09,6.05
2025,math,6,223,Filipino,Ethnicity for Not Socioeconomically Disadvantaged,5580,5549,2583.9,42.24,23.59,65.84,21.55,12.61
2025,math,6,224,Hispanic or Latino,Ethnicity for Not Socioeconomically Disadvantaged,46904,45975,2518.4,20.6,19.62,40.22,27.43,32.35
2025,math,6,225,Native Hawaiian or Pacific Islander,Ethnicity for Not Socioeconomically Disadvantaged,447,437,2519.4,22.43,16.25,38.67,27.46,33.87
2025,math,6,226,White,Ethnicity for Not Socioeconomically Disadvantaged,52032,50865,2571.0,36.9,23.85,60.75,23.27,15.98
2025,math,6,227,Two or more races,Ethnicity for Not Socioeconomically Disadvantaged,14090,13783,2581.2,42.47,21.52,63.99,20.66,15.35
2025,math,6,240,Foster youth,Foster Status,1258,1209,2418.5,3.56,7.79,11.35,19.88,68.77
2025,math,6,241,Not foster youth,Foster Status,427004,419817,2506.2,20.5,16.17,36.67,24.49,38.84
2025,math,6,250,LTEL (Long-Term English learner),English-Language Fluency,28946,28552,2392.8,0.84,2.65,3.49,14.26,82.25
2025,math,6,251,ARLTEL (At-Risk of becoming LTEL),English-Language Fluency,2563,2521,2398.7,1.51,3.61,5.12,15.63,79.25
2025,math,6,252,NeverEL,English-Language Fluency,287997,282329,2521.4,23.97,17.78,41.75,24.74,33.51
2015,math,7,1,All Students,All Students,466612,454517,2518.4,15.0,19.0,34.0,29.0,37.0
2015,math,7,3,Male,Gender,466612,231752,2514.9,15.0,18.0,34.0,28.0,39.0
2015,math,7,4,Female,Gender,466612,222765,2522.0,15.0,19.0,34.0,31.0,35.0
2015,math,7,6,"IFEP, RFEP, and EO (Fluent English proficient and English only)",English-Language Fluency,466612,385333,2535.0,17.0,22.0,39.0,31.0,30.0
2015,math,7,7,IFEP (Initial fluent English proficient),English-Language Fluency,466612,20636,2582.7,33.0,24.0,57.0,25.0,18.0
2015,math,7,8,RFEP (Reclassified fluent English proficient),English-Language Fluency,466612,115772,2533.4,14.0,21.0,35.0,36.0,29.0
2015,math,7,28,Migrant education,Migrant,466612,3842,2466.6,3.0,11.0,14.0,31.0,55.0
2015,math,7,31,Socioeconomically disadvantaged,Economic Status,466612,273587,2484.1,6.0,14.0,20.0,31.0,49.0
2015,math,7,74,Black or African American,Race and Ethnicity,466612,27311,2465.6,4.0,12.0,16.0,28.0,56.0
2015,math,7,75,American Indian or Alaska Native,Race and Ethnicity,466612,2725,2488.9,7.0,15.0,22.0,32.0,46.0
2015,math,7,76,Asian,Race and Ethnicity,466612,41046,2615.8,47.0,24.0,71.0,18.0,11.0
2015,math,7,77,Filipino,Race and Ethnicity,466612,12621,2566.3,25.0,28.0,53.0,28.0,18.0
2015,math,7,78,Hispanic or Latino,Race and Ethnicity,466612,243053,2485.2,6.0,15.0,20.0,31.0,48.0
2015,math,7,79,Native Hawaiian or Pacific Islander,Race and Ethnicity,466612,2355,2507.9,9.0,19.0,28.0,33.0,38.0
2015,math,7,80,White,Race and Ethnicity,466612,111748,2558.8,23.0,27.0,50.0,29.0,21.0
2015,math,7,90,Not a high school graduate,Parent Education,466612,76002,2466.8,4.0,11.0,15.0,29.0,56.0
2015,math,7,91,High school graduate,Parent Education,466612,93581,2487.2,6.0,15.0,21.0,32.0,47.0
2015,math,7,92,Some college (includes AA degree),Parent Education,466612,93230,2514.0,10.0,20.0,31.0,34.0,36.0
2015,math,7,93,College graduate,Parent Education,466612,80088,2563.9,25.0,27.0,52.0,28.0,20.0
2015,math,7,94,Graduate school/Post graduate,Parent Education,466612,55820,2602.2,41.0,25.0,67.0,20.0,13.0
2015,math,7,99,No reported disabilities,Disability Status,466612,408688,2530.2,16.0,21.0,37.0,31.0,32.0
2015,math,7,111,Not socioeconomically disadvantaged,Economic Status,466612,180930,2570.0,28.0,26.0,54.0,27.0,20.0
2015,math,7,120,ELs enrolled less than 12 months,English-Language Fluency,466612,2733,2447.7,8.0,11.0,19.0,16.0,66.0
2015,math,7,121,Declined to state,Parent Education,466612,55477,2498.4,11.0,16.0,27.0,28.0,45.0
2015,math,7,128,Reported disabilities,Disability Status,466612,45829,2411.5,3.0,5.0,7.0,14.0,78.0
2015,math,7,142,ELs enrolled 12 months or more,English-Language Fluency,466612,64613,2423.5,1.0,4.0,5.0,18.0,77.0
2015,math,7,144,Two or more races,Race and Ethnicity,466612,11193,2557.6,24.0,25.0,49.0,28.0,23.0
2015,math,7,160,"EL (English learner, excluding RFEP)",English-Language Fluency,466612,67677,2424.5,2.0,4.0,6.0,18.0,76.0
2015,math,7,180,EO (English only),English-Language Fluency,466612,248925,2531.8,17.0,22.0,39.0,29.0,32.0
2015,math,7,200,Black or African American,Ethnicity for Socioeconomically Disadvantaged,466612,19583,2452.2,3.0,9.0,12.0,27.0,61.0
2015,math,7,201,American Indian or Alaska Native,Ethnicity for Socioeconomically Disadvantaged,466612,1763,2468.3,3.0,11.0,14.0,32.0,54.0
2015,math,7,202,Asian,Ethnicity for Socioeconomically Disadvantaged,466612,15247,2565.5,27.0,26.0,52.0,27.0,20.0
2015,math,7,203,Filipino,Ethnicity for Socioeconomically Disadvantaged,466612,4495,2537.1,15.0,25.0,40.0,32.0,27.0
2015,math,7,204,Hispanic or Latino,Ethnicity for Socioeconomically Disadvantaged,466612,194810,2475.7,4.0,13.0,17.0,31.0,52.0
2015,math,7,205,Native Hawaiian or Pacific Islander,Ethnicity for Socioeconomically Disadvantaged,466612,1511,2489.9,6.0,16.0,21.0,34.0,45.0
2015,math,7,206,White,Ethnicity for Socioeconomically Disadvantaged,466612,31030,2506.8,9.0,19.0,28.0,34.0,38.0
2015,math,7,207,Two or more races,Ethnicity for Socioeconomically Disadvantaged,466612,3846,2505.1,9.0,20.0,28.0,33.0,39.0
2015,math,7,220,Black or African American,Ethnicity for Not Socioeconomically Disadvantaged,466612,7728,2499.3,9.0,18.0,27.0,31.0,42.0
2015,math,7,221,American Indian or Alaska Native,Ethnicity for Not Socioeconomically Disadvantaged,466612,962,2526.7,15.0,22.0,36.0,32.0,32.0
2015,math,7,222,Asian,Ethnicity for Not Socioeconomically Disadvantaged,466612,25799,2645.5,59.0,23.0,82.0,13.0,5.0
2015,math,7,223,Filipino,Ethnicity for Not Socioeconomically Disadvantaged,466612,8126,2582.4,30.0,30.0,60.0,26.0,13.0
2015,math,7,224,Hispanic or Latino,Ethnicity for Not Socioeconomically Disadvantaged,466612,48243,2523.5,13.0,22.0,35.0,33.0,32.0
2015,math,7,225,Native Hawaiian or Pacific Islander,Ethnicity for Not Socioeconomically Disadvantaged,466612,844,2540.3,16.0,25.0,41.0,33.0,26.0
2015,math,7,226,White,Ethnicity for Not Socioeconomically Disadvantaged,466612,80718,2578.6,29.0,29.0,58.0,27.0,15.0
2015,math,7,227,Two or more races,Ethnicity for Not Socioeconomically Disadvantaged,466612,7347,2584.9,32.0,28.0,60.0,25.0,15.0
2016,math,7,1,All Students,All Students,472771,460645,2525.0,17.0,19.0,36.0,30.0,34.0
2016,math,7,3,Male,Gender,241842,235483,2521.5,17.0,19.0,36.0,28.0,36.0
2016,math,7,4,Female,Gender,230929,225162,2528.7,17.0,20.0,37.0,31.0,32.0
2016,math,7,6,"IFEP, RFEP, and EO (Fluent English proficient and English only)",English-Language Fluency,402907,393103,2542.3,20.0,22.0,41.0,31.0,27.0
2016,math,7,7,IFEP (Initial fluent English proficient),English-Language Fluency,22394,22047,2591.8,37.0,23.0,60.0,25.0,16.0
2016,math,7,8,RFEP (Reclassified fluent English proficient),English-Language Fluency,119445,118441,2539.5,15.0,22.0,37.0,37.0,26.0
2016,math,7,28,Migrant education,Migrant,3864,3781,2466.2,4.0,12.0,16.0,29.0,55.0
2016,math,7,31,Socioeconomically disadvantaged,Economic Status,290379,283626,2489.2,7.0,15.0,23.0,32.0,45.0
2016,math,7,74,Black or African American,Race and Ethnicity,27383,26143,2470.4,6.0,12.0,18.0,29.0,53.0
2016,math,7,75,American Indian or Alaska Native,Race and Ethnicity,2608,2482,2494.8,10.0,16.0,26.0,30.0,44.0
2016,math,7,76,Asian,Race and Ethnicity,43546,42859,2623.4,51.0,23.0,73.0,17.0,10.0
2016,math,7,77,Filipino,Race and Ethnicity,12631,12490,2577.8,29.0,28.0,58.0,27.0,15.0
2016,math,7,78,Hispanic or Latino,Race and Ethnicity,251385,246604,2490.4,7.0,16.0,23.0,33.0,45.0
2016,math,7,79,Native Hawaiian or Pacific Islander,Race and Ethnicity,2322,2239,2513.7,11.0,20.0,31.0,32.0,36.0
2016,math,7,80,White,Race and Ethnicity,116310,112044,2566.9,26.0,26.0,53.0,28.0,19.0
2016,math,7,90,Not a high school graduate,Parent Education,77590,76046,2470.1,5.0,12.0,17.0,30.0,53.0
2016,math,7,91,High school graduate,Parent Education,96214,94111,2492.4,7.0,16.0,23.0,33.0,44.0
2016,math,7,92,Some college (includes AA degree),Parent Education,96708,94108,2519.2,11.0,21.0,33.0,34.0,33.0
2016,math,7,93,College graduate,Parent Education,86447,84296,2570.5,28.0,26.0,54.0,28.0,18.0
2016,math,7,94,Graduate school/Post graduate,Parent Education,61550,59818,2609.9,45.0,24.0,69.0,19.0,11.0
2016,math,7,99,No reported disabilities,Disability Status,421349,411390,2538.5,19.0,21.0,40.0,31.0,29.0
2016,math,7,111,Not socioeconomically disadvantaged,Economic Status,182392,177019,2582.2,32.0,26.0,58.0,26.0,16.0
2016,math,7,120,ELs enrolled less than 12 months,English-Language Fluency,3104,2779,2444.7,8.0,11.0,19.0,16.0,65.0
2016,math,7,121,Declined to state,Parent Education,53601,51815,2503.5,13.0,16.0,29.0,29.0,42.0
2016,math,7,128,Reported disabilities,Disability Status,51422,49255,2411.2,3.0,5.0,8.0,15.0,77.0
2016,math,7,142,ELs enrolled 12 months or more,English-Language Fluency,64420,62940,2422.5,2.0,4.0,6.0,19.0,75.0
2016,math,7,144,Two or more races,Race and Ethnicity,13152,12690,2563.1,27.0,25.0,51.0,27.0,22.0
2016,math,7,160,"EL (English learner, excluding RFEP)",English-Language Fluency,68081,66214,2423.3,2.0,4.0,6.0,19.0,75.0
2016,math,7,180,EO (English only),English-Language Fluency,261068,252615,2539.2,20.0,22.0,42.0,30.0,29.0
2016,math,7,200,Black or African American,Ethnicity for Socioeconomically Disadvantaged,20319,19407,2454.5,3.0,10.0,13.0,28.0,59.0
2016,math,7,201,American Indian or Alaska Native,Ethnicity for Socioeconomically Disadvantaged,1738,1651,2474.1,5.0,13.0,18.0,31.0,51.0
2016,math,7,202,Asian,Ethnicity for Socioeconomically Disadvantaged,16502,16285,2572.3,30.0,26.0,56.0,26.0,19.0
2016,math,7,203,Filipino,Ethnicity for Socioeconomically Disadvantaged,4564,4514,2547.0,18.0,26.0,44.0,33.0,23.0
2016,math,7,204,Hispanic or Latino,Ethnicity for Socioeconomically Disadvantaged,205624,202011,2480.3,5.0,14.0,19.0,32.0,49.0
2016,math,7,205,Native Hawaiian or Pacific Islander,Ethnicity for Socioeconomically Disadvantaged,1532,1478,2496.1,7.0,18.0,24.0,33.0,42.0
2016,math,7,206,White,Ethnicity for Socioeconomically Disadvantaged,33727,32233,2514.0,11.0,20.0,31.0,35.0,35.0
2016,math,7,207,Two or more races,Ethnicity for Socioeconomically Disadvantaged,4715,4508,2505.1,10.0,18.0,28.0,33.0,39.0
2016,math,7,220,Black or African American,Ethnicity for Not Socioeconomically Disadvantaged,7064,6736,2516.1,13.0,20.0,33.0,32.0,35.0
2016,math,7,221,American Indian or Alaska Native,Ethnicity for Not Socioeconomically Disadvantaged,870,831,2535.8,19.0,23.0,41.0,28.0,30.0
2016,math,7,222,Asian,Ethnicity for Not Socioeconomically Disadvantaged,27044,26574,2654.6,64.0,21.0,84.0,12.0,4.0
2016,math,7,223,Filipino,Ethnicity for Not Socioeconomically Disadvantaged,8067,7976,2595.2,35.0,30.0,65.0,24.0,11.0
2016,math,7,224,Hispanic or Latino,Ethnicity for Not Socioeconomically Disadvantaged,45761,44593,2536.5,16.0,24.0,40.0,33.0,27.0
2016,math,7,225,Native Hawaiian or Pacific Islander,Ethnicity for Not Socioeconomically Disadvantaged,790,761,2547.8,20.0,24.0,45.0,30.0,25.0
2016,math,7,226,White,Ethnicity for Not Socioeconomically Disadvantaged,82583,79811,2588.1,33.0,29.0,62.0,26.0,12.0
2016,math,7,227,Two or more races,Ethnicity for Not Socioeconomically Disadvantaged,8437,8182,2594.9,36.0,28.0,64.0,24.0,12.0
2017,math,7,1,All Students,All Students,471265,461364,2524.9,18.04,18.87,36.91,27.07,36.03
2017,math,7,3,Male,Gender,241055,235731,2522.0,18.32,18.51,36.83,25.76,37.41
2017,math,7,4,Female,Gender,230210,225633,2527.8,17.74,19.25,36.99,28.43,34.59
2017,math,7,6,"IFEP, RFEP, and EO (Fluent English proficient and English only)",English-Language Fluency,400731,392544,2542.6,20.84,21.31,42.15,28.72,29.14
2017,math,7,7,IFEP (Initial fluent English proficient),English-Language Fluency,21351,21129,2597.8,39.18,22.34,61.53,22.86,15.61
2017,math,7,8,RFEP (Reclassified fluent English proficient),English-Language Fluency,119589,118700,2539.9,17.04,21.19,38.23,33.16,28.61
2017,math,7,28,Migrant education,Migrant,3685,3643,2466.7,4.67,11.4,16.08,27.45,56.47
2017,math,7,31,Socioeconomically disadvantaged,Economic Status,282112,276637,2487.3,7.99,14.94,22.93,28.98,48.09
2017,math,7,74,Black or African American,Race and Ethnicity,26140,25156,2466.3,5.74,11.86,17.6,26.17,56.23
2017,math,7,75,American Indian or Alaska Native,Race and Ethnicity,2531,2398,2488.7,8.35,15.53,23.87,28.55,47.58
2017,math,7,76,Asian,Race and Ethnicity,44183,43794,2627.4,52.46,21.69,74.15,15.39,10.47
2017,math,7,77,Filipino,Race and Ethnicity,11266,11154,2580.6,30.29,28.17,58.46,25.53,16.01
2017,math,7,78,Hispanic or Latino,Race and Ethnicity,253096,248960,2489.5,7.93,15.5,23.43,29.56,47.01
2017,math,7,79,Native Hawaiian or Pacific Islander,Race and Ethnicity,2390,2341,2508.7,11.11,18.24,29.35,30.37,40.28
2017,math,7,80,White,Race and Ethnicity,112781,109401,2567.4,27.59,25.56,53.15,26.58,20.27
2017,math,7,90,Not a high school graduate,Parent Education,74898,73621,2468.6,5.2,11.98,17.18,27.33,55.49
2017,math,7,91,High school graduate,Parent Education,94365,92648,2488.9,7.84,15.23,23.07,29.43,47.49
2017,math,7,92,Some college (includes AA degree),Parent Education,95215,93120,2517.6,12.34,20.32,32.66,31.77,35.57
2017,math,7,93,College graduate,Parent Education,87384,85717,2571.9,29.13,25.62,54.75,25.84,19.4
2017,math,7,94,Graduate school/Post graduate,Parent Education,62125,60705,2613.6,46.45,23.56,70.02,18.06,11.92
2017,math,7,99,No reported disabilities,Disability Status,418615,411110,2538.8,19.89,20.54,40.43,28.65,30.91
2017,math,7,111,Not socioeconomically disadvantaged,Economic Status,189153,184727,2581.1,33.09,24.74,57.83,24.21,17.96
2017,math,7,120,ELs enrolled less than 12 months,English-Language Fluency,3760,3512,2434.5,6.42,9.37,15.79,16.79,67.42
2017,math,7,121,Declined to state,Parent Education,56935,55329,2502.2,13.47,16.08,29.55,26.64,43.81
2017,math,7,128,Reported disabilities,Disability Status,52650,50254,2411.1,2.87,5.14,8.01,14.06,77.93
2017,math,7,142,ELs enrolled 12 months or more,English-Language Fluency,64801,63658,2422.8,1.73,4.58,6.31,17.68,76.02
2017,math,7,144,Two or more races,Race and Ethnicity,15601,15173,2569.5,30.09,23.18,53.28,25.55,21.17
2017,math,7,160,"EL (English learner, excluding RFEP)",English-Language Fluency,69173,67733,2423.4,1.97,4.83,6.81,17.6,75.6
2017,math,7,170,EverEL,English-Language Fluency,188762,186433,2497.6,11.57,15.25,26.82,27.51,45.68
2017,math,7,180,EO (English only),English-Language Fluency,259791,252715,2539.2,21.08,21.28,42.37,27.12,30.51
2017,math,7,190,TBD (To be determined),English-Language Fluency,394,332,2422.5,5.14,8.16,13.29,14.5,72.21
2017,math,7,200,Black or African American,Ethnicity for Socioeconomically Disadvantaged,19015,18266,2450.2,3.31,9.39,12.7,24.52,62.78
2017,math,7,201,American Indian or Alaska Native,Ethnicity for Socioeconomically Disadvantaged,1660,1562,2467.1,4.17,12.05,16.22,27.88,55.9
2017,math,7,202,Asian,Ethnicity for Socioeconomically Disadvantaged,15782,15674,2573.4,31.25,24.4,55.65,23.85,20.5
2017,math,7,203,Filipino,Ethnicity for Socioeconomically Disadvantaged,3917,3871,2552.7,21.09,25.76,46.85,28.91,24.24
2017,math,7,204,Hispanic or Latino,Ethnicity for Socioeconomically Disadvantaged,202585,199518,2478.9,5.81,13.79,19.6,29.36,51.04
2017,math,7,205,Native Hawaiian or Pacific Islander,Ethnicity for Socioeconomically Disadvantaged,1539,1512,2488.0,7.34,14.75,22.09,29.76,48.15
2017,math,7,206,White,Ethnicity for Socioeconomically Disadvantaged,30761,29686,2510.5,11.19,19.43,30.62,31.49,37.89
2017,math,7,207,Two or more races,Ethnicity for Socioeconomically Disadvantaged,5209,5017,2509.2,11.52,18.01,29.54,32.0,38.47
2017,math,7,220,Black or African American,Ethnicity for Not Socioeconomically Disadvantaged,7125,6890,2509.1,12.17,18.41,30.58,30.55,38.86
2017,math,7,221,American Indian or Alaska Native,Ethnicity for Not Socioeconomically Disadvantaged,871,836,2529.2,16.15,22.01,38.16,29.78,32.06
2017,math,7,222,Asian,Ethnicity for Not Socioeconomically Disadvantaged,28401,28120,2657.6,64.28,20.17,84.46,10.67,4.87
2017,math,7,223,Filipino,Ethnicity for Not Socioeconomically Disadvantaged,7349,7283,2595.4,35.19,29.45,64.63,23.73,11.63
2017,math,7,224,Hispanic or Latino,Ethnicity for Not Socioeconomically Disadvantaged,50511,49442,2532.2,16.46,22.43,38.9,30.37,30.74
2017,math,7,225,Native Hawaiian or Pacific Islander,Ethnicity for Not Socioeconomically Disadvantaged,851,829,2546.5,17.97,24.61,42.58,31.48,25.93
2017,math,7,226,White,Ethnicity for Not Socioeconomically Disadvantaged,82020,79715,2588.5,33.69,27.84,61.53,24.75,13.72
2017,math,7,227,Two or more races,Ethnicity for Not Socioeconomically Disadvantaged,10392,10156,2599.3,39.25,25.73,64.99,22.37,12.64
2018,math,7,1,All Students,All Students,474055,462731,2524.3,18.69,18.61,37.3,26.1,36.61
2018,math,7,3,Male,Gender,241650,235588,2521.1,18.91,18.29,37.2,24.84,37.96
2018,math,7,4,Female,Gender,232405,227143,2527.6,18.46,18.94,37.4,27.4,35.2
2018,math,7,6,"IFEP, RFEP, and EO (Fluent English proficient and English only)",English-Language Fluency,405918,396458,2541.4,21.45,20.91,42.36,27.66,29.98
2018,math,7,7,IFEP (Initial fluent English proficient),English-Language Fluency,19615,19380,2606.2,43.16,21.87,65.03,20.73,14.24
2018,math,7,8,RFEP (Reclassified fluent English proficient),English-Language Fluency,123617,122375,2538.6,17.74,21.07,38.81,31.69,29.5
2018,math,7,28,Migrant education,Migrant,3697,3641,2467.6,5.34,12.29,17.63,26.79,55.58
2018,math,7,31,Socioeconomically disadvantaged,Economic Status,290550,284291,2488.0,8.91,15.21,24.12,27.74,48.13
2018,math,7,74,Black or African American,Race and Ethnicity,25506,24486,2464.2,6.1,11.73,17.83,25.51,56.66
2018,math,7,75,American Indian or Alaska Native,Race and Ethnicity,2499,2367,2489.9,10.11,15.65,25.76,25.89,48.35
2018,math,7,76,Asian,Race and Ethnicity,43653,43249,2628.5,53.68,20.41,74.09,15.22,10.68
2018,math,7,77,Filipino,Race and Ethnicity,10814,10720,2581.0,32.32,26.42,58.74,24.84,16.42
2018,math,7,78,Hispanic or Latino,Race and Ethnicity,258686,253715,2489.6,8.64,15.73,24.38,28.34,47.29
2018,math,7,79,Native Hawaiian or Pacific Islander,Race and Ethnicity,2249,2187,2511.1,12.26,18.53,30.79,30.56,38.66
2018,math,7,80,White,Race and Ethnicity,110055,106154,2567.0,28.45,24.97,53.43,25.61,20.97
2018,math,7,90,Not a high school graduate,Parent Education,74518,73034,2468.0,5.8,12.2,18.0,25.91,56.08
2018,math,7,91,High school graduate,Parent Education,97022,95056,2486.8,8.08,15.15,23.23,28.58,48.2
2018,math,7,92,Some college (includes AA degree),Parent Education,96948,94540,2516.1,12.9,19.96,32.86,30.56,36.59
2018,math,7,93,College graduate,Parent Education,89415,87505,2571.0,29.95,24.53,54.48,25.19,20.33
2018,math,7,94,Graduate school/Post graduate,Parent Education,64619,63096,2613.1,46.77,23.17,69.93,17.7,12.37
2018,math,7,99,No reported disabilities,Disability Status,419310,410804,2538.4,20.64,20.27,40.91,27.62,31.46
2018,math,7,111,Not socioeconomically disadvantaged,Economic Status,183505,178440,2582.1,34.27,24.02,58.28,23.47,18.24
2018,math,7,120,ELs enrolled less than 12 months,English-Language Fluency,3009,2813,2446.9,8.01,10.14,18.15,17.3,64.56
2018,math,7,121,Declined to state,Parent Education,51281,49337,2499.0,13.42,15.84,29.26,25.43,45.31
2018,math,7,128,Reported disabilities,Disability Status,54745,51927,2412.2,3.2,5.45,8.65,14.01,77.33
2018,math,7,142,ELs enrolled 12 months or more,English-Language Fluency,63584,62268,2419.9,1.81,4.46,6.27,16.71,77.03
2018,math,7,144,Two or more races,Race and Ethnicity,17169,16694,2569.6,30.87,22.66,53.53,24.6,21.87
2018,math,7,160,"EL (English learner, excluding RFEP)",English-Language Fluency,67156,65528,2421.1,2.07,4.71,6.79,16.72,76.49
2018,math,7,170,EverEL,English-Language Fluency,190773,187903,2497.6,12.28,15.37,27.64,26.47,45.88
2018,math,7,180,EO (English only),English-Language Fluency,262686,254703,2537.9,21.58,20.77,42.34,26.25,31.41
2018,math,7,190,TBD (To be determined),English-Language Fluency,287,244,2432.4,4.55,11.16,15.7,19.01,65.29
2018,math,7,200,Black or African American,Ethnicity for Socioeconomically Disadvantaged,18791,18041,2448.5,3.67,9.32,12.99,24.11,62.9
2018,math,7,201,American Indian or Alaska Native,Ethnicity for Socioeconomically Disadvantaged,1659,1576,2466.7,5.27,13.08,18.35,24.38,57.27
2018,math,7,202,Asian,Ethnicity for Socioeconomically Disadvantaged,16751,16618,2577.0,33.53,23.6,57.13,22.7,20.17
2018,math,7,203,Filipino,Ethnicity for Socioeconomically Disadvantaged,3915,3885,2550.1,21.6,24.12,45.71,29.34,24.94
2018,math,7,204,Hispanic or Latino,Ethnicity for Socioeconomically Disadvantaged,207185,203565,2478.7,6.49,14.1,20.59,28.02,51.38
2018,math,7,205,Native Hawaiian or Pacific Islander,Ethnicity for Socioeconomically Disadvantaged,1480,1440,2494.2,7.23,16.33,23.56,32.11,44.34
2018,math,7,206,White,Ethnicity for Socioeconomically Disadvantaged,32961,31663,2512.9,12.57,19.75,32.32,30.21,37.48
2018,math,7,207,Two or more races,Ethnicity for Socioeconomically Disadvantaged,5975,5769,2509.3,12.46,18.33,30.79,29.75,39.47
2018,math,7,220,Black or African American,Ethnicity for Not Socioeconomically Disadvantaged,6715,6445,2508.1,12.9,18.49,31.39,29.42,39.2
2018,math,7,221,American Indian or Alaska Native,Ethnicity for Not Socioeconomically Disadvantaged,840,791,2536.1,19.77,20.79,40.56,28.9,30.54
2018,math,7,222,Asian,Ethnicity for Not Socioeconomically Disadvantaged,26902,26631,2660.6,66.26,18.42,84.68,10.56,4.77
2018,math,7,223,Filipino,Ethnicity for Not Socioeconomically Disadvantaged,6899,6835,2598.5,38.41,27.73,66.14,22.29,11.57
2018,math,7,224,Hispanic or Latino,Ethnicity for Not Socioeconomically Disadvantaged,51501,50150,2533.8,17.36,22.36,39.72,29.61,30.67
2018,math,7,225,Native Hawaiian or Pacific Islander,Ethnicity for Not Socioeconomically Disadvantaged,769,747,2543.7,21.95,22.76,44.71,27.58,27.71
2018,math,7,226,White,Ethnicity for Not Socioeconomically Disadvantaged,77094,74491,2590.0,35.21,27.19,62.4,23.65,13.95
2018,math,7,227,Two or more races,Ethnicity for Not Socioeconomically Disadvantaged,11194,10925,2601.5,40.59,24.95,65.54,21.88,12.58
2019,math,7,1,All Students,All Students,483809,473298,2526.6,19.37,18.47,37.85,25.7,36.45
2019,math,7,3,Male,Gender,247328,241806,2524.8,19.91,18.16,38.07,24.41,37.52
2019,math,7,4,Female,Gender,236481,231492,2528.6,18.81,18.8,37.61,27.05,35.34
2019,math,7,6,"IFEP, RFEP, and EO (Fluent English proficient and English only)",English-Language Fluency,413428,404561,2543.9,22.31,20.76,43.07,27.12,29.81
2019,math,7,7,IFEP (Initial fluent English proficient),English-Language Fluency,20287,20053,2609.7,44.72,21.43,66.15,19.57,14.29
2019,math,7,8,RFEP (Reclassified fluent English proficient),English-Language Fluency,122732,121807,2541.4,18.72,21.11,39.83,31.11,29.07
2019,math,7,28,Migrant education,Migrant,3750,3707,2468.2,5.86,11.56,17.42,26.52,56.06
2019,math,7,31,Socioeconomically disadvantaged,Economic Status,294893,288769,2490.7,9.59,15.25,24.84,27.47,47.69
2019,math,7,50,Armed forces family member,Military Status,4539,4439,2556.9,25.15,24.43,49.58,25.26,25.15
2019,math,7,51,Not armed forces family member,Military Status,479270,468859,2526.4,19.32,18.42,37.74,25.71,36.56
2019,math,7,52,Homeless,Homeless Status,15885,15226,2473.0,7.33,12.48,19.82,25.71,54.47
2019,math,7,53,Not homeless,Homeless Status,467924,458072,2528.4,19.77,18.67,38.45,25.7,35.85
2019,math,7,74,Black or African American,Race and Ethnicity,25712,24715,2467.9,6.41,12.05,18.47,25.53,56.0
2019,math,7,75,American Indian or Alaska Native,Race and Ethnicity,2514,2385,2488.0,9.69,15.82,25.51,26.19,48.3
2019,math,7,76,Asian,Race and Ethnicity,44027,43655,2632.1,55.01,19.61,74.62,14.69,10.69
2019,math,7,77,Filipino,Race and Ethnicity,10664,10564,2586.6,33.87,26.43,60.3,23.94,15.75
2019,math,7,78,Hispanic or Latino,Race and Ethnicity,267637,263032,2492.6,9.46,15.85,25.31,27.99,46.69
2019,math,7,79,Native Hawaiian or Pacific Islander,Race and Ethnicity,2180,2126,2515.5,13.41,19.44,32.85,29.08,38.07
2019,math,7,80,White,Race and Ethnicity,109455,105927,2569.1,29.21,24.59,53.8,25.08,21.12
2019,math,7,90,Not a high school graduate,Parent Education,73386,72115,2470.6,6.2,12.45,18.65,25.82,55.53
2019,math,7,91,High school graduate,Parent Education,99599,97626,2489.0,8.66,15.09,23.75,28.14,48.1
2019,math,7,92,Some college (includes AA degree),Parent Education,97903,95575,2518.0,13.51,19.85,33.35,30.17,36.47
2019,math,7,93,College graduate,Parent Education,91270,89341,2572.1,30.29,24.38,54.67,24.68,20.65
2019,math,7,94,Graduate school/Post graduate,Parent Education,66107,64698,2615.4,47.47,22.59,70.06,17.5,12.44
2019,math,7,99,No reported disabilities,Disability Status,426378,418514,2540.9,21.43,20.16,41.6,27.18,31.23
2019,math,7,111,Not socioeconomically disadvantaged,Economic Status,188916,184529,2582.8,34.68,23.52,58.2,22.93,18.87
2019,math,7,120,ELs enrolled less than 12 months,English-Language Fluency,3526,3230,2430.4,5.57,7.56,13.13,16.7,70.17
2019,math,7,121,Declined to state,Parent Education,55335,53796,2503.2,15.0,15.49,30.5,24.75,44.76
2019,math,7,128,Reported disabilities,Disability Status,57431,54784,2417.2,3.62,5.55,9.18,14.42,76.4
2019,math,7,142,ELs enrolled 12 months or more,English-Language Fluency,65482,64364,2424.7,1.86,4.85,6.71,17.38,75.91
2019,math,7,144,Two or more races,Race and Ethnicity,18569,18054,2571.0,31.45,22.57,54.02,23.37,22.62
2019,math,7,160,"EL (English learner, excluding RFEP)",English-Language Fluency,69758,68292,2424.8,2.03,4.97,7.0,17.33,75.67
2019,math,7,170,EverEL,English-Language Fluency,192490,190099,2499.6,12.72,15.31,28.04,26.16,45.8
2019,math,7,180,EO (English only),English-Language Fluency,270409,262701,2540.0,22.27,20.54,42.81,25.85,31.34
2019,math,7,190,TBD (To be determined),English-Language Fluency,307,221,2444.7,9.55,11.82,21.36,15.91,62.73
2019,math,7,200,Black or African American,Ethnicity for Socioeconomically Disadvantaged,18817,18071,2453.2,4.17,9.81,13.98,24.07,61.95
2019,math,7,201,American Indian or Alaska Native,Ethnicity for Socioeconomically Disadvantaged,1644,1560,2467.4,6.16,12.64,18.81,25.67,55.52
2019,math,7,202,Asian,Ethnicity for Socioeconomically Disadvantaged,16180,16029,2578.9,34.39,22.85,57.24,22.27,20.49
2019,math,7,203,Filipino,Ethnicity for Socioeconomically Disadvantaged,3787,3749,2556.7,22.73,25.45,48.19,28.44,23.37
2019,math,7,204,Hispanic or Latino,Ethnicity for Socioeconomically Disadvantaged,211510,208117,2481.8,7.22,14.26,21.48,27.76,50.76
2019,math,7,205,Native Hawaiian or Pacific Islander,Ethnicity for Socioeconomically Disadvantaged,1432,1397,2493.1,7.16,17.12,24.28,30.16,45.56
2019,math,7,206,White,Ethnicity for Socioeconomically Disadvantaged,33563,32222,2515.9,13.74,19.25,32.99,29.75,37.26
2019,math,7,207,Two or more races,Ethnicity for Socioeconomically Disadvantaged,6389,6138,2510.3,13.14,18.1,31.25,28.59,40.17
2019,math,7,220,Black or African American,Ethnicity for Not Socioeconomically Disadvantaged,6895,6644,2507.8,12.52,18.14,30.66,29.51,39.83
2019,math,7,221,American Indian or Alaska Native,Ethnicity for Not Socioeconomically Disadvantaged,870,825,2526.8,16.36,21.82,38.18,27.15,34.67
2019,math,7,222,Asian,Ethnicity for Not Socioeconomically Disadvantaged,27847,27626,2663.0,66.97,17.74,84.71,10.29,5.0
2019,math,7,223,Filipino,Ethnicity for Not Socioeconomically Disadvantaged,6877,6815,2603.0,39.99,26.97,66.97,21.47,11.56
2019,math,7,224,Hispanic or Latino,Ethnicity for Not Socioeconomically Disadvantaged,56127,54915,2533.9,17.97,21.86,39.83,28.87,31.3
2019,math,7,225,Native Hawaiian or Pacific Islander,Ethnicity for Not Socioeconomically Disadvantaged,748,729,2558.3,25.38,23.87,49.25,27.02,23.73
2019,math,7,226,White,Ethnicity for Not Socioeconomically Disadvantaged,75892,73705,2592.4,35.97,26.93,62.9,23.04,14.07
2019,math,7,227,Two or more races,Ethnicity for Not Socioeconomically Disadvantaged,12180,11916,2602.2,40.87,24.87,65.74,20.68,13.58
2021,math,7,1,All Students,All Students,452852,97849,2517.4,16.34,18.09,34.43,26.58,38.99
2021,math,7,3,Male,Gender,233054,50006,2517.2,16.98,18.07,35.05,25.72,39.24
2021,math,7,4,Female,Gender,219688,47821,2517.7,15.67,18.1,33.77,27.49,38.74
2021,math,7,6,"IFEP, RFEP, and EO (Fluent English proficient and English only)",English-Language Fluency,380922,82733,2535.0,19.05,20.6,39.66,28.15,32.19
2021,math,7,7,IFEP (Initial fluent English proficient),English-Language Fluency,18507,3825,2614.6,44.77,21.2,65.97,19.36,14.68
2021,math,7,8,RFEP (Reclassified fluent English proficient),English-Language Fluency,103592,21073,2535.8,16.48,21.32,37.8,32.04,30.16
2021,math,7,28,Migrant education,Migrant,3324,726,2459.8,3.77,11.44,15.2,25.66,59.14
2021,math,7,29,Not migrant education,Migrant,449528,97123,2517.9,16.43,18.14,34.57,26.59,38.84
2021,math,7,31,Socioeconomically disadvantaged,Economic Status,268110,54289,2478.5,6.97,13.88,20.86,27.62,51.52
2021,math,7,50,Armed forces family member,Military Status,5127,1032,2531.8,15.44,24.24,39.69,29.13,31.18
2021,math,7,51,Not armed forces family member,Military Status,447725,96817,2517.3,16.35,18.02,34.37,26.56,39.07
2021,math,7,52,Homeless,Homeless Status,13909,2292,2461.8,4.66,11.37,16.03,26.51,57.46
2021,math,7,53,Not homeless,Homeless Status,438943,95557,2518.8,16.62,18.25,34.86,26.59,38.55
2021,math,7,74,Black or African American,Race and Ethnicity,24062,4043,2471.1,6.3,12.76,19.06,25.9,55.04
2021,math,7,75,American Indian or Alaska Native,Race and Ethnicity,1983,668,2477.3,6.94,13.42,20.36,28.21,51.43
2021,math,7,76,Asian,Race and Ethnicity,42621,8968,2625.1,50.89,20.09,70.97,15.9,13.13
2021,math,7,77,Filipino,Race and Ethnicity,9476,2168,2574.2,28.97,27.2,56.17,25.85,17.98
2021,math,7,78,Hispanic or Latino,Race and Ethnicity,254330,50214,2479.9,6.77,14.31,21.09,28.06,50.86
2021,math,7,79,Native Hawaiian or Pacific Islander,Race and Ethnicity,2071,503,2499.3,8.45,19.92,28.37,27.77,43.86
2021,math,7,80,White,Race and Ethnicity,96188,25810,2548.6,21.84,23.87,45.71,27.87,26.42
2021,math,7,90,Not a high school graduate,Parent Education,57991,12479,2458.5,4.43,10.71,15.14,25.75,59.11
2021,math,7,91,High school graduate,Parent Education,85895,19548,2475.4,5.81,13.83,19.64,27.58,52.78
2021,math,7,92,Some college (includes AA degree),Parent Education,86585,20582,2501.4,8.99,17.69,26.68,31.82,41.5
2021,math,7,93,College graduate,Parent Education,84520,20110,2554.5,23.72,24.25,47.96,26.72,25.31
2021,math,7,94,Graduate school/Post graduate,Parent Education,62529,15519,2604.3,42.07,23.32,65.39,19.21,15.4
2021,math,7,99,No reported disabilities,Disability Status,395492,86802,2530.5,18.02,19.65,37.67,28.12,34.21
2021,math,7,111,Not socioeconomically disadvantaged,Economic Status,184742,43560,2565.5,27.91,23.28,51.19,25.3,23.5
2021,math,7,120,ELs enrolled less than 12 months,English-Language Fluency,1298,174,2431.2,6.32,6.9,13.22,18.39,68.39
2021,math,7,121,Declined to state,Parent Education,75256,9595,2494.4,11.51,15.69,27.21,26.16,46.64
2021,math,7,128,Reported disabilities,Disability Status,57360,11047,2414.8,3.13,5.74,8.87,14.51,76.63
2021,math,7,142,ELs enrolled 12 months or more,English-Language Fluency,69928,14723,2419.9,1.28,4.1,5.38,17.9,76.72
2021,math,7,144,Two or more races,Race and Ethnicity,22121,5475,2552.8,24.95,22.53,47.48,25.12,27.4
2021,math,7,160,"EL (English learner, excluding RFEP)",English-Language Fluency,71661,15070,2420.1,1.34,4.13,5.47,17.93,76.61
2021,math,7,170,EverEL,English-Language Fluency,175253,36143,2487.7,10.18,14.17,24.36,26.17,49.47
2021,math,7,180,EO (English only),English-Language Fluency,258823,57835,2529.5,18.28,20.3,38.59,27.32,34.09
2021,math,7,190,TBD (To be determined),English-Language Fluency,155,13,2516.6,15.38,38.46,53.85,7.69,38.46
2021,math,7,200,Black or African American,Ethnicity for Socioeconomically Disadvantaged,17230,2724,2453.4,3.75,9.86,13.61,24.03,62.35
2021,math,7,201,American Indian or Alaska Native,Ethnicity for Socioeconomically Disadvantaged,1270,444,2461.3,4.76,11.34,16.1,25.85,58.05
2021,math,7,202,Asian,Ethnicity for Socioeconomically Disadvantaged,14748,2911,2556.3,26.49,22.68,49.17,24.76,26.07
2021,math,7,203,Filipino,Ethnicity for Socioeconomically Disadvantaged,3169,707,2544.2,18.86,24.14,43.0,31.29,25.71
2021,math,7,204,Hispanic or Latino,Ethnicity for Socioeconomically Disadvantaged,193231,37540,2468.1,4.8,12.5,17.3,27.36,55.35
2021,math,7,205,Native Hawaiian or Pacific Islander,Ethnicity for Socioeconomically Disadvantaged,1245,293,2475.0,4.17,15.63,19.79,26.74,53.47
2021,math,7,206,White,Ethnicity for Socioeconomically Disadvantaged,29232,7774,2498.9,9.55,17.39,26.94,30.63,42.43
2021,math,7,207,Two or more races,Ethnicity for Socioeconomically Disadvantaged,7985,1896,2496.4,10.4,15.41,25.81,29.17,45.01
2021,math,7,220,Black or African American,Ethnicity for Not Socioeconomically Disadvantaged,6832,1319,2507.5,11.55,18.71,30.25,29.72,40.03
2021,math,7,221,American Indian or Alaska Native,Ethnicity for Not Socioeconomically Disadvantaged,713,224,2509.2,11.26,17.57,28.83,32.88,38.29
2021,math,7,222,Asian,Ethnicity for Not Socioeconomically Disadvantaged,27873,6057,2657.9,62.53,18.85,81.38,11.67,6.95
2021,math,7,223,Filipino,Ethnicity for Not Socioeconomically Disadvantaged,6307,1461,2588.7,33.86,28.68,62.54,23.22,14.24
2021,math,7,224,Hispanic or Latino,Ethnicity for Not Socioeconomically Disadvantaged,61099,12674,2514.9,12.59,19.65,32.24,30.13,37.63
2021,math,7,225,Native Hawaiian or Pacific Islander,Ethnicity for Not Socioeconomically Disadvantaged,826,210,2532.8,14.35,25.84,40.19,29.19,30.62
2021,math,7,226,White,Ethnicity for Not Socioeconomically Disadvantaged,66956,18036,2569.9,27.11,26.65,53.76,26.69,19.56
2021,math,7,227,Two or more races,Ethnicity for Not Socioeconomically Disadvantaged,14136,3579,2582.6,32.61,26.27,58.88,22.99,18.13
2022,math,7,1,All Students,All Students,433224,418250,2509.2,15.55,16.49,32.03,25.55,42.41
2022,math,7,3,Male,Gender,222484,214918,2512.3,16.66,16.93,33.59,24.96,41.45
2022,math,7,4,Female,Gender,210387,203025,2505.9,14.37,16.0,30.37,26.17,43.45
2022,math,7,6,"IFEP, RFEP, and EO (Fluent English proficient and English only)",English-Language Fluency,361070,348562,2528.2,18.42,19.02,37.44,27.42,35.14
2022,math,7,7,IFEP (Initial fluent English proficient),English-Language Fluency,18023,17680,2595.1,38.64,21.02,59.66,21.98,18.36
2022,math,7,8,RFEP (Reclassified fluent English proficient),English-Language Fluency,94882,93355,2530.8,16.14,19.72,35.86,31.49,32.66
2022,math,7,28,Migrant education,Migrant,2977,2920,2451.5,3.77,10.35,14.11,23.78,62.11
2022,math,7,29,Not migrant education,Migrant,430247,415330,2509.6,15.63,16.53,32.16,25.56,42.27
2022,math,7,31,Socioeconomically disadvantaged,Economic Status,259841,250691,2473.6,7.03,12.78,19.81,26.12,54.07
2022,math,7,50,Armed forces family member,Military Status,5796,5623,2521.5,16.02,19.95,35.97,26.91,37.11
2022,math,7,51,Not armed forces family member,Military Status,427428,412627,2509.1,15.54,16.44,31.98,25.53,42.49
2022,math,7,52,Homeless,Homeless Status,12602,11944,2452.3,4.22,10.12,14.35,23.82,61.83
2022,math,7,53,Not homeless,Homeless Status,420622,406306,2510.9,15.88,16.67,32.55,25.6,41.84
2022,math,7,74,Black or African American,Race and Ethnicity,22370,20920,2451.0,4.78,9.85,14.64,22.43,62.93
2022,math,7,75,American Indian or Alaska Native,Race and Ethnicity,1934,1777,2472.8,7.39,13.71,21.11,23.65,55.25
2022,math,7,76,Asian,Race and Ethnicity,40576,40011,2620.1,49.05,20.93,69.98,16.66,13.36
2022,math,7,77,Filipino,Race and Ethnicity,10095,9935,2571.6,29.3,24.63,53.93,25.87,20.2
2022,math,7,78,Hispanic or Latino,Race and Ethnicity,244136,236688,2474.8,6.64,13.14,19.77,26.89,53.33
2022,math,7,79,Native Hawaiian or Pacific Islander,Race and Ethnicity,1878,1798,2489.1,9.41,14.25,23.66,29.06,47.27
2022,math,7,80,White,Race and Ethnicity,89955,85976,2551.4,23.5,23.42,46.92,26.95,26.14
2022,math,7,90,Not a high school graduate,Parent Education,59253,57283,2451.0,3.99,9.57,13.56,23.6,62.84
2022,math,7,91,High school graduate,Parent Education,90717,87595,2468.9,5.7,12.18,17.89,26.46,55.65
2022,math,7,92,Some college (includes AA degree),Parent Education,85460,82144,2497.4,9.54,16.64,26.18,29.62,44.2
2022,math,7,93,College graduate,Parent Education,85167,82556,2552.2,24.1,22.59,46.69,26.72,26.59
2022,math,7,94,Graduate school/Post graduate,Parent Education,63306,61454,2599.0,40.56,22.94,63.49,20.06,16.45
2022,math,7,99,No reported disabilities,Disability Status,379009,367737,2522.6,17.25,18.05,35.31,27.12,37.57
2022,math,7,111,Not socioeconomically disadvantaged,Economic Status,173383,167559,2562.5,28.29,22.02,50.31,24.7,24.99
2022,math,7,120,ELs enrolled less than 12 months,English-Language Fluency,3538,3261,2401.0,2.56,4.65,7.2,12.96,79.83
2022,math,7,121,Declined to state,Parent Education,48737,46773,2483.6,10.79,13.57,24.35,24.32,51.32
2022,math,7,128,Reported disabilities,Disability Status,54215,50513,2411.7,3.1,5.07,8.17,14.13,77.7
2022,math,7,142,ELs enrolled 12 months or more,English-Language Fluency,67600,65647,2415.1,1.1,3.73,4.83,16.37,78.8
2022,math,7,144,Two or more races,Race and Ethnicity,22280,21145,2546.2,24.84,20.52,45.36,24.5,30.14
2022,math,7,160,"EL (English learner, excluding RFEP)",English-Language Fluency,71716,69405,2414.3,1.16,3.77,4.93,16.18,78.89
2022,math,7,170,EverEL,English-Language Fluency,166598,162760,2481.2,9.75,12.92,22.68,24.96,52.36
2022,math,7,180,EO (English only),English-Language Fluency,248165,237527,2522.2,17.81,18.6,36.41,26.23,37.36
2022,math,7,190,TBD (To be determined),English-Language Fluency,200,123,2407.2,5.83,3.33,9.17,11.67,79.17
2022,math,7,200,Black or African American,Ethnicity for Socioeconomically Disadvantaged,16132,15007,2435.2,2.9,7.5,10.4,20.51,69.09
2022,math,7,201,American Indian or Alaska Native,Ethnicity for Socioeconomically Disadvantaged,1274,1162,2453.8,3.88,10.78,14.66,23.28,62.07
2022,math,7,202,Asian,Ethnicity for Socioeconomically Disadvantaged,14820,14585,2564.0,29.13,22.25,51.38,24.26,24.36
2022,math,7,203,Filipino,Ethnicity for Socioeconomically Disadvantaged,3495,3442,2543.7,20.02,22.96,42.98,28.83,28.19
2022,math,7,204,Hispanic or Latino,Ethnicity for Socioeconomically Disadvantaged,185914,180406,2463.5,4.68,11.46,16.15,26.17,57.68
2022,math,7,205,Native Hawaiian or Pacific Islander,Ethnicity for Socioeconomically Disadvantaged,1184,1131,2468.7,4.77,12.29,17.06,28.38,54.55
2022,math,7,206,White,Ethnicity for Socioeconomically Disadvantaged,28724,27177,2501.1,10.7,17.68,28.37,29.2,42.42
2022,math,7,207,Two or more races,Ethnicity for Socioeconomically Disadvantaged,8298,7781,2489.0,10.09,14.56,24.65,27.35,48.0
2022,math,7,220,Black or African American,Ethnicity for Not Socioeconomically Disadvantaged,6238,5913,2491.3,9.56,15.81,25.37,27.32,47.31
2022,math,7,221,American Indian or Alaska Native,Ethnicity for Not Socioeconomically Disadvantaged,660,615,2508.8,14.05,19.28,33.33,24.35,42.32
2022,math,7,222,Asian,Ethnicity for Not Socioeconomically Disadvantaged,25756,25426,2652.3,60.47,20.18,80.65,12.3,7.04
2022,math,7,223,Filipino,Ethnicity for Not Socioeconomically Disadvantaged,6600,6493,2586.3,34.22,25.52,59.74,24.3,15.96
2022,math,7,224,Hispanic or Latino,Ethnicity for Not Socioeconomically Disadvantaged,58222,56282,2510.9,12.9,18.5,31.4,29.2,39.4
2022,math,7,225,Native Hawaiian or Pacific Islander,Ethnicity for Not Socioeconomically Disadvantaged,694,667,2523.8,17.29,17.59,34.89,30.23,34.89
2022,math,7,226,White,Ethnicity for Not Socioeconomically Disadvantaged,61231,58799,2574.7,29.41,26.07,55.48,25.9,18.61
2022,math,7,227,Two or more races,Ethnicity for Not Socioeconomically Disadvantaged,13982,13364,2579.4,33.41,23.98,57.39,22.84,19.76
2022,math,7,240,Foster youth,Foster Status,1594,1453,2425.0,2.35,5.68,8.03,19.32,72.65
2022,math,7,241,Not foster youth,Foster Status,431630,416797,2509.5,15.59,16.52,32.12,25.57,42.31
2023,math,7,1,All Students,All Students,436906,425812,2511.8,16.92,16.25,33.16,24.5,42.33
2023,math,7,3,Male,Gender,223256,217780,2516.3,18.29,16.82,35.11,24.06,40.83
2023,math,7,4,Female,Gender,213269,207685,2507.2,15.48,15.64,31.12,24.96,43.92
2023,math,7,6,"IFEP, RFEP, and EO (Fluent English proficient and English only)",English-Language Fluency,371115,361748,2529.4,19.68,18.46,38.15,26.07,35.78
2023,math,7,7,IFEP (Initial fluent English proficient),English-Language Fluency,17815,17593,2602.3,41.82,20.1,61.92,20.35,17.73
2023,math,7,8,RFEP (Reclassified fluent English proficient),English-Language Fluency,99932,98826,2529.6,17.19,18.88,36.06,29.46,34.48
2023,math,7,28,Migrant education,Migrant,3112,3067,2449.6,4.14,9.36,13.51,23.43,63.07
2023,math,7,29,Not migrant education,Migrant,433794,422745,2512.3,17.01,16.3,33.31,24.51,42.18
2023,math,7,31,Socioeconomically disadvantaged,Economic Status,275082,268020,2476.7,8.21,13.01,21.22,25.35,53.44
2023,math,7,50,Armed forces family member,Military Status,5682,5566,2519.9,16.78,18.45,35.23,26.93,37.84
2023,math,7,51,Not armed forces family member,Military Status,431224,420246,2511.7,16.92,16.22,33.14,24.47,42.39
2023,math,7,52,Homeless,Homeless Status,13419,12839,2449.2,4.69,9.8,14.49,21.97,63.54
2023,math,7,53,Not homeless,Homeless Status,423487,412973,2513.8,17.3,16.45,33.74,24.58,41.67
2023,math,7,74,Black or African American,Race and Ethnicity,22483,21458,2452.4,5.32,9.86,15.18,22.2,62.62
2023,math,7,75,American Indian or Alaska Native,Race and Ethnicity,1949,1836,2471.7,7.86,13.04,20.89,24.6,54.5
2023,math,7,76,Asian,Race and Ethnicity,41960,41555,2623.6,51.28,19.46,70.74,15.12,14.14
2023,math,7,77,Filipino,Race and Ethnicity,9985,9882,2576.3,31.32,24.26,55.58,24.69,19.74
2023,math,7,78,Hispanic or Latino,Race and Ethnicity,246817,241269,2476.7,7.63,13.24,20.88,25.99,53.13
2023,math,7,79,Native Hawaiian or Pacific Islander,Race and Ethnicity,1883,1833,2489.3,10.27,14.7,24.97,26.17,48.85
2023,math,7,80,White,Race and Ethnicity,89115,86054,2554.6,25.3,22.88,48.18,25.55,26.27
2023,math,7,90,Not a high school graduate,Parent Education,57415,56123,2453.4,4.84,9.87,14.71,23.08,62.21
2023,math,7,91,High school graduate,Parent Education,91805,89539,2470.1,6.61,12.09,18.7,25.47,55.83
2023,math,7,92,Some college (includes AA degree),Parent Education,86276,83850,2498.0,10.27,16.52,26.79,28.65,44.57
2023,math,7,93,College graduate,Parent Education,88107,86068,2553.5,25.48,21.88,47.36,25.19,27.45
2023,math,7,94,Graduate school/Post graduate,Parent Education,67928,66381,2600.0,41.83,21.73,63.56,19.21,17.23
2023,math,7,99,No reported disabilities,Disability Status,382245,374251,2525.2,18.75,17.73,36.47,25.97,37.55
2023,math,7,111,Not socioeconomically disadvantaged,Economic Status,161824,157792,2571.5,31.69,21.75,53.45,23.07,23.48
2023,math,7,120,ELs enrolled less than 12 months,English-Language Fluency,4600,4292,2412.6,3.67,6.5,10.18,14.29,75.53
2023,math,7,121,Declined to state,Parent Education,45172,43685,2483.2,11.59,13.03,24.63,23.11,52.26
2023,math,7,128,Reported disabilities,Disability Status,54661,51561,2414.7,3.61,5.5,9.11,13.8,77.09
2023,math,7,142,ELs enrolled 12 months or more,English-Language Fluency,60511,59218,2412.5,1.11,3.51,4.62,15.71,79.67
2023,math,7,144,Two or more races,Race and Ethnicity,22714,21925,2552.9,27.16,20.21,47.37,23.83,28.79
2023,math,7,160,"EL (English learner, excluding RFEP)",English-Language Fluency,65575,63918,2412.5,1.28,3.71,4.99,15.62,79.4
2023,math,7,170,EverEL,English-Language Fluency,165507,162744,2483.7,10.94,12.92,23.86,24.02,52.11
2023,math,7,180,EO (English only),English-Language Fluency,253368,245329,2524.1,19.1,18.18,37.28,25.12,37.6
2023,math,7,190,TBD (To be determined),English-Language Fluency,105,57,2440.8,10.53,8.77,19.3,17.54,63.16
2023,math,7,200,Black or African American,Ethnicity for Socioeconomically Disadvantaged,17024,16175,2437.5,3.39,7.9,11.29,20.3,68.41
2023,math,7,201,American Indian or Alaska Native,Ethnicity for Socioeconomically Disadvantaged,1375,1287,2453.3,4.75,10.9,15.65,23.29,61.06
2023,math,7,202,Asian,Ethnicity for Socioeconomically Disadvantaged,16122,15943,2567.8,31.91,20.89,52.8,21.58,25.63
2023,math,7,203,Filipino,Ethnicity for Socioeconomically Disadvantaged,3696,3657,2549.3,21.9,23.98,45.88,27.29,26.83
2023,math,7,204,Hispanic or Latino,Ethnicity for Socioeconomically Disadvantaged,194591,190433,2465.8,5.59,11.72,17.31,25.53,57.16
2023,math,7,205,Native Hawaiian or Pacific Islander,Ethnicity for Socioeconomically Disadvantaged,1331,1297,2471.0,6.8,12.29,19.09,25.12,55.8
2023,math,7,206,White,Ethnicity for Socioeconomically Disadvantaged,31720,30427,2505.5,12.43,17.71,30.15,28.37,41.48
2023,math,7,207,Two or more races,Ethnicity for Socioeconomically Disadvantaged,9223,8801,2493.6,11.25,15.51,26.75,26.62,46.63
2023,math,7,220,Black or African American,Ethnicity for Not Socioeconomically Disadvantaged,5459,5283,2498.1,11.21,15.87,27.07,28.02,44.91
2023,math,7,221,American Indian or Alaska Native,Ethnicity for Not Socioeconomically Disadvantaged,574,549,2515.0,15.12,18.03,33.15,27.69,39.16
2023,math,7,222,Asian,Ethnicity for Not Socioeconomically Disadvantaged,25838,25612,2658.3,63.33,18.58,81.9,11.1,6.99
2023,math,7,223,Filipino,Ethnicity for Not Socioeconomically Disadvantaged,6289,6225,2592.1,36.85,24.43,61.27,23.16,15.57
2023,math,7,224,Hispanic or Latino,Ethnicity for Not Socioeconomically Disadvantaged,52226,50836,2517.6,15.29,18.95,34.24,27.71,38.05
2023,math,7,225,Native Hawaiian or Pacific Islander,Ethnicity for Not Socioeconomically Disadvantaged,552,536,2533.4,18.66,20.52,39.18,28.73,32.09
2023,math,7,226,White,Ethnicity for Not Socioeconomically Disadvantaged,57395,55627,2581.4,32.33,25.71,58.04,24.01,17.95
2023,math,7,227,Two or more races,Ethnicity for Not Socioeconomically Disadvantaged,13491,13124,2592.6,37.82,23.37,61.18,21.97,16.85
2023,math,7,240,Foster youth,Foster Status,1665,1523,2425.9,1.91,6.79,8.7,20.04,71.26
2023,math,7,241,Not foster youth,Foster Status,435241,424289,2512.2,16.97,16.28,33.25,24.52,42.23
2023,math,7,250,LTEL (Long-Term English learner),English-Language Fluency,29226,28465,2393.5,0.53,1.68,2.21,11.09,86.7
2023,math,7,251,ARLTEL (At-Risk of becoming LTEL),English-Language Fluency,2771,2705,2401.3,1.11,3.77,4.89,12.1,83.01
2023,math,7,252,NeverEL,English-Language Fluency,271288,262979,2529.3,20.62,18.31,38.92,24.8,36.28
2024,math,7,1,All Students,All Students,438526,427282,2513.0,17.08,16.75,33.83,24.63,41.54
2024,math,7,3,Male,Gender,224436,218888,2518.0,18.48,17.42,35.9,24.38,39.72
2024,math,7,4,Female,Gender,213783,208117,2507.8,15.6,16.05,31.65,24.9,43.45
2024,math,7,6,"IFEP, RFEP, and EO (Fluent English proficient and English only)",English-Language Fluency,371861,362450,2531.2,19.89,19.05,38.94,26.27,34.8
2024,math,7,7,IFEP (Initial fluent English proficient),English-Language Fluency,17398,17186,2605.4,42.76,20.69,63.45,19.98,16.57
2024,math,7,8,RFEP (Reclassified fluent English proficient),English-Language Fluency,96622,95563,2532.5,17.77,19.34,37.11,29.82,33.07
2024,math,7,28,Migrant education,Migrant,3342,3288,2451.3,4.08,10.14,14.22,23.23,62.55
2024,math,7,29,Not migrant education,Migrant,435184,423994,2513.5,17.18,16.81,33.98,24.64,41.38
2024,math,7,31,Socioeconomically disadvantaged,Economic Status,285510,278339,2480.6,9.03,13.76,22.79,25.48,51.73
2024,math,7,50,Armed forces family member,Military Status,5158,5023,2518.9,16.75,18.16,34.91,26.97,38.12
2024,math,7,51,Not armed forces family member,Military Status,433368,422259,2513.0,17.08,16.74,33.82,24.6,41.58
2024,math,7,52,Homeless,Homeless Status,14486,13880,2449.4,5.18,10.01,15.19,21.92,62.89
2024,math,7,53,Not homeless,Homeless Status,424040,413402,2515.2,17.48,16.98,34.46,24.72,40.82
2024,math,7,74,Black or African American,Race and Ethnicity,22263,21274,2455.2,5.65,10.35,16.0,22.67,61.33
2024,math,7,75,American Indian or Alaska Native,Race and Ethnicity,1908,1796,2474.6,9.31,12.54,21.85,22.52,55.63
2024,math,7,76,Asian,Race and Ethnicity,42764,42326,2623.1,50.93,19.66,70.59,15.53,13.88
2024,math,7,77,Filipino,Race and Ethnicity,9720,9628,2578.3,31.17,25.74,56.91,24.17,18.93
2024,math,7,78,Hispanic or Latino,Race and Ethnicity,248304,242511,2478.2,7.91,13.83,21.75,26.11,52.14
2024,math,7,79,Native Hawaiian or Pacific Islander,Race and Ethnicity,1837,1790,2483.4,8.11,14.53,22.64,27.61,49.75
2024,math,7,80,White,Race and Ethnicity,88196,85276,2555.0,25.2,23.23,48.44,25.79,25.77
2024,math,7,90,Not a high school graduate,Parent Education,48644,47551,2451.6,4.77,10.02,14.79,22.88,62.33
2024,math,7,91,High school graduate,Parent Education,87262,85075,2469.1,6.45,12.17,18.63,25.63,55.75
2024,math,7,92,Some college (includes AA degree),Parent Education,81075,78768,2498.8,10.08,17.19,27.27,28.74,43.99
2024,math,7,93,College graduate,Parent Education,87649,85603,2551.9,24.59,22.34,46.94,25.58,27.48
2024,math,7,94,Graduate school/Post graduate,Parent Education,70077,68500,2601.1,41.75,22.32,64.07,19.45,16.48
2024,math,7,99,No reported disabilities,Disability Status,382743,374700,2526.8,18.96,18.31,37.27,26.04,36.69
2024,math,7,111,Not socioeconomically disadvantaged,Economic Status,153016,148943,2573.7,32.1,22.35,54.46,23.04,22.5
2024,math,7,120,ELs enrolled less than 12 months,English-Language Fluency,6060,5651,2400.7,2.82,5.09,7.91,12.56,79.53
2024,math,7,121,Declined to state,Parent Education,61659,59756,2487.0,12.24,13.69,25.93,23.78,50.3
2024,math,7,128,Reported disabilities,Disability Status,55783,52582,2414.7,3.62,5.65,9.26,14.61,76.13
2024,math,7,142,ELs enrolled 12 months or more,English-Language Fluency,60160,58874,2412.6,1.21,3.78,5.0,15.76,79.24
2024,math,7,144,Two or more races,Race and Ethnicity,23534,22681,2553.9,27.35,20.88,48.23,23.37,28.4
2024,math,7,160,"EL (English learner, excluding RFEP)",English-Language Fluency,66468,64737,2411.5,1.35,3.9,5.25,15.47,79.28
2024,math,7,170,EverEL,English-Language Fluency,163090,160300,2483.7,11.14,13.11,24.24,24.03,51.73
2024,math,7,180,EO (English only),English-Language Fluency,257841,249701,2525.6,19.12,18.83,37.95,25.34,36.71
2024,math,7,190,TBD (To be determined),English-Language Fluency,126,51,2382.1,4.08,2.04,6.12,16.33,77.55
2024,math,7,200,Black or African American,Ethnicity for Socioeconomically Disadvantaged,17445,16655,2441.9,3.81,8.34,12.15,21.43,66.43
2024,math,7,201,American Indian or Alaska Native,Ethnicity for Socioeconomically Disadvantaged,1368,1285,2455.4,5.06,11.52,16.58,21.87,61.56
2024,math,7,202,Asian,Ethnicity for Socioeconomically Disadvantaged,18035,17811,2571.4,32.87,21.44,54.31,21.67,24.03
2024,math,7,203,Filipino,Ethnicity for Socioeconomically Disadvantaged,3923,3881,2553.7,23.4,24.38,47.78,25.95,26.26
2024,math,7,204,Hispanic or Latino,Ethnicity for Socioeconomically Disadvantaged,198319,194026,2467.8,5.97,12.36,18.33,25.71,55.96
2024,math,7,205,Native Hawaiian or Pacific Islander,Ethnicity for Socioeconomically Disadvantaged,1346,1311,2470.5,4.81,12.98,17.79,28.02,54.2
2024,math,7,206,White,Ethnicity for Socioeconomically Disadvantaged,34524,33260,2511.5,13.89,18.52,32.41,28.07,39.51
2024,math,7,207,Two or more races,Ethnicity for Socioeconomically Disadvantaged,10550,10110,2503.5,13.93,16.58,30.51,25.95,43.53
2024,math,7,220,Black or African American,Ethnicity for Not Socioeconomically Disadvantaged,4818,4619,2502.9,12.28,17.61,29.9,27.14,42.96
2024,math,7,221,American Indian or Alaska Native,Ethnicity for Not Socioeconomically Disadvantaged,540,511,2523.1,20.04,15.13,35.17,24.17,40.67
2024,math,7,222,Asian,Ethnicity for Not Socioeconomically Disadvantaged,24729,24515,2660.7,64.05,18.37,82.42,11.07,6.51
2024,math,7,223,Filipino,Ethnicity for Not Socioeconomically Disadvantaged,5797,5747,2594.9,36.41,26.65,63.06,22.96,13.98
2024,math,7,224,Hispanic or Latino,Ethnicity for Not Socioeconomically Disadvantaged,49985,48485,2519.9,15.68,19.73,35.41,27.73,36.86
2024,math,7,225,Native Hawaiian or Pacific Islander,Ethnicity for Not Socioeconomically Disadvantaged,491,479,2518.8,17.12,18.79,35.91,26.51,37.58
2024,math,7,226,White,Ethnicity for Not Socioeconomically Disadvantaged,53672,52016,2582.8,32.43,26.25,58.68,24.33,16.99
2024,math,7,227,Two or more races,Ethnicity for Not Socioeconomically Disadvantaged,12984,12571,2594.4,38.14,24.33,62.47,21.3,16.22
2024,math,7,240,Foster youth,Foster Status,1499,1371,2422.4,1.83,6.43,8.25,17.31,74.43
2024,math,7,241,Not foster youth,Foster Status,437027,425911,2513.3,17.13,16.79,33.91,24.65,41.43
2024,math,7,250,LTEL (Long-Term English learner),English-Language Fluency,29137,28357,2391.8,0.44,1.77,2.2,11.0,86.8
2024,math,7,251,ARLTEL (At-Risk of becoming LTEL),English-Language Fluency,3130,3064,2403.6,1.05,3.99,5.04,13.6,81.36
2024,math,7,252,NeverEL,English-Language Fluency,275365,266938,2530.7,20.64,18.95,39.59,24.99,35.42
2025,math,7,1,All Students,All Students,433823,423884,2520.2,19.38,16.7,36.08,24.34,39.58
2025,math,7,3,Male,Gender,221600,216645,2525.5,21.02,17.22,38.24,23.82,37.94
2025,math,7,4,Female,Gender,211954,206985,2514.7,17.66,16.17,33.83,24.88,41.29
2025,math,7,6,"IFEP, RFEP, and EO (Fluent English proficient and English only)",English-Language Fluency,369874,361385,2538.2,22.34,18.83,41.17,25.83,33.0
2025,math,7,7,IFEP (Initial fluent English proficient),English-Language Fluency,17255,17043,2615.9,46.22,19.65,65.88,19.06,15.06
2025,math,7,8,RFEP (Reclassified fluent English proficient),English-Language Fluency,95599,94628,2541.4,20.6,19.67,40.27,29.01,30.71
2025,math,7,28,Migrant education,Migrant,3461,3418,2450.2,5.18,10.25,15.43,22.64,61.93
2025,math,7,29,Not migrant education,Migrant,430362,420466,2520.8,19.49,16.76,36.25,24.35,39.4
2025,math,7,31,Socioeconomically disadvantaged,Economic Status,280305,274016,2485.9,10.58,14.06,24.64,25.43,49.93
2025,math,7,50,Armed forces family member,Military Status,5763,5630,2527.6,18.66,18.98,37.64,27.28,35.08
2025,math,7,51,Not armed forces family member,Military Status,428060,418254,2520.1,19.39,16.67,36.06,24.3,39.64
2025,math,7,52,Homeless,Homeless Status,16843,16248,2452.4,5.89,10.06,15.95,22.22,61.83
2025,math,7,53,Not homeless,Homeless Status,416980,407636,2522.9,19.92,16.97,36.89,24.42,38.69
2025,math,7,74,Black or African American,Race and Ethnicity,21533,20677,2461.0,7.59,11.25,18.84,22.52,58.64
2025,math,7,75,American Indian or Alaska Native,Race and Ethnicity,1857,1766,2475.8,8.62,12.59,21.21,25.41,53.37
2025,math,7,76,Asian,Race and Ethnicity,45754,45356,2628.2,52.85,18.37,71.23,15.06,13.72
2025,math,7,77,Filipino,Race and Ethnicity,9746,9637,2586.8,35.36,23.9,59.26,23.35,17.38
2025,math,7,78,Hispanic or Latino,Race and Ethnicity,243561,238553,2484.7,9.67,14.29,23.96,26.09,49.94
2025,math,7,79,Native Hawaiian or Pacific Islander,Race and Ethnicity,1876,1820,2492.6,11.33,15.35,26.68,25.63,47.69
2025,math,7,80,White,Race and Ethnicity,85357,82650,2561.3,27.67,22.5,50.16,25.33,24.51
2025,math,7,90,Not a high school graduate,Parent Education,45068,44151,2456.5,5.96,10.72,16.68,22.92,60.4
2025,math,7,91,High school graduate,Parent Education,86627,84756,2473.6,7.8,12.59,20.38,25.55,54.06
2025,math,7,92,Some college (includes AA degree),Parent Education,79087,77030,2502.9,11.69,17.03,28.72,28.78,42.5
2025,math,7,93,College graduate,Parent Education,90039,88113,2557.8,27.05,21.52,48.57,25.05,26.38
2025,math,7,94,Graduate school/Post graduate,Parent Education,72044,70571,2608.1,44.34,21.15,65.5,18.81,15.7
2025,math,7,99,No reported disabilities,Disability Status,377762,370950,2534.9,21.54,18.25,39.8,25.67,34.54
2025,math,7,111,Not socioeconomically disadvantaged,Economic Status,153518,149868,2583.0,35.46,21.54,57.0,22.34,20.66
2025,math,7,120,ELs enrolled less than 12 months,English-Language Fluency,5013,4753,2413.4,4.15,6.49,10.65,14.0,75.35
2025,math,7,121,Declined to state,Parent Education,59341,57732,2496.6,14.79,14.16,28.95,23.41,47.63
2025,math,7,128,Reported disabilities,Disability Status,56061,52934,2417.6,4.19,5.85,10.04,15.02,74.94
2025,math,7,142,ELs enrolled 12 months or more,English-Language Fluency,58675,57542,2416.2,2.06,4.23,6.29,15.86,77.85
2025,math,7,144,Two or more races,Race and Ethnicity,24139,23425,2558.3,29.43,19.85,49.28,22.79,27.93
2025,math,7,160,"EL (English learner, excluding RFEP)",English-Language Fluency,63827,62422,2416.0,2.23,4.4,6.63,15.72,77.65
2025,math,7,170,EverEL,English-Language Fluency,159426,157050,2491.6,13.3,13.6,26.91,23.73,49.36
2025,math,7,180,EO (English only),English-Language Fluency,257020,249714,2531.8,21.37,18.45,39.83,25.08,35.09
2025,math,7,190,TBD (To be determined),English-Language Fluency,49,18,2395.2,0.0,5.56,5.56,16.67,77.78
2025,math,7,200,Black or African American,Ethnicity for Socioeconomically Disadvantaged,16856,16178,2447.7,5.6,9.63,15.22,21.3,63.47
2025,math,7,201,American Indian or Alaska Native,Ethnicity for Socioeconomically Disadvantaged,1308,1246,2458.1,5.71,10.38,16.09,24.38,59.53
2025,math,7,202,Asian,Ethnicity for Socioeconomically Disadvantaged,19261,19060,2572.9,34.01,20.03,54.04,21.63,24.33
2025,math,7,203,Filipino,Ethnicity for Socioeconomically Disadvantaged,3914,3864,2560.4,25.8,23.5,49.3,26.94,23.76
2025,math,7,204,Hispanic or Latino,Ethnicity for Socioeconomically Disadvantaged,195142,191430,2473.6,7.46,12.89,20.36,25.74,53.91
2025,math,7,205,Native Hawaiian or Pacific Islander,Ethnicity for Socioeconomically Disadvantaged,1383,1342,2476.1,7.99,13.88,21.87,24.25,53.88
2025,math,7,206,White,Ethnicity for Socioeconomically Disadvantaged,32076,30922,2514.3,15.24,18.15,33.39,27.75,38.86
2025,math,7,207,Two or more races,Ethnicity for Socioeconomically Disadvantaged,10365,9974,2504.7,14.25,16.3,30.56,26.07,43.37
2025,math,7,220,Black or African American,Ethnicity for Not Socioeconomically Disadvantaged,4677,4499,2508.7,14.76,17.08,31.84,26.9,41.26
2025,math,7,221,American Indian or Alaska Native,Ethnicity for Not Socioeconomically Disadvantaged,549,520,2518.1,15.58,17.88,33.46,27.88,38.65
2025,math,7,222,Asian,Ethnicity for Not Socioeconomically Disadvantaged,26493,26296,2668.3,66.51,17.17,83.68,10.29,6.03
2025,math,7,223,Filipino,Ethnicity for Not Socioeconomically Disadvantaged,5832,5773,2604.5,41.76,24.17,65.93,20.95,13.12
2025,math,7,224,Hispanic or Latino,Ethnicity for Not Socioeconomically Disadvantaged,48419,47123,2529.9,18.62,19.99,38.61,27.53,33.86
2025,math,7,225,Native Hawaiian or Pacific Islander,Ethnicity for Not Socioeconomically Disadvantaged,493,478,2538.8,20.71,19.46,40.17,29.5,30.33
2025,math,7,226,White,Ethnicity for Not Socioeconomically Disadvantaged,53281,51728,2589.3,35.09,25.1,60.18,23.88,15.94
2025,math,7,227,Two or more races,Ethnicity for Not Socioeconomically Disadvantaged,13774,13451,2598.0,40.67,22.48,63.15,20.36,16.49
2025,math,7,240,Foster youth,Foster Status,1278,1187,2429.4,3.63,7.0,10.63,21.1,68.27
2025,math,7,241,Not foster youth,Foster Status,432545,422697,2520.5,19.42,16.73,36.15,24.35,39.5
2025,math,7,250,LTEL (Long-Term English learner),English-Language Fluency,27405,26771,2396.4,1.04,2.1,3.14,11.42,85.44
2025,math,7,251,ARLTEL (At-Risk of becoming LTEL),English-Language Fluency,2046,1997,2407.8,2.21,4.16,6.37,13.6,80.03
2025,math,7,252,NeverEL,English-Language Fluency,274324,266775,2537.1,22.96,18.53,41.49,24.7,33.81
2015,math,8,1,All Students,All Students,474479,456448,2533.9,16.0,17.0,33.0,26.0,41.0
2015,math,8,3,Male,Gender,474479,233054,2528.3,16.0,16.0,32.0,25.0,43.0
2015,math,8,4,Female,Gender,474479,223394,2539.6,16.0,18.0,34.0,28.0,38.0
2015,math,8,6,"IFEP, RFEP, and EO (Fluent English proficient and English only)",English-Language Fluency,474479,394931,2549.1,19.0,19.0,37.0,28.0,35.0
2015,math,8,7,IFEP (Initial fluent English proficient),English-Language Fluency,474479,21134,2597.2,34.0,20.0,54.0,24.0,22.0
2015,math,8,8,RFEP (Reclassified fluent English proficient),English-Language Fluency,474479,125239,2546.0,15.0,18.0,33.0,32.0,35.0
2015,math,8,28,Migrant education,Migrant,474479,3980,2480.8,5.0,11.0,15.0,25.0,59.0
2015,math,8,31,Socioeconomically disadvantaged,Economic Status,474479,271225,2498.7,8.0,13.0,21.0,27.0,52.0
2015,math,8,74,Black or African American,Race and Ethnicity,474479,28211,2477.2,5.0,10.0,16.0,23.0,61.0
2015,math,8,75,American Indian or Alaska Native,Race and Ethnicity,474479,2652,2499.5,8.0,13.0,21.0,27.0,52.0
2015,math,8,76,Asian,Race and Ethnicity,474479,41269,2639.1,50.0,20.0,70.0,17.0,13.0
2015,math,8,77,Filipino,Race and Ethnicity,474479,13132,2586.6,27.0,26.0,53.0,27.0,20.0
2015,math,8,78,Hispanic or Latino,Race and Ethnicity,474479,242644,2499.4,7.0,13.0,20.0,28.0,52.0
2015,math,8,79,Native Hawaiian or Pacific Islander,Race and Ethnicity,474479,2342,2518.9,11.0,16.0,26.0,30.0,44.0
2015,math,8,80,White,Race and Ethnicity,474479,113180,2574.1,25.0,23.0,48.0,26.0,25.0
2015,math,8,90,Not a high school graduate,Parent Education,474479,77302,2482.8,5.0,11.0,16.0,26.0,59.0
2015,math,8,91,High school graduate,Parent Education,474479,92282,2501.4,8.0,13.0,21.0,28.0,51.0
2015,math,8,92,Some college (includes AA degree),Parent Education,474479,92918,2528.2,12.0,18.0,30.0,30.0,40.0
2015,math,8,93,College graduate,Parent Education,474479,80588,2581.3,28.0,23.0,51.0,26.0,24.0
2015,math,8,94,Graduate school/Post graduate,Parent Education,474479,54267,2622.4,43.0,22.0,65.0,19.0,15.0
2015,math,8,99,No reported disabilities,Disability Status,474479,411291,2546.0,18.0,18.0,36.0,28.0,36.0
2015,math,8,111,Not socioeconomically disadvantaged,Economic Status,474479,185223,2585.1,29.0,22.0,52.0,25.0,24.0
2015,math,8,120,ELs enrolled less than 12 months,English-Language Fluency,474479,2484,2467.4,11.0,9.0,20.0,15.0,65.0
2015,math,8,121,Declined to state,Parent Education,474479,58791,2513.5,13.0,14.0,27.0,25.0,48.0
2015,math,8,128,Reported disabilities,Disability Status,474479,45157,2422.3,3.0,4.0,7.0,12.0,81.0
2015,math,8,142,ELs enrolled 12 months or more,English-Language Fluency,474479,57465,2433.1,2.0,3.0,5.0,15.0,80.0
2015,math,8,144,Two or more races,Race and Ethnicity,474479,10550,2572.4,27.0,21.0,47.0,25.0,28.0
2015,math,8,160,"EL (English learner, excluding RFEP)",English-Language Fluency,474479,60203,2434.5,2.0,4.0,6.0,15.0,80.0
2015,math,8,180,EO (English only),English-Language Fluency,474479,248558,2546.5,19.0,19.0,38.0,26.0,36.0
2015,math,8,200,Black or African American,Ethnicity for Socioeconomically Disadvantaged,474479,19859,2462.5,3.0,8.0,11.0,22.0,67.0
2015,math,8,201,American Indian or Alaska Native,Ethnicity for Socioeconomically Disadvantaged,474479,1661,2480.2,5.0,11.0,15.0,26.0,59.0
2015,math,8,202,Asian,Ethnicity for Socioeconomically Disadvantaged,474479,15660,2588.8,31.0,22.0,53.0,24.0,23.0
2015,math,8,203,Filipino,Ethnicity for Socioeconomically Disadvantaged,474479,4583,2556.1,18.0,23.0,40.0,30.0,29.0
2015,math,8,204,Hispanic or Latino,Ethnicity for Socioeconomically Disadvantaged,474479,192725,2490.3,5.0,12.0,17.0,28.0,55.0
2015,math,8,205,Native Hawaiian or Pacific Islander,Ethnicity for Socioeconomically Disadvantaged,474479,1489,2500.3,7.0,13.0,20.0,29.0,51.0
2015,math,8,206,White,Ethnicity for Socioeconomically Disadvantaged,474479,30407,2518.6,10.0,17.0,27.0,29.0,44.0
2015,math,8,207,Two or more races,Ethnicity for Socioeconomically Disadvantaged,474479,3620,2516.3,11.0,16.0,27.0,28.0,46.0
2015,math,8,220,Black or African American,Ethnicity for Not Socioeconomically Disadvantaged,474479,8352,2512.2,10.0,15.0,26.0,28.0,47.0
2015,math,8,221,American Indian or Alaska Native,Ethnicity for Not Socioeconomically Disadvantaged,474479,991,2531.9,14.0,18.0,31.0,29.0,40.0
2015,math,8,222,Asian,Ethnicity for Not Socioeconomically Disadvantaged,474479,25609,2669.8,62.0,19.0,81.0,12.0,7.0
2015,math,8,223,Filipino,Ethnicity for Not Socioeconomically Disadvantaged,474479,8549,2602.9,33.0,27.0,60.0,25.0,16.0
2015,math,8,224,Hispanic or Latino,Ethnicity for Not Socioeconomically Disadvantaged,474479,49919,2534.4,14.0,18.0,32.0,30.0,38.0
2015,math,8,225,Native Hawaiian or Pacific Islander,Ethnicity for Not Socioeconomically Disadvantaged,474479,853,2551.3,17.0,20.0,38.0,30.0,32.0
2015,math,8,226,White,Ethnicity for Not Socioeconomically Disadvantaged,474479,82773,2594.4,30.0,25.0,56.0,26.0,19.0
2015,math,8,227,Two or more races,Ethnicity for Not Socioeconomically Disadvantaged,474479,6930,2601.3,35.0,23.0,58.0,24.0,18.0
2016,math,8,1,All Students,All Students,467794,454150,2541.1,19.0,17.0,36.0,25.0,39.0
2016,math,8,3,Male,Gender,238868,231687,2535.2,19.0,16.0,34.0,24.0,41.0
2016,math,8,4,Female,Gender,228926,222463,2547.2,19.0,18.0,37.0,27.0,36.0
2016,math,8,6,"IFEP, RFEP, and EO (Fluent English proficient and English only)",English-Language Fluency,407432,396068,2556.1,21.0,19.0,40.0,27.0,33.0
2016,math,8,7,IFEP (Initial fluent English proficient),English-Language Fluency,21527,21130,2609.8,39.0,20.0,58.0,22.0,20.0
2016,math,8,8,RFEP (Reclassified fluent English proficient),English-Language Fluency,129928,128600,2551.6,17.0,19.0,36.0,31.0,34.0
2016,math,8,28,Migrant education,Migrant,3977,3896,2488.4,6.0,13.0,18.0,27.0,55.0
2016,math,8,31,Socioeconomically disadvantaged,Economic Status,286284,278574,2504.7,9.0,14.0,23.0,27.0,50.0
2016,math,8,74,Black or African American,Race and Ethnicity,28335,26872,2481.2,6.0,11.0,17.0,24.0,59.0
2016,math,8,75,American Indian or Alaska Native,Race and Ethnicity,2748,2589,2504.6,9.0,14.0,24.0,27.0,50.0
2016,math,8,76,Asian,Race and Ethnicity,42235,41604,2650.1,54.0,19.0,73.0,15.0,12.0
2016,math,8,77,Filipino,Race and Ethnicity,12697,12553,2596.6,32.0,25.0,56.0,25.0,19.0
2016,math,8,78,Hispanic or Latino,Race and Ethnicity,249067,243526,2506.0,9.0,14.0,23.0,28.0,49.0
2016,math,8,79,Native Hawaiian or Pacific Islander,Race and Ethnicity,2449,2355,2527.1,12.0,17.0,30.0,30.0,40.0
2016,math,8,80,White,Race and Ethnicity,115014,110233,2582.9,29.0,22.0,51.0,25.0,24.0
2016,math,8,90,Not a high school graduate,Parent Education,77973,76199,2487.7,6.0,11.0,18.0,26.0,57.0
2016,math,8,91,High school graduate,Parent Education,96067,93609,2507.8,9.0,14.0,23.0,28.0,49.0
2016,math,8,92,Some college (includes AA degree),Parent Education,95280,92507,2534.4,14.0,18.0,32.0,29.0,38.0
2016,math,8,93,College graduate,Parent Education,83322,80921,2589.7,31.0,23.0,53.0,24.0,22.0
2016,math,8,94,Graduate school/Post graduate,Parent Education,57791,55987,2631.4,47.0,20.0,68.0,18.0,15.0
2016,math,8,99,No reported disabilities,Disability Status,418403,407352,2554.3,21.0,18.0,39.0,27.0,34.0
2016,math,8,111,Not socioeconomically disadvantaged,Economic Status,181510,175576,2598.6,34.0,22.0,56.0,23.0,21.0
2016,math,8,120,ELs enrolled less than 12 months,English-Language Fluency,2739,2477,2466.9,10.0,9.0,18.0,16.0,66.0
2016,math,8,121,Declined to state,Parent Education,56795,54519,2519.4,14.0,15.0,29.0,25.0,46.0
2016,math,8,128,Reported disabilities,Disability Status,49391,46798,2424.8,3.0,4.0,7.0,13.0,80.0
2016,math,8,142,ELs enrolled 12 months or more,English-Language Fluency,55570,54019,2436.1,2.0,4.0,6.0,15.0,79.0
2016,math,8,144,Two or more races,Race and Ethnicity,12215,11688,2577.9,28.0,21.0,49.0,25.0,27.0
2016,math,8,160,"EL (English learner, excluding RFEP)",English-Language Fluency,58775,56899,2437.3,2.0,4.0,7.0,15.0,78.0
2016,math,8,180,EO (English only),English-Language Fluency,255977,246338,2553.9,22.0,19.0,40.0,26.0,34.0
2016,math,8,200,Black or African American,Ethnicity for Socioeconomically Disadvantaged,20804,19740,2466.6,4.0,8.0,12.0,23.0,65.0
2016,math,8,201,American Indian or Alaska Native,Ethnicity for Socioeconomically Disadvantaged,1801,1688,2480.8,5.0,10.0,15.0,27.0,58.0
2016,math,8,202,Asian,Ethnicity for Socioeconomically Disadvantaged,15990,15765,2596.6,34.0,22.0,56.0,22.0,22.0
2016,math,8,203,Filipino,Ethnicity for Socioeconomically Disadvantaged,4539,4477,2566.3,21.0,23.0,44.0,29.0,27.0
2016,math,8,204,Hispanic or Latino,Ethnicity for Socioeconomically Disadvantaged,202648,198489,2496.4,7.0,13.0,20.0,27.0,53.0
2016,math,8,205,Native Hawaiian or Pacific Islander,Ethnicity for Socioeconomically Disadvantaged,1590,1529,2508.7,9.0,15.0,23.0,30.0,47.0
2016,math,8,206,White,Ethnicity for Socioeconomically Disadvantaged,32985,31318,2525.6,12.0,17.0,29.0,29.0,42.0
2016,math,8,207,Two or more races,Ethnicity for Socioeconomically Disadvantaged,4476,4229,2519.2,11.0,16.0,27.0,29.0,44.0
2016,math,8,220,Black or African American,Ethnicity for Not Socioeconomically Disadvantaged,7531,7132,2521.4,13.0,17.0,29.0,28.0,43.0
2016,math,8,221,American Indian or Alaska Native,Ethnicity for Not Socioeconomically Disadvantaged,947,901,2548.6,18.0,22.0,40.0,26.0,34.0
2016,math,8,222,Asian,Ethnicity for Not Socioeconomically Disadvantaged,26245,25839,2682.6,67.0,17.0,84.0,10.0,6.0
2016,math,8,223,Filipino,Ethnicity for Not Socioeconomically Disadvantaged,8158,8076,2613.4,38.0,26.0,63.0,22.0,14.0
2016,math,8,224,Hispanic or Latino,Ethnicity for Not Socioeconomically Disadvantaged,46419,45037,2548.6,18.0,20.0,38.0,29.0,34.0
2016,math,8,225,Native Hawaiian or Pacific Islander,Ethnicity for Not Socioeconomically Disadvantaged,859,826,2561.0,19.0,22.0,41.0,31.0,28.0
2016,math,8,226,White,Ethnicity for Not Socioeconomically Disadvantaged,82029,78915,2605.6,35.0,24.0,60.0,24.0,17.0
2016,math,8,227,Two or more races,Ethnicity for Not Socioeconomically Disadvantaged,7739,7459,2610.9,37.0,23.0,61.0,22.0,17.0
2017,math,8,1,All Students,All Students,470237,458491,2540.2,20.03,16.27,36.3,23.42,40.28
2017,math,8,3,Male,Gender,240486,234306,2533.9,19.68,15.18,34.85,22.11,43.03
2017,math,8,4,Female,Gender,229751,224185,2546.8,20.39,17.41,37.8,24.79,37.41
2017,math,8,6,"IFEP, RFEP, and EO (Fluent English proficient and English only)",English-Language Fluency,411703,401819,2556.0,22.48,18.01,40.49,24.96,34.55
2017,math,8,7,IFEP (Initial fluent English proficient),English-Language Fluency,22779,22475,2613.8,40.6,18.79,59.39,20.39,20.23
2017,math,8,8,RFEP (Reclassified fluent English proficient),English-Language Fluency,131766,130619,2549.0,18.16,17.87,36.03,27.84,36.12
2017,math,8,28,Migrant education,Migrant,3684,3628,2479.3,5.6,11.33,16.93,23.33,59.74
2017,math,8,31,Socioeconomically disadvantaged,Economic Status,278695,272223,2500.7,9.65,13.31,22.97,24.33,52.7
2017,math,8,74,Black or African American,Race and Ethnicity,26592,25462,2478.1,6.97,10.61,17.59,21.67,60.74
2017,math,8,75,American Indian or Alaska Native,Race and Ethnicity,2561,2400,2503.8,10.8,13.3,24.09,24.22,51.69
2017,math,8,76,Asian,Race and Ethnicity,43938,43514,2652.2,55.81,17.55,73.36,13.87,12.76
2017,math,8,77,Filipino,Race and Ethnicity,12007,11900,2597.4,33.81,22.69,56.5,22.93,20.57
2017,math,8,78,Hispanic or Latino,Race and Ethnicity,251267,246262,2503.0,9.57,13.85,23.41,25.05,51.54
2017,math,8,79,Native Hawaiian or Pacific Islander,Race and Ethnicity,2286,2235,2525.1,13.93,15.49,29.42,27.54,43.04
2017,math,8,80,White,Race and Ethnicity,114370,110268,2583.6,29.9,21.45,51.35,23.93,24.72
2017,math,8,90,Not a high school graduate,Parent Education,76997,75361,2482.2,6.8,11.08,17.89,22.49,59.63
2017,math,8,91,High school graduate,Parent Education,95399,93315,2503.9,9.65,13.66,23.32,25.21,51.47
2017,math,8,92,Some college (includes AA degree),Parent Education,95184,92748,2531.5,14.57,17.55,32.12,27.28,40.6
2017,math,8,93,College graduate,Parent Education,87661,85646,2590.0,32.03,21.46,53.48,23.14,23.38
2017,math,8,94,Graduate school/Post graduate,Parent Education,61010,59335,2634.1,48.54,19.74,68.28,16.91,14.81
2017,math,8,99,No reported disabilities,Disability Status,418805,409831,2554.5,22.03,17.7,39.73,24.89,35.37
2017,math,8,111,Not socioeconomically disadvantaged,Economic Status,191542,186268,2597.9,35.19,20.59,55.78,22.09,22.13
2017,math,8,120,ELs enrolled less than 12 months,English-Language Fluency,3417,3162,2447.4,9.04,7.7,16.74,11.51,71.75
2017,math,8,121,Declined to state,Parent Education,53713,51920,2515.9,15.28,13.71,28.99,22.58,48.43
2017,math,8,128,Reported disabilities,Disability Status,51432,48660,2419.7,3.12,4.19,7.31,11.0,81.69
2017,math,8,142,ELs enrolled 12 months or more,English-Language Fluency,53441,52159,2426.5,2.11,3.62,5.73,12.48,81.79
2017,math,8,144,Two or more races,Race and Ethnicity,14216,13742,2581.2,30.33,19.94,50.27,23.39,26.33
2017,math,8,160,"EL (English learner, excluding RFEP)",English-Language Fluency,57368,55782,2427.6,2.5,3.85,6.35,12.42,81.23
2017,math,8,170,EverEL,English-Language Fluency,189134,186401,2512.7,13.48,13.68,27.15,23.23,49.61
2017,math,8,180,EO (English only),English-Language Fluency,257158,248725,2554.4,23.12,18.01,41.12,23.86,35.01
2017,math,8,190,TBD (To be determined),English-Language Fluency,359,288,2425.7,7.64,8.33,15.97,10.07,73.96
2017,math,8,200,Black or African American,Ethnicity for Socioeconomically Disadvantaged,19044,18212,2460.5,4.07,8.39,12.46,20.15,67.39
2017,math,8,201,American Indian or Alaska Native,Ethnicity for Socioeconomically Disadvantaged,1629,1527,2479.8,6.16,10.81,16.97,22.94,60.09
2017,math,8,202,Asian,Ethnicity for Socioeconomically Disadvantaged,16094,15948,2595.3,35.51,20.2,55.71,20.32,23.97
2017,math,8,203,Filipino,Ethnicity for Socioeconomically Disadvantaged,4102,4056,2563.8,23.47,20.8,44.27,25.12,30.6
2017,math,8,204,Hispanic or Latino,Ethnicity for Socioeconomically Disadvantaged,199376,195695,2491.9,7.3,12.54,19.84,24.59,55.57
2017,math,8,205,Native Hawaiian or Pacific Islander,Ethnicity for Socioeconomically Disadvantaged,1425,1398,2506.7,8.88,14.26,23.14,27.58,49.28
2017,math,8,206,White,Ethnicity for Socioeconomically Disadvantaged,30824,29509,2522.5,12.72,16.62,29.35,26.91,43.74
2017,math,8,207,Two or more races,Ethnicity for Socioeconomically Disadvantaged,4728,4519,2516.9,12.18,15.3,27.48,26.59,45.93
2017,math,8,220,Black or African American,Ethnicity for Not Socioeconomically Disadvantaged,7548,7250,2522.3,14.26,16.2,30.46,25.48,44.05
2017,math,8,221,American Indian or Alaska Native,Ethnicity for Not Socioeconomically Disadvantaged,932,873,2545.7,18.9,17.64,36.54,26.46,37.0
2017,math,8,222,Asian,Ethnicity for Not Socioeconomically Disadvantaged,27844,27566,2685.1,67.56,16.02,83.58,10.14,6.28
2017,math,8,223,Filipino,Ethnicity for Not Socioeconomically Disadvantaged,7905,7844,2614.7,39.15,23.67,62.82,21.79,15.38
2017,math,8,224,Hispanic or Latino,Ethnicity for Not Socioeconomically Disadvantaged,51891,50567,2545.6,18.34,18.9,37.23,26.79,35.97
2017,math,8,225,Native Hawaiian or Pacific Islander,Ethnicity for Not Socioeconomically Disadvantaged,861,837,2555.8,22.34,17.56,39.9,27.48,32.62
2017,math,8,226,White,Ethnicity for Not Socioeconomically Disadvantaged,83546,80759,2605.9,36.18,23.21,59.39,22.84,17.77
2017,math,8,227,Two or more races,Ethnicity for Not Socioeconomically Disadvantaged,9488,9223,2612.8,39.25,22.21,61.46,21.82,16.72
2018,math,8,1,All Students,All Students,472095,459147,2540.5,20.76,16.12,36.88,22.94,40.17
2018,math,8,3,Male,Gender,241503,234672,2533.3,20.37,14.9,35.27,21.61,43.12
2018,math,8,4,Female,Gender,230592,224475,2548.1,21.18,17.4,38.57,24.33,37.09
2018,math,8,6,"IFEP, RFEP, and EO (Fluent English proficient and English only)",English-Language Fluency,415229,404142,2555.8,23.23,17.75,40.98,24.3,34.72
2018,math,8,7,IFEP (Initial fluent English proficient),English-Language Fluency,21738,21410,2619.2,42.41,18.95,61.36,19.38,19.26
2018,math,8,8,RFEP (Reclassified fluent English proficient),English-Language Fluency,134623,133020,2549.1,19.08,17.46,36.53,27.29,36.17
2018,math,8,28,Migrant education,Migrant,3722,3654,2484.7,6.79,11.78,18.58,24.14,57.29
2018,math,8,31,Socioeconomically disadvantaged,Economic Status,284018,277061,2501.4,10.52,13.29,23.81,24.11,52.08
2018,math,8,74,Black or African American,Race and Ethnicity,25938,24851,2475.9,7.0,10.66,17.66,20.91,61.43
2018,math,8,75,American Indian or Alaska Native,Race and Ethnicity,2558,2387,2498.7,10.32,12.75,23.07,25.38,51.55
2018,math,8,76,Asian,Race and Ethnicity,44694,44214,2655.6,57.27,17.17,74.44,13.22,12.34
2018,math,8,77,Filipino,Race and Ethnicity,11464,11330,2601.7,34.98,23.36,58.34,22.3,19.36
2018,math,8,78,Hispanic or Latino,Race and Ethnicity,253674,248105,2502.9,10.14,13.77,23.91,24.84,51.25
2018,math,8,79,Native Hawaiian or Pacific Islander,Race and Ethnicity,2364,2304,2516.7,12.63,16.02,28.65,24.44,46.92
2018,math,8,80,White,Race and Ethnicity,112365,107771,2583.6,30.62,21.2,51.82,23.29,24.89
2018,math,8,90,Not a high school graduate,Parent Education,75191,73443,2482.3,7.28,10.99,18.26,22.8,58.94
2018,math,8,91,High school graduate,Parent Education,95300,93089,2501.2,9.88,13.37,23.25,24.69,52.06
2018,math,8,92,Some college (includes AA degree),Parent Education,95788,93211,2530.3,14.96,17.25,32.21,26.81,40.98
2018,math,8,93,College graduate,Parent Education,88854,86557,2590.1,32.59,21.35,53.94,22.52,23.55
2018,math,8,94,Graduate school/Post graduate,Parent Education,64284,62366,2635.2,49.19,19.53,68.72,16.33,14.95
2018,math,8,99,No reported disabilities,Disability Status,419309,409436,2555.3,22.89,17.57,40.46,24.35,35.2
2018,math,8,111,Not socioeconomically disadvantaged,Economic Status,188077,182086,2600.0,36.34,20.44,56.78,21.16,22.06
2018,math,8,120,ELs enrolled less than 12 months,English-Language Fluency,2527,2339,2456.9,9.17,8.78,17.95,13.11,68.94
2018,math,8,121,Declined to state,Parent Education,52465,50336,2514.6,15.77,13.41,29.18,21.7,49.13
2018,math,8,128,Reported disabilities,Disability Status,52786,49711,2418.8,3.22,4.19,7.41,11.33,81.26
2018,math,8,142,ELs enrolled 12 months or more,English-Language Fluency,53004,51618,2426.0,2.22,3.86,6.08,12.9,81.02
2018,math,8,144,Two or more races,Race and Ethnicity,15992,15388,2585.1,32.78,19.43,52.22,21.36,26.43
2018,math,8,160,"EL (English learner, excluding RFEP)",English-Language Fluency,55950,54305,2427.3,2.51,4.08,6.59,12.91,80.49
2018,math,8,170,EverEL,English-Language Fluency,190573,187325,2513.8,14.28,13.58,27.86,23.13,49.02
2018,math,8,180,EO (English only),English-Language Fluency,258868,249712,2554.0,23.8,17.8,41.6,23.13,35.27
2018,math,8,190,TBD (To be determined),English-Language Fluency,306,250,2415.8,5.62,7.23,12.85,8.03,79.12
2018,math,8,200,Black or African American,Ethnicity for Socioeconomically Disadvantaged,18655,17844,2458.2,4.2,8.51,12.7,19.39,67.91
2018,math,8,201,American Indian or Alaska Native,Ethnicity for Socioeconomically Disadvantaged,1661,1542,2476.5,5.78,10.27,16.05,24.76,59.19
2018,math,8,202,Asian,Ethnicity for Socioeconomically Disadvantaged,17182,16995,2600.8,37.87,19.83,57.69,19.96,22.35
2018,math,8,203,Filipino,Ethnicity for Socioeconomically Disadvantaged,4073,4030,2568.5,24.11,22.62,46.72,24.68,28.6
2018,math,8,204,Hispanic or Latino,Ethnicity for Socioeconomically Disadvantaged,201433,197429,2491.6,7.82,12.44,20.26,24.53,55.2
2018,math,8,205,Native Hawaiian or Pacific Islander,Ethnicity for Socioeconomically Disadvantaged,1525,1489,2495.3,8.39,13.43,21.83,23.44,54.73
2018,math,8,206,White,Ethnicity for Socioeconomically Disadvantaged,32529,31127,2524.3,14.32,16.56,30.88,26.3,42.82
2018,math,8,207,Two or more races,Ethnicity for Socioeconomically Disadvantaged,5487,5232,2519.5,14.24,14.81,29.05,25.22,45.73
2018,math,8,220,Black or African American,Ethnicity for Not Socioeconomically Disadvantaged,7283,7007,2520.8,14.12,16.16,30.28,24.79,44.93
2018,math,8,221,American Indian or Alaska Native,Ethnicity for Not Socioeconomically Disadvantaged,897,845,2539.2,18.58,17.28,35.86,26.51,37.63
2018,math,8,222,Asian,Ethnicity for Not Socioeconomically Disadvantaged,27512,27219,2689.9,69.39,15.51,84.89,9.02,6.09
2018,math,8,223,Filipino,Ethnicity for Not Socioeconomically Disadvantaged,7391,7300,2620.0,40.98,23.78,64.75,20.99,14.25
2018,math,8,224,Hispanic or Latino,Ethnicity for Not Socioeconomically Disadvantaged,52241,50676,2546.7,19.14,18.98,38.12,26.04,35.84
2018,math,8,225,Native Hawaiian or Pacific Islander,Ethnicity for Not Socioeconomically Disadvantaged,839,815,2555.7,20.37,20.74,41.1,26.26,32.64
2018,math,8,226,White,Ethnicity for Not Socioeconomically Disadvantaged,79836,76644,2607.7,37.23,23.09,60.32,22.07,17.61
2018,math,8,227,Two or more races,Ethnicity for Not Socioeconomically Disadvantaged,10505,10156,2618.9,42.34,21.81,64.16,19.37,16.48
2019,math,8,1,All Students,All Students,474833,462755,2539.9,20.82,15.81,36.63,22.59,40.78
2019,math,8,3,Male,Gender,242305,236005,2533.1,20.57,14.63,35.2,21.25,43.54
2019,math,8,4,Female,Gender,232528,226750,2546.9,21.08,17.04,38.12,23.98,37.9
2019,math,8,6,"IFEP, RFEP, and EO (Fluent English proficient and English only)",English-Language Fluency,415784,405407,2556.0,23.44,17.52,40.96,24.0,35.04
2019,math,8,7,IFEP (Initial fluent English proficient),English-Language Fluency,20293,20035,2627.4,45.55,17.9,63.45,18.66,17.89
2019,math,8,8,RFEP (Reclassified fluent English proficient),English-Language Fluency,134086,132873,2550.3,19.57,17.44,37.01,26.84,36.15
2019,math,8,28,Migrant education,Migrant,3833,3794,2483.7,7.54,11.68,19.22,21.94,58.85
2019,math,8,31,Socioeconomically disadvantaged,Economic Status,286314,279509,2501.2,10.69,13.18,23.86,23.58,52.55
2019,math,8,50,Armed forces family member,Military Status,4889,4794,2564.7,24.84,19.25,44.09,24.2,31.71
2019,math,8,51,Not armed forces family member,Military Status,469944,457961,2539.6,20.78,15.78,36.55,22.57,40.87
2019,math,8,52,Homeless,Homeless Status,16028,15364,2482.0,8.02,10.78,18.79,21.61,59.6
2019,math,8,53,Not homeless,Homeless Status,458805,447391,2541.9,21.26,15.99,37.24,22.63,40.13
2019,math,8,74,Black or African American,Race and Ethnicity,25453,24305,2473.6,6.96,10.05,17.01,20.7,62.29
2019,math,8,75,American Indian or Alaska Native,Race and Ethnicity,2507,2392,2500.6,11.64,12.4,24.04,23.08,52.88
2019,math,8,76,Asian,Race and Ethnicity,44189,43807,2656.2,57.4,16.5,73.89,13.44,12.66
2019,math,8,77,Filipino,Race and Ethnicity,11049,10952,2601.9,35.58,22.32,57.9,22.42,19.68
2019,math,8,78,Hispanic or Latino,Race and Ethnicity,259777,254491,2502.9,10.42,13.73,24.16,24.21,51.64
2019,math,8,79,Native Hawaiian or Pacific Islander,Race and Ethnicity,2261,2193,2520.4,14.08,15.54,29.62,25.09,45.29
2019,math,8,80,White,Race and Ethnicity,109449,105273,2583.8,30.72,20.87,51.59,23.07,25.35
2019,math,8,90,Not a high school graduate,Parent Education,74198,72709,2481.3,7.39,10.93,18.32,21.84,59.83
2019,math,8,91,High school graduate,Parent Education,96953,94828,2500.2,9.83,13.28,23.11,24.3,52.59
2019,math,8,92,Some college (includes AA degree),Parent Education,96073,93384,2528.9,14.85,16.8,31.65,26.45,41.9
2019,math,8,93,College graduate,Parent Education,90601,88407,2589.5,32.69,20.77,53.46,22.17,24.37
2019,math,8,94,Graduate school/Post graduate,Parent Education,65298,63554,2635.3,49.25,19.02,68.27,16.52,15.22
2019,math,8,99,No reported disabilities,Disability Status,419514,410521,2555.0,23.03,17.29,40.32,23.99,35.7
2019,math,8,111,Not socioeconomically disadvantaged,Economic Status,188519,183246,2598.8,36.26,19.84,56.1,21.08,22.82
2019,math,8,120,ELs enrolled less than 12 months,English-Language Fluency,2938,2684,2434.3,6.09,6.72,12.81,11.09,76.1
2019,math,8,121,Declined to state,Parent Education,51551,49785,2511.6,15.17,13.05,28.22,21.7,50.08
2019,math,8,128,Reported disabilities,Disability Status,55319,52234,2421.1,3.41,4.21,7.63,11.6,80.77
2019,math,8,142,ELs enrolled 12 months or more,English-Language Fluency,55023,53816,2424.8,2.02,3.59,5.61,12.62,81.77
2019,math,8,144,Two or more races,Race and Ethnicity,17523,16926,2587.1,33.63,18.76,52.4,21.54,26.06
2019,math,8,160,"EL (English learner, excluding RFEP)",English-Language Fluency,58504,56989,2425.2,2.23,3.73,5.96,12.54,81.51
2019,math,8,170,EverEL,English-Language Fluency,192590,189862,2512.8,14.37,13.33,27.7,22.55,49.75
2019,math,8,180,EO (English only),English-Language Fluency,261405,252499,2553.4,23.72,17.53,41.25,22.94,35.82
2019,math,8,190,TBD (To be determined),English-Language Fluency,273,184,2450.1,10.44,6.04,16.48,13.74,69.78
2019,math,8,200,Black or African American,Ethnicity for Socioeconomically Disadvantaged,18454,17617,2457.4,4.43,7.94,12.37,19.26,68.38
2019,math,8,201,American Indian or Alaska Native,Ethnicity for Socioeconomically Disadvantaged,1601,1529,2476.2,6.91,9.74,16.66,21.86,61.49
2019,math,8,202,Asian,Ethnicity for Socioeconomically Disadvantaged,16648,16508,2601.1,37.88,19.34,57.22,19.69,23.09
2019,math,8,203,Filipino,Ethnicity for Socioeconomically Disadvantaged,3785,3738,2568.2,24.52,20.4,44.91,26.37,28.72
2019,math,8,204,Hispanic or Latino,Ethnicity for Socioeconomically Disadvantaged,204432,200588,2491.6,8.13,12.47,20.6,23.8,55.6
2019,math,8,205,Native Hawaiian or Pacific Islander,Ethnicity for Socioeconomically Disadvantaged,1443,1406,2499.4,8.84,13.4,22.24,26.16,51.6
2019,math,8,206,White,Ethnicity for Socioeconomically Disadvantaged,32643,31141,2524.8,14.27,16.38,30.66,26.05,43.29
2019,math,8,207,Two or more races,Ethnicity for Socioeconomically Disadvantaged,5959,5703,2521.9,14.27,15.54,29.81,25.49,44.7
2019,math,8,220,Black or African American,Ethnicity for Not Socioeconomically Disadvantaged,6999,6688,2516.4,13.62,15.6,29.23,24.52,46.25
2019,math,8,221,American Indian or Alaska Native,Ethnicity for Not Socioeconomically Disadvantaged,906,863,2543.8,20.0,17.09,37.09,25.23,37.67
2019,math,8,222,Asian,Ethnicity for Not Socioeconomically Disadvantaged,27541,27299,2689.4,69.19,14.78,83.97,9.67,6.36
2019,math,8,223,Filipino,Ethnicity for Not Socioeconomically Disadvantaged,7264,7214,2619.3,41.31,23.32,64.63,20.37,15.0
2019,math,8,224,Hispanic or Latino,Ethnicity for Not Socioeconomically Disadvantaged,55345,53903,2544.7,18.97,18.42,37.39,25.72,36.89
2019,math,8,225,Native Hawaiian or Pacific Islander,Ethnicity for Not Socioeconomically Disadvantaged,818,787,2557.8,23.44,19.36,42.8,23.18,34.01
2019,math,8,226,White,Ethnicity for Not Socioeconomically Disadvantaged,76806,74132,2608.6,37.62,22.75,60.37,21.81,17.82
2019,math,8,227,Two or more races,Ethnicity for Not Socioeconomically Disadvantaged,11564,11223,2620.1,43.45,20.39,63.85,19.54,16.61
2021,math,8,1,All Students,All Students,460669,99022,2523.2,16.81,14.01,30.82,22.98,46.2
2021,math,8,3,Male,Gender,236342,50844,2519.8,16.97,13.48,30.45,22.0,47.55
2021,math,8,4,Female,Gender,224161,48145,2526.7,16.64,14.57,31.21,24.01,44.77
2021,math,8,6,"IFEP, RFEP, and EO (Fluent English proficient and English only)",English-Language Fluency,397035,85463,2540.2,19.25,15.82,35.07,24.74,40.19
2021,math,8,7,IFEP (Initial fluent English proficient),English-Language Fluency,18911,3937,2630.4,45.38,16.71,62.08,18.55,19.37
2021,math,8,8,RFEP (Reclassified fluent English proficient),English-Language Fluency,118456,24001,2534.3,15.74,15.13,30.87,27.56,41.57
2021,math,8,28,Migrant education,Migrant,3480,822,2452.0,4.06,6.4,10.47,18.97,70.57
2021,math,8,29,Not migrant education,Migrant,457189,98200,2523.8,16.92,14.08,30.99,23.02,45.99
2021,math,8,31,Socioeconomically disadvantaged,Economic Status,272263,55157,2481.3,7.34,10.48,17.82,22.91,59.27
2021,math,8,50,Armed forces family member,Military Status,5586,1064,2536.2,16.93,18.54,35.48,26.02,38.51
2021,math,8,51,Not armed forces family member,Military Status,455083,97958,2523.0,16.81,13.96,30.77,22.95,46.28
2021,math,8,52,Homeless,Homeless Status,14696,2488,2461.7,4.64,7.27,11.91,22.01,66.08
2021,math,8,53,Not homeless,Homeless Status,445973,96534,2524.8,17.12,14.18,31.3,23.01,45.69
2021,math,8,74,Black or African American,Race and Ethnicity,24342,4268,2470.2,6.03,9.37,15.4,21.69,62.91
2021,math,8,75,American Indian or Alaska Native,Race and Ethnicity,2179,672,2480.7,8.85,8.7,17.54,22.79,59.67
2021,math,8,76,Asian,Race and Ethnicity,42974,8942,2644.7,52.01,16.15,68.16,14.96,16.88
2021,math,8,77,Filipino,Race and Ethnicity,9630,2231,2583.6,29.25,20.87,50.11,26.14,23.75
2021,math,8,78,Hispanic or Latino,Race and Ethnicity,257242,51040,2482.0,7.08,10.87,17.95,23.14,58.91
2021,math,8,79,Native Hawaiian or Pacific Islander,Race and Ethnicity,2130,489,2507.0,10.44,13.78,24.22,27.77,48.02
2021,math,8,80,White,Race and Ethnicity,100258,26136,2557.5,22.66,18.88,41.54,25.4,33.07
2021,math,8,90,Not a high school graduate,Parent Education,60808,12989,2460.3,4.49,8.4,12.89,20.31,66.81
2021,math,8,91,High school graduate,Parent Education,87086,19805,2477.4,6.11,9.86,15.97,23.36,60.67
2021,math,8,92,Some college (includes AA degree),Parent Education,88378,20389,2505.9,9.77,13.82,23.59,26.9,49.51
2021,math,8,93,College graduate,Parent Education,85604,19910,2563.9,24.66,18.87,43.52,24.8,31.68
2021,math,8,94,Graduate school/Post graduate,Parent Education,64125,15772,2621.6,43.07,19.31,62.38,18.42,19.2
2021,math,8,99,No reported disabilities,Disability Status,403801,87988,2537.3,18.61,15.34,33.95,24.53,41.52
2021,math,8,111,Not socioeconomically disadvantaged,Economic Status,188406,43865,2575.3,28.6,18.42,47.02,23.07,29.9
2021,math,8,120,ELs enrolled less than 12 months,English-Language Fluency,1080,138,2424.5,2.22,4.44,6.67,17.04,76.3
2021,math,8,121,Declined to state,Parent Education,74588,10138,2493.1,10.95,11.78,22.72,21.35,55.93
2021,math,8,128,Reported disabilities,Disability Status,56868,11034,2410.4,2.41,3.44,5.84,10.59,83.56
2021,math,8,142,ELs enrolled 12 months or more,English-Language Fluency,61938,13218,2414.6,1.27,2.48,3.75,11.68,84.57
2021,math,8,144,Two or more races,Race and Ethnicity,21914,5244,2564.6,26.22,17.87,44.09,22.34,33.57
2021,math,8,160,"EL (English learner, excluding RFEP)",English-Language Fluency,63388,13516,2414.7,1.26,2.5,3.76,11.8,84.44
2021,math,8,170,EverEL,English-Language Fluency,181844,37517,2491.4,10.54,10.59,21.14,21.9,56.97
2021,math,8,180,EO (English only),English-Language Fluency,259668,57525,2536.5,18.92,16.04,34.96,23.99,41.05
2021,math,8,190,TBD (To be determined),English-Language Fluency,128,11,2434.1,0.0,0.0,0.0,18.18,81.82
2021,math,8,200,Black or African American,Ethnicity for Socioeconomically Disadvantaged,17206,2800,2451.1,3.69,6.93,10.62,19.49,69.89
2021,math,8,201,American Indian or Alaska Native,Ethnicity for Socioeconomically Disadvantaged,1382,441,2462.8,5.28,5.73,11.01,23.17,65.83
2021,math,8,202,Asian,Ethnicity for Socioeconomically Disadvantaged,14987,2983,2567.9,29.07,16.71,45.78,21.57,32.65
2021,math,8,203,Filipino,Ethnicity for Socioeconomically Disadvantaged,3115,682,2554.1,20.21,18.14,38.35,29.35,32.3
2021,math,8,204,Hispanic or Latino,Ethnicity for Socioeconomically Disadvantaged,196347,38355,2469.9,5.06,9.3,14.36,22.26,63.38
2021,math,8,205,Native Hawaiian or Pacific Islander,Ethnicity for Socioeconomically Disadvantaged,1300,265,2481.4,6.56,8.88,15.44,28.19,56.37
2021,math,8,206,White,Ethnicity for Socioeconomically Disadvantaged,30198,7831,2505.7,9.75,14.32,24.06,26.84,49.09
2021,math,8,207,Two or more races,Ethnicity for Socioeconomically Disadvantaged,7728,1800,2497.6,10.48,12.17,22.65,23.66,53.69
2021,math,8,220,Black or African American,Ethnicity for Not Socioeconomically Disadvantaged,7136,1468,2506.5,10.47,14.01,24.48,25.87,49.65
2021,math,8,221,American Indian or Alaska Native,Ethnicity for Not Socioeconomically Disadvantaged,797,231,2514.5,15.58,14.29,29.87,22.08,48.05
2021,math,8,222,Asian,Ethnicity for Not Socioeconomically Disadvantaged,27987,5959,2683.0,63.45,15.87,79.33,11.66,9.01
2021,math,8,223,Filipino,Ethnicity for Not Socioeconomically Disadvantaged,6515,1549,2596.6,33.23,22.06,55.29,24.72,19.99
2021,math,8,224,Hispanic or Latino,Ethnicity for Not Socioeconomically Disadvantaged,60895,12685,2518.6,13.17,15.58,28.75,25.8,45.45
2021,math,8,225,Native Hawaiian or Pacific Islander,Ethnicity for Not Socioeconomically Disadvantaged,830,224,2537.1,15.0,19.55,34.55,27.27,38.18
2021,math,8,226,White,Ethnicity for Not Socioeconomically Disadvantaged,70060,18305,2579.7,28.16,20.83,48.99,24.78,26.23
2021,math,8,227,Two or more races,Ethnicity for Not Socioeconomically Disadvantaged,14186,3444,2599.3,34.39,20.83,55.21,21.65,23.14
2022,math,8,1,All Students,All Students,454322,436139,2517.8,15.87,13.37,29.23,22.75,48.02
2022,math,8,3,Male,Gender,233945,225026,2517.7,16.58,13.18,29.76,22.0,48.24
2022,math,8,4,Female,Gender,219912,210709,2517.8,15.1,13.56,28.66,23.53,47.81
2022,math,8,6,"IFEP, RFEP, and EO (Fluent English proficient and English only)",English-Language Fluency,389971,374393,2535.0,18.31,15.19,33.5,24.6,41.9
2022,math,8,7,IFEP (Initial fluent English proficient),English-Language Fluency,19099,18620,2610.2,38.98,17.36,56.34,20.89,22.77
2022,math,8,8,RFEP (Reclassified fluent English proficient),English-Language Fluency,114330,112132,2532.9,15.72,14.82,30.54,27.31,42.15
2022,math,8,28,Migrant education,Migrant,3310,3254,2458.7,3.73,8.13,11.86,21.16,66.98
2022,math,8,29,Not migrant education,Migrant,451012,432885,2518.2,15.96,13.4,29.36,22.76,47.88
2022,math,8,31,Socioeconomically disadvantaged,Economic Status,271518,261040,2480.8,7.55,10.19,17.74,22.41,59.85
2022,math,8,50,Armed forces family member,Military Status,6720,6473,2529.6,16.39,15.31,31.7,25.22,43.08
2022,math,8,51,Not armed forces family member,Military Status,447602,429666,2517.6,15.86,13.34,29.2,22.71,48.1
2022,math,8,52,Homeless,Homeless Status,13644,12925,2460.4,5.03,7.52,12.55,20.67,66.79
2022,math,8,53,Not homeless,Homeless Status,440678,423214,2519.6,16.2,13.54,29.74,22.81,47.45
2022,math,8,74,Black or African American,Race and Ethnicity,23721,22128,2456.6,4.94,7.65,12.59,19.35,68.07
2022,math,8,75,American Indian or Alaska Native,Race and Ethnicity,2079,1910,2478.9,7.5,10.55,18.05,22.09,59.86
2022,math,8,76,Asian,Race and Ethnicity,42960,42312,2641.0,50.39,17.34,67.73,16.06,16.21
2022,math,8,77,Filipino,Race and Ethnicity,10568,10373,2580.9,27.75,21.65,49.41,25.57,25.02
2022,math,8,78,Hispanic or Latino,Race and Ethnicity,256502,247636,2481.4,6.96,10.52,17.48,23.22,59.3
2022,math,8,79,Native Hawaiian or Pacific Islander,Race and Ethnicity,2082,1983,2498.5,9.24,12.47,21.71,25.34,52.95
2022,math,8,80,White,Race and Ethnicity,94712,89370,2561.1,23.79,19.15,42.94,25.15,31.91
2022,math,8,90,Not a high school graduate,Parent Education,63963,61748,2460.3,4.58,7.81,12.38,20.74,66.88
2022,math,8,91,High school graduate,Parent Education,94013,90481,2475.9,6.27,9.56,15.83,22.62,61.55
2022,math,8,92,Some college (includes AA degree),Parent Education,89927,85934,2503.1,9.64,13.57,23.21,25.82,50.97
2022,math,8,93,College graduate,Parent Education,89184,85683,2562.6,24.46,18.51,42.97,24.89,32.14
2022,math,8,94,Graduate school/Post graduate,Parent Education,66049,63576,2613.4,40.64,19.25,59.89,19.47,20.64
2022,math,8,99,No reported disabilities,Disability Status,398357,384597,2531.8,17.64,14.7,32.34,24.31,43.35
2022,math,8,111,Not socioeconomically disadvantaged,Economic Status,182804,175099,2572.9,28.25,18.09,46.35,23.25,30.4
2022,math,8,120,ELs enrolled less than 12 months,English-Language Fluency,3352,3079,2403.4,2.86,3.45,6.31,10.34,83.35
2022,math,8,121,Declined to state,Parent Education,50660,48323,2491.2,11.57,10.4,21.97,20.65,57.38
2022,math,8,128,Reported disabilities,Disability Status,55965,51542,2413.0,2.58,3.43,6.01,11.06,82.93
2022,math,8,142,ELs enrolled 12 months or more,English-Language Fluency,60070,57976,2413.8,0.93,2.22,3.15,11.56,85.29
2022,math,8,144,Two or more races,Race and Ethnicity,21698,20427,2554.1,24.83,16.64,41.47,22.36,36.16
2022,math,8,160,"EL (English learner, excluding RFEP)",English-Language Fluency,63922,61468,2413.1,1.03,2.28,3.31,11.49,85.21
2022,math,8,170,EverEL,English-Language Fluency,178252,173600,2490.5,10.52,10.38,20.9,21.71,57.38
2022,math,8,180,EO (English only),English-Language Fluency,256542,243641,2530.3,17.92,15.19,33.11,23.63,43.25
2022,math,8,190,TBD (To be determined),English-Language Fluency,190,115,2401.8,5.22,4.35,9.57,7.83,82.61
2022,math,8,200,Black or African American,Ethnicity for Socioeconomically Disadvantaged,16766,15564,2439.4,2.95,5.42,8.38,17.09,74.53
2022,math,8,201,American Indian or Alaska Native,Ethnicity for Socioeconomically Disadvantaged,1329,1206,2456.7,3.99,7.82,11.81,20.38,67.8
2022,math,8,202,Asian,Ethnicity for Socioeconomically Disadvantaged,15943,15676,2582.2,31.49,18.05,49.55,22.0,28.46
2022,math,8,203,Filipino,Ethnicity for Socioeconomically Disadvantaged,3683,3610,2551.3,18.85,20.07,38.91,27.36,33.73
2022,math,8,204,Hispanic or Latino,Ethnicity for Socioeconomically Disadvantaged,195202,188889,2470.5,5.18,9.15,14.33,22.34,63.33
2022,math,8,205,Native Hawaiian or Pacific Islander,Ethnicity for Socioeconomically Disadvantaged,1296,1224,2475.3,5.72,9.81,15.54,23.39,61.08
2022,math,8,206,White,Ethnicity for Socioeconomically Disadvantaged,29292,27390,2506.1,11.04,13.98,25.01,25.18,49.81
2022,math,8,207,Two or more races,Ethnicity for Socioeconomically Disadvantaged,8007,7481,2491.4,9.52,11.72,21.24,23.72,55.04
2022,math,8,220,Black or African American,Ethnicity for Not Socioeconomically Disadvantaged,6955,6564,2497.4,9.64,12.92,22.56,24.68,52.75
2022,math,8,221,American Indian or Alaska Native,Ethnicity for Not Socioeconomically Disadvantaged,750,704,2516.9,13.49,15.2,28.69,25.0,46.31
2022,math,8,222,Asian,Ethnicity for Not Socioeconomically Disadvantaged,27017,26636,2675.6,61.5,16.92,78.43,12.57,9.0
2022,math,8,223,Filipino,Ethnicity for Not Socioeconomically Disadvantaged,6885,6763,2596.7,32.51,22.5,55.01,24.62,20.37
2022,math,8,224,Hispanic or Latino,Ethnicity for Not Socioeconomically Disadvantaged,61300,58747,2516.3,12.67,14.92,27.59,26.06,46.35
2022,math,8,225,Native Hawaiian or Pacific Islander,Ethnicity for Not Socioeconomically Disadvantaged,786,759,2536.1,14.91,16.75,31.66,28.5,39.84
2022,math,8,226,White,Ethnicity for Not Socioeconomically Disadvantaged,65420,61980,2585.4,29.42,21.43,50.86,25.13,24.01
2022,math,8,227,Two or more races,Ethnicity for Not Socioeconomically Disadvantaged,13691,12946,2590.3,33.66,19.49,53.14,21.58,25.27
2022,math,8,240,Foster youth,Foster Status,1705,1512,2429.1,2.25,5.56,7.81,15.56,76.62
2022,math,8,241,Not foster youth,Foster Status,452617,434627,2518.1,15.91,13.39,29.31,22.77,47.92
2023,math,8,1,All Students,All Students,433294,419830,2518.1,16.65,13.29,29.94,21.73,48.33
2023,math,8,3,Male,Gender,222751,216226,2519.5,17.5,13.24,30.74,21.14,48.12
2023,math,8,4,Female,Gender,210011,203139,2516.6,15.73,13.35,29.08,22.34,48.58
2023,math,8,6,"IFEP, RFEP, and EO (Fluent English proficient and English only)",English-Language Fluency,373446,361951,2535.7,19.14,15.06,34.2,23.55,42.25
2023,math,8,7,IFEP (Initial fluent English proficient),English-Language Fluency,18631,18312,2612.8,40.61,16.67,57.29,19.85,22.87
2023,math,8,8,RFEP (Reclassified fluent English proficient),English-Language Fluency,109122,107548,2531.8,16.08,14.74,30.82,26.01,43.16
2023,math,8,28,Migrant education,Migrant,3342,3285,2455.0,4.61,7.11,11.71,20.19,68.1
2023,math,8,29,Not migrant education,Migrant,429952,416545,2518.6,16.74,13.34,30.08,21.74,48.18
2023,math,8,31,Socioeconomically disadvantaged,Economic Status,271899,263600,2481.3,8.28,10.33,18.61,21.61,59.78
2023,math,8,50,Armed forces family member,Military Status,6764,6580,2523.9,16.29,14.57,30.85,23.59,45.56
2023,math,8,51,Not armed forces family member,Military Status,426530,413250,2518.0,16.65,13.27,29.92,21.7,48.38
2023,math,8,52,Homeless,Homeless Status,13261,12607,2454.0,5.05,7.42,12.48,18.73,68.79
2023,math,8,53,Not homeless,Homeless Status,420033,407223,2520.1,17.01,13.47,30.48,21.82,47.7
2023,math,8,74,Black or African American,Race and Ethnicity,22170,21035,2456.1,5.28,8.04,13.32,18.56,68.12
2023,math,8,75,American Indian or Alaska Native,Race and Ethnicity,1902,1770,2478.5,8.14,10.29,18.44,20.64,60.92
2023,math,8,76,Asian,Race and Ethnicity,41403,40933,2641.7,50.98,17.02,68.0,15.5,16.5
2023,math,8,77,Filipino,Race and Ethnicity,10144,10036,2586.8,30.93,20.47,51.41,23.67,24.92
2023,math,8,78,Hispanic or Latino,Race and Ethnicity,245221,238517,2480.7,7.62,10.5,18.12,22.09,59.79
2023,math,8,79,Native Hawaiian or Pacific Islander,Race and Ethnicity,1850,1786,2493.0,8.92,11.39,20.3,24.9,54.8
2023,math,8,80,White,Race and Ethnicity,88730,84845,2562.0,24.64,18.95,43.59,24.2,32.22
2023,math,8,90,Not a high school graduate,Parent Education,58917,57335,2458.7,5.17,7.91,13.08,19.3,67.61
2023,math,8,91,High school graduate,Parent Education,90487,87915,2474.4,6.68,9.61,16.28,21.5,62.22
2023,math,8,92,Some college (includes AA degree),Parent Education,84582,81686,2504.1,10.59,13.33,23.92,25.01,51.07
2023,math,8,93,College graduate,Parent Education,86157,83619,2563.5,25.35,18.43,43.77,23.73,32.5
2023,math,8,94,Graduate school/Post graduate,Parent Education,65829,63779,2612.4,40.9,18.5,59.4,18.99,21.61
2023,math,8,99,No reported disabilities,Disability Status,379298,369508,2532.4,18.51,14.6,33.11,23.18,43.7
2023,math,8,111,Not socioeconomically disadvantaged,Economic Status,161395,156230,2580.2,30.76,18.29,49.05,21.92,29.03
2023,math,8,120,ELs enrolled less than 12 months,English-Language Fluency,4145,3860,2412.2,3.35,4.76,8.11,11.49,80.4
2023,math,8,121,Declined to state,Parent Education,47154,45371,2486.8,11.25,10.37,21.62,19.52,58.86
2023,math,8,128,Reported disabilities,Disability Status,53996,50322,2412.6,2.93,3.64,6.57,11.0,82.43
2023,math,8,142,ELs enrolled 12 months or more,English-Language Fluency,55106,53566,2407.4,0.89,2.04,2.93,10.19,86.89
2023,math,8,144,Two or more races,Race and Ethnicity,21874,20908,2559.4,25.9,17.05,42.94,21.84,35.21
2023,math,8,160,"EL (English learner, excluding RFEP)",English-Language Fluency,59654,57766,2407.6,1.05,2.22,3.27,10.28,86.45
2023,math,8,170,EverEL,English-Language Fluency,168776,165314,2488.4,10.83,10.37,21.2,20.52,58.28
2023,math,8,180,EO (English only),English-Language Fluency,245693,236091,2531.5,18.86,15.08,33.94,22.72,43.34
2023,math,8,190,TBD (To be determined),English-Language Fluency,97,51,2438.7,8.0,6.0,14.0,22.0,64.0
2023,math,8,200,Black or African American,Ethnicity for Socioeconomically Disadvantaged,16496,15608,2440.6,3.5,6.09,9.59,16.97,73.44
2023,math,8,201,American Indian or Alaska Native,Ethnicity for Socioeconomically Disadvantaged,1294,1195,2458.0,3.94,8.79,12.73,20.02,67.25
2023,math,8,202,Asian,Ethnicity for Socioeconomically Disadvantaged,16203,15989,2583.2,32.66,17.86,50.52,20.93,28.56
2023,math,8,203,Filipino,Ethnicity for Socioeconomically Disadvantaged,3814,3763,2558.8,22.06,19.27,41.33,26.26,32.4
2023,math,8,204,Hispanic or Latino,Ethnicity for Socioeconomically Disadvantaged,193094,188080,2469.5,5.68,9.15,14.82,21.41,63.77
2023,math,8,205,Native Hawaiian or Pacific Islander,Ethnicity for Socioeconomically Disadvantaged,1212,1165,2472.6,4.47,9.37,13.84,24.68,61.48
2023,math,8,206,White,Ethnicity for Socioeconomically Disadvantaged,30922,29391,2509.3,11.92,14.23,26.16,24.87,48.97
2023,math,8,207,Two or more races,Ethnicity for Socioeconomically Disadvantaged,8864,8409,2499.2,11.06,13.01,24.07,22.38,53.54
2023,math,8,220,Black or African American,Ethnicity for Not Socioeconomically Disadvantaged,5674,5427,2500.6,10.4,13.64,24.04,23.12,52.84
2023,math,8,221,American Indian or Alaska Native,Ethnicity for Not Socioeconomically Disadvantaged,608,575,2521.0,16.9,13.41,30.31,21.95,47.74
2023,math,8,222,Asian,Ethnicity for Not Socioeconomically Disadvantaged,25200,24944,2679.2,62.72,16.48,79.2,12.03,8.77
2023,math,8,223,Filipino,Ethnicity for Not Socioeconomically Disadvantaged,6330,6273,2603.5,36.25,21.2,57.45,22.12,20.43
2023,math,8,224,Hispanic or Latino,Ethnicity for Not Socioeconomically Disadvantaged,52127,50437,2522.4,14.84,15.57,30.41,24.63,44.96
2023,math,8,225,Native Hawaiian or Pacific Islander,Ethnicity for Not Socioeconomically Disadvantaged,638,621,2531.3,17.26,15.16,32.42,25.32,42.26
2023,math,8,226,White,Ethnicity for Not Socioeconomically Disadvantaged,57808,55454,2590.0,31.37,21.45,52.82,23.84,23.34
2023,math,8,227,Two or more races,Ethnicity for Not Socioeconomically Disadvantaged,13010,12499,2599.8,35.87,19.76,55.63,21.48,22.89
2023,math,8,240,Foster youth,Foster Status,1677,1482,2422.8,1.69,4.47,6.16,14.41,79.43
2023,math,8,241,Not foster youth,Foster Status,431617,418348,2518.4,16.7,13.32,30.02,21.75,48.22
2023,math,8,250,LTEL (Long-Term English learner),English-Language Fluency,25983,24933,2389.4,0.37,0.94,1.31,6.65,92.03
2023,math,8,251,ARLTEL (At-Risk of becoming LTEL),English-Language Fluency,2733,2665,2403.1,1.02,2.52,3.53,10.75,85.71
2023,math,8,252,NeverEL,English-Language Fluency,264421,254454,2537.4,20.43,15.19,35.62,22.51,41.87
2024,math,8,1,All Students,All Students,441160,427346,2524.3,18.15,13.41,31.57,21.88,46.55
2024,math,8,3,Male,Gender,225718,218991,2525.3,19.08,13.15,32.22,21.2,46.57
2024,math,8,4,Female,Gender,215009,207974,2523.2,17.18,13.68,30.87,22.58,46.55
2024,math,8,6,"IFEP, RFEP, and EO (Fluent English proficient and English only)",English-Language Fluency,384707,372772,2541.2,20.63,15.01,35.64,23.49,40.87
2024,math,8,7,IFEP (Initial fluent English proficient),English-Language Fluency,18534,18194,2624.2,43.57,16.77,60.34,18.94,20.72
2024,math,8,8,RFEP (Reclassified fluent English proficient),English-Language Fluency,113080,111536,2535.8,17.34,14.59,31.93,25.82,42.25
2024,math,8,28,Migrant education,Migrant,3394,3349,2456.2,4.84,7.86,12.69,20.07,67.23
2024,math,8,29,Not migrant education,Migrant,437766,423997,2524.8,18.26,13.46,31.72,21.9,46.39
2024,math,8,31,Socioeconomically disadvantaged,Economic Status,286638,278207,2489.5,9.97,10.92,20.9,22.24,56.86
2024,math,8,50,Armed forces family member,Military Status,6161,5978,2528.8,18.24,14.47,32.71,23.2,44.1
2024,math,8,51,Not armed forces family member,Military Status,434999,421368,2524.2,18.15,13.4,31.55,21.86,46.59
2024,math,8,52,Homeless,Homeless Status,14450,13766,2454.4,5.59,7.33,12.92,18.89,68.19
2024,math,8,53,Not homeless,Homeless Status,426710,413580,2526.6,18.57,13.61,32.19,21.98,45.83
2024,math,8,74,Black or African American,Race and Ethnicity,22480,21425,2461.4,5.84,8.37,14.21,19.97,65.82
2024,math,8,75,American Indian or Alaska Native,Race and Ethnicity,1946,1813,2480.7,8.62,11.33,19.96,19.96,60.09
2024,math,8,76,Asian,Race and Ethnicity,43001,42482,2647.5,52.75,16.16,68.91,14.31,16.77
2024,math,8,77,Filipino,Race and Ethnicity,10172,10061,2596.5,33.87,20.14,54.01,22.75,23.24
2024,math,8,78,Hispanic or Latino,Race and Ethnicity,249290,242379,2486.5,8.74,10.91,19.65,22.86,57.49
2024,math,8,79,Native Hawaiian or Pacific Islander,Race and Ethnicity,1925,1858,2500.5,11.85,12.02,23.87,22.84,53.29
2024,math,8,80,White,Race and Ethnicity,89512,85483,2567.7,26.58,18.81,45.38,23.41,31.21
2024,math,8,90,Not a high school graduate,Parent Education,51849,50479,2462.3,5.68,8.16,13.84,20.35,65.81
2024,math,8,91,High school graduate,Parent Education,87655,85215,2478.1,7.52,9.77,17.29,21.85,60.86
2024,math,8,92,Some college (includes AA degree),Parent Education,81301,78541,2507.5,11.43,13.39,24.82,25.39,49.79
2024,math,8,93,College graduate,Parent Education,86661,83984,2566.4,26.28,17.98,44.27,23.37,32.37
2024,math,8,94,Graduate school/Post graduate,Parent Education,69194,67070,2620.8,43.45,18.14,61.59,18.07,20.34
2024,math,8,99,No reported disabilities,Disability Status,386585,376604,2538.8,20.16,14.68,34.84,23.25,41.91
2024,math,8,111,Not socioeconomically disadvantaged,Economic Status,154522,149139,2589.1,33.41,18.06,51.47,21.21,27.33
2024,math,8,120,ELs enrolled less than 12 months,English-Language Fluency,5292,4950,2401.8,2.63,3.72,6.35,9.84,83.81
2024,math,8,121,Declined to state,Parent Education,62751,60478,2498.0,13.06,11.43,24.49,20.82,54.7
2024,math,8,128,Reported disabilities,Disability Status,54575,50742,2416.5,3.21,4.01,7.22,11.71,81.06
2024,math,8,142,ELs enrolled 12 months or more,English-Language Fluency,50757,49357,2409.4,1.11,2.34,3.45,11.01,85.54
2024,math,8,144,Two or more races,Race and Ethnicity,22834,21845,2568.0,28.45,16.85,45.3,21.32,33.38
2024,math,8,160,"EL (English learner, excluding RFEP)",English-Language Fluency,56269,54479,2408.6,1.25,2.45,3.7,10.91,85.39
2024,math,8,170,EverEL,English-Language Fluency,169349,166015,2494.1,12.06,10.61,22.67,20.93,56.4
2024,math,8,180,EO (English only),English-Language Fluency,253093,243042,2537.5,20.42,15.08,35.5,22.76,41.75
2024,math,8,190,TBD (To be determined),English-Language Fluency,121,60,2367.8,5.0,0.0,5.0,3.33,91.67
2024,math,8,200,Black or African American,Ethnicity for Socioeconomically Disadvantaged,17395,16534,2447.2,3.9,6.96,10.85,18.24,70.91
2024,math,8,201,American Indian or Alaska Native,Ethnicity for Socioeconomically Disadvantaged,1392,1287,2461.0,5.76,8.72,14.49,19.08,66.43
2024,math,8,202,Asian,Ethnicity for Socioeconomically Disadvantaged,18103,17879,2591.2,35.59,16.82,52.42,19.68,27.91
2024,math,8,203,Filipino,Ethnicity for Socioeconomically Disadvantaged,4188,4146,2568.9,25.25,19.21,44.46,25.05,30.49
2024,math,8,204,Hispanic or Latino,Ethnicity for Socioeconomically Disadvantaged,198962,193906,2476.0,6.79,9.75,16.53,22.39,61.08
2024,math,8,205,Native Hawaiian or Pacific Islander,Ethnicity for Socioeconomically Disadvantaged,1392,1340,2480.8,7.25,10.76,18.01,22.05,59.94
2024,math,8,206,White,Ethnicity for Socioeconomically Disadvantaged,35289,33679,2520.3,14.95,14.88,29.83,24.34,45.84
2024,math,8,207,Two or more races,Ethnicity for Socioeconomically Disadvantaged,9917,9436,2510.6,13.97,13.35,27.32,22.92,49.76
2024,math,8,220,Black or African American,Ethnicity for Not Socioeconomically Disadvantaged,5085,4891,2509.3,12.4,13.16,25.56,25.82,48.62
2024,math,8,221,American Indian or Alaska Native,Ethnicity for Not Socioeconomically Disadvantaged,554,526,2528.9,15.62,17.71,33.33,22.1,44.57
2024,math,8,222,Asian,Ethnicity for Not Socioeconomically Disadvantaged,24898,24603,2688.5,65.22,15.68,80.9,10.41,8.69
2024,math,8,223,Filipino,Ethnicity for Not Socioeconomically Disadvantaged,5984,5915,2615.9,39.92,20.78,60.7,21.14,18.16
2024,math,8,224,Hispanic or Latino,Ethnicity for Not Socioeconomically Disadvantaged,50328,48473,2528.5,16.55,15.56,32.11,24.76,43.13
2024,math,8,225,Native Hawaiian or Pacific Islander,Ethnicity for Not Socioeconomically Disadvantaged,533,518,2551.3,23.75,15.25,39.0,24.9,36.1
2024,math,8,226,White,Ethnicity for Not Socioeconomically Disadvantaged,54223,51804,2598.6,34.13,21.36,55.49,22.81,21.7
2024,math,8,227,Two or more races,Ethnicity for Not Socioeconomically Disadvantaged,12917,12409,2611.6,39.45,19.51,58.96,20.1,20.93
2024,math,8,240,Foster youth,Foster Status,1611,1431,2428.5,2.31,4.76,7.07,17.44,75.49
2024,math,8,241,Not foster youth,Foster Status,439549,425915,2524.6,18.21,13.44,31.65,21.9,46.45
2024,math,8,250,LTEL (Long-Term English learner),English-Language Fluency,24335,23467,2390.4,0.4,1.09,1.5,7.2,91.3
2024,math,8,251,ARLTEL (At-Risk of becoming LTEL),English-Language Fluency,2903,2827,2400.6,1.31,2.41,3.72,8.99,87.29
2024,math,8,252,NeverEL,English-Language Fluency,271748,261296,2543.5,22.03,15.19,37.22,22.49,40.29
2025,math,8,1,All Students,All Students,441528,428696,2531.2,20.02,13.92,33.94,21.57,44.5
2025,math,8,3,Male,Gender,226155,219659,2533.1,20.97,13.87,34.84,20.9,44.26
2025,math,8,4,Female,Gender,215011,208706,2529.3,19.02,13.97,32.98,22.26,44.75
2025,math,8,6,"IFEP, RFEP, and EO (Fluent English proficient and English only)",English-Language Fluency,385827,374696,2548.3,22.58,15.49,38.07,23.07,38.86
2025,math,8,7,IFEP (Initial fluent English proficient),English-Language Fluency,18100,17834,2633.3,46.26,16.99,63.26,17.54,19.2
2025,math,8,8,RFEP (Reclassified fluent English proficient),English-Language Fluency,110197,108773,2543.9,19.41,15.25,34.66,25.7,39.64
2025,math,8,28,Migrant education,Migrant,3645,3589,2460.3,6.47,8.39,14.86,19.49,65.64
2025,math,8,29,Not migrant education,Migrant,437883,425107,2531.8,20.13,13.96,34.1,21.58,44.32
2025,math,8,31,Socioeconomically disadvantaged,Economic Status,284894,276837,2494.5,11.25,11.58,22.83,22.08,55.09
2025,math,8,50,Armed forces family member,Military Status,6644,6462,2538.5,20.02,15.53,35.56,23.57,40.87
2025,math,8,51,Not armed forces family member,Military Status,434884,422234,2531.1,20.02,13.89,33.91,21.54,44.55
2025,math,8,52,Homeless,Homeless Status,17304,16569,2461.0,6.34,8.56,14.9,18.99,66.11
2025,math,8,53,Not homeless,Homeless Status,424224,412127,2534.1,20.57,14.13,34.7,21.67,43.63
2025,math,8,74,Black or African American,Race and Ethnicity,22403,21365,2470.9,8.26,9.28,17.54,19.72,62.75
2025,math,8,75,American Indian or Alaska Native,Race and Ethnicity,1844,1741,2483.0,10.53,10.82,21.35,18.58,60.07
2025,math,8,76,Asian,Race and Ethnicity,44028,43578,2652.6,54.35,15.39,69.74,13.96,16.3
2025,math,8,77,Filipino,Race and Ethnicity,9878,9771,2601.8,35.86,20.17,56.03,22.55,21.42
2025,math,8,78,Hispanic or Latino,Race and Ethnicity,249848,243338,2493.4,10.45,11.79,22.24,22.66,55.1
2025,math,8,79,Native Hawaiian or Pacific Islander,Race and Ethnicity,1880,1791,2500.8,11.64,11.98,23.61,24.17,52.21
2025,math,8,80,White,Race and Ethnicity,87917,84302,2574.9,28.55,19.12,47.66,22.98,29.36
2025,math,8,90,Not a high school graduate,Parent Education,48356,47125,2465.6,6.64,8.94,15.58,19.93,64.49
2025,math,8,91,High school graduate,Parent Education,88345,85918,2483.4,8.67,10.66,19.34,21.84,58.83
2025,math,8,92,Some college (includes AA degree),Parent Education,80703,78125,2513.1,12.73,14.19,26.93,25.22,47.85
2025,math,8,93,College graduate,Parent Education,90082,87586,2571.8,28.05,18.06,46.11,22.75,31.14
2025,math,8,94,Graduate school/Post graduate,Parent Education,72520,70538,2627.2,45.29,17.67,62.96,17.88,19.16
2025,math,8,99,No reported disabilities,Disability Status,386300,377218,2546.5,22.23,15.23,37.46,22.86,39.68
2025,math,8,111,Not socioeconomically disadvantaged,Economic Status,156634,151859,2598.3,35.99,18.18,54.17,20.63,25.2
2025,math,8,120,ELs enrolled less than 12 months,English-Language Fluency,4306,4057,2413.7,4.52,4.25,8.77,10.87,80.36
2025,math,8,121,Declined to state,Parent Education,59928,57911,2502.4,14.69,11.66,26.35,20.28,53.38
2025,math,8,128,Reported disabilities,Disability Status,55228,51478,2419.2,3.77,4.33,8.09,12.08,79.83
2025,math,8,142,ELs enrolled 12 months or more,English-Language Fluency,51173,49790,2412.7,2.04,2.89,4.92,11.12,83.95
2025,math,8,144,Two or more races,Race and Ethnicity,23730,22810,2573.7,30.62,16.63,47.25,20.56,32.19
2025,math,8,160,"EL (English learner, excluding RFEP)",English-Language Fluency,55588,53938,2412.8,2.22,3.0,5.22,11.1,83.68
2025,math,8,170,EverEL,English-Language Fluency,165785,162711,2500.5,13.72,11.19,24.9,20.86,54.23
2025,math,8,180,EO (English only),English-Language Fluency,257530,248089,2544.1,22.27,15.49,37.76,22.32,39.93
2025,math,8,190,TBD (To be determined),English-Language Fluency,54,26,2426.0,11.54,3.85,15.38,19.23,65.38
2025,math,8,200,Black or African American,Ethnicity for Socioeconomically Disadvantaged,17322,16489,2455.8,6.0,7.68,13.68,18.38,67.94
2025,math,8,201,American Indian or Alaska Native,Ethnicity for Socioeconomically Disadvantaged,1301,1224,2464.1,6.78,8.91,15.69,18.22,66.09
2025,math,8,202,Asian,Ethnicity for Socioeconomically Disadvantaged,18348,18149,2590.0,35.47,16.69,52.15,19.27,28.58
2025,math,8,203,Filipino,Ethnicity for Socioeconomically Disadvantaged,3929,3873,2574.7,27.05,19.56,46.61,24.73,28.66
2025,math,8,204,Hispanic or Latino,Ethnicity for Socioeconomically Disadvantaged,199800,194904,2481.8,8.24,10.61,18.85,22.21,58.94
2025,math,8,205,Native Hawaiian or Pacific Islander,Ethnicity for Socioeconomically Disadvantaged,1380,1319,2485.9,8.12,11.23,19.35,24.05,56.6
2025,math,8,206,White,Ethnicity for Socioeconomically Disadvantaged,32642,31174,2523.7,15.99,15.22,31.21,24.31,44.48
2025,math,8,207,Two or more races,Ethnicity for Socioeconomically Disadvantaged,10172,9705,2513.6,14.95,13.61,28.56,22.88,48.56
2025,math,8,220,Black or African American,Ethnicity for Not Socioeconomically Disadvantaged,5081,4876,2522.0,15.86,14.69,30.56,24.24,45.21
2025,math,8,221,American Indian or Alaska Native,Ethnicity for Not Socioeconomically Disadvantaged,543,517,2527.9,19.46,15.37,34.82,19.46,45.72
2025,math,8,222,Asian,Ethnicity for Not Socioeconomically Disadvantaged,25680,25429,2697.2,67.82,14.47,82.29,10.17,7.55
2025,math,8,223,Filipino,Ethnicity for Not Socioeconomically Disadvantaged,5949,5898,2619.7,41.64,20.57,62.21,21.13,16.67
2025,math,8,224,Hispanic or Latino,Ethnicity for Not Socioeconomically Disadvantaged,50048,48434,2540.0,19.33,16.53,35.87,24.45,39.68
2025,math,8,225,Native Hawaiian or Pacific Islander,Ethnicity for Not Socioeconomically Disadvantaged,500,472,2542.5,21.54,14.07,35.61,24.52,39.87
2025,math,8,226,White,Ethnicity for Not Socioeconomically Disadvantaged,55275,53128,2604.9,35.91,21.4,57.31,22.2,20.49
2025,math,8,227,Two or more races,Ethnicity for Not Socioeconomically Disadvantaged,13558,13105,2618.1,42.21,18.87,61.08,18.84,20.08
2025,math,8,240,Foster youth,Foster Status,1538,1390,2429.2,3.68,5.71,9.39,15.53,75.07
2025,math,8,241,Not foster youth,Foster Status,439990,427306,2531.6,20.07,13.94,34.02,21.59,44.4
2025,math,8,250,LTEL (Long-Term English learner),English-Language Fluency,24408,23583,2397.2,1.08,1.68,2.76,8.11,89.13
2025,math,8,251,ARLTEL (At-Risk of becoming LTEL),English-Language Fluency,1962,1907,2408.2,2.31,3.26,5.57,10.5,83.93
2025,math,8,252,NeverEL,English-Language Fluency,275684,265949,2550.0,23.88,15.59,39.47,21.99,38.54
2015,math,11,1,All Students,All Students,479423,430227,2560.3,11.0,18.0,30.0,25.0,45.0
2015,math,11,3,Male,Gender,479423,218922,2555.3,12.0,17.0,29.0,23.0,48.0
2015,math,11,4,Female,Gender,479423,211305,2565.5,10.0,20.0,30.0,27.0,43.0
2015,math,11,6,"IFEP, RFEP, and EO (Fluent English proficient and English only)",English-Language Fluency,479423,387560,2571.6,12.0,20.0,32.0,26.0,41.0
2015,math,11,7,IFEP (Initial fluent English proficient),English-Language Fluency,479423,36473,2608.1,21.0,23.0,44.0,25.0,31.0
2015,math,11,8,RFEP (Reclassified fluent English proficient),English-Language Fluency,479423,114702,2563.0,9.0,18.0,27.0,29.0,44.0
2015,math,11,28,Migrant education,Migrant,479423,3455,2509.7,2.0,11.0,13.0,24.0,63.0
2015,math,11,31,Socioeconomically disadvantaged,Economic Status,479423,237190,2526.7,5.0,14.0,19.0,25.0,56.0
2015,math,11,74,Black or African American,Race and Ethnicity,479423,26415,2502.4,3.0,11.0,14.0,22.0,65.0
2015,math,11,75,American Indian or Alaska Native,Race and Ethnicity,479423,2688,2531.5,6.0,15.0,21.0,24.0,55.0
2015,math,11,76,Asian,Race and Ethnicity,479423,39235,2672.1,40.0,27.0,67.0,18.0,16.0
2015,math,11,77,Filipino,Race and Ethnicity,479423,13942,2609.6,16.0,30.0,46.0,28.0,26.0
2015,math,11,78,Hispanic or Latino,Race and Ethnicity,479423,223473,2525.4,4.0,14.0,18.0,26.0,56.0
2015,math,11,79,Native Hawaiian or Pacific Islander,Race and Ethnicity,479423,2428,2540.6,7.0,14.0,21.0,29.0,50.0
2015,math,11,80,White,Race and Ethnicity,479423,110417,2595.6,17.0,25.0,41.0,26.0,33.0
2015,math,11,90,Not a high school graduate,Parent Education,479423,72728,2511.9,3.0,11.0,15.0,24.0,62.0
2015,math,11,91,High school graduate,Parent Education,479423,84533,2527.1,5.0,14.0,19.0,25.0,56.0
2015,math,11,92,Some college (includes AA degree),Parent Education,479423,88465,2552.3,7.0,19.0,26.0,28.0,46.0
2015,math,11,93,College graduate,Parent Education,479423,75239,2606.0,19.0,26.0,45.0,26.0,30.0
2015,math,11,94,Graduate school/Post graduate,Parent Education,479423,48565,2650.1,33.0,26.0,59.0,20.0,20.0
2015,math,11,99,No reported disabilities,Disability Status,479423,394699,2570.4,12.0,20.0,32.0,26.0,42.0
2015,math,11,111,Not socioeconomically disadvantaged,Economic Status,479423,193037,2601.2,19.0,24.0,43.0,25.0,32.0
2015,math,11,120,ELs enrolled less than 12 months,English-Language Fluency,479423,1758,2506.4,7.0,12.0,20.0,17.0,64.0
2015,math,11,121,Declined to state,Parent Education,479423,60473,2546.2,10.0,16.0,26.0,24.0,50.0
2015,math,11,128,Reported disabilities,Disability Status,479423,35528,2445.0,1.0,3.0,5.0,10.0,86.0
2015,math,11,142,ELs enrolled 12 months or more,English-Language Fluency,479423,39489,2452.1,1.0,3.0,5.0,10.0,85.0
2015,math,11,144,Two or more races,Race and Ethnicity,479423,10072,2594.1,17.0,24.0,41.0,25.0,34.0
2015,math,11,160,"EL (English learner, excluding RFEP)",English-Language Fluency,479423,41543,2454.2,2.0,4.0,5.0,10.0,84.0
2015,math,11,180,EO (English only),English-Language Fluency,479423,236385,2570.0,13.0,20.0,33.0,25.0,42.0
2015,math,11,200,Black or African American,Ethnicity for Socioeconomically Disadvantaged,479423,16488,2486.4,2.0,8.0,10.0,20.0,70.0
2015,math,11,201,American Indian or Alaska Native,Ethnicity for Socioeconomically Disadvantaged,479423,1437,2503.2,3.0,10.0,13.0,21.0,66.0
2015,math,11,202,Asian,Ethnicity for Socioeconomically Disadvantaged,479423,15777,2625.2,24.0,28.0,52.0,23.0,25.0
2015,math,11,203,Filipino,Ethnicity for Socioeconomically Disadvantaged,479423,4403,2582.3,10.0,26.0,36.0,29.0,35.0
2015,math,11,204,Hispanic or Latino,Ethnicity for Socioeconomically Disadvantaged,479423,166930,2517.7,3.0,12.0,15.0,25.0,59.0
2015,math,11,205,Native Hawaiian or Pacific Islander,Ethnicity for Socioeconomically Disadvantaged,479423,1317,2521.8,4.0,10.0,15.0,29.0,56.0
2015,math,11,206,White,Ethnicity for Socioeconomically Disadvantaged,479423,26857,2539.7,7.0,16.0,23.0,26.0,51.0
2015,math,11,207,Two or more races,Ethnicity for Socioeconomically Disadvantaged,479423,3152,2535.3,6.0,16.0,21.0,26.0,52.0
2015,math,11,220,Black or African American,Ethnicity for Not Socioeconomically Disadvantaged,479423,9927,2528.6,5.0,15.0,20.0,25.0,55.0
2015,math,11,221,American Indian or Alaska Native,Ethnicity for Not Socioeconomically Disadvantaged,479423,1251,2562.8,9.0,20.0,29.0,27.0,44.0
2015,math,11,222,Asian,Ethnicity for Not Socioeconomically Disadvantaged,479423,23458,2703.5,50.0,26.0,77.0,14.0,10.0
2015,math,11,223,Filipino,Ethnicity for Not Socioeconomically Disadvantaged,479423,9539,2622.1,19.0,32.0,51.0,27.0,22.0
2015,math,11,224,Hispanic or Latino,Ethnicity for Not Socioeconomically Disadvantaged,479423,56543,2548.2,7.0,18.0,25.0,27.0,48.0
2015,math,11,225,Native Hawaiian or Pacific Islander,Ethnicity for Not Socioeconomically Disadvantaged,479423,1111,2562.7,10.0,18.0,28.0,30.0,42.0
2015,math,11,226,White,Ethnicity for Not Socioeconomically Disadvantaged,479423,83560,2613.4,20.0,27.0,47.0,26.0,27.0
2015,math,11,227,Two or more races,Ethnicity for Not Socioeconomically Disadvantaged,479423,6920,2620.5,23.0,27.0,50.0,25.0,25.0
2016,math,11,1,All Students,All Students,476321,438518,2567.8,13.0,20.0,32.0,25.0,43.0
2016,math,11,3,Male,Gender,243819,223706,2563.3,14.0,18.0,32.0,23.0,45.0
2016,math,11,4,Female,Gender,232502,214812,2572.5,12.0,21.0,33.0,27.0,41.0
2016,math,11,6,"IFEP, RFEP, and EO (Fluent English proficient and English only)",English-Language Fluency,427500,396667,2579.8,14.0,21.0,35.0,26.0,39.0
2016,math,11,7,IFEP (Initial fluent English proficient),English-Language Fluency,35962,34066,2620.7,23.0,25.0,48.0,24.0,27.0
2016,math,11,8,RFEP (Reclassified fluent English proficient),English-Language Fluency,127581,121729,2571.3,10.0,20.0,30.0,29.0,41.0
2016,math,11,28,Migrant education,Migrant,3502,3324,2511.0,3.0,12.0,15.0,23.0,62.0
2016,math,11,31,Socioeconomically disadvantaged,Economic Status,275875,252671,2532.8,6.0,15.0,21.0,25.0,54.0
2016,math,11,74,Black or African American,Race and Ethnicity,29936,26155,2507.2,3.0,11.0,15.0,22.0,63.0
2016,math,11,75,American Indian or Alaska Native,Race and Ethnicity,2951,2581,2538.6,7.0,16.0,22.0,24.0,53.0
2016,math,11,76,Asian,Race and Ethnicity,42017,40414,2681.3,43.0,27.0,70.0,16.0,14.0
2016,math,11,77,Filipino,Race and Ethnicity,14033,13608,2622.8,19.0,32.0,51.0,27.0,22.0
2016,math,11,78,Hispanic or Latino,Race and Ethnicity,247961,229071,2532.5,5.0,15.0,20.0,26.0,54.0
2016,math,11,79,Native Hawaiian or Pacific Islander,Race and Ethnicity,2531,2311,2546.6,7.0,18.0,25.0,28.0,47.0
2016,math,11,80,White,Race and Ethnicity,121817,111203,2604.3,18.0,26.0,45.0,25.0,30.0
2016,math,11,90,Not a high school graduate,Parent Education,81409,73855,2516.7,4.0,13.0,16.0,24.0,60.0
2016,math,11,91,High school graduate,Parent Education,94334,87016,2533.0,6.0,15.0,21.0,25.0,54.0
2016,math,11,92,Some college (includes AA degree),Parent Education,95820,89340,2560.8,8.0,20.0,28.0,28.0,43.0
2016,math,11,93,College graduate,Parent Education,82781,77909,2615.6,21.0,28.0,48.0,25.0,27.0
2016,math,11,94,Graduate school/Post graduate,Parent Education,55090,51309,2656.3,35.0,27.0,62.0,19.0,19.0
2016,math,11,99,No reported disabilities,Disability Status,431941,400045,2579.5,14.0,21.0,35.0,26.0,39.0
2016,math,11,111,Not socioeconomically disadvantaged,Economic Status,200446,185847,2615.1,22.0,26.0,48.0,24.0,28.0
2016,math,11,120,ELs enrolled less than 12 months,English-Language Fluency,2404,1964,2497.5,6.0,12.0,18.0,17.0,65.0
2016,math,11,121,Declined to state,Parent Education,66410,58859,2553.2,10.0,18.0,28.0,24.0,48.0
2016,math,11,128,Reported disabilities,Disability Status,44380,38473,2444.1,1.0,4.0,5.0,10.0,85.0
2016,math,11,142,ELs enrolled 12 months or more,English-Language Fluency,44237,38568,2448.9,1.0,3.0,5.0,10.0,86.0
2016,math,11,144,Two or more races,Race and Ethnicity,12457,11295,2599.4,18.0,24.0,43.0,25.0,32.0
2016,math,11,160,"EL (English learner, excluding RFEP)",English-Language Fluency,47227,40876,2451.1,2.0,4.0,5.0,10.0,85.0
2016,math,11,180,EO (English only),English-Language Fluency,263957,240872,2578.3,14.0,22.0,36.0,25.0,39.0
2016,math,11,200,Black or African American,Ethnicity for Socioeconomically Disadvantaged,20632,17819,2491.0,2.0,9.0,11.0,21.0,69.0
2016,math,11,201,American Indian or Alaska Native,Ethnicity for Socioeconomically Disadvantaged,1656,1413,2514.2,3.0,13.0,16.0,21.0,63.0
2016,math,11,202,Asian,Ethnicity for Socioeconomically Disadvantaged,17313,16691,2633.9,26.0,29.0,56.0,22.0,22.0
2016,math,11,203,Filipino,Ethnicity for Socioeconomically Disadvantaged,4676,4511,2593.6,12.0,27.0,39.0,30.0,30.0
2016,math,11,204,Hispanic or Latino,Ethnicity for Socioeconomically Disadvantaged,192417,177688,2523.8,4.0,14.0,18.0,25.0,57.0
2016,math,11,205,Native Hawaiian or Pacific Islander,Ethnicity for Socioeconomically Disadvantaged,1467,1327,2525.3,4.0,15.0,18.0,28.0,54.0
2016,math,11,206,White,Ethnicity for Socioeconomically Disadvantaged,32112,28484,2546.4,7.0,18.0,25.0,26.0,49.0
2016,math,11,207,Two or more races,Ethnicity for Socioeconomically Disadvantaged,4451,3893,2542.8,7.0,17.0,24.0,26.0,51.0
2016,math,11,220,Black or African American,Ethnicity for Not Socioeconomically Disadvantaged,9304,8336,2541.5,6.0,17.0,23.0,26.0,50.0
2016,math,11,221,American Indian or Alaska Native,Ethnicity for Not Socioeconomically Disadvantaged,1295,1168,2567.7,10.0,20.0,30.0,28.0,42.0
2016,math,11,222,Asian,Ethnicity for Not Socioeconomically Disadvantaged,24704,23723,2714.5,55.0,25.0,80.0,12.0,8.0
2016,math,11,223,Filipino,Ethnicity for Not Socioeconomically Disadvantaged,9357,9097,2637.2,22.0,34.0,57.0,25.0,18.0
2016,math,11,224,Hispanic or Latino,Ethnicity for Not Socioeconomically Disadvantaged,55544,51383,2562.6,9.0,21.0,29.0,28.0,43.0
2016,math,11,225,Native Hawaiian or Pacific Islander,Ethnicity for Not Socioeconomically Disadvantaged,1064,984,2574.9,12.0,22.0,34.0,28.0,38.0
2016,math,11,226,White,Ethnicity for Not Socioeconomically Disadvantaged,89705,82719,2624.1,22.0,29.0,51.0,25.0,24.0
2016,math,11,227,Two or more races,Ethnicity for Not Socioeconomically Disadvantaged,8006,7402,2628.9,24.0,28.0,52.0,25.0,23.0
2017,math,11,1,All Students,All Students,474357,443213,2565.0,12.92,19.22,32.14,23.64,44.22
2017,math,11,3,Male,Gender,242354,225340,2560.9,13.86,17.9,31.76,22.16,46.08
2017,math,11,4,Female,Gender,232003,217873,2569.3,11.96,20.57,32.53,25.17,42.3
2017,math,11,6,"IFEP, RFEP, and EO (Fluent English proficient and English only)",English-Language Fluency,424342,399139,2577.8,14.12,20.91,35.03,25.15,39.82
2017,math,11,7,IFEP (Initial fluent English proficient),English-Language Fluency,34196,32667,2624.5,25.4,24.1,49.5,23.18,27.32
2017,math,11,8,RFEP (Reclassified fluent English proficient),English-Language Fluency,134269,129142,2568.1,10.61,19.14,29.75,27.52,42.73
2017,math,11,28,Migrant education,Migrant,3345,3191,2512.6,3.73,11.7,15.43,23.18,61.39
2017,math,11,31,Socioeconomically disadvantaged,Economic Status,266389,248147,2527.9,5.86,14.6,20.46,23.68,55.86
2017,math,11,74,Black or African American,Race and Ethnicity,27895,24676,2500.9,3.29,11.34,14.63,20.63,64.73
2017,math,11,75,American Indian or Alaska Native,Race and Ethnicity,2806,2493,2527.4,6.35,14.39,20.74,22.71,56.55
2017,math,11,76,Asian,Race and Ethnicity,45669,44204,2682.8,43.6,26.68,70.28,15.89,13.84
2017,math,11,77,Filipino,Race and Ethnicity,13461,13072,2617.1,18.67,30.29,48.96,26.56,24.49
2017,math,11,78,Hispanic or Latino,Race and Ethnicity,247617,232045,2527.1,4.84,14.74,19.58,24.69,55.73
2017,math,11,79,Native Hawaiian or Pacific Islander,Race and Ethnicity,2453,2255,2544.7,6.91,17.02,23.93,27.32,48.75
2017,math,11,80,White,Race and Ethnicity,117313,109163,2603.7,18.72,25.78,44.51,24.95,30.54
2017,math,11,90,Not a high school graduate,Parent Education,80181,74130,2510.5,3.64,12.05,15.69,22.19,62.12
2017,math,11,91,High school graduate,Parent Education,94556,88651,2530.2,5.78,14.86,20.64,24.34,55.02
2017,math,11,92,Some college (includes AA degree),Parent Education,93699,88382,2556.6,8.39,19.56,27.95,27.09,44.96
2017,math,11,93,College graduate,Parent Education,85401,81459,2614.1,21.08,26.95,48.03,24.3,27.67
2017,math,11,94,Graduate school/Post graduate,Parent Education,57263,53960,2657.1,35.15,26.9,62.05,18.94,19.0
2017,math,11,99,No reported disabilities,Disability Status,429554,404232,2577.3,14.03,20.74,34.77,25.04,40.19
2017,math,11,111,Not socioeconomically disadvantaged,Economic Status,207968,195066,2612.2,21.91,25.09,46.99,23.58,29.42
2017,math,11,120,ELs enrolled less than 12 months,English-Language Fluency,3000,2514,2480.6,6.25,9.5,15.75,13.43,70.82
2017,math,11,121,Declined to state,Parent Education,62631,56488,2545.7,10.43,16.43,26.86,22.59,50.55
2017,math,11,128,Reported disabilities,Disability Status,44803,38981,2437.5,1.42,3.37,4.79,9.05,86.16
2017,math,11,142,ELs enrolled 12 months or more,English-Language Fluency,44754,40303,2446.3,1.69,3.37,5.05,9.53,85.42
2017,math,11,144,Two or more races,Race and Ethnicity,13464,12455,2601.5,19.92,24.25,44.17,23.17,32.66
2017,math,11,160,"EL (English learner, excluding RFEP)",English-Language Fluency,48325,43237,2448.2,1.95,3.73,5.68,9.74,84.59
2017,math,11,170,EverEL,English-Language Fluency,182594,172379,2538.0,8.44,15.28,23.72,23.07,53.22
2017,math,11,180,EO (English only),English-Language Fluency,255877,237330,2576.6,14.48,21.43,35.91,24.13,39.95
2017,math,11,190,TBD (To be determined),English-Language Fluency,363,204,2510.0,7.39,12.81,20.2,23.15,56.65
2017,math,11,200,Black or African American,Ethnicity for Socioeconomically Disadvantaged,18468,16238,2483.4,1.85,8.71,10.56,18.54,70.89
2017,math,11,201,American Indian or Alaska Native,Ethnicity for Socioeconomically Disadvantaged,1639,1434,2499.7,3.5,9.3,12.8,21.47,65.73
2017,math,11,202,Asian,Ethnicity for Socioeconomically Disadvantaged,17780,17292,2635.5,27.79,28.07,55.86,21.55,22.59
2017,math,11,203,Filipino,Ethnicity for Socioeconomically Disadvantaged,4381,4226,2588.1,12.04,25.77,37.81,28.32,33.86
2017,math,11,204,Hispanic or Latino,Ethnicity for Socioeconomically Disadvantaged,187607,175960,2517.9,3.69,13.19,16.87,24.09,59.04
2017,math,11,205,Native Hawaiian or Pacific Islander,Ethnicity for Socioeconomically Disadvantaged,1394,1271,2519.6,3.96,13.13,17.09,25.24,57.67
2017,math,11,206,White,Ethnicity for Socioeconomically Disadvantaged,28964,26257,2542.9,7.55,17.28,24.83,24.93,50.24
2017,math,11,207,Two or more races,Ethnicity for Socioeconomically Disadvantaged,4352,3894,2540.7,7.39,16.89,24.27,24.43,51.3
2017,math,11,220,Black or African American,Ethnicity for Not Socioeconomically Disadvantaged,9427,8438,2534.6,6.05,16.41,22.45,24.66,52.89
2017,math,11,221,American Indian or Alaska Native,Ethnicity for Not Socioeconomically Disadvantaged,1167,1059,2564.9,10.21,21.27,31.47,24.39,44.14
2017,math,11,222,Asian,Ethnicity for Not Socioeconomically Disadvantaged,27889,26912,2713.3,53.75,25.79,79.55,12.24,8.21
2017,math,11,223,Filipino,Ethnicity for Not Socioeconomically Disadvantaged,9080,8846,2631.0,21.83,32.45,54.28,25.71,20.01
2017,math,11,224,Hispanic or Latino,Ethnicity for Not Socioeconomically Disadvantaged,60010,56085,2556.1,8.46,19.63,28.09,26.57,45.33
2017,math,11,225,Native Hawaiian or Pacific Islander,Ethnicity for Not Socioeconomically Disadvantaged,1059,984,2577.1,10.71,22.04,32.76,30.0,37.24
2017,math,11,226,White,Ethnicity for Not Socioeconomically Disadvantaged,88349,82906,2622.9,22.26,28.48,50.74,24.96,24.3
2017,math,11,227,Two or more races,Ethnicity for Not Socioeconomically Disadvantaged,9112,8561,2629.2,25.62,27.6,53.22,22.6,24.18
2018,math,11,1,All Students,All Students,468461,438591,2561.4,12.89,18.48,31.38,22.84,45.78
2018,math,11,3,Male,Gender,238687,222895,2556.4,13.85,17.08,30.93,21.11,47.96
2018,math,11,4,Female,Gender,229774,215696,2566.7,11.9,19.93,31.83,24.63,43.54
2018,math,11,6,"IFEP, RFEP, and EO (Fluent English proficient and English only)",English-Language Fluency,422564,397680,2573.3,14.02,19.98,34.01,24.24,41.75
2018,math,11,7,IFEP (Initial fluent English proficient),English-Language Fluency,23881,22749,2631.4,28.23,23.37,51.6,22.28,26.12
2018,math,11,8,RFEP (Reclassified fluent English proficient),English-Language Fluency,148246,142420,2563.6,10.74,18.23,28.97,26.06,44.97
2018,math,11,28,Migrant education,Migrant,3143,3002,2507.2,3.37,11.6,14.97,21.27,63.77
2018,math,11,31,Socioeconomically disadvantaged,Economic Status,271195,253452,2525.7,6.05,14.23,20.27,22.76,56.97
2018,math,11,74,Black or African American,Race and Ethnicity,26858,24086,2496.5,3.46,10.23,13.69,19.39,66.92
2018,math,11,75,American Indian or Alaska Native,Race and Ethnicity,2673,2384,2522.7,5.68,13.2,18.88,21.87,59.25
2018,math,11,76,Asian,Race and Ethnicity,44101,42607,2680.0,43.53,25.36,68.89,15.89,15.22
2018,math,11,77,Filipino,Race and Ethnicity,13390,13046,2617.4,19.35,30.31,49.66,25.01,25.34
2018,math,11,78,Hispanic or Latino,Race and Ethnicity,247891,232853,2524.2,4.94,14.25,19.19,23.76,57.04
2018,math,11,79,Native Hawaiian or Pacific Islander,Race and Ethnicity,2285,2091,2542.7,7.67,17.49,25.16,23.91,50.93
2018,math,11,80,White,Race and Ethnicity,113151,105038,2600.6,18.79,25.11,43.9,24.16,31.94
2018,math,11,90,Not a high school graduate,Parent Education,79806,74218,2508.2,3.79,11.68,15.47,21.43,63.1
2018,math,11,91,High school graduate,Parent Education,93455,87659,2524.5,5.47,13.88,19.36,23.34,57.3
2018,math,11,92,Some college (includes AA degree),Parent Education,91481,86174,2552.1,8.24,18.84,27.08,26.01,46.92
2018,math,11,93,College graduate,Parent Education,86579,82312,2610.7,21.04,25.9,46.94,23.84,29.22
2018,math,11,94,Graduate school/Post graduate,Parent Education,57957,54531,2654.8,35.13,26.01,61.14,18.88,19.98
2018,math,11,99,No reported disabilities,Disability Status,422892,398910,2573.9,14.03,19.99,34.01,24.25,41.73
2018,math,11,111,Not socioeconomically disadvantaged,Economic Status,197266,185139,2610.3,22.26,24.3,46.56,22.96,30.48
2018,math,11,120,ELs enrolled less than 12 months,English-Language Fluency,2421,2080,2487.0,5.17,10.0,15.16,15.64,69.19
2018,math,11,121,Declined to state,Parent Education,59004,53610,2539.9,9.97,15.77,25.74,21.39,52.87
2018,math,11,128,Reported disabilities,Disability Status,45569,39681,2436.3,1.5,3.29,4.79,8.62,86.59
2018,math,11,142,ELs enrolled 12 months or more,English-Language Fluency,42190,37971,2443.3,1.66,3.38,5.03,8.69,86.28
2018,math,11,144,Two or more races,Race and Ethnicity,14017,12895,2601.1,20.59,23.65,44.24,22.58,33.18
2018,math,11,160,"EL (English learner, excluding RFEP)",English-Language Fluency,45072,40377,2445.4,1.83,3.72,5.55,9.04,85.41
2018,math,11,170,EverEL,English-Language Fluency,193318,182797,2537.5,8.77,15.03,23.81,22.31,53.89
2018,math,11,180,EO (English only),English-Language Fluency,250437,232511,2573.5,14.65,20.73,35.37,23.33,41.3
2018,math,11,190,TBD (To be determined),English-Language Fluency,239,170,2514.6,8.24,15.88,24.12,17.06,58.82
2018,math,11,200,Black or African American,Ethnicity for Socioeconomically Disadvantaged,18022,15997,2478.9,2.17,7.36,9.53,16.91,73.57
2018,math,11,201,American Indian or Alaska Native,Ethnicity for Socioeconomically Disadvantaged,1615,1414,2502.0,3.48,9.45,12.93,20.38,66.69
2018,math,11,202,Asian,Ethnicity for Socioeconomically Disadvantaged,18421,17853,2632.2,27.61,27.08,54.69,20.91,24.4
2018,math,11,203,Filipino,Ethnicity for Socioeconomically Disadvantaged,4541,4427,2588.4,12.83,25.84,38.67,27.06,34.27
2018,math,11,204,Hispanic or Latino,Ethnicity for Socioeconomically Disadvantaged,189550,178235,2514.9,3.76,12.75,16.51,23.11,60.38
2018,math,11,205,Native Hawaiian or Pacific Islander,Ethnicity for Socioeconomically Disadvantaged,1360,1236,2523.3,4.7,15.25,19.95,22.87,57.18
2018,math,11,206,White,Ethnicity for Socioeconomically Disadvantaged,30752,28078,2543.3,7.92,17.61,25.54,24.49,49.98
2018,math,11,207,Two or more races,Ethnicity for Socioeconomically Disadvantaged,4732,4256,2538.8,8.05,16.47,24.52,23.16,52.32
2018,math,11,220,Black or African American,Ethnicity for Not Socioeconomically Disadvantaged,8836,8089,2531.2,6.01,15.89,21.9,24.29,53.81
2018,math,11,221,American Indian or Alaska Native,Ethnicity for Not Socioeconomically Disadvantaged,1058,970,2552.6,8.87,18.66,27.53,24.02,48.45
2018,math,11,222,Asian,Ethnicity for Not Socioeconomically Disadvantaged,25680,24754,2714.4,55.01,24.13,79.14,12.26,8.6
2018,math,11,223,Filipino,Ethnicity for Not Socioeconomically Disadvantaged,8849,8619,2632.2,22.7,32.6,55.3,23.95,20.75
2018,math,11,224,Hispanic or Latino,Ethnicity for Not Socioeconomically Disadvantaged,58341,54618,2554.3,8.8,19.14,27.94,25.9,46.16
2018,math,11,225,Native Hawaiian or Pacific Islander,Ethnicity for Not Socioeconomically Disadvantaged,925,855,2570.7,11.94,20.73,32.67,25.41,41.92
2018,math,11,226,White,Ethnicity for Not Socioeconomically Disadvantaged,82399,76960,2621.5,22.75,27.85,50.59,24.04,25.37
2018,math,11,227,Two or more races,Ethnicity for Not Socioeconomically Disadvantaged,9285,8639,2631.8,26.77,27.19,53.95,22.29,23.75
2019,math,11,1,All Students,All Students,467521,438789,2563.9,13.85,18.39,32.24,22.28,45.48
2019,math,11,3,Male,Gender,237896,222768,2558.7,14.76,16.8,31.56,20.71,47.73
2019,math,11,4,Female,Gender,229625,216021,2569.3,12.92,20.02,32.94,23.9,43.16
2019,math,11,6,"IFEP, RFEP, and EO (Fluent English proficient and English only)",English-Language Fluency,423044,399160,2575.9,15.08,19.85,34.93,23.6,41.46
2019,math,11,7,IFEP (Initial fluent English proficient),English-Language Fluency,24044,22931,2640.1,30.8,23.55,54.35,21.15,24.5
2019,math,11,8,RFEP (Reclassified fluent English proficient),English-Language Fluency,149950,144570,2565.3,11.71,18.15,29.86,25.25,44.89
2019,math,11,28,Migrant education,Migrant,3217,3100,2512.6,4.07,12.51,16.59,22.41,61.01
2019,math,11,31,Socioeconomically disadvantaged,Economic Status,269154,251903,2527.1,6.56,14.37,20.93,22.33,56.74
2019,math,11,50,Armed forces family member,Military Status,6359,6127,2567.3,12.4,20.09,32.48,23.91,43.61
2019,math,11,51,Not armed forces family member,Military Status,461162,432662,2563.8,13.87,18.37,32.24,22.25,45.51
2019,math,11,52,Homeless,Homeless Status,15074,13374,2503.2,4.06,11.31,15.37,19.73,64.9
2019,math,11,53,Not homeless,Homeless Status,452447,425415,2565.8,14.16,18.61,32.77,22.36,44.87
2019,math,11,74,Black or African American,Race and Ethnicity,25940,23165,2497.8,3.67,10.6,14.27,19.43,66.3
2019,math,11,75,American Indian or Alaska Native,Race and Ethnicity,2511,2219,2520.5,5.89,12.86,18.74,22.14,59.12
2019,math,11,76,Asian,Race and Ethnicity,44046,42669,2687.1,46.19,24.21,70.4,14.9,14.7
2019,math,11,77,Filipino,Race and Ethnicity,12867,12446,2621.9,21.08,29.84,50.92,24.61,24.46
2019,math,11,78,Hispanic or Latino,Race and Ethnicity,250978,236596,2526.5,5.67,14.6,20.27,23.16,56.57
2019,math,11,79,Native Hawaiian or Pacific Islander,Race and Ethnicity,2299,2109,2543.8,7.05,18.52,25.57,24.19,50.24
2019,math,11,80,White,Race and Ethnicity,109641,102098,2603.1,19.94,24.66,44.6,23.66,31.75
2019,math,11,90,Not a high school graduate,Parent Education,77579,72476,2509.4,4.21,12.0,16.21,20.79,63.0
2019,math,11,91,High school graduate,Parent Education,93863,88435,2526.9,6.03,14.23,20.27,22.98,56.76
2019,math,11,92,Some college (includes AA degree),Parent Education,90715,85586,2554.4,8.89,19.06,27.95,25.62,46.42
2019,math,11,93,College graduate,Parent Education,88712,84371,2613.8,22.45,25.42,47.87,23.15,28.98
2019,math,11,94,Graduate school/Post graduate,Parent Education,59824,56327,2660.3,37.1,25.32,62.42,18.34,19.25
2019,math,11,99,No reported disabilities,Disability Status,420551,397736,2576.8,15.12,19.92,35.04,23.67,41.29
2019,math,11,111,Not socioeconomically disadvantaged,Economic Status,198367,186886,2613.4,23.67,23.8,47.47,22.21,30.32
2019,math,11,120,ELs enrolled less than 12 months,English-Language Fluency,2551,2150,2458.2,3.19,6.94,10.13,12.0,77.87
2019,math,11,121,Declined to state,Parent Education,56617,51507,2532.7,9.56,14.33,23.89,20.49,55.62
2019,math,11,128,Reported disabilities,Disability Status,46970,41053,2438.2,1.55,3.54,5.08,8.73,86.19
2019,math,11,142,ELs enrolled 12 months or more,English-Language Fluency,40708,36744,2441.8,1.36,3.37,4.73,8.67,86.6
2019,math,11,144,Two or more races,Race and Ethnicity,15291,14073,2602.4,21.42,22.72,44.14,22.72,33.14
2019,math,11,160,"EL (English learner, excluding RFEP)",English-Language Fluency,43847,39302,2442.5,1.45,3.56,5.01,8.82,86.17
2019,math,11,170,EverEL,English-Language Fluency,193797,183872,2539.1,9.52,15.04,24.55,21.74,53.7
2019,math,11,180,EO (English only),English-Language Fluency,249050,231659,2576.1,15.63,20.55,36.18,22.82,41.0
2019,math,11,190,TBD (To be determined),English-Language Fluency,310,161,2468.2,5.63,8.13,13.75,14.38,71.88
2019,math,11,200,Black or African American,Ethnicity for Socioeconomically Disadvantaged,17535,15496,2480.6,2.05,7.97,10.01,17.44,72.55
2019,math,11,201,American Indian or Alaska Native,Ethnicity for Socioeconomically Disadvantaged,1511,1315,2496.2,3.29,9.56,12.85,19.2,67.94
2019,math,11,202,Asian,Ethnicity for Socioeconomically Disadvantaged,17487,16964,2635.3,29.06,26.22,55.28,20.49,24.23
2019,math,11,203,Filipino,Ethnicity for Socioeconomically Disadvantaged,4303,4135,2593.5,14.0,26.35,40.35,27.03,32.62
2019,math,11,204,Hispanic or Latino,Ethnicity for Socioeconomically Disadvantaged,189808,179042,2516.8,4.32,13.11,17.43,22.63,59.95
2019,math,11,205,Native Hawaiian or Pacific Islander,Ethnicity for Socioeconomically Disadvantaged,1371,1248,2523.6,3.7,16.43,20.13,22.62,57.25
2019,math,11,206,White,Ethnicity for Socioeconomically Disadvantaged,30315,27670,2543.8,8.71,17.18,25.89,23.67,50.44
2019,math,11,207,Two or more races,Ethnicity for Socioeconomically Disadvantaged,5093,4540,2538.6,8.38,15.4,23.78,23.51,52.71
2019,math,11,220,Black or African American,Ethnicity for Not Socioeconomically Disadvantaged,8405,7669,2532.7,6.95,15.91,22.86,23.46,53.67
2019,math,11,221,American Indian or Alaska Native,Ethnicity for Not Socioeconomically Disadvantaged,1000,904,2555.8,9.65,17.63,27.27,26.39,46.34
2019,math,11,222,Asian,Ethnicity for Not Socioeconomically Disadvantaged,26559,25705,2721.2,57.49,22.88,80.37,11.22,8.41
2019,math,11,223,Filipino,Ethnicity for Not Socioeconomically Disadvantaged,8564,8311,2635.9,24.61,31.58,56.18,23.41,20.4
2019,math,11,224,Hispanic or Latino,Ethnicity for Not Socioeconomically Disadvantaged,61170,57554,2556.4,9.88,19.23,29.11,24.82,46.07
2019,math,11,225,Native Hawaiian or Pacific Islander,Ethnicity for Not Socioeconomically Disadvantaged,928,861,2573.2,11.89,21.56,33.45,26.46,40.09
2019,math,11,226,White,Ethnicity for Not Socioeconomically Disadvantaged,79326,74428,2625.1,24.11,27.43,51.54,23.65,24.81
2019,math,11,227,Two or more races,Ethnicity for Not Socioeconomically Disadvantaged,10198,9533,2632.7,27.62,26.2,53.82,22.34,23.84
2021,math,11,1,All Students,All Students,471262,201921,2576.8,15.51,18.85,34.36,24.56,41.08
2021,math,11,3,Male,Gender,240216,99832,2574.1,16.5,17.82,34.32,22.88,42.8
2021,math,11,4,Female,Gender,230844,102003,2579.5,14.54,19.85,34.39,26.2,39.41
2021,math,11,6,"IFEP, RFEP, and EO (Fluent English proficient and English only)",English-Language Fluency,424158,184586,2586.9,16.8,20.16,36.96,25.39,37.65
2021,math,11,7,IFEP (Initial fluent English proficient),English-Language Fluency,23320,11300,2652.1,33.28,23.61,56.88,21.42,21.7
2021,math,11,8,RFEP (Reclassified fluent English proficient),English-Language Fluency,148480,70844,2575.9,13.15,19.09,32.24,27.31,40.46
2021,math,11,28,Migrant education,Migrant,3157,1317,2515.1,3.69,12.22,15.91,23.37,60.72
2021,math,11,29,Not migrant education,Migrant,468105,200604,2577.2,15.59,18.89,34.48,24.57,40.96
2021,math,11,31,Socioeconomically disadvantaged,Economic Status,266682,115955,2541.6,7.57,15.67,23.23,25.61,51.16
2021,math,11,50,Armed forces family member,Military Status,6191,2617,2595.1,17.91,22.36,40.27,25.15,34.58
2021,math,11,51,Not armed forces family member,Military Status,465071,199304,2576.6,15.48,18.8,34.28,24.55,41.17
2021,math,11,52,Homeless,Homeless Status,13962,4862,2522.9,5.35,13.18,18.52,24.85,56.63
2021,math,11,53,Not homeless,Homeless Status,457300,197059,2578.2,15.76,18.99,34.75,24.55,40.7
2021,math,11,74,Black or African American,Race and Ethnicity,24550,8166,2520.4,5.65,12.16,17.81,23.89,58.3
2021,math,11,75,American Indian or Alaska Native,Race and Ethnicity,2321,964,2524.7,7.11,11.92,19.04,23.43,57.53
2021,math,11,76,Asian,Race and Ethnicity,45740,22665,2697.5,48.44,23.52,71.97,14.92,13.12
2021,math,11,77,Filipino,Race and Ethnicity,12139,5810,2635.7,24.97,28.93,53.9,25.56,20.53
2021,math,11,78,Hispanic or Latino,Race and Ethnicity,257572,110613,2539.0,6.28,15.71,21.99,26.67,51.33
2021,math,11,79,Native Hawaiian or Pacific Islander,Race and Ethnicity,2211,820,2564.9,11.79,17.57,29.36,26.04,44.59
2021,math,11,80,White,Race and Ethnicity,106734,45045,2605.7,20.74,23.53,44.27,24.55,31.18
2021,math,11,90,Not a high school graduate,Parent Education,69499,27682,2521.9,4.33,13.06,17.39,24.84,57.78
2021,math,11,91,High school graduate,Parent Education,89821,37462,2536.5,6.53,14.89,21.42,25.93,52.64
2021,math,11,92,Some college (includes AA degree),Parent Education,87595,36069,2559.5,9.56,18.77,28.33,27.29,44.38
2021,math,11,93,College graduate,Parent Education,89574,38775,2622.5,24.29,25.1,49.39,24.08,26.54
2021,math,11,94,Graduate school/Post graduate,Parent Education,64681,26793,2670.1,39.71,23.52,63.23,19.01,17.76
2021,math,11,99,No reported disabilities,Disability Status,418462,184688,2588.1,16.77,20.24,37.01,25.7,37.29
2021,math,11,111,Not socioeconomically disadvantaged,Economic Status,204580,85966,2624.0,26.15,23.11,49.26,23.16,27.58
2021,math,11,120,ELs enrolled less than 12 months,English-Language Fluency,1020,313,2483.7,3.95,7.89,11.84,19.08,69.08
2021,math,11,121,Declined to state,Parent Education,70019,35124,2558.6,11.67,17.16,28.83,24.87,46.3
2021,math,11,128,Reported disabilities,Disability Status,52800,17233,2455.1,1.85,3.81,5.66,12.24,82.1
2021,math,11,142,ELs enrolled 12 months or more,English-Language Fluency,45309,16862,2468.4,1.61,4.67,6.29,15.57,78.14
2021,math,11,144,Two or more races,Race and Ethnicity,19995,7838,2613.7,23.98,22.71,46.68,22.86,30.46
2021,math,11,160,"EL (English learner, excluding RFEP)",English-Language Fluency,46627,17252,2468.6,1.65,4.71,6.36,15.67,77.96
2021,math,11,170,EverEL,English-Language Fluency,195308,88133,2555.0,10.91,16.28,27.19,25.03,47.77
2021,math,11,180,EO (English only),English-Language Fluency,252358,102442,2587.3,17.49,20.52,38.02,24.5,37.48
2021,math,11,190,TBD (To be determined),English-Language Fluency,158,15,2504.9,0.0,7.69,7.69,15.38,76.92
2021,math,11,200,Black or African American,Ethnicity for Socioeconomically Disadvantaged,16361,5327,2503.2,3.28,10.0,13.28,22.28,64.44
2021,math,11,201,American Indian or Alaska Native,Ethnicity for Socioeconomically Disadvantaged,1351,541,2504.8,4.29,8.58,12.87,22.39,64.74
2021,math,11,202,Asian,Ethnicity for Socioeconomically Disadvantaged,16948,8512,2643.9,30.81,26.19,57.0,21.14,21.85
2021,math,11,203,Filipino,Ethnicity for Socioeconomically Disadvantaged,3958,1950,2610.9,18.42,26.83,45.25,27.71,27.04
2021,math,11,204,Hispanic or Latino,Ethnicity for Socioeconomically Disadvantaged,190898,84081,2529.9,4.76,14.43,19.19,26.28,54.53
2021,math,11,205,Native Hawaiian or Pacific Islander,Ethnicity for Socioeconomically Disadvantaged,1205,440,2540.0,7.13,13.33,20.46,28.51,51.03
2021,math,11,206,White,Ethnicity for Socioeconomically Disadvantaged,29308,12568,2555.0,10.17,17.54,27.7,25.47,46.83
2021,math,11,207,Two or more races,Ethnicity for Socioeconomically Disadvantaged,6653,2536,2551.6,10.47,16.78,27.25,24.53,48.22
2021,math,11,220,Black or African American,Ethnicity for Not Socioeconomically Disadvantaged,8189,2839,2552.5,10.05,16.19,26.24,26.88,46.88
2021,math,11,221,American Indian or Alaska Native,Ethnicity for Not Socioeconomically Disadvantaged,970,423,2550.1,10.71,16.19,26.9,24.76,48.33
2021,math,11,222,Asian,Ethnicity for Not Socioeconomically Disadvantaged,28792,14153,2729.7,59.01,21.93,80.94,11.18,7.88
2021,math,11,223,Filipino,Ethnicity for Not Socioeconomically Disadvantaged,8181,3860,2648.1,28.26,29.98,58.24,24.49,17.27
2021,math,11,224,Hispanic or Latino,Ethnicity for Not Socioeconomically Disadvantaged,66674,26532,2567.8,11.09,19.76,30.84,27.91,41.25
2021,math,11,225,Native Hawaiian or Pacific Islander,Ethnicity for Not Socioeconomically Disadvantaged,1006,380,2593.6,17.15,22.43,39.58,23.22,37.2
2021,math,11,226,White,Ethnicity for Not Socioeconomically Disadvantaged,77426,32477,2625.2,24.81,25.84,50.65,24.2,25.15
2021,math,11,227,Two or more races,Ethnicity for Not Socioeconomically Disadvantaged,13342,5302,2643.2,30.39,25.52,55.91,22.07,22.03
2022,math,11,1,All Students,All Students,471944,425485,2544.5,11.84,15.13,26.97,21.26,51.76
2022,math,11,3,Male,Gender,240416,217112,2542.0,12.87,14.49,27.36,19.9,52.74
2022,math,11,4,Female,Gender,230910,207860,2547.0,10.76,15.79,26.55,22.67,50.77
2022,math,11,6,"IFEP, RFEP, and EO (Fluent English proficient and English only)",English-Language Fluency,419785,380668,2558.3,13.16,16.67,29.83,22.86,47.31
2022,math,11,7,IFEP (Initial fluent English proficient),English-Language Fluency,22274,20747,2635.4,30.85,21.22,52.07,20.52,27.41
2022,math,11,8,RFEP (Reclassified fluent English proficient),English-Language Fluency,145563,136239,2546.0,9.8,14.85,24.65,23.97,51.39
2022,math,11,28,Migrant education,Migrant,3245,3034,2483.7,2.22,8.74,10.96,18.74,70.3
2022,math,11,29,Not migrant education,Migrant,468699,422451,2544.9,11.91,15.18,27.09,21.28,51.63
2022,math,11,31,Socioeconomically disadvantaged,Economic Status,270490,243901,2507.1,5.29,11.16,16.45,20.34,63.21
2022,math,11,50,Armed forces family member,Military Status,6639,6135,2559.5,12.67,17.96,30.63,23.43,45.93
2022,math,11,51,Not armed forces family member,Military Status,465305,419350,2544.3,11.83,15.09,26.92,21.23,51.85
2022,math,11,52,Homeless,Homeless Status,13591,11561,2481.2,2.84,8.05,10.89,17.43,71.68
2022,math,11,53,Not homeless,Homeless Status,458353,413924,2546.2,12.09,15.33,27.42,21.37,51.21
2022,math,11,74,Black or African American,Race and Ethnicity,23959,20310,2481.0,3.16,8.18,11.34,17.17,71.49
2022,math,11,75,American Indian or Alaska Native,Race and Ethnicity,2287,1908,2503.4,5.74,9.43,15.17,20.97,63.86
2022,math,11,76,Asian,Race and Ethnicity,44771,42185,2674.5,42.06,23.52,65.58,16.19,18.23
2022,math,11,77,Filipino,Race and Ethnicity,12861,12142,2609.6,19.88,25.64,45.52,25.33,29.15
2022,math,11,78,Hispanic or Latino,Race and Ethnicity,262921,238897,2504.8,4.21,10.95,15.17,21.12,63.71
2022,math,11,79,Native Hawaiian or Pacific Islander,Race and Ethnicity,2143,1848,2522.9,6.9,12.49,19.39,22.54,58.07
2022,math,11,80,White,Race and Ethnicity,102424,90253,2587.3,17.52,21.71,39.23,24.17,36.59
2022,math,11,90,Not a high school graduate,Parent Education,70931,63575,2486.8,3.01,8.55,11.55,18.46,69.98
2022,math,11,91,High school graduate,Parent Education,92134,83554,2502.1,4.15,10.47,14.62,20.54,64.84
2022,math,11,92,Some college (includes AA degree),Parent Education,88159,79612,2529.5,6.55,14.52,21.07,23.99,54.94
2022,math,11,93,College graduate,Parent Education,91312,83353,2592.2,18.44,21.92,40.36,24.11,35.53
2022,math,11,94,Graduate school/Post graduate,Parent Education,67384,61043,2645.0,33.39,23.1,56.49,19.53,23.98
2022,math,11,99,No reported disabilities,Disability Status,418869,381779,2557.9,13.04,16.56,29.61,22.77,47.63
2022,math,11,111,Not socioeconomically disadvantaged,Economic Status,201454,181584,2594.6,20.62,20.46,41.08,22.5,36.42
2022,math,11,120,ELs enrolled less than 12 months,English-Language Fluency,3723,2998,2419.3,1.04,2.86,3.91,7.91,88.18
2022,math,11,121,Declined to state,Parent Education,61653,54141,2512.8,7.38,11.52,18.9,19.22,61.87
2022,math,11,128,Reported disabilities,Disability Status,53075,43706,2426.7,1.29,2.61,3.9,8.09,88.01
2022,math,11,142,ELs enrolled 12 months or more,English-Language Fluency,47418,41262,2427.4,0.61,1.94,2.55,7.62,89.83
2022,math,11,144,Two or more races,Race and Ethnicity,20578,17942,2584.5,19.06,19.48,38.54,22.23,39.23
2022,math,11,160,"EL (English learner, excluding RFEP)",English-Language Fluency,51563,44561,2426.8,0.63,2.01,2.64,7.64,89.72
2022,math,11,170,EverEL,English-Language Fluency,197336,180887,2516.6,7.54,11.68,19.22,19.94,60.84
2022,math,11,180,EO (English only),English-Language Fluency,251948,223682,2558.6,13.56,17.36,30.92,22.4,46.68
2022,math,11,190,TBD (To be determined),English-Language Fluency,183,59,2441.2,5.36,5.36,10.71,7.14,82.14
2022,math,11,200,Black or African American,Ethnicity for Socioeconomically Disadvantaged,16068,13409,2464.1,1.85,6.11,7.96,14.76,77.28
2022,math,11,201,American Indian or Alaska Native,Ethnicity for Socioeconomically Disadvantaged,1393,1158,2480.6,3.39,5.66,9.05,18.97,71.98
2022,math,11,202,Asian,Ethnicity for Socioeconomically Disadvantaged,17107,16083,2617.9,25.65,24.0,49.65,20.74,29.61
2022,math,11,203,Filipino,Ethnicity for Socioeconomically Disadvantaged,4203,3973,2578.7,13.62,21.38,35.0,26.5,38.5
2022,math,11,204,Hispanic or Latino,Ethnicity for Socioeconomically Disadvantaged,193841,176558,2494.8,3.1,9.55,12.64,20.12,67.23
2022,math,11,205,Native Hawaiian or Pacific Islander,Ethnicity for Socioeconomically Disadvantaged,1215,1040,2500.4,3.96,10.05,14.01,20.58,65.41
2022,math,11,206,White,Ethnicity for Socioeconomically Disadvantaged,29606,25681,2531.7,7.9,14.89,22.79,23.33,53.87
2022,math,11,207,Two or more races,Ethnicity for Socioeconomically Disadvantaged,7057,5999,2521.4,6.78,13.98,20.77,21.42,57.81
2022,math,11,220,Black or African American,Ethnicity for Not Socioeconomically Disadvantaged,7891,6901,2513.6,5.71,12.17,17.89,21.86,60.26
2022,math,11,221,American Indian or Alaska Native,Ethnicity for Not Socioeconomically Disadvantaged,894,750,2538.4,9.35,15.22,24.57,24.03,51.4
2022,math,11,222,Asian,Ethnicity for Not Socioeconomically Disadvantaged,27664,26102,2709.4,52.17,23.22,75.39,13.38,11.23
2022,math,11,223,Filipino,Ethnicity for Not Socioeconomically Disadvantaged,8658,8169,2624.6,22.92,27.71,50.64,24.76,24.6
2022,math,11,224,Hispanic or Latino,Ethnicity for Not Socioeconomically Disadvantaged,69080,62339,2533.1,7.38,14.94,22.32,23.94,53.75
2022,math,11,225,Native Hawaiian or Pacific Islander,Ethnicity for Not Socioeconomically Disadvantaged,928,808,2551.7,10.67,15.63,26.3,25.06,48.64
2022,math,11,226,White,Ethnicity for Not Socioeconomically Disadvantaged,72818,64572,2609.4,21.34,24.42,45.76,24.51,29.73
2022,math,11,227,Two or more races,Ethnicity for Not Socioeconomically Disadvantaged,13521,11943,2616.1,25.21,22.23,47.44,22.64,29.93
2022,math,11,240,Foster youth,Foster Status,2231,1598,2439.4,0.82,3.6,4.42,11.74,83.84
2022,math,11,241,Not foster youth,Foster Status,469713,423887,2544.9,11.88,15.18,27.06,21.3,51.64
2022,math,11,243,ADEL (Adult English learner),English-Language Fluency,210,87,2429.2,0.0,4.6,4.6,4.6,90.8
2023,math,11,1,All Students,All Students,473427,441780,2545.4,12.04,15.31,27.36,21.25,51.39
2023,math,11,3,Male,Gender,241241,225540,2545.3,13.36,14.97,28.33,19.93,51.73
2023,math,11,4,Female,Gender,231267,215458,2545.5,10.65,15.68,26.33,22.62,51.06
2023,math,11,6,"IFEP, RFEP, and EO (Fluent English proficient and English only)",English-Language Fluency,420261,394090,2559.8,13.43,16.93,30.36,22.9,46.74
2023,math,11,7,IFEP (Initial fluent English proficient),English-Language Fluency,22546,21524,2637.8,30.86,22.4,53.26,20.54,26.2
2023,math,11,8,RFEP (Reclassified fluent English proficient),English-Language Fluency,143219,137266,2547.1,9.83,15.12,24.95,24.16,50.89
2023,math,11,28,Migrant education,Migrant,3342,3161,2486.3,2.44,8.09,10.53,19.86,69.61
2023,math,11,29,Not migrant education,Migrant,470085,438619,2545.9,12.11,15.37,27.48,21.26,51.26
2023,math,11,31,Socioeconomically disadvantaged,Economic Status,288237,268629,2509.0,5.47,11.47,16.95,20.61,62.44
2023,math,11,50,Armed forces family member,Military Status,7131,6798,2554.9,12.63,16.12,28.76,23.25,47.99
2023,math,11,51,Not armed forces family member,Military Status,466296,434982,2545.3,12.03,15.3,27.33,21.22,51.44
2023,math,11,52,Homeless,Homeless Status,13411,11845,2478.2,2.97,8.08,11.06,16.65,72.3
2023,math,11,53,Not homeless,Homeless Status,460016,429935,2547.3,12.29,15.51,27.8,21.38,50.82
2023,math,11,74,Black or African American,Race and Ethnicity,23452,21035,2482.9,3.13,8.66,11.8,18.33,69.87
2023,math,11,75,American Indian or Alaska Native,Race and Ethnicity,2183,1910,2511.6,6.25,10.66,16.91,20.54,62.55
2023,math,11,76,Asian,Race and Ethnicity,44939,43194,2673.9,42.06,23.32,65.38,16.51,18.12
2023,math,11,77,Filipino,Race and Ethnicity,12468,12091,2613.0,20.75,26.23,46.98,25.45,27.58
2023,math,11,78,Hispanic or Latino,Race and Ethnicity,267480,250681,2506.5,4.48,11.35,15.83,21.14,63.03
2023,math,11,79,Native Hawaiian or Pacific Islander,Race and Ethnicity,2050,1864,2524.4,6.71,13.69,20.41,22.77,56.82
2023,math,11,80,White,Race and Ethnicity,99713,91635,2589.5,18.21,21.61,39.82,23.79,36.39
2023,math,11,90,Not a high school graduate,Parent Education,70645,65596,2487.4,3.0,8.75,11.75,18.23,70.02
2023,math,11,91,High school graduate,Parent Education,94826,88633,2502.6,4.26,10.62,14.88,20.61,64.51
2023,math,11,92,Some college (includes AA degree),Parent Education,89219,83286,2530.4,6.79,14.68,21.47,24.1,54.43
2023,math,11,93,College graduate,Parent Education,92752,87565,2591.0,18.42,21.68,40.1,23.86,36.04
2023,math,11,94,Graduate school/Post graduate,Parent Education,71756,67376,2640.2,32.29,23.09,55.38,19.52,25.1
2023,math,11,99,No reported disabilities,Disability Status,418784,394665,2558.9,13.29,16.79,30.08,22.76,47.16
2023,math,11,111,Not socioeconomically disadvantaged,Economic Status,185190,173151,2601.9,22.22,21.26,43.48,22.25,34.27
2023,math,11,120,ELs enrolled less than 12 months,English-Language Fluency,4079,3427,2429.5,1.44,4.06,5.5,9.87,84.63
2023,math,11,121,Declined to state,Parent Education,54056,49218,2514.4,7.86,11.6,19.47,19.37,61.16
2023,math,11,128,Reported disabilities,Disability Status,54643,47115,2432.3,1.55,2.92,4.47,8.57,86.97
2023,math,11,142,ELs enrolled 12 months or more,English-Language Fluency,48191,43690,2426.5,0.49,1.76,2.24,7.41,90.35
2023,math,11,144,Two or more races,Race and Ethnicity,21142,19370,2584.7,18.9,19.95,38.85,21.78,39.36
2023,math,11,160,"EL (English learner, excluding RFEP)",English-Language Fluency,52746,47486,2426.7,0.55,1.92,2.47,7.58,89.95
2023,math,11,170,EverEL,English-Language Fluency,196162,184865,2516.1,7.45,11.72,19.17,19.89,60.94
2023,math,11,180,EO (English only),English-Language Fluency,254496,235300,2560.0,13.93,17.49,31.42,22.39,46.2
2023,math,11,190,TBD (To be determined),English-Language Fluency,128,39,2463.1,5.13,12.82,17.95,7.69,74.36
2023,math,11,200,Black or African American,Ethnicity for Socioeconomically Disadvantaged,16408,14530,2467.4,1.8,6.72,8.52,16.41,75.08
2023,math,11,201,American Indian or Alaska Native,Ethnicity for Socioeconomically Disadvantaged,1407,1201,2491.8,3.93,7.6,11.53,19.38,69.09
2023,math,11,202,Asian,Ethnicity for Socioeconomically Disadvantaged,18130,17438,2618.2,25.47,24.14,49.61,21.26,29.13
2023,math,11,203,Filipino,Ethnicity for Socioeconomically Disadvantaged,4513,4359,2581.1,13.79,22.54,36.33,26.9,36.77
2023,math,11,204,Hispanic or Latino,Ethnicity for Socioeconomically Disadvantaged,206175,193485,2496.3,3.24,9.82,13.06,20.34,66.6
2023,math,11,205,Native Hawaiian or Pacific Islander,Ethnicity for Socioeconomically Disadvantaged,1254,1132,2504.6,3.63,11.05,14.68,22.02,63.31
2023,math,11,206,White,Ethnicity for Socioeconomically Disadvantaged,32249,29229,2535.0,8.41,15.17,23.58,23.16,53.26
2023,math,11,207,Two or more races,Ethnicity for Socioeconomically Disadvantaged,8101,7255,2524.0,7.84,13.76,21.6,20.71,57.69
2023,math,11,220,Black or African American,Ethnicity for Not Socioeconomically Disadvantaged,7044,6505,2517.6,6.11,12.99,19.11,22.62,58.28
2023,math,11,221,American Indian or Alaska Native,Ethnicity for Not Socioeconomically Disadvantaged,776,709,2545.1,10.18,15.84,26.03,22.49,51.49
2023,math,11,222,Asian,Ethnicity for Not Socioeconomically Disadvantaged,26809,25756,2711.6,53.29,22.76,76.05,13.29,10.66
2023,math,11,223,Filipino,Ethnicity for Not Socioeconomically Disadvantaged,7955,7732,2631.0,24.67,28.31,52.98,24.63,22.39
2023,math,11,224,Hispanic or Latino,Ethnicity for Not Socioeconomically Disadvantaged,61305,57196,2541.1,8.66,16.51,25.17,23.85,50.98
2023,math,11,225,Native Hawaiian or Pacific Islander,Ethnicity for Not Socioeconomically Disadvantaged,796,732,2555.0,11.49,17.78,29.27,23.94,46.79
2023,math,11,226,White,Ethnicity for Not Socioeconomically Disadvantaged,67464,62406,2614.9,22.8,24.63,47.42,24.08,28.5
2023,math,11,227,Two or more races,Ethnicity for Not Socioeconomically Disadvantaged,13041,12115,2621.0,25.53,23.66,49.19,22.42,28.39
2023,math,11,240,Foster youth,Foster Status,2186,1748,2434.3,0.69,3.05,3.74,10.64,85.62
2023,math,11,241,Not foster youth,Foster Status,471241,440032,2545.9,12.09,15.36,27.45,21.3,51.26
2023,math,11,243,ADEL (Adult English learner),English-Language Fluency,197,113,2411.5,0.0,0.89,0.89,6.25,92.86
2023,math,11,250,LTEL (Long-Term English learner),English-Language Fluency,29648,26657,2424.3,0.37,1.3,1.67,6.8,91.53
2023,math,11,251,ARLTEL (At-Risk of becoming LTEL),English-Language Fluency,3404,3144,2443.3,1.18,3.96,5.14,11.11,83.74
2023,math,11,252,NeverEL,English-Language Fluency,277170,256863,2566.5,15.35,17.9,33.25,22.23,44.52
2024,math,11,1,All Students,All Students,463265,435333,2547.8,12.29,15.61,27.9,21.15,50.95
2024,math,11,3,Male,Gender,237485,223145,2548.5,13.82,15.41,29.23,19.72,51.05
2024,math,11,4,Female,Gender,224694,211243,2546.9,10.68,15.81,26.49,22.64,50.87
2024,math,11,6,"IFEP, RFEP, and EO (Fluent English proficient and English only)",English-Language Fluency,410723,387770,2562.3,13.71,17.23,30.94,22.75,46.31
2024,math,11,7,IFEP (Initial fluent English proficient),English-Language Fluency,21325,20517,2640.6,31.95,21.49,53.44,20.16,26.4
2024,math,11,8,RFEP (Reclassified fluent English proficient),English-Language Fluency,138204,133126,2550.5,10.27,15.61,25.88,24.06,50.06
2024,math,11,28,Migrant education,Migrant,3188,3060,2483.4,2.58,8.93,11.51,17.59,70.9
2024,math,11,29,Not migrant education,Migrant,460077,432273,2548.2,12.36,15.66,28.02,21.17,50.81
2024,math,11,31,Socioeconomically disadvantaged,Economic Status,289084,271494,2513.5,6.02,12.08,18.1,20.67,61.24
2024,math,11,50,Armed forces family member,Military Status,6428,6193,2552.4,11.6,16.43,28.02,22.95,49.02
2024,math,11,51,Not armed forces family member,Military Status,456837,429140,2547.7,12.3,15.6,27.9,21.12,50.98
2024,math,11,52,Homeless,Homeless Status,15323,13671,2479.9,3.35,7.97,11.32,16.32,72.36
2024,math,11,53,Not homeless,Homeless Status,447942,421662,2550.0,12.58,15.86,28.44,21.31,50.25
2024,math,11,74,Black or African American,Race and Ethnicity,22828,20632,2486.7,3.49,9.09,12.59,17.89,69.52
2024,math,11,75,American Indian or Alaska Native,Race and Ethnicity,2143,1887,2509.3,6.42,10.83,17.25,21.18,61.57
2024,math,11,76,Asian,Race and Ethnicity,44640,43232,2675.6,42.37,23.25,65.62,16.36,18.02
2024,math,11,77,Filipino,Race and Ethnicity,11603,11260,2615.4,20.68,26.67,47.34,25.0,27.66
2024,math,11,78,Hispanic or Latino,Race and Ethnicity,262625,247677,2509.6,4.75,11.82,16.57,21.13,62.3
2024,math,11,79,Native Hawaiian or Pacific Islander,Race and Ethnicity,2017,1855,2522.2,6.63,12.51,19.15,23.46,57.39
2024,math,11,80,White,Race and Ethnicity,95540,88590,2589.9,18.18,21.78,39.96,23.68,36.37
2024,math,11,90,Not a high school graduate,Parent Education,62189,58081,2490.9,3.46,9.28,12.74,18.4,68.86
2024,math,11,91,High school graduate,Parent Education,90135,85104,2505.2,4.62,10.88,15.5,20.47,64.03
2024,math,11,92,Some college (includes AA degree),Parent Education,83192,78401,2532.3,6.91,14.84,21.75,23.94,54.31
2024,math,11,93,College graduate,Parent Education,91277,86537,2589.1,17.92,21.66,39.58,23.49,36.94
2024,math,11,94,Graduate school/Post graduate,Parent Education,71063,67211,2641.2,32.18,23.01,55.18,19.67,25.15
2024,math,11,99,No reported disabilities,Disability Status,408468,387518,2561.9,13.63,17.14,30.77,22.67,46.56
2024,math,11,111,Not socioeconomically disadvantaged,Economic Status,174181,163839,2604.5,22.69,21.45,44.14,21.95,33.91
2024,math,11,120,ELs enrolled less than 12 months,English-Language Fluency,4534,3805,2432.9,1.9,4.07,5.97,9.51,84.53
2024,math,11,121,Declined to state,Parent Education,63473,58307,2518.7,8.35,12.34,20.69,19.41,59.9
2024,math,11,128,Reported disabilities,Disability Status,54797,47815,2433.1,1.45,3.2,4.64,8.81,86.54
2024,math,11,142,ELs enrolled 12 months or more,English-Language Fluency,47390,43403,2429.2,0.65,2.21,2.86,7.99,89.15
2024,math,11,144,Two or more races,Race and Ethnicity,21869,20200,2588.0,19.88,19.86,39.74,21.56,38.69
2024,math,11,160,"EL (English learner, excluding RFEP)",English-Language Fluency,52141,47374,2429.4,0.75,2.36,3.11,8.1,88.8
2024,math,11,170,EverEL,English-Language Fluency,190509,180597,2518.7,7.77,12.13,19.9,19.87,60.24
2024,math,11,180,EO (English only),English-Language Fluency,251194,234127,2562.1,14.06,17.78,31.84,22.23,45.93
2024,math,11,190,TBD (To be determined),English-Language Fluency,134,40,2431.0,2.5,2.5,5.0,5.0,90.0
2024,math,11,200,Black or African American,Ethnicity for Socioeconomically Disadvantaged,16562,14822,2471.1,2.17,6.91,9.08,16.1,74.82
2024,math,11,201,American Indian or Alaska Native,Ethnicity for Socioeconomically Disadvantaged,1406,1223,2488.2,3.36,8.27,11.63,20.48,67.9
2024,math,11,202,Asian,Ethnicity for Socioeconomically Disadvantaged,18765,18151,2622.3,26.74,23.72,50.45,21.01,28.54
2024,math,11,203,Filipino,Ethnicity for Socioeconomically Disadvantaged,4519,4345,2589.2,14.21,24.34,38.54,26.66,34.79
2024,math,11,204,Hispanic or Latino,Ethnicity for Socioeconomically Disadvantaged,204390,193143,2500.3,3.61,10.44,14.05,20.41,65.54
2024,math,11,205,Native Hawaiian or Pacific Islander,Ethnicity for Socioeconomically Disadvantaged,1312,1199,2504.4,5.01,10.43,15.44,20.78,63.77
2024,math,11,206,White,Ethnicity for Socioeconomically Disadvantaged,33236,30547,2539.9,9.05,16.18,25.23,23.12,51.65
2024,math,11,207,Two or more races,Ethnicity for Socioeconomically Disadvantaged,8894,8064,2528.2,8.63,13.37,22.0,21.82,56.18
2024,math,11,220,Black or African American,Ethnicity for Not Socioeconomically Disadvantaged,6266,5810,2526.5,6.86,14.65,21.51,22.46,56.03
2024,math,11,221,American Indian or Alaska Native,Ethnicity for Not Socioeconomically Disadvantaged,737,664,2548.0,12.07,15.54,27.6,22.47,49.92
2024,math,11,222,Asian,Ethnicity for Not Socioeconomically Disadvantaged,25875,25081,2714.2,53.68,22.9,76.58,13.0,10.42
2024,math,11,223,Filipino,Ethnicity for Not Socioeconomically Disadvantaged,7084,6915,2631.9,24.74,28.13,52.87,23.95,23.18
2024,math,11,224,Hispanic or Latino,Ethnicity for Not Socioeconomically Disadvantaged,58235,54534,2542.4,8.78,16.71,25.49,23.64,50.86
2024,math,11,225,Native Hawaiian or Pacific Islander,Ethnicity for Not Socioeconomically Disadvantaged,705,656,2554.7,9.6,16.31,25.91,28.35,45.73
2024,math,11,226,White,Ethnicity for Not Socioeconomically Disadvantaged,62304,58043,2616.2,22.98,24.72,47.7,23.97,28.33
2024,math,11,227,Two or more races,Ethnicity for Not Socioeconomically Disadvantaged,12975,12136,2627.8,27.36,24.17,51.53,21.39,27.08
2024,math,11,240,Foster youth,Foster Status,2116,1702,2442.6,1.42,4.37,5.79,11.75,82.47
2024,math,11,241,Not foster youth,Foster Status,461149,433631,2548.2,12.34,15.65,27.99,21.19,50.83
2024,math,11,243,ADEL (Adult English learner),English-Language Fluency,164,97,2432.4,0.0,4.12,4.12,3.09,92.78
2024,math,11,250,LTEL (Long-Term English learner),English-Language Fluency,24661,22438,2422.5,0.29,1.59,1.89,6.77,91.34
2024,math,11,251,ARLTEL (At-Risk of becoming LTEL),English-Language Fluency,3430,3154,2446.8,1.56,4.86,6.41,10.89,82.7
2024,math,11,252,NeverEL,English-Language Fluency,272653,254684,2568.4,15.5,18.08,33.58,22.06,44.36
2025,math,11,1,All Students,All Students,456459,432496,2556.3,14.22,16.27,30.5,20.91,48.59
2025,math,11,3,Male,Gender,234457,222248,2557.7,15.9,16.08,31.99,19.59,48.42
2025,math,11,4,Female,Gender,220965,209300,2554.7,12.42,16.46,28.88,22.31,48.81
2025,math,11,6,"IFEP, RFEP, and EO (Fluent English proficient and English only)",English-Language Fluency,406196,386275,2570.3,15.68,17.76,33.45,22.35,44.2
2025,math,11,7,IFEP (Initial fluent English proficient),English-Language Fluency,21444,20677,2651.8,34.46,22.34,56.8,19.97,23.23
2025,math,11,8,RFEP (Reclassified fluent English proficient),English-Language Fluency,135506,131267,2559.3,12.28,16.37,28.65,23.68,47.67
2025,math,11,28,Migrant education,Migrant,3233,3110,2492.3,3.7,9.49,13.19,18.34,68.47
2025,math,11,29,Not migrant education,Migrant,453226,429386,2556.8,14.3,16.32,30.62,20.93,48.45
2025,math,11,31,Socioeconomically disadvantaged,Economic Status,289996,274909,2523.1,7.87,13.17,21.04,20.62,58.33
2025,math,11,50,Armed forces family member,Military Status,6703,6471,2558.6,13.17,16.71,29.89,22.4,47.71
2025,math,11,51,Not armed forces family member,Military Status,449756,426025,2556.3,14.24,16.27,30.51,20.89,48.6
2025,math,11,52,Homeless,Homeless Status,16686,15225,2487.4,4.44,8.93,13.37,17.08,69.54
2025,math,11,53,Not homeless,Homeless Status,439773,417271,2558.8,14.58,16.54,31.12,21.05,47.83
2025,math,11,74,Black or African American,Race and Ethnicity,22535,20591,2499.7,5.58,10.66,16.24,18.22,65.53
2025,math,11,75,American Indian or Alaska Native,Race and Ethnicity,2089,1889,2511.1,7.57,11.6,19.17,18.33,62.5
2025,math,11,76,Asian,Race and Ethnicity,45623,44317,2680.7,43.99,23.04,67.03,15.9,17.07
2025,math,11,77,Filipino,Race and Ethnicity,11535,11252,2620.8,22.51,26.7,49.2,24.27,26.53
2025,math,11,78,Hispanic or Latino,Race and Ethnicity,258005,245241,2518.8,6.42,12.85,19.27,21.28,59.45
2025,math,11,79,Native Hawaiian or Pacific Islander,Race and Ethnicity,2017,1865,2536.1,9.45,13.64,23.09,23.63,53.28
2025,math,11,80,White,Race and Ethnicity,92680,86798,2596.1,20.4,21.77,42.16,22.7,35.13
2025,math,11,90,Not a high school graduate,Parent Education,58540,55301,2499.8,4.74,10.4,15.13,18.9,65.97
2025,math,11,91,High school graduate,Parent Education,90202,85646,2513.4,6.13,11.99,18.12,20.42,61.46
2025,math,11,92,Some college (includes AA degree),Parent Education,81407,77268,2538.7,8.46,15.52,23.99,23.57,52.44
2025,math,11,93,College graduate,Parent Education,91778,87653,2595.0,19.7,21.65,41.35,23.02,35.63
2025,math,11,94,Graduate school/Post graduate,Parent Education,72570,69058,2649.3,34.62,22.98,57.6,18.86,23.54
2025,math,11,99,No reported disabilities,Disability Status,401941,384245,2570.8,15.72,17.81,33.53,22.3,44.16
2025,math,11,111,Not socioeconomically disadvantaged,Economic Status,166463,157587,2614.2,25.3,21.68,46.98,21.41,31.6
2025,math,11,120,ELs enrolled less than 12 months,English-Language Fluency,3827,3393,2439.3,2.9,5.59,8.49,10.5,81.02
2025,math,11,121,Declined to state,Parent Education,60406,56225,2527.8,10.33,13.03,23.36,19.3,57.34
2025,math,11,128,Reported disabilities,Disability Status,54518,48251,2440.9,2.28,4.02,6.3,9.82,83.89
2025,math,11,142,ELs enrolled 12 months or more,English-Language Fluency,46005,42569,2439.1,1.93,3.67,5.6,8.77,85.63
2025,math,11,144,Two or more races,Race and Ethnicity,21975,20543,2594.8,22.2,19.86,42.06,20.65,37.29
2025,math,11,160,"EL (English learner, excluding RFEP)",English-Language Fluency,49976,46074,2439.1,2.0,3.81,5.81,8.89,85.31
2025,math,11,170,EverEL,English-Language Fluency,185646,177433,2528.0,9.61,13.1,22.71,19.84,57.45
2025,math,11,180,EO (English only),English-Language Fluency,249246,234331,2569.3,15.93,18.14,34.07,21.81,44.11
2025,math,11,190,TBD (To be determined),English-Language Fluency,59,24,2442.2,8.33,4.17,12.5,16.67,70.83
2025,math,11,200,Black or African American,Ethnicity for Socioeconomically Disadvantaged,16553,15025,2485.0,3.95,9.02,12.97,16.66,70.37
2025,math,11,201,American Indian or Alaska Native,Ethnicity for Socioeconomically Disadvantaged,1403,1270,2496.0,5.04,10.09,15.13,17.97,66.9
2025,math,11,202,Asian,Ethnicity for Socioeconomically Disadvantaged,20024,19431,2630.5,29.75,23.2,52.95,20.2,26.85
2025,math,11,203,Filipino,Ethnicity for Socioeconomically Disadvantaged,4828,4706,2593.7,16.02,23.85,39.86,26.42,33.72
2025,math,11,204,Hispanic or Latino,Ethnicity for Socioeconomically Disadvantaged,203319,193714,2509.3,5.1,11.61,16.71,20.64,62.65
2025,math,11,205,Native Hawaiian or Pacific Islander,Ethnicity for Socioeconomically Disadvantaged,1342,1240,2520.8,7.28,12.13,19.4,22.31,58.29
2025,math,11,206,White,Ethnicity for Socioeconomically Disadvantaged,33395,31101,2547.0,11.47,16.66,28.13,21.8,50.07
2025,math,11,207,Two or more races,Ethnicity for Socioeconomically Disadvantaged,9132,8422,2537.1,10.7,15.14,25.84,20.77,53.39
2025,math,11,220,Black or African American,Ethnicity for Not Socioeconomically Disadvantaged,5982,5566,2539.2,9.96,15.07,25.03,22.44,52.53
2025,math,11,221,American Indian or Alaska Native,Ethnicity for Not Socioeconomically Disadvantaged,686,619,2542.1,12.76,14.7,27.46,19.06,53.47
2025,math,11,222,Asian,Ethnicity for Not Socioeconomically Disadvantaged,25599,24886,2719.8,55.1,22.92,78.02,12.54,9.44
2025,math,11,223,Filipino,Ethnicity for Not Socioeconomically Disadvantaged,6707,6546,2640.3,27.17,28.75,55.92,22.72,21.36
2025,math,11,224,Hispanic or Latino,Ethnicity for Not Socioeconomically Disadvantaged,54686,51527,2554.5,11.38,17.53,28.91,23.66,47.43
2025,math,11,225,Native Hawaiian or Pacific Islander,Ethnicity for Not Socioeconomically Disadvantaged,675,625,2566.5,13.76,16.64,30.4,26.24,43.36
2025,math,11,226,White,Ethnicity for Not Socioeconomically Disadvantaged,59285,55697,2623.5,25.38,24.62,49.99,23.21,26.8
2025,math,11,227,Two or more races,Ethnicity for Not Socioeconomically Disadvantaged,12843,12121,2634.9,30.19,23.14,53.33,20.56,26.11
2025,math,11,240,Foster youth,Foster Status,1995,1643,2444.1,1.83,5.14,6.97,11.25,81.77
2025,math,11,241,Not foster youth,Foster Status,454464,430853,2556.7,14.27,16.32,30.59,20.95,48.46
2025,math,11,243,ADEL (Adult English learner),English-Language Fluency,164,92,2433.5,1.09,6.52,7.61,5.43,86.96
2025,math,11,250,LTEL (Long-Term English learner),English-Language Fluency,24857,22993,2434.1,1.48,2.69,4.17,7.63,88.2
2025,math,11,251,ARLTEL (At-Risk of becoming LTEL),English-Language Fluency,2271,2138,2457.1,2.34,5.66,8.01,13.86,78.14
2025,math,11,252,NeverEL,English-Language Fluency,270749,255032,2576.0,17.44,18.48,35.92,21.66,42.42
